time,gt_x,gt_y,gt_z,gt_vx,gt_vy,gt_vz,meas_x,meas_y,meas_z,gnss_error_mag,ekf_x,ekf_y,ekf_z,ekf_pos_error_mag,wind_x,wind_y,wind_z,wind_mag,rep_force_mag,nearest_neighbor_dist,target_x,target_y,target_z,tracking_error_mag,collision_flag
0.046,-1.0,1.0,0.0613,0.0005,-0.0007,1.3726,-1.082,1.084,0.0375,0.1198,-1.027,1.0279,0.0482,0.041,-0.0005,-0.0004,-0.0005,0.0008,0.0,inf,-1.0,1.0,0.0,0.0613,1
0.087,-0.9999,0.9999,0.1129,0.0034,-0.0036,1.1297,-1.082,1.084,0.0375,0.1396,-1.0266,1.0277,0.1087,0.0388,0.0002,0.0002,0.0013,0.0013,0.0,inf,-1.0,1.0,0.0,0.1129,0
0.129,-0.9997,0.9996,0.1545,0.009,-0.0091,0.8882,-1.082,1.084,0.0375,0.166,-1.0263,1.0275,0.1416,0.0407,-0.0,0.0,-0.0002,0.0002,0.27,1.459,-2.0,-0.5,0.0,1.8093,0
0.171,-0.9991,0.9991,0.1859,0.0171,-0.0173,0.648,-1.082,1.084,0.0375,0.19,-1.0255,1.027,0.1796,0.0389,-0.0005,-0.0001,-0.0006,0.0007,0.269,1.462,-2.0,-0.5,0.0,1.8121,0
0.212,-0.9982,0.9981,0.2075,0.0279,-0.0281,0.409,-0.9419,0.8693,0.1935,0.1413,-1.0016,0.9833,0.1889,0.0239,0.0001,0.0001,0.0,0.0001,0.295,1.416,-2.0,-0.5,0.0,1.8141,0
0.254,-0.9967,0.9967,0.2191,0.0414,-0.0416,0.1711,-0.9419,0.8693,0.1935,0.141,-1.0001,0.9825,0.2001,0.0239,0.0003,0.0002,-0.0005,0.0006,0.313,1.398,-2.031,-0.512,0.035,1.8384,0
0.295,-0.9946,0.9945,0.2208,0.0587,-0.0589,-0.0548,-0.9419,0.8693,0.1935,0.1386,-0.9987,0.9815,0.2002,0.0248,0.0002,-0.0002,-0.0004,0.0004,0.314,1.397,-2.031,-0.512,0.035,1.838,0
0.337,-0.9915,0.9914,0.2152,0.086,-0.0894,-0.2026,-0.9863,0.8884,0.387,0.2004,-0.9957,0.9547,0.2415,0.0453,0.0003,0.0003,-0.0,0.0004,0.335,1.37,-2.029,-0.515,0.206,1.8291,0
0.379,-0.9866,0.9855,0.2108,0.1413,-0.1896,-0.0414,-0.9863,0.8884,0.387,0.2012,-0.9931,0.9509,0.2362,0.0434,0.0001,-0.0003,0.0006,0.0007,0.345,1.365,-2.029,-0.515,0.206,1.827,0
0.42,-0.9798,0.9744,0.2116,0.174,-0.3421,0.0685,-1.1373,1.1337,0.1775,0.2266,-1.0174,0.9832,0.2254,0.041,-0.0004,-0.0,0.0001,0.0004,0.313,1.405,-2.029,-0.515,0.206,1.8218,0
0.462,-0.9731,0.9549,0.2173,0.1405,-0.5822,0.1915,-1.1373,1.1337,0.1775,0.246,-1.0126,0.9708,0.2288,0.0442,0.0,-0.0003,0.0001,0.0003,0.304,1.393,-2.029,-0.515,0.206,1.8099,0
0.503,-0.9707,0.9225,0.23,-0.0359,-0.951,0.4016,-1.1373,1.1337,0.1775,0.2741,-1.0097,0.9385,0.2414,0.0437,-0.0002,-0.0001,-0.0005,0.0005,0.305,1.411,-2.024,-0.566,0.341,1.8268,0
0.541,-0.9768,0.8806,0.247,-0.2722,-1.2414,0.4762,-0.8279,0.7722,0.2851,0.1881,-0.9799,0.8762,0.2623,0.0162,-0.0001,-0.0001,-0.0007,0.0007,0.362,1.345,-2.024,-0.566,0.341,1.7883,0
0.582,-0.9954,0.8226,0.2665,-0.5949,-1.5059,0.4457,-0.8279,0.7722,0.2851,0.1759,-0.9922,0.8368,0.2765,0.0177,-0.0,0.0003,0.0005,0.0006,0.386,1.325,-2.024,-0.566,0.341,1.7297,0
0.624,-1.0292,0.7538,0.2838,-0.9869,-1.7645,0.3799,-0.9401,0.8949,0.0619,0.2776,-1.0066,0.7947,0.2488,0.0583,0.0007,-0.0003,0.0003,0.0008,0.363,1.399,-1.954,-0.598,0.478,1.6494,0
0.666,-1.0796,0.6749,0.2974,-1.3788,-1.9847,0.2734,-0.9401,0.8949,0.0619,0.3512,-1.04,0.7424,0.2579,0.0877,0.0005,-0.0001,-0.0003,0.0006,0.386,1.391,-1.954,-0.598,0.478,1.5549,0
0.707,-1.1449,0.5889,0.3056,-1.7181,-2.1195,0.1329,-0.9401,0.8949,0.0619,0.4416,-1.1074,0.655,0.2657,0.0859,-0.0001,-0.0007,-0.0006,0.0009,0.411,1.394,-1.954,-0.598,0.478,1.4468,0
0.749,-1.2256,0.4987,0.3102,-2.1383,-2.1892,0.1233,-1.1513,0.4255,0.3406,0.1087,-1.1563,0.5774,0.2817,0.1087,-0.0005,-0.0007,-0.0002,0.0009,0.448,1.371,-2.0118,-0.6216,0.618,1.4028,0
0.79,-1.3235,0.4079,0.3164,-2.5041,-2.1579,0.1744,-1.1513,0.4255,0.3406,0.1748,-1.2555,0.4918,0.2857,0.1123,0.0004,-0.0003,0.0009,0.001,0.453,1.415,-1.9983,-0.6713,0.618,1.308,0
0.832,-1.4342,0.32,0.3256,-2.7639,-2.0638,0.2613,-1.1513,0.4255,0.3406,0.3023,-1.3322,0.4363,0.2904,0.1587,-0.0006,-0.0,0.0006,0.0009,0.448,1.46,-1.9935,-0.6877,0.618,1.1891,0
0.874,-1.5534,0.2367,0.339,-2.9269,-1.9456,0.3706,-1.2687,0.2555,0.2845,0.2905,-1.4209,0.3361,0.3074,0.1686,-0.0003,-0.0007,0.0,0.0008,0.493,1.414,-1.9943,-0.6899,0.644,1.0706,0
0.915,-1.6772,0.158,0.3567,-2.9953,-1.8458,0.4687,-1.2687,0.2555,0.2845,0.4262,-1.503,0.2897,0.3198,0.2214,-0.0011,0.0002,0.002,0.0023,0.472,1.406,-1.989,-0.7062,0.644,0.9626,0
0.957,-1.802,0.0832,0.379,-2.9812,-1.755,0.6132,-1.786,0.2421,0.3667,0.1602,-1.6502,0.2209,0.3451,0.2077,0.0004,-0.0,-0.0013,0.0013,0.466,1.329,-1.9092,-0.7199,0.701,0.8718,0
0.998,-1.9245,0.0116,0.4077,-2.8976,-1.6893,0.7371,-1.786,0.2421,0.3667,0.2719,-1.7275,0.1802,0.3643,0.2629,0.0003,0.0003,-0.0003,0.0005,0.403,1.345,-1.8973,-0.752,0.701,0.8185,0
1.04,-2.042,-0.0576,0.4402,-2.74,-1.6423,0.8222,-1.786,0.2421,0.3667,0.4009,-1.8386,0.1219,0.398,0.2745,-0.0007,0.0001,0.0006,0.0009,0.322,1.377,-1.8229,-0.77,0.765,0.813,0
1.082,-2.1504,-0.1251,0.4779,-2.4869,-1.601,0.9534,-1.855,-0.1675,0.4742,0.2985,-1.9066,0.0315,0.4303,0.2937,-0.0007,-0.0004,-0.0001,0.0008,0.366,1.268,-1.8165,-0.7859,0.765,0.7942,0
1.123,-2.2477,-0.191,0.5184,-2.2066,-1.5683,0.9755,-1.855,-0.1675,0.4742,0.3959,-1.9954,-0.0241,0.4709,0.3062,0.0002,-0.0005,0.0009,0.001,0.345,1.309,-1.7966,-0.8334,0.765,0.8228,0
1.165,-2.3347,-0.256,0.5557,-2.0071,-1.5563,0.7994,-1.855,-0.1675,0.4742,0.4946,-2.0461,-0.0604,0.4974,0.3535,-0.001,-0.0002,0.0004,0.0011,0.669,0.814,-1.6704,-0.8212,0.79,0.9031,0
1.206,-2.411,-0.3205,0.5862,-1.6689,-1.5403,0.6793,-2.2925,-0.2933,0.7264,0.1856,-2.156,-0.1583,0.5562,0.3037,-0.0002,0.0009,0.0001,0.0009,0.664,0.909,-1.6626,-0.8379,0.79,0.9324,0
1.248,-2.4715,-0.3846,0.6114,-1.2707,-1.5413,0.5388,-2.2925,-0.2933,0.7264,0.2315,-2.1889,-0.1948,0.5705,0.3429,-0.0003,0.001,0.0018,0.0021,0.657,0.948,-1.6594,-0.8427,0.79,0.9493,0
1.29,-2.5148,-0.449,0.6302,-0.854,-1.5488,0.3746,-2.428,-0.3993,0.6565,0.1034,-2.2653,-0.294,0.5997,0.2953,-0.0002,0.0004,0.0007,0.0008,0.683,1.056,-1.6519,-0.8492,0.79,0.9645,0
1.331,-2.5412,-0.5133,0.6419,-0.4454,-1.5342,0.2135,-2.428,-0.3993,0.6565,0.1613,-2.2743,-0.3331,0.6043,0.3242,0.0003,0.0001,-0.0002,0.0004,0.675,1.091,-1.4792,-0.879,0.784,1.1322,0
1.373,-2.55,-0.5762,0.6484,-0.0255,-1.4831,0.1191,-2.5627,-0.672,0.583,0.1167,-2.3321,-0.4376,0.6105,0.2611,0.0003,0.0009,0.0001,0.001,0.634,1.204,-1.4775,-0.8775,0.784,1.1222,0
1.414,-2.5414,-0.6355,0.6531,0.3924,-1.3617,0.1177,-2.5627,-0.672,0.583,0.0818,-2.3195,-0.4729,0.6114,0.2783,-0.0002,0.0002,-0.0005,0.0006,0.632,1.227,-1.2904,-0.8581,0.801,1.2792,0
1.46,-2.5146,-0.6935,0.6586,0.7214,-1.1819,0.1201,-2.5627,-0.672,0.583,0.0922,-2.2823,-0.5192,0.6132,0.2939,0.0002,0.0007,-0.0002,0.0008,0.703,1.08,-1.2921,-0.8581,0.801,1.2418,0
1.502,-2.4795,-0.7389,0.6644,0.9373,-1.0144,0.1742,-2.7364,-0.6799,0.5028,0.3091,-2.3382,-0.5874,0.6001,0.2169,0.0004,-0.0014,-0.0001,0.0014,0.693,1.089,-1.0012,-0.786,0.827,1.488,0
1.543,-2.4362,-0.7775,0.6749,1.1106,-0.8636,0.2967,-2.7364,-0.6799,0.5028,0.3595,-2.3041,-0.6083,0.6056,0.2255,0.0003,0.0001,-0.0002,0.0003,0.705,1.058,-0.9996,-0.7949,0.827,1.4448,0
1.585,-2.3873,-0.811,0.6883,1.2144,-0.7631,0.3368,-2.3815,-0.9517,0.5766,0.1797,-2.2876,-0.6972,0.6073,0.1716,0.0003,0.0004,-0.0009,0.001,0.684,1.057,-1.0016,-0.8313,0.827,1.3928,0
1.627,-2.335,-0.8409,0.7044,1.2829,-0.6865,0.4137,-2.3815,-0.9517,0.5766,0.1754,-2.2525,-0.7139,0.616,0.1754,-0.0,-0.0008,0.0007,0.0011,0.697,1.027,-1.0078,-0.8465,0.827,1.3329,0
1.668,-2.2803,-0.8684,0.7225,1.3354,-0.6413,0.4403,-2.3815,-0.9517,0.5766,0.1961,-2.1973,-0.736,0.6317,0.1808,-0.0003,-0.0007,0.0004,0.0009,0.69,1.03,-0.6836,-0.6997,0.824,1.6089,0
1.71,-2.2233,-0.8945,0.7403,1.3981,-0.6164,0.4138,-2.342,-1.1687,0.8438,0.3162,-2.1899,-0.8216,0.6793,0.1008,0.0002,0.0001,-0.0005,0.0005,0.663,1.047,-0.6515,-0.7174,0.824,1.584,0
1.751,-2.1631,-0.9197,0.7567,1.4855,-0.5987,0.3689,-2.342,-1.1687,0.8438,0.3187,-2.1312,-0.8412,0.6944,0.1052,0.0,0.0007,0.0013,0.0014,0.646,1.073,-0.635,-0.7281,0.824,1.5416,0
1.793,-2.0987,-0.9444,0.7713,1.5994,-0.5846,0.3434,-2.342,-1.1687,0.8438,0.3387,-2.0891,-0.8538,0.7031,0.1138,-0.0006,-0.0002,0.0007,0.001,0.661,1.037,-0.4403,-0.6311,0.828,1.6887,0
1.835,-2.0288,-0.9682,0.7856,1.7479,-0.5597,0.3433,-2.2245,-0.9124,0.6545,0.2421,-2.0511,-0.887,0.7064,0.1156,-0.0,-0.0004,0.0001,0.0004,0.666,1.013,-0.3708,-0.6214,0.828,1.6945,0
1.876,-1.9524,-0.9908,0.7993,1.9016,-0.5286,0.3122,-2.2245,-0.9124,0.6545,0.318,-2.0021,-0.8992,0.7143,0.1345,0.0004,-0.0002,0.0003,0.0005,0.606,1.106,-0.3465,-0.6124,0.828,1.6502,0
1.918,-1.8694,-1.0119,0.8118,2.0684,-0.4813,0.2929,-1.9369,-1.2102,0.953,0.2526,-1.9254,-0.9694,0.7655,0.0842,0.0001,0.0,-0.0004,0.0005,0.613,1.057,-0.1988,-0.4932,0.832,1.7494,0
1.959,-1.7798,-1.0307,0.8225,2.2203,-0.4249,0.2314,-1.9369,-1.2102,0.953,0.2719,-1.8682,-0.9796,0.7716,0.1141,-0.0002,0.0003,-0.0006,0.0007,0.634,1.008,-0.169,-0.4401,0.832,1.7156,0
2.001,-1.6838,-1.0466,0.831,2.3672,-0.344,0.1794,-1.9369,-1.2102,0.953,0.3251,-1.7754,-0.992,0.7783,0.1189,0.0008,-0.0009,-0.0015,0.0019,0.668,0.93,0.0098,-0.3739,0.813,1.8224,0
2.043,-1.5823,-1.0586,0.8375,2.4892,-0.2384,0.1334,-1.55,-1.2182,0.9171,0.1813,-1.6757,-1.039,0.805,0.1008,0.0005,-0.0001,0.0005,0.0007,0.602,1.006,0.021,-0.3441,0.813,1.7554,0
2.084,-1.4762,-1.0658,0.8418,2.5915,-0.1153,0.0796,-1.55,-1.2182,0.9171,0.1853,-1.5727,-1.0433,0.8073,0.1049,0.0006,-0.0004,0.0005,0.0009,0.64,0.916,0.2551,-0.4156,0.833,1.8494,0
2.126,-1.3659,-1.0668,0.8451,2.6928,0.0534,0.0896,-1.4024,-1.1526,0.8714,0.0968,-1.4878,-1.0593,0.8178,0.1252,0.0008,0.0008,-0.0004,0.0012,0.095,1.81,0.2859,-0.4271,0.833,1.7714,0
2.167,-1.2514,-1.0606,0.8492,2.7876,0.218,0.0824,-1.4024,-1.1526,0.8714,0.1782,-1.3795,-1.0488,0.819,0.1321,-0.0005,0.0002,-0.0008,0.0009,0.505,0.991,0.2862,-0.6208,0.833,1.5994,0
2.205,-1.1454,-1.0503,0.8503,2.8564,0.3171,-0.016,-1.4024,-1.1526,0.8714,0.2774,-1.3045,-1.0374,0.818,0.1628,-0.0001,0.0002,0.0001,0.0002,0.395,1.211,-0.0424,-0.6892,0.833,1.1608,0
2.246,-1.0244,-1.0347,0.8481,2.9447,0.4201,-0.0743,-1.4024,-1.1526,0.8714,0.3966,-1.2276,-1.0234,0.8147,0.2062,0.0009,0.0002,0.0003,0.0009,0.432,1.136,-0.0621,-0.6483,0.833,1.0371,0
2.288,-0.8994,-1.0146,0.8467,3.0384,0.527,0.001,-1.0176,-1.0312,0.563,0.3078,-1.0831,-1.0099,0.7762,0.1969,-0.0006,-0.0008,0.0018,0.0021,0.498,1.005,0.3887,-0.6087,0.861,1.3506,0
2.33,-0.7718,-0.9911,0.8479,3.0727,0.5884,0.0498,-1.0176,-1.0312,0.563,0.3784,-1.0034,-0.9921,0.7768,0.2423,0.0004,0.0004,0.0009,0.001,0.536,0.928,0.3133,-0.5846,0.861,1.1588,0
2.371,-0.6441,-0.9659,0.8514,3.0528,0.6125,0.1046,-0.6942,-1.1413,0.8527,0.1824,-0.8445,-0.9987,0.7932,0.2113,-0.0002,0.0005,-0.0,0.0005,0.474,1.053,0.6125,-0.5062,0.869,1.3381,0
2.413,-0.5181,-0.9404,0.8564,2.9941,0.6072,0.1285,-0.6942,-1.1413,0.8527,0.2672,-0.767,-0.9812,0.7968,0.2592,-0.0009,0.0004,0.0003,0.001,0.51,0.981,0.5901,-0.5042,0.869,1.1911,0
2.454,-0.3954,-0.9157,0.8621,2.8976,0.578,0.1444,-0.6942,-1.1413,0.8527,0.3745,-0.6541,-0.9557,0.8032,0.2683,0.0005,0.0,-0.0002,0.0005,0.561,0.879,0.549,-0.4689,0.869,1.0448,0
2.496,-0.2775,-0.8927,0.8681,2.7722,0.5294,0.1288,-0.2202,-0.7568,0.7854,0.1691,-0.513,-0.9115,0.8064,0.2441,-0.0002,0.0011,0.0006,0.0013,0.496,1.007,0.861,-0.4027,0.859,1.2395,0
2.538,-0.1655,-0.8721,0.8723,2.6153,0.4622,0.0815,-0.2202,-0.7568,0.7854,0.1544,-0.4131,-0.8922,0.8124,0.2556,0.0001,-0.001,0.0,0.001,0.538,0.923,0.8413,-0.392,0.859,1.1155,0
2.579,-0.0606,-0.8548,0.8747,2.4363,0.3758,0.0339,-0.2202,-0.7568,0.7854,0.2074,-0.3516,-0.8816,0.815,0.2983,0.0001,-0.0003,-0.0008,0.0008,0.449,1.102,0.8364,-0.3851,0.859,1.0127,0
2.621,0.0367,-0.8411,0.875,2.2541,0.2892,-0.0116,0.0953,-1.1175,1.0029,0.3101,-0.185,-0.911,0.8471,0.2341,0.0005,0.0005,0.0014,0.0016,0.488,1.023,1.0302,-0.3207,0.863,1.1216,0
2.662,0.1269,-0.831,0.8734,2.0939,0.2065,-0.0535,0.0953,-1.1175,1.0029,0.316,-0.1333,-0.9059,0.8463,0.2721,0.0013,-0.0011,0.0004,0.0017,0.504,0.991,1.0264,-0.313,0.863,1.038,0
2.704,0.211,-0.8241,0.871,1.9654,0.1354,-0.0628,0.2434,-0.9089,0.8587,0.0916,0.0022,-0.9035,0.8496,0.2245,0.0007,-0.0012,-0.0,0.0014,0.44,1.121,1.313,-0.2393,0.878,1.2476,0
2.746,0.2909,-0.8195,0.8688,1.8853,0.0933,-0.0367,0.2434,-0.9089,0.8587,0.1018,0.047,-0.9032,0.8488,0.2587,-0.0006,0.0001,0.0004,0.0007,0.451,1.098,1.313,-0.2393,0.878,1.1753,0
2.787,0.3685,-0.8159,0.8683,1.85,0.0872,0.0091,0.2434,-0.9089,0.8587,0.1562,0.1111,-0.9041,0.8493,0.2728,0.0002,0.0008,-0.0006,0.001,0.466,1.069,1.568,-0.1963,0.887,1.3502,0
2.829,0.4456,-0.8119,0.8697,1.8577,0.1064,0.0386,0.4189,-0.9048,0.9495,0.1254,0.213,-0.9005,0.8721,0.2489,-0.0003,0.0004,-0.0001,0.0005,0.395,1.211,1.568,-0.1963,0.887,1.2802,0
2.87,0.5242,-0.8065,0.8712,1.9138,0.1549,0.0345,0.4189,-0.9048,0.9495,0.164,0.2812,-0.8983,0.877,0.2598,-0.0006,-0.0001,-0.0006,0.0009,0.32,1.36,1.568,-0.1963,0.887,1.2092,0
2.912,0.6059,-0.7982,0.8726,2.0077,0.241,0.0385,0.4189,-0.9048,0.9495,0.2286,0.3287,-0.8949,0.8801,0.2937,-0.0005,-0.0001,-0.0,0.0006,0.333,1.333,1.769,-0.1553,0.891,1.3291,0
2.954,0.6922,-0.7859,0.874,2.1241,0.3375,0.0143,0.5765,-0.6622,1.0901,0.2746,0.446,-0.8429,0.9175,0.2565,0.0001,-0.0003,0.0003,0.0004,0.383,1.233,1.769,-0.1553,0.891,1.2479,0
2.995,0.7837,-0.7696,0.8733,2.2555,0.4346,-0.0435,0.5765,-0.6622,1.0901,0.3185,0.501,-0.833,0.9186,0.2933,0.0001,-0.0001,-0.0004,0.0005,0.4,1.201,1.769,-0.1553,0.891,1.1613,0
3.037,0.8814,-0.7488,0.8716,2.4149,0.5503,-0.0437,0.8695,-0.7381,1.017,0.1464,0.6425,-0.7963,0.9371,0.2523,0.0003,0.0003,0.0004,0.0006,0.442,1.116,2.0035,-0.1203,0.916,1.2869,0
3.078,0.9849,-0.7239,0.8685,2.5395,0.632,-0.0938,0.8695,-0.7381,1.017,0.1887,0.7065,-0.779,0.9369,0.2919,-0.0002,0.0001,0.0001,0.0002,0.459,1.081,2.0036,-0.1206,0.916,1.1849,0
3.12,1.0933,-0.6962,0.8641,2.6474,0.6896,-0.1077,0.8695,-0.7381,1.017,0.2743,0.8083,-0.7496,0.9348,0.2985,-0.0,0.0005,-0.0004,0.0006,0.424,1.152,2.0038,-0.1209,0.916,1.0783,0
3.162,1.2056,-0.6666,0.8596,2.7357,0.7266,-0.0774,1.1163,-0.5709,0.7093,0.1994,0.9146,-0.7034,0.89,0.2949,-0.0005,0.0002,0.0006,0.0008,0.375,1.249,2.3573,-0.09,0.903,1.2887,0
3.203,1.3212,-0.636,0.8584,2.8017,0.7359,-0.0052,1.1163,-0.5709,0.7093,0.2616,1.0202,-0.6719,0.8884,0.3046,-0.0005,0.0003,0.0014,0.0015,0.413,1.173,2.3576,-0.0906,0.903,1.172,0
3.245,1.439,-0.6056,0.8588,2.8435,0.7191,0.0175,1.1163,-0.5709,0.7093,0.3573,1.0924,-0.6509,0.889,0.3508,0.0006,-0.0001,-0.0012,0.0014,0.438,1.125,2.3577,-0.0908,0.903,1.054,0
3.286,1.5579,-0.5766,0.8605,2.8582,0.6746,0.0543,1.5903,-0.5933,1.0135,0.1572,1.2757,-0.6177,0.9124,0.2899,0.0004,0.0,-0.0013,0.0014,0.481,1.038,2.5932,-0.0119,0.926,1.1811,0
3.328,1.6769,-0.5498,0.8628,2.851,0.6163,0.0531,1.5903,-0.5933,1.0135,0.1792,1.3477,-0.6004,0.9146,0.337,0.0007,0.0007,-0.0009,0.0014,0.428,1.144,2.5932,-0.0119,0.926,1.0644,0
3.37,1.7952,-0.5255,0.865,2.8281,0.5567,0.0519,1.5903,-0.5933,1.0135,0.262,1.4552,-0.5771,0.9176,0.3479,0.0003,0.0002,-0.0004,0.0006,0.458,1.085,2.5935,-0.0127,0.926,0.9508,0
3.411,1.9121,-0.5037,0.8677,2.7837,0.4925,0.0793,1.6963,-0.4816,0.8727,0.217,1.5678,-0.5496,0.9076,0.3497,0.0008,0.0003,-0.0003,0.0009,0.435,1.13,2.8637,0.0311,0.934,1.0936,0
3.453,2.027,-0.4846,0.8714,2.7357,0.4358,0.097,1.6963,-0.4816,0.8727,0.3307,1.6718,-0.5329,0.9105,0.3605,-0.0008,0.0004,-0.0021,0.0023,0.463,1.074,2.8633,0.032,0.934,0.985,0
3.494,2.1399,-0.4674,0.8755,2.6874,0.3936,0.0912,1.6963,-0.4816,0.8727,0.4438,1.7398,-0.5235,0.9129,0.4057,0.0002,-0.0,0.0,0.0002,0.479,1.043,3.1421,0.0944,0.923,1.1499,0
3.536,2.2506,-0.452,0.8789,2.6341,0.3494,0.0859,2.1859,-0.3848,0.7676,0.1452,1.9073,-0.483,0.8894,0.3449,-0.001,-0.0009,-0.0003,0.0014,0.461,1.077,3.142,0.0946,0.923,1.0465,0
3.578,2.3593,-0.4383,0.8828,2.5868,0.3161,0.0987,2.1859,-0.3848,0.7676,0.2149,1.971,-0.4752,0.8915,0.3901,-0.0009,-0.0006,-0.0012,0.0017,0.476,1.048,3.142,0.0947,0.923,0.9478,0
3.619,2.4662,-0.4256,0.8871,2.5485,0.2954,0.1016,2.5698,-0.5475,0.9483,0.1713,2.1595,-0.4775,0.9049,0.3115,-0.0004,0.0008,0.0007,0.0011,0.496,1.007,3.1419,0.0948,0.923,0.8537,0
3.661,2.5715,-0.4136,0.8909,2.5117,0.2839,0.0793,2.5698,-0.5475,0.9483,0.1457,2.2215,-0.4709,0.9074,0.3551,-0.0006,0.0006,-0.0003,0.0009,0.503,0.994,3.4197,0.1763,0.908,1.0333,0
3.702,2.6752,-0.402,0.8933,2.4707,0.2748,0.0501,2.5229,-0.373,0.8262,0.169,2.3518,-0.4461,0.8927,0.3264,-0.0013,0.0007,0.0001,0.0015,0.466,1.068,3.4193,0.1772,0.908,0.943,0
3.744,2.7773,-0.3905,0.8961,2.4338,0.2777,0.0773,2.5229,-0.373,0.8262,0.2644,2.4112,-0.4399,0.893,0.3694,-0.0007,-0.0008,-0.0,0.0011,0.473,1.053,3.4191,0.1774,0.908,0.8571,0
3.786,2.8781,-0.3787,0.8996,2.407,0.2897,0.0858,2.5229,-0.373,0.8262,0.3627,2.4987,-0.4303,0.8944,0.3829,-0.0003,0.0001,-0.0004,0.0005,0.422,1.155,3.6925,0.2498,0.908,1.0288,0
3.827,2.978,-0.3661,0.9033,2.3949,0.3162,0.0903,2.5229,-0.373,0.8262,0.4616,2.5562,-0.4234,0.8956,0.4257,0.0,-0.0003,-0.0006,0.0007,0.433,1.134,3.6925,0.2498,0.908,0.9433,0
3.869,3.078,-0.352,0.9066,2.4057,0.3602,0.0729,3.0587,-0.3951,0.9781,0.0857,2.738,-0.4038,0.9115,0.3439,-0.0004,-0.0016,0.001,0.0019,0.381,1.237,3.9718,0.3172,0.9,1.1166,0
3.91,3.1788,-0.3356,0.9094,2.4365,0.4228,0.0623,3.0587,-0.3951,0.9781,0.1506,2.798,-0.3938,0.9121,0.3853,-0.0001,0.0009,-0.0,0.0009,0.394,1.212,3.9716,0.3178,0.9,1.0273,0
3.952,3.2814,-0.3163,0.9119,2.4819,0.4943,0.0622,3.2204,-0.3372,0.9836,0.0964,2.9611,-0.3689,0.9298,0.3251,0.0003,0.0001,0.0006,0.0007,0.419,1.161,4.2344,0.3681,0.91,1.1734,0
3.994,3.3858,-0.2944,0.9132,2.5312,0.5544,0.0091,3.2204,-0.3372,0.9836,0.1849,3.0262,-0.3549,0.931,0.3652,-0.0007,-0.0,0.0003,0.0007,0.383,1.234,4.2344,0.3682,0.91,1.0766,0
4.035,3.4926,-0.2698,0.9127,2.5887,0.6188,-0.0258,3.2204,-0.3372,0.9836,0.2893,3.1264,-0.3309,0.9304,0.3718,-0.0001,-0.0005,-0.0006,0.0008,0.405,1.189,4.235,0.3658,0.91,0.9773,0
4.077,3.6016,-0.2426,0.9112,2.6339,0.6799,-0.0414,3.551,-0.3227,1.0101,0.137,3.2586,-0.3232,0.9463,0.3541,-0.0001,0.0,-0.0018,0.0018,0.417,1.166,4.5078,0.3984,0.928,1.1101,0
4.118,3.712,-0.2132,0.9094,2.66,0.7244,-0.0472,3.551,-0.3227,1.0101,0.2192,3.3615,-0.2977,0.9454,0.3623,-0.0,-0.0008,0.0006,0.001,0.4,1.2,4.508,0.398,0.928,1.0037,0
4.16,3.8233,-0.1822,0.9075,2.6776,0.7595,-0.0371,3.551,-0.3227,1.0101,0.3231,3.4308,-0.2795,0.9446,0.406,-0.0005,0.0,-0.0016,0.0017,0.0,2.138,4.508,0.3978,0.928,0.8976,0
4.202,3.935,-0.1496,0.9059,2.6826,0.8025,-0.0293,3.8567,-0.2398,0.9178,0.12,3.5997,-0.2438,0.9326,0.3492,-0.0,-0.0001,-0.0008,0.0008,0.442,1.115,4.5081,0.3976,0.928,0.7928,0
4.243,4.0466,-0.1152,0.9056,2.6699,0.8447,0.0283,3.8567,-0.2398,0.9178,0.2274,3.6686,-0.2227,0.9311,0.3938,-0.0004,-0.0002,0.0003,0.0005,0.415,1.17,4.7856,0.4376,0.976,0.9256,0
4.285,4.157,-0.0794,0.9085,2.6346,0.8672,0.0929,3.8567,-0.2398,0.9178,0.3406,3.7709,-0.1893,0.932,0.4021,-0.0002,0.0012,-0.0004,0.0013,0.44,1.12,4.7858,0.4371,0.976,0.8165,0
4.326,4.266,-0.0432,0.9125,2.5986,0.8641,0.0928,4.1727,0.026,0.8047,0.1585,3.9071,-0.1316,0.9201,0.3697,0.0005,0.0004,0.0025,0.0026,0.429,1.142,4.7859,0.437,0.976,0.7106,0
4.368,4.373,-0.0077,0.9164,2.5385,0.8418,0.0966,4.1727,0.026,0.8047,0.2318,4.0055,-0.0989,0.9261,0.3788,0.0,0.0001,-0.0014,0.0014,0.456,1.089,5.057,0.4858,0.991,0.8467,0
4.41,4.4769,0.0263,0.9207,2.4539,0.7885,0.1157,4.3122,0.0382,0.8952,0.1671,4.1106,-0.0596,0.9208,0.3762,-0.0,0.0001,-0.0003,0.0003,0.408,1.184,5.057,0.4857,0.991,0.7433,0
4.451,4.5771,0.0576,0.9259,2.3686,0.7231,0.1189,4.3122,0.0382,0.8952,0.2674,4.1998,-0.0326,0.9264,0.388,-0.0003,0.001,0.0007,0.0013,0.435,1.13,5.353,0.5467,0.984,0.919,0
4.493,4.6742,0.0863,0.9305,2.3001,0.662,0.1092,4.3122,0.0382,0.8952,0.3668,4.2567,-0.0165,0.9299,0.43,-0.0003,-0.0012,-0.0005,0.0013,0.45,1.1,5.353,0.5467,0.984,0.822,0
4.534,4.769,0.1126,0.9352,2.2567,0.6042,0.1175,4.822,0.1123,0.9361,0.0531,4.4379,0.0291,0.9297,0.3414,-0.001,0.0002,-0.0008,0.0013,0.487,1.025,5.353,0.5467,0.984,0.7294,0
4.576,4.8622,0.1364,0.9412,2.2248,0.5454,0.165,4.822,0.1123,0.9361,0.0471,4.4944,0.0425,0.9323,0.3797,0.0007,0.0006,0.0003,0.0009,0.463,1.073,5.6588,0.6242,1.004,0.9362,0
4.618,4.9543,0.1578,0.9488,2.2002,0.4904,0.1896,4.822,0.1123,0.9361,0.1405,4.5777,0.0601,0.938,0.3893,0.0003,-0.0004,0.0005,0.0007,0.483,1.034,5.6595,0.6219,1.004,0.846,0
4.659,5.0458,0.1774,0.9562,2.1943,0.4518,0.1633,4.9471,0.1502,1.0871,0.1662,4.6962,0.0876,0.9709,0.3612,0.0001,0.0005,-0.0002,0.0005,0.43,1.14,5.9217,0.6654,1.011,1.0042,0
4.701,5.1375,0.1954,0.9627,2.212,0.4217,0.1513,4.9471,0.1502,1.0871,0.232,4.7788,0.102,0.9772,0.371,0.0003,-0.0001,-0.0004,0.0005,0.452,1.095,5.9221,0.6643,1.011,0.9153,0
4.742,5.2305,0.2127,0.9688,2.2485,0.4098,0.1418,5.4223,0.321,1.0284,0.2282,4.9403,0.1477,0.9892,0.2981,-0.0002,0.0002,0.0016,0.0016,0.497,1.006,5.9224,0.6625,1.011,0.8264,0
4.784,5.3251,0.2296,0.9743,2.2875,0.4046,0.1246,5.4223,0.321,1.0284,0.144,5.0267,0.1608,0.9942,0.3068,-0.0006,0.0009,0.0011,0.0016,0.511,0.978,6.175,0.7038,1.002,0.9736,0
4.826,5.4213,0.2465,0.9792,2.3277,0.4034,0.1116,5.4223,0.321,1.0284,0.0893,5.0855,0.1694,0.9972,0.345,-0.0006,-0.0002,0.0004,0.0007,0.472,1.057,6.175,0.7037,1.002,0.8819,0
4.867,5.5193,0.2632,0.9835,2.3734,0.3992,0.1015,5.386,0.3563,0.896,0.1847,5.2191,0.2134,0.9859,0.3044,0.0003,0.001,0.0004,0.0011,0.51,0.98,6.538,0.7707,0.998,1.1382,0
4.909,5.6191,0.2797,0.988,2.4097,0.396,0.1035,5.386,0.3563,0.896,0.262,5.2799,0.2219,0.9889,0.3441,-0.0009,-0.0005,0.0004,0.0011,0.464,1.073,6.538,0.7707,0.998,1.0419,0
4.95,5.7203,0.2962,0.9919,2.4485,0.3972,0.0889,5.6677,0.2934,1.0965,0.1171,5.4248,0.2507,1.0073,0.2995,0.0009,-0.0004,0.0014,0.0017,0.497,1.007,6.538,0.7707,0.998,0.9454,0
4.992,5.8234,0.313,0.9955,2.4958,0.4053,0.0823,5.6677,0.2934,1.0965,0.1867,5.4873,0.2609,1.0087,0.3404,0.0002,0.0002,-0.0006,0.0006,0.507,0.985,6.538,0.7707,0.998,0.8486,0
5.034,5.9283,0.33,0.9985,2.5293,0.4148,0.0664,5.6677,0.2934,1.0965,0.2808,5.5832,0.2765,1.0104,0.3495,-0.0002,-0.0003,-0.0006,0.0007,0.49,1.019,6.8096,0.8496,0.992,1.0231,0
5.079,6.0447,0.3494,1.0013,2.5478,0.4292,0.0541,5.9765,0.1424,1.0445,0.2222,5.739,0.2722,1.0182,0.3157,-0.0003,0.0003,0.0014,0.0015,0.507,0.986,6.8124,0.84,0.992,0.9111,0
5.121,6.1511,0.3676,1.0032,2.557,0.4407,0.0316,5.9765,0.1424,1.0445,0.2879,5.8037,0.2843,1.0186,0.3576,-0.0008,-0.0007,-0.0005,0.0012,0.517,0.965,7.0857,0.9305,0.954,1.0921,0
5.163,6.2576,0.3861,1.0033,2.5522,0.4444,-0.0246,5.9765,0.1424,1.0445,0.3743,5.9008,0.3028,1.0175,0.3666,0.0006,-0.0003,-0.0009,0.0011,0.488,1.023,7.3807,1.0096,0.99,1.2847,0
5.204,6.3638,0.4046,1.0024,2.5489,0.4439,-0.0497,6.1486,0.2388,1.0088,0.2717,6.0045,0.3022,1.0224,0.3741,0.0,-0.0001,0.0003,0.0003,0.499,1.001,7.0894,0.9123,0.954,0.8869,0
5.246,6.4699,0.4232,1.0001,2.5447,0.4538,-0.0486,6.1486,0.2388,1.0088,0.3706,6.1002,0.3202,1.0212,0.3845,0.0002,0.0007,0.0007,0.001,0.437,1.126,7.3898,0.9882,0.99,1.0796,0
5.287,6.576,0.4426,0.9983,2.5468,0.4759,-0.0415,6.5333,0.4209,1.1136,0.1249,6.2359,0.3428,1.0346,0.3562,-0.0003,-0.0004,-0.0002,0.0006,0.469,1.061,7.3885,0.9838,0.99,0.9763,0
5.329,6.6823,0.4632,0.9965,2.5534,0.5101,-0.0436,6.5333,0.4209,1.1136,0.1941,6.3338,0.3602,1.0332,0.3652,0.0001,-0.0004,0.0006,0.0008,0.489,1.022,7.3801,0.9908,0.99,0.8748,0
5.371,6.7886,0.4853,0.9947,2.5479,0.546,-0.0442,6.5333,0.4209,1.1136,0.2889,6.3992,0.3728,1.0321,0.407,-0.0005,-0.0003,0.0005,0.0008,0.5,1.0,7.6718,1.0462,0.981,1.0463,0
5.412,6.8944,0.5089,0.9925,2.5316,0.5856,-0.0522,6.9914,0.4359,0.8847,0.1623,6.588,0.4101,1.0054,0.3222,0.0002,-0.0004,0.0008,0.0009,0.473,1.054,7.6671,1.0445,0.981,0.9403,0
5.454,6.9995,0.5342,0.9904,2.5156,0.6223,-0.0491,6.9914,0.4359,0.8847,0.1446,6.6516,0.4269,1.0043,0.3644,-0.0007,0.0002,-0.0004,0.0008,0.488,1.024,7.6651,1.0575,0.981,0.8467,0
5.495,7.1038,0.5608,0.9885,2.4894,0.6498,-0.045,6.9914,0.4359,0.8847,0.1974,6.7459,0.4534,1.0026,0.3739,-0.0003,0.0007,0.0005,0.0009,0.436,1.128,7.9238,1.0989,1.023,0.9815,0
5.537,7.2066,0.5883,0.9879,2.4508,0.6658,-0.0063,7.1248,0.7201,1.0577,0.1702,6.8679,0.5138,1.0142,0.3478,0.0005,-0.0003,-0.0003,0.0007,0.483,1.034,7.9212,1.1023,1.023,0.8809,0
5.579,7.3079,0.6162,0.9877,2.415,0.6706,-0.0023,7.1248,0.7201,1.0577,0.2219,6.9574,0.5408,1.0155,0.3596,0.0004,0.0003,-0.0001,0.0005,0.442,1.117,8.1891,1.1549,0.999,1.0329,0
5.62,7.4078,0.6439,0.9867,2.3835,0.6622,-0.0346,7.1248,0.7201,1.0577,0.3015,7.016,0.5587,1.016,0.402,-0.0006,0.0007,-0.0011,0.0014,0.461,1.078,8.1888,1.1551,0.999,0.9335,0
5.662,7.5065,0.6712,0.986,2.3585,0.6444,0.003,7.3835,0.7537,0.9455,0.1536,7.1732,0.6181,0.9981,0.3377,0.0001,0.0003,-0.0008,0.0009,0.513,0.974,8.1884,1.1573,0.999,0.8376,0
5.703,7.6043,0.6975,0.9866,2.337,0.6182,0.0224,7.3835,0.7537,0.9455,0.2316,7.2318,0.6349,0.9981,0.3778,0.0003,0.0001,-0.0016,0.0016,0.527,0.946,8.4611,1.2241,1.006,1.0059,0
5.745,7.7013,0.7224,0.9877,2.3219,0.5809,0.02,7.6109,0.7234,1.0575,0.1142,7.3761,0.6661,1.011,0.3308,-0.0005,0.0008,0.0004,0.001,0.495,1.01,8.4602,1.2249,1.006,0.9105,0
5.787,7.7979,0.7458,0.9882,2.3212,0.5492,0.008,7.6109,0.7234,1.0575,0.2007,7.4333,0.6792,1.0118,0.3714,-0.0,0.0,-0.0004,0.0004,0.51,0.98,8.4598,1.2277,1.006,0.8189,0
5.828,7.8947,0.7681,0.9884,2.3213,0.525,-0.0019,7.7306,0.882,1.0375,0.2056,7.5594,0.7311,1.0151,0.3384,0.0,-0.0004,-0.0005,0.0006,0.468,1.064,8.7078,1.3013,1.016,0.9727,0
5.87,7.9913,0.7895,0.9888,2.3183,0.5061,0.0153,7.7306,0.882,1.0375,0.2809,7.6167,0.7432,1.0152,0.3784,0.0003,-0.0005,0.0003,0.0007,0.485,1.031,8.7055,1.3045,1.016,0.8809,0
5.911,8.088,0.8104,0.9896,2.3196,0.497,0.0215,7.7306,0.882,1.0375,0.3676,7.7025,0.7608,1.0157,0.3895,0.0007,0.0001,-0.0008,0.001,0.507,0.987,8.9774,1.362,0.98,1.0466,0
5.953,8.1846,0.831,0.9895,2.323,0.4969,-0.012,8.1778,0.9589,0.8902,0.162,7.8422,0.8019,0.9956,0.3437,0.0007,0.0002,-0.0012,0.0014,0.542,0.915,8.9763,1.3612,0.98,0.9528,0
5.995,8.2819,0.8519,0.9888,2.3433,0.5017,-0.0168,8.1778,0.9589,0.8902,0.1789,7.9303,0.8181,0.9949,0.3532,0.0,-0.0003,-0.0013,0.0014,0.503,0.995,8.9735,1.3663,0.98,0.862,0
6.036,8.38,0.8729,0.9879,2.3621,0.508,-0.0319,8.2633,1.0048,0.9656,0.1775,8.0437,0.8609,0.9952,0.3366,-0.0004,-0.0001,-0.0002,0.0005,0.537,0.925,8.973,1.3756,0.98,0.7775,0
6.078,8.4785,0.8942,0.9857,2.366,0.5147,-0.0651,8.2633,1.0048,0.9656,0.2428,8.1353,0.8786,0.9954,0.3437,0.0003,-0.0003,-0.0003,0.0005,0.486,1.028,9.254,1.4293,0.982,0.9422,0
6.119,8.5767,0.9158,0.983,2.3455,0.518,-0.0642,8.2633,1.0048,0.9656,0.3263,8.1963,0.8905,0.995,0.3814,0.001,-0.0004,0.0004,0.0011,0.502,0.996,9.2526,1.4339,0.982,0.8516,0
6.161,8.6738,0.9373,0.9793,2.3162,0.5185,-0.1107,8.5453,0.9495,1.2003,0.2559,8.3348,0.9183,1.0298,0.3432,-0.0007,0.0006,0.0,0.001,0.454,1.091,9.2523,1.4432,0.982,0.7685,0
6.203,8.7695,0.9591,0.974,2.2779,0.5253,-0.1324,8.5453,0.9495,1.2003,0.3187,8.3921,0.9304,1.0281,0.3824,-0.0002,0.0007,0.0007,0.001,0.471,1.059,9.5371,1.4993,0.999,0.9389,0
6.244,8.8632,0.9813,0.9686,2.2259,0.5403,-0.1268,8.9463,1.1226,1.1111,0.2172,8.5582,0.9811,1.034,0.3119,-0.0001,0.0003,-0.0003,0.0005,0.519,0.961,9.5322,1.5141,0.999,0.8557,0
6.286,8.9549,1.0042,0.9641,2.1806,0.5554,-0.0954,8.9463,1.1226,1.1111,0.1889,8.6125,0.9946,1.0312,0.3491,0.0009,0.0007,0.0,0.0012,0.531,0.937,9.5327,1.5217,0.999,0.7765,0
6.327,9.0449,1.0275,0.9606,2.1442,0.5619,-0.0688,8.9463,1.1226,1.1111,0.2034,8.692,1.0154,1.0281,0.3595,0.0001,-0.0005,0.0003,0.0006,0.482,1.037,9.8035,1.5549,1.018,0.9257,0
6.369,9.1338,1.0509,0.9589,2.1335,0.5628,-0.0226,9.0953,1.0259,0.9414,0.0492,8.814,1.0319,1.0127,0.3249,0.0005,0.0001,0.0006,0.0007,0.507,0.987,9.8031,1.5595,1.018,0.8426,0
6.411,9.223,1.0745,0.9586,2.1448,0.5667,0.0118,9.0953,1.0259,0.9414,0.1376,8.8934,1.0531,1.0132,0.3348,-0.0009,-0.0003,0.0002,0.001,0.447,1.107,10.1137,1.5965,1.032,1.0351,0
6.452,9.3129,1.0981,0.9599,2.1732,0.5699,0.04,9.0953,1.0259,0.9414,0.23,8.9468,1.0674,1.0148,0.3715,-0.0001,-0.0012,0.001,0.0015,0.463,1.074,10.1143,1.5951,1.032,0.9458,0
6.494,9.4046,1.1221,0.9619,2.2273,0.5802,0.0608,9.238,1.156,0.9351,0.1721,9.0755,1.1036,1.0005,0.3319,0.0001,-0.0004,-0.0001,0.0004,0.5,1.0,10.3915,1.6558,1.056,1.1259,0
6.535,9.4992,1.1465,0.9662,2.3068,0.5886,0.128,9.238,1.156,0.9351,0.2633,9.1327,1.1185,1.0033,0.3695,-0.001,0.0001,-0.0005,0.0011,0.458,1.085,10.3914,1.656,1.056,1.0313,0
6.577,9.5972,1.1712,0.9718,2.3911,0.5968,0.132,9.5423,1.215,0.9686,0.0703,9.285,1.1563,1.0037,0.3142,0.0006,-0.0005,0.0001,0.0008,0.501,0.998,10.3912,1.6563,1.056,0.9343,0
6.619,9.6987,1.1962,0.9769,2.4692,0.5989,0.113,9.5423,1.215,0.9686,0.1578,9.3473,1.1718,1.0076,0.3536,0.0003,0.0005,0.0003,0.0007,0.451,1.097,10.3912,1.6565,1.056,0.8352,0
6.66,9.8029,1.2211,0.9811,2.5214,0.5975,0.0955,9.5423,1.215,0.9686,0.261,9.444,1.195,1.0123,0.3612,0.0006,-0.0007,-0.0005,0.001,0.48,1.041,10.6631,1.7126,1.042,0.9926,0
6.702,9.9086,1.2458,0.985,2.547,0.5858,0.1001,10.0464,1.2323,0.8618,0.1854,9.6061,1.2146,0.9861,0.3041,-0.0004,-0.0009,0.0019,0.0021,0.51,0.98,10.6631,1.7126,1.042,0.8891,0
6.743,10.015,1.2698,0.99,2.5559,0.5697,0.1298,10.0464,1.2323,0.8618,0.1372,9.7051,1.2366,0.9901,0.3117,-0.0003,-0.0003,0.0001,0.0004,0.456,1.087,10.6631,1.7126,1.042,0.7866,0
6.785,10.1212,1.2931,0.9957,2.5363,0.5515,0.1406,10.0464,1.2323,0.8618,0.165,9.771,1.2506,0.9933,0.3528,0.0004,-0.0007,0.0009,0.0012,0.473,1.054,10.6631,1.7126,1.042,0.6869,0
6.827,10.2259,1.3157,1.0014,2.4924,0.5338,0.1148,10.2874,1.2093,0.958,0.1303,9.949,1.264,0.9952,0.2818,0.0006,-0.0002,0.0006,0.0009,0.497,1.006,10.9681,1.7716,1.019,0.8712,0
6.868,10.3282,1.3374,1.0052,2.4231,0.511,0.0767,10.2874,1.2093,0.958,0.1425,10.0118,1.2773,0.9981,0.3222,0.0011,-0.0008,0.0011,0.0018,0.506,0.987,10.9681,1.7716,1.019,0.7734,0
6.91,10.4273,1.3581,1.0083,2.3396,0.4849,0.0796,10.4597,1.4136,1.0467,0.0748,10.1638,1.3158,1.0117,0.2669,-0.0,0.0002,-0.0001,0.0002,0.505,0.991,11.2433,1.8516,1.049,0.9545,0
6.951,10.5232,1.3778,1.0113,2.275,0.4637,0.0667,10.4597,1.4136,1.0467,0.081,10.2207,1.3272,1.0144,0.3067,-0.0003,0.0,-0.0,0.0003,0.516,0.969,11.2419,1.8504,1.049,0.861,0
6.993,10.6171,1.3969,1.0142,2.2375,0.4559,0.0754,10.4597,1.4136,1.0467,0.1615,10.3036,1.3437,1.0185,0.318,0.0002,0.0004,0.0009,0.001,0.459,1.082,11.5861,1.9394,1.06,1.1115,0
7.035,10.7102,1.4159,1.0175,2.2411,0.4598,0.0838,10.7116,1.5363,0.9599,0.1334,10.4259,1.3864,1.0116,0.2859,0.0003,-0.0002,0.0008,0.0009,0.498,1.004,11.5903,1.9263,1.06,1.0183,0
7.076,10.8043,1.4355,1.0211,2.2759,0.4778,0.0891,10.7116,1.5363,0.9599,0.15,10.5101,1.403,1.0166,0.2961,-0.0008,0.0005,0.0004,0.001,0.516,0.969,11.5881,1.9214,1.06,0.923,0
7.118,10.9002,1.4559,1.0247,2.3196,0.5001,0.0824,10.7116,1.5363,0.9599,0.215,10.5674,1.4147,1.0199,0.3353,-0.0005,0.0001,0.0,0.0005,0.464,1.071,11.5845,1.9258,1.06,0.8309,0
7.159,10.9976,1.4773,1.0283,2.3515,0.5274,0.0928,10.8223,1.2661,1.0874,0.2808,10.6948,1.4097,1.0315,0.3103,-0.0,0.0003,-0.0006,0.0007,0.0,2.423,11.7953,1.9683,1.061,0.9373,0
7.201,11.0958,1.5003,1.0325,2.3554,0.5727,0.0986,10.8223,1.2661,1.0874,0.3642,10.7534,1.4235,1.0342,0.3509,0.0005,0.0006,0.0003,0.0008,0.499,1.002,11.7926,1.9711,1.061,0.8415,0
7.243,11.1937,1.5256,1.0363,2.3475,0.6402,0.0924,11.1325,1.6242,1.0859,0.1262,10.9022,1.4777,1.0421,0.2955,0.0006,0.0003,-0.0002,0.0007,0.539,0.921,12.1138,2.0474,1.077,1.0585,0
7.284,11.2913,1.5541,1.0409,2.3356,0.7161,0.116,11.1325,1.6242,1.0859,0.1793,10.9612,1.4953,1.0439,0.3353,-0.0008,0.0004,0.0002,0.0009,0.501,0.998,12.1117,2.0437,1.077,0.9561,0
7.326,11.3885,1.5853,1.0458,2.3352,0.7723,0.1194,11.1325,1.6242,1.0859,0.2621,11.0493,1.5247,1.0473,0.3446,-0.0002,-0.0003,-0.001,0.0011,0.447,1.107,12.1087,2.0424,1.077,0.8535,0
7.367,11.4859,1.6182,1.0508,2.3368,0.8015,0.126,11.3905,1.4803,1.008,0.1731,11.1675,1.5399,1.0413,0.328,0.0006,-0.0005,-0.0011,0.0013,0.478,1.044,12.0999,2.0542,1.077,0.7535,0
7.409,11.5829,1.6519,1.0561,2.3186,0.8119,0.122,11.3905,1.4803,1.008,0.2623,11.2562,1.573,1.0446,0.3363,-0.0001,0.0002,0.0016,0.0016,0.509,0.983,12.3619,2.1254,1.065,0.9116,0
7.451,11.6789,1.6856,1.0609,2.2899,0.8027,0.1114,11.3905,1.4803,1.008,0.3579,11.3146,1.5952,1.0466,0.3756,-0.0001,-0.0004,-0.0014,0.0014,0.466,1.067,12.3556,2.1296,1.065,0.8094,0
7.492,11.7737,1.7186,1.066,2.2629,0.7805,0.1311,11.8179,1.5765,0.9754,0.1742,11.4871,1.6223,1.0354,0.3038,0.0005,-0.0,-0.0003,0.0006,0.513,0.974,12.6446,2.1838,1.102,0.9881,0
7.534,11.8671,1.7505,1.0728,2.2264,0.7541,0.1828,11.8179,1.5765,0.9754,0.2054,11.5438,1.6428,1.0381,0.3426,0.0002,-0.001,0.001,0.0015,0.531,0.938,12.6393,2.1842,1.102,0.8861,0
7.575,11.9593,1.7812,1.0805,2.2041,0.7229,0.1671,11.9213,1.6769,1.2676,0.2175,11.6834,1.6718,1.0847,0.2969,-0.0002,-0.0007,0.001,0.0012,0.559,0.882,12.9405,2.2707,1.114,1.0971,0
7.617,12.051,1.8106,1.0871,2.2033,0.69,0.153,11.9213,1.6769,1.2676,0.2593,11.738,1.6892,1.0884,0.3358,0.0002,0.0012,-0.0,0.0012,0.512,0.976,12.9381,2.2657,1.114,0.9974,0
7.659,12.1435,1.8385,1.0934,2.2359,0.6558,0.1614,11.9996,1.7709,0.9914,0.1889,11.8608,1.7237,1.0749,0.3056,0.0005,-0.0001,-0.0017,0.0017,0.545,0.91,13.2207,2.4009,1.131,1.2158,0
7.7,12.2379,1.8652,1.1013,2.2927,0.6328,0.2,11.9996,1.7709,0.9914,0.2789,11.9178,1.7386,1.0788,0.345,0.0002,-0.0,0.0002,0.0003,0.474,1.052,13.2248,2.3833,1.131,1.115,0
7.742,12.335,1.8916,1.1098,2.3615,0.6361,0.2002,11.9996,1.7709,0.9914,0.3756,12.0062,1.7604,1.0855,0.3549,0.0002,-0.0003,0.0008,0.0009,0.501,0.999,13.222,2.3755,1.131,1.0107,0
7.783,12.435,1.9184,1.1178,2.4295,0.6526,0.1845,12.4592,1.9709,1.1456,0.0641,12.1339,1.8111,1.0983,0.3202,-0.0004,-0.0003,-0.0005,0.0007,0.543,0.914,13.2008,2.3677,1.131,0.888,0
7.825,12.5374,1.9461,1.125,2.4806,0.6718,0.1669,12.4592,1.9709,1.1456,0.0846,12.2263,1.8348,1.1033,0.3312,0.0011,0.0006,-0.0002,0.0012,0.494,1.013,13.4692,2.4397,1.119,1.0544,0
7.867,12.6416,1.9745,1.1318,2.512,0.6902,0.1593,12.4592,1.9709,1.1456,0.1829,12.2892,1.8512,1.1062,0.3742,-0.0002,0.0003,0.0001,0.0004,0.512,0.976,13.4569,2.4309,1.119,0.9345,0
7.908,12.7467,2.0036,1.1372,2.5328,0.7061,0.0996,12.6334,2.1455,1.278,0.2298,12.4426,1.9237,1.1434,0.3146,0.0004,-0.0002,-0.0005,0.0007,0.564,0.871,13.4351,2.4451,1.119,0.818,0
7.95,12.8526,2.0334,1.1407,2.547,0.7202,0.0728,12.6334,2.1455,1.278,0.282,12.5069,1.9406,1.1451,0.358,0.0,-0.0001,-0.0007,0.0007,0.577,0.845,13.7619,2.5032,1.108,1.024,0
7.991,12.959,2.0634,1.1432,2.5575,0.7192,0.0425,12.7465,2.0912,1.1163,0.216,12.6375,1.9901,1.1442,0.3298,-0.0006,0.0002,-0.0007,0.0009,0.543,0.915,13.7508,2.4979,1.108,0.9039,0
8.033,13.0658,2.0932,1.1442,2.5676,0.7106,0.0112,12.7465,2.0912,1.1163,0.3206,12.7023,2.0071,1.1448,0.3735,0.0006,0.0002,-0.0001,0.0007,0.481,1.037,13.7445,2.5011,1.108,0.7926,0
8.075,13.1727,2.1225,1.1439,2.5589,0.6974,-0.021,12.7465,2.0912,1.1163,0.4282,12.7998,2.0322,1.1442,0.3837,-0.0004,0.0006,0.0013,0.0014,0.512,0.976,14.0113,2.553,1.096,0.9439,0
8.116,13.2788,2.1512,1.1431,2.5362,0.6809,-0.0079,13.2869,2.042,1.0889,0.1222,12.9404,2.0526,1.1311,0.3526,0.0006,-0.0001,-0.0013,0.0015,0.543,0.914,14.0074,2.5573,1.096,0.8355,0
8.158,13.3839,2.1792,1.1434,2.512,0.662,0.0295,13.2869,2.042,1.0889,0.1766,13.034,2.0772,1.1297,0.3648,0.0002,0.0002,0.0006,0.0007,0.0,2.749,14.2864,2.6047,1.125,0.9979,0
8.199,13.488,2.2063,1.1447,2.4864,0.642,0.0433,13.4948,2.2787,1.1102,0.0805,13.1655,2.1231,1.1225,0.3338,-0.0015,0.0,-0.0003,0.0016,0.53,0.94,14.2849,2.6059,1.125,0.8917,0
8.241,13.5911,2.2327,1.1477,2.4651,0.6274,0.089,13.4948,2.2787,1.1102,0.1132,13.2563,2.1451,1.1222,0.347,0.0,0.0,0.0016,0.0016,0.552,0.896,14.2832,2.6163,1.125,0.7916,0
8.283,13.6934,2.2585,1.1518,2.4448,0.6125,0.103,13.4948,2.2787,1.1102,0.2039,13.3163,2.1594,1.123,0.391,0.0002,0.0006,0.0013,0.0015,0.565,0.871,14.2833,2.6175,1.125,0.6911,0
8.324,13.7947,2.2836,1.156,2.4215,0.5955,0.0827,13.8125,2.2945,1.1273,0.0354,13.4836,2.2026,1.1311,0.3224,-0.0002,0.0006,-0.0012,0.0013,0.53,0.94,14.5762,2.6729,1.089,0.8756,0
8.366,13.8951,2.3081,1.1574,2.3975,0.5794,0.0054,13.8125,2.2945,1.1273,0.0889,13.5422,2.2162,1.1317,0.3655,-0.0,-0.0001,0.0008,0.0008,0.544,0.912,14.5759,2.6735,1.089,0.7757,0
8.407,13.9945,2.3319,1.157,2.3776,0.5646,-0.0177,13.8125,2.2945,1.1273,0.1881,13.6291,2.2357,1.1303,0.3788,-0.0002,-0.0,0.0003,0.0003,0.488,1.024,14.8403,2.7299,1.095,0.9368,0
8.449,14.0933,2.3553,1.156,2.3689,0.5622,-0.0308,14.0267,2.2503,1.1389,0.1254,13.7644,2.249,1.1322,0.3465,0.0007,0.0001,-0.0004,0.0009,0.517,0.966,14.8399,2.7308,1.095,0.838,0
8.491,14.192,2.379,1.1545,2.3701,0.5745,-0.0391,14.0267,2.2503,1.1389,0.21,13.8541,2.2675,1.1302,0.3567,-0.0004,0.0005,-0.0,0.0007,0.462,1.075,14.8393,2.7322,1.095,0.7398,0
8.532,14.2907,2.4033,1.1527,2.3647,0.5919,-0.0417,14.0267,2.2503,1.1389,0.3054,13.9139,2.2802,1.1287,0.3971,0.0004,0.0001,0.0007,0.0008,0.48,1.039,15.0873,2.7884,1.1,0.8864,0
8.574,14.3889,2.4285,1.1507,2.3523,0.6156,-0.0524,14.267,2.2342,1.1007,0.2347,14.0659,2.3003,1.1244,0.3485,-0.0001,0.001,-0.0005,0.0011,0.514,0.972,15.0869,2.7896,1.1,0.7875,0
8.615,14.4867,2.4546,1.1484,2.3424,0.6378,-0.057,14.267,2.2342,1.1007,0.3148,14.1255,2.3162,1.1231,0.3876,-0.0002,-0.0002,0.0009,0.0009,0.529,0.943,15.0866,2.7901,1.1,0.689,0
8.657,14.5839,2.4817,1.1459,2.3235,0.655,-0.0722,14.6574,2.5905,1.0424,0.1672,14.2966,2.3816,1.1084,0.3065,0.0004,-0.0001,0.0009,0.0009,0.483,1.035,15.3757,2.785,1.08,0.8504,0
8.699,14.6803,2.5091,1.1427,2.3043,0.6597,-0.0786,14.6574,2.5905,1.0424,0.1312,14.3546,2.3975,1.1066,0.3461,0.0005,0.0004,-0.0004,0.0008,0.5,1.001,15.3762,2.7839,1.08,0.7508,0
8.74,14.7759,2.5365,1.1394,2.2895,0.656,-0.0746,14.6571,2.4202,1.1028,0.1703,14.4842,2.4178,1.1027,0.3171,0.0003,-0.0007,-0.0,0.0008,0.446,1.109,15.3767,2.7826,1.08,0.6519,0
8.782,14.8708,2.5635,1.1363,2.2656,0.6374,-0.0845,14.6571,2.4202,1.1028,0.2595,14.5419,2.432,1.1008,0.3561,-0.0002,0.0009,0.0004,0.001,0.464,1.072,15.7324,2.8289,1.06,0.9048,0
8.823,14.9644,2.5895,1.1325,2.231,0.6138,-0.0957,14.6571,2.4202,1.1028,0.3522,14.627,2.4523,1.0971,0.366,-0.0007,-0.0004,0.001,0.0013,0.489,1.022,15.7328,2.8282,1.06,0.8078,0
8.865,15.0568,2.6145,1.1286,2.2046,0.59,-0.0871,14.8738,2.6033,1.1343,0.1833,14.7208,2.5001,1.0983,0.3562,0.0001,-0.0001,-0.0006,0.0006,0.526,0.949,15.9417,2.8371,1.06,0.9151,0
8.907,15.1483,2.6386,1.1254,2.1971,0.5672,-0.069,14.8738,2.6033,1.1343,0.2769,14.8024,2.5221,1.0941,0.3663,-0.0001,-0.0002,0.0005,0.0006,0.479,1.043,15.9429,2.8342,1.06,0.8209,0
8.948,15.2402,2.6616,1.1228,2.2117,0.5406,-0.0588,14.8738,2.6033,1.1343,0.3711,14.8569,2.5361,1.0918,0.4045,0.0006,0.0008,0.0002,0.001,0.495,1.009,15.9431,2.8338,1.06,0.7264,0
8.99,15.3328,2.6834,1.1204,2.2329,0.506,-0.057,15.3166,2.4441,1.0194,0.2602,15.0225,2.5352,1.0779,0.3465,-0.0004,0.001,0.0015,0.0018,0.452,1.096,16.292,2.8628,1.083,0.9765,0
9.031,15.4263,2.7035,1.1193,2.253,0.4647,-0.0104,15.3166,2.4441,1.0194,0.2988,15.0795,2.5459,1.0768,0.3833,0.0001,-0.0009,-0.0002,0.001,0.468,1.064,16.2921,2.8625,1.083,0.881,0
9.073,15.5207,2.7221,1.1189,2.2755,0.4341,-0.0241,15.6149,2.679,1.309,0.2165,15.2498,2.5805,1.1158,0.3057,0.0001,-0.0002,-0.001,0.001,0.51,0.979,16.2923,2.8622,1.083,0.785,0
9.115,15.6163,2.7397,1.1174,2.3135,0.4103,-0.0367,15.6149,2.679,1.309,0.201,15.3083,2.589,1.1149,0.3429,-0.0002,-0.0002,0.0015,0.0015,0.486,1.028,16.5953,2.8275,1.089,0.9834,0
9.156,15.7139,2.7562,1.1159,2.369,0.3883,-0.0379,15.6149,2.679,1.309,0.2304,15.3981,2.6009,1.1134,0.352,0.0004,0.0007,0.0019,0.0021,0.0,2.203,16.5985,2.8204,1.089,0.8873,0
9.198,15.8142,2.7718,1.1141,2.4349,0.363,-0.0553,15.7611,2.8845,1.1245,0.1249,15.5213,2.6622,1.1161,0.3127,0.0001,0.0004,0.0002,0.0005,0.553,0.893,16.599,2.8193,1.089,0.7867,0
9.239,15.9171,2.7864,1.1111,2.5008,0.3344,-0.0834,15.7611,2.8845,1.1245,0.1848,15.6173,2.6741,1.114,0.3202,-0.0002,0.0005,0.001,0.0012,0.535,0.93,16.5996,2.818,1.089,0.6835,0
9.281,16.0225,2.7994,1.1068,2.5477,0.297,-0.125,15.9085,2.9142,1.164,0.1716,15.7238,2.7236,1.1194,0.3085,-0.0,0.0001,0.0008,0.0008,0.576,0.848,17.1602,2.7765,1.044,1.1396,0
9.323,16.1295,2.8107,1.1015,2.5817,0.2445,-0.1305,15.9085,2.9142,1.164,0.2519,15.8236,2.7334,1.1142,0.3158,-0.0005,0.0001,-0.0004,0.0006,0.54,0.921,17.1633,2.7698,1.044,1.0362,0
9.36,16.2269,2.8186,1.0964,2.6102,0.1839,-0.1371,15.9085,2.9142,1.164,0.3392,15.891,2.7381,1.1105,0.3456,-0.0003,-0.0008,0.0005,0.001,0.556,0.887,17.1671,2.7618,1.044,0.9434,0
9.402,16.3362,2.8245,1.0907,2.6325,0.1049,-0.1306,16.2566,2.8521,1.1138,0.0874,16.0119,2.7591,1.104,0.3311,0.0006,0.0004,0.0006,0.0009,0.587,0.825,17.1682,2.7595,1.044,0.8358,0
9.443,16.4461,2.8269,1.0858,2.6362,0.0156,-0.1078,16.2566,2.8521,1.1138,0.1932,16.1135,2.7592,1.0974,0.3395,0.0001,-0.001,-0.0013,0.0016,0.544,0.912,17.1699,2.756,1.044,0.7285,0
9.485,16.5553,2.8253,1.0817,2.6054,-0.0815,-0.089,16.2566,2.8521,1.1138,0.3017,16.1812,2.7563,1.0937,0.3807,0.0002,-0.0002,-0.0001,0.0003,0.559,0.882,17.4373,2.7278,1.048,0.888,0
9.526,16.6626,2.8199,1.0781,2.5469,-0.1631,-0.096,16.4832,2.8516,1.1548,0.1977,16.3207,2.7604,1.1029,0.3479,0.0004,-0.0001,-0.0002,0.0004,0.588,0.824,17.4405,2.7213,1.048,0.7847,0
9.568,16.7672,2.8115,1.0738,2.4819,-0.2342,-0.1065,16.4832,2.8516,1.1548,0.2981,16.3837,2.7512,1.1,0.3891,0.0001,-0.0002,-0.0003,0.0004,0.592,0.816,17.723,2.7343,1.058,0.959,0
9.61,16.8693,2.8004,1.07,2.4283,-0.2894,-0.0766,16.4832,2.8516,1.1548,0.3987,16.4753,2.7342,1.0958,0.4004,-0.0003,0.0001,-0.0004,0.0006,0.547,0.906,17.7261,2.7281,1.058,0.8599,0
9.651,16.9697,2.7875,1.068,2.3941,-0.323,-0.0209,16.9798,2.8086,0.966,0.1047,16.619,2.7472,1.0697,0.353,0.0002,-0.0004,0.0007,0.0008,0.58,0.839,17.7276,2.7251,1.058,0.7605,0
9.693,17.0688,2.7735,1.0678,2.3685,-0.3459,0.008,16.9798,2.8086,0.966,0.1397,16.706,2.7313,1.0688,0.3652,-0.0002,-0.0,-0.0005,0.0006,0.525,0.95,17.9886,2.7411,1.073,0.9204,0
9.734,17.1672,2.7589,1.0686,2.3568,-0.3488,0.029,16.9798,2.8086,0.966,0.2194,16.7634,2.7201,1.0692,0.4056,0.0008,0.0014,0.0012,0.002,0.534,0.932,17.9898,2.7388,1.073,0.8229,0
9.776,17.2656,2.7447,1.0711,2.368,-0.3347,0.0811,17.0835,2.7407,0.9161,0.2391,16.9076,2.7107,1.0409,0.3609,0.0006,0.0009,0.0003,0.0011,0.558,0.883,17.9916,2.7352,1.073,0.7261,0
9.818,17.3645,2.7312,1.0751,2.3801,-0.3125,0.1049,17.0835,2.7407,0.9161,0.323,16.9661,2.7009,1.0426,0.4009,0.0004,-0.0001,-0.0008,0.0009,0.511,0.977,18.2908,2.792,1.068,0.9283,0
9.859,17.464,2.719,1.0796,2.3952,-0.2746,0.1039,17.5995,2.7015,1.1512,0.1542,17.1561,2.6936,1.0683,0.3092,-0.001,-0.0011,-0.0001,0.0014,0.549,0.901,18.2928,2.7881,1.068,0.8317,0
9.901,17.5643,2.7085,1.0826,2.4166,-0.2333,0.052,17.5995,2.7015,1.1512,0.0775,17.2163,2.687,1.0709,0.3489,0.0005,-0.0006,-0.0006,0.001,0.556,0.888,18.2931,2.7875,1.068,0.7332,0
9.942,17.6654,2.6999,1.0843,2.4339,-0.1849,0.0376,17.5995,2.7015,1.1512,0.094,17.3075,2.6792,1.0731,0.3587,0.0007,0.0003,0.0006,0.001,0.515,0.97,18.5651,2.8287,1.066,0.909,0
9.984,17.7668,2.6935,1.0859,2.4296,-0.1265,0.0399,17.6306,2.4578,1.0461,0.2751,17.4151,2.6352,1.0691,0.3569,-0.0003,-0.0008,-0.0002,0.0009,0.517,0.965,18.5662,2.8265,1.066,0.8106,0
10.026,17.8678,2.6896,1.0877,2.4181,-0.0644,0.0426,17.6306,2.4578,1.0461,0.3342,17.5049,2.6316,1.0708,0.3679,-0.0004,-0.0002,-0.0012,0.0012,0.53,0.94,18.849,2.8465,1.065,0.9939,0
10.067,17.9683,2.6883,1.0894,2.411,-0.0042,0.0403,17.6306,2.4578,1.0461,0.4112,17.5644,2.6311,1.0721,0.4083,-0.0002,-0.0002,0.0002,0.0004,0.504,0.992,18.849,2.8465,1.065,0.8951,0
10.109,18.069,2.6895,1.0908,2.4213,0.0555,0.0258,17.8183,2.7361,1.0146,0.2661,17.7015,2.6416,1.0674,0.3713,-0.0001,-0.0003,0.0006,0.0007,0.534,0.932,18.851,2.8428,1.065,0.7973,0
10.15,18.1703,2.6931,1.0916,2.4405,0.113,0.0163,17.8183,2.7361,1.0146,0.3629,17.7625,2.6426,1.0688,0.4116,-0.0006,0.0003,-0.0003,0.0007,0.476,1.048,19.1726,2.8531,1.062,1.0154,0
10.192,18.2724,2.6992,1.0922,2.4589,0.1704,0.0111,17.8183,2.7361,1.0146,0.4622,17.855,2.6469,1.0705,0.4213,0.0002,-0.0008,0.0001,0.0008,0.498,1.004,19.1777,2.8436,1.062,0.9173,0
10.234,18.3755,2.7076,1.0925,2.492,0.2295,0.0069,18.1408,2.6639,1.1278,0.2413,17.961,2.6631,1.0774,0.4172,0.0005,0.0008,-0.0003,0.001,0.524,0.952,19.1792,2.8408,1.062,0.8153,0
10.275,18.4804,2.7182,1.0928,2.5373,0.2696,0.004,18.1408,2.6639,1.1278,0.3456,18.0542,2.6759,1.0772,0.4285,-0.0003,0.0003,-0.0016,0.0017,0.497,1.006,19.1816,2.8366,1.062,0.7118,0
10.317,18.587,2.7299,1.0928,2.5733,0.287,0.0086,18.1408,2.6639,1.1278,0.4524,18.1178,2.6854,1.0769,0.4716,0.0008,-0.001,0.0014,0.0019,0.516,0.968,19.4507,2.8828,1.073,0.8773,0
10.358,18.6946,2.7419,1.0934,2.5892,0.2884,0.0156,18.7507,2.4831,1.131,0.2675,18.325,2.6561,1.0867,0.3795,0.0001,-0.0003,-0.0003,0.0005,0.492,1.015,19.4528,2.879,1.073,0.7707,0
10.4,18.8027,2.7539,1.0941,2.595,0.2853,0.0162,18.7507,2.4831,1.131,0.2782,18.39,2.6642,1.087,0.4224,-0.0002,0.0001,-0.0001,0.0002,0.51,0.98,19.4534,2.878,1.073,0.6627,0
10.442,18.9106,2.7656,1.0954,2.5805,0.2778,0.0427,18.7722,2.6632,1.136,0.1769,18.5414,2.67,1.0948,0.3814,0.0002,0.0004,-0.0007,0.0008,0.538,0.924,19.7407,2.8512,1.087,0.8345,0
10.483,19.0175,2.7767,1.0975,2.5581,0.2555,0.0567,18.7722,2.6632,1.136,0.2731,18.6054,2.6763,1.0955,0.4242,-0.0001,-0.0001,-0.0003,0.0004,0.548,0.903,19.7466,2.8409,1.087,0.7319,0
10.525,19.1237,2.7868,1.0996,2.5398,0.2283,0.0415,18.7722,2.6632,1.136,0.3744,18.7006,2.6846,1.0969,0.4353,-0.0005,0.0,-0.0008,0.0009,0.539,0.923,20.0169,2.812,1.073,0.8939,0
10.566,19.2292,2.7955,1.1011,2.5268,0.1955,0.0287,19.0631,2.8563,1.1747,0.1916,18.8233,2.7192,1.1108,0.4131,-0.0002,-0.0012,0.0013,0.0017,0.575,0.851,20.0169,2.812,1.073,0.7883,0
10.608,19.3345,2.8027,1.1021,2.5274,0.1517,0.022,19.0631,2.8563,1.1747,0.286,18.9183,2.7248,1.1109,0.4235,0.0003,-0.0001,-0.0012,0.0012,0.587,0.825,20.0232,2.8015,1.073,0.6894,0
10.65,19.4397,2.8078,1.1026,2.5248,0.0974,0.0049,19.0631,2.8563,1.1747,0.3865,18.9816,2.7271,1.1106,0.4653,-0.0005,0.0001,-0.0013,0.0014,0.529,0.942,20.3133,2.7959,1.085,0.8738,0
10.691,19.5447,2.8109,1.101,2.5138,0.0543,-0.0687,19.3415,2.695,1.42,0.3956,19.1309,2.7308,1.1675,0.4267,0.0,0.0004,0.0008,0.0009,0.558,0.884,20.3283,2.7721,1.085,0.7847,0
10.733,19.6493,2.8121,1.0971,2.509,0.0066,-0.1152,19.3415,2.695,1.42,0.4612,19.1922,2.7319,1.1657,0.4692,0.001,-0.0007,0.001,0.0016,0.509,0.982,20.3324,2.7658,1.085,0.6848,0
10.774,19.7538,2.8112,1.0916,2.5084,-0.0416,-0.1495,19.7689,2.8291,1.151,0.0638,19.376,2.7442,1.1588,0.3896,0.0002,0.0007,0.0007,0.0009,0.553,0.895,20.5861,2.7603,1.06,0.8344,0
10.816,19.8583,2.8084,1.085,2.5091,-0.0886,-0.1631,19.7689,2.8291,1.151,0.1131,19.4382,2.7412,1.1547,0.4311,-0.0005,0.0003,0.0003,0.0007,0.561,0.879,20.5904,2.7539,1.06,0.7345,0
10.858,19.9629,2.8037,1.0785,2.5112,-0.1317,-0.1467,19.7689,2.8291,1.151,0.2087,19.5317,2.7346,1.1484,0.4423,0.0003,-0.0008,0.0008,0.0012,0.522,0.957,20.8956,2.7586,1.077,0.9338,0
10.899,20.0678,2.7974,1.0727,2.5229,-0.1645,-0.138,19.9584,3.0135,1.1183,0.2464,19.6686,2.7791,1.1416,0.4055,0.0001,-0.0001,0.0003,0.0003,0.568,0.864,20.9029,2.7483,1.077,0.8366,0
10.941,20.1733,2.7898,1.067,2.5406,-0.1972,-0.1354,19.9584,3.0135,1.1183,0.3144,19.764,2.7703,1.1371,0.4158,0.0003,0.0,0.0009,0.0009,0.576,0.848,20.9065,2.7433,1.077,0.7347,0
10.982,20.2795,2.7809,1.0614,2.5534,-0.2301,-0.1349,20.2658,2.8243,0.9772,0.0957,19.9082,2.7783,1.1077,0.3743,0.0001,0.001,0.0002,0.001,0.56,0.879,21.2027,2.7346,1.045,0.9245,0
11.024,20.386,2.7705,1.0557,2.558,-0.2638,-0.1366,20.2658,2.8243,0.9772,0.1533,20.0057,2.7689,1.1032,0.3833,-0.0008,0.0002,0.0005,0.001,0.567,0.866,21.218,2.7142,1.045,0.8339,0
11.066,20.4928,2.7587,1.0501,2.5676,-0.2979,-0.1344,20.2658,2.8243,0.9772,0.2472,20.0709,2.7615,1.1002,0.4249,-0.0003,0.0001,-0.0002,0.0004,0.568,0.865,21.2224,2.7084,1.045,0.7314,0
11.107,20.5999,2.7455,1.0441,2.5745,-0.3343,-0.1496,20.4668,2.7433,1.1074,0.1475,20.2346,2.7473,1.0972,0.3692,0.0003,-0.0002,-0.0002,0.0004,0.567,0.867,21.5162,2.6639,1.026,0.9201,0
11.149,20.7075,2.7308,1.0377,2.5885,-0.3686,-0.1538,20.4668,2.7433,1.1074,0.2509,20.3014,2.7379,1.0938,0.41,-0.0003,-0.0003,0.0008,0.0009,0.568,0.865,21.538,2.6374,1.026,0.8358,0
11.19,20.8157,2.7147,1.0308,2.6043,-0.4014,-0.1814,20.9469,2.5503,1.194,0.2662,20.4953,2.6928,1.106,0.3298,-0.0001,0.0007,0.0004,0.0007,0.547,0.906,21.8237,2.6361,0.998,1.0116,0
11.232,20.9246,2.6973,1.0224,2.6221,-0.427,-0.2107,20.9469,2.5503,1.194,0.2271,20.5622,2.6813,1.1014,0.3713,0.0002,-0.0009,-0.0006,0.0011,0.543,0.914,21.8463,2.6102,0.998,0.9261,0
11.274,21.0345,2.6791,1.0135,2.6517,-0.4427,-0.2134,20.9469,2.5503,1.194,0.2384,20.6634,2.6631,1.0936,0.38,-0.0008,-0.0001,-0.0,0.0008,0.541,0.919,21.8693,2.5848,0.998,0.8403,0
11.315,21.1457,2.6605,1.0047,2.6798,-0.4506,-0.2034,21.2537,2.7162,1.034,0.1251,20.8262,2.6689,1.0773,0.3277,0.0003,-0.0008,-0.001,0.0013,0.519,0.961,21.881,2.5722,0.998,0.7406,0
11.357,21.2578,2.6416,0.9966,2.6989,-0.453,-0.1893,21.2537,2.7162,1.034,0.0835,20.9304,2.6531,1.0694,0.3356,0.0,0.0012,-0.0002,0.0012,0.521,0.959,22.1986,2.6091,0.985,0.9414,0
11.398,21.3707,2.6229,0.9889,2.7185,-0.446,-0.1812,21.2537,2.7162,1.034,0.1562,21.0005,2.6426,1.0646,0.3784,0.0001,-0.0001,-0.0007,0.0007,0.518,0.963,22.2107,2.5969,0.985,0.8404,0
11.44,21.4844,2.6045,0.9816,2.7371,-0.435,-0.1674,21.4585,2.4902,0.963,0.1187,21.1699,2.6019,1.0449,0.3208,-0.0006,0.0002,-0.0004,0.0008,0.494,1.011,22.5635,2.6199,0.986,1.0792,0
11.482,21.5987,2.5869,0.9746,2.7506,-0.4121,-0.1714,21.4585,2.4902,0.963,0.1707,21.24,2.5919,1.0419,0.365,0.0004,0.0004,0.0006,0.0008,0.483,1.034,22.5885,2.5965,0.986,0.9899,0
11.523,21.7139,2.5704,0.9673,2.7763,-0.3798,-0.1782,21.4585,2.4902,0.963,0.2677,21.3459,2.578,1.037,0.3746,0.0007,-0.0002,0.0,0.0007,0.48,1.041,22.6139,2.5735,0.986,0.9003,0
11.565,21.8302,2.5554,0.9599,2.8058,-0.3438,-0.1725,21.4585,2.4902,0.963,0.3774,21.4174,2.5699,1.0336,0.4196,-0.0006,0.0002,0.0005,0.0008,0.475,1.05,22.9288,2.6761,0.984,1.1054,0
11.606,21.9479,2.5422,0.9541,2.8365,-0.2957,-0.1167,21.8572,2.7225,0.9242,0.204,21.599,2.5858,1.0047,0.3552,-0.0005,-0.0002,-0.0008,0.0009,0.484,1.032,22.9679,2.6427,0.984,1.0254,0
11.648,22.067,2.5311,0.9507,2.8816,-0.242,-0.0463,21.8572,2.7225,0.9242,0.2853,21.6714,2.5802,1.0026,0.402,-0.0003,-0.0002,-0.0009,0.0009,0.48,1.04,23.3449,2.7543,1.017,1.2989,0
11.69,22.1884,2.5223,0.9495,2.9435,-0.1823,-0.0197,22.1594,2.5595,0.8195,0.1383,21.8548,2.5688,0.9694,0.3374,0.0007,-0.0006,-0.0006,0.0011,0.488,1.024,23.3584,2.7437,1.017,1.1926,0
11.731,22.3129,2.5162,0.9494,3.0238,-0.1174,0.0055,22.1594,2.5595,0.8195,0.2057,21.9307,2.566,0.9699,0.3859,-0.0008,-0.0002,0.0005,0.0009,0.489,1.023,23.3856,2.7228,1.017,1.0945,0
11.773,22.4406,2.5128,0.9499,3.0979,-0.0534,0.0269,22.1594,2.5595,0.8195,0.3135,22.0484,2.5648,0.9715,0.3963,-0.0005,-0.0002,0.0011,0.0012,0.485,1.03,23.6262,2.7485,1.031,1.2115,0
11.814,22.5712,2.5119,0.9514,3.1614,0.0034,0.036,22.4648,2.4498,1.0815,0.1792,22.1879,2.5419,0.9905,0.3865,-0.001,-0.0003,0.0009,0.0014,0.478,1.044,23.6682,2.7188,1.031,1.1192,0
11.856,22.7043,2.5132,0.9526,3.221,0.0534,0.0231,22.4648,2.4498,1.0815,0.2793,22.3087,2.5446,0.9924,0.3988,-0.0001,-0.0006,-0.0003,0.0007,0.481,1.038,23.6542,2.7285,1.031,0.9771,0
11.898,22.8396,2.5164,0.9533,3.2641,0.0966,0.014,22.4648,2.4498,1.0815,0.4017,22.391,2.5479,0.9933,0.4515,0.0009,-0.0001,-0.0011,0.0014,0.479,1.041,23.6967,2.6996,1.031,0.8799,0
11.939,22.9761,2.5212,0.9539,3.286,0.1277,0.0137,23.0338,2.6319,0.9905,0.1301,22.6227,2.5647,0.9926,0.3582,0.0006,0.0004,-0.0005,0.0009,0.484,1.031,23.9229,2.7366,1.023,0.9734,0
11.981,23.1131,2.5271,0.9545,3.2873,0.1506,0.0157,23.0338,2.6319,0.9905,0.1363,22.7058,2.5692,0.9931,0.4113,-0.0001,0.0005,0.0007,0.0009,0.484,1.033,23.9229,2.7366,1.023,0.8392,0
12.022,23.2497,2.5338,0.9552,3.266,0.1664,0.021,23.2159,2.6319,0.8605,0.1405,22.9092,2.5843,0.9736,0.3448,-0.0001,0.0005,-0.0002,0.0006,0.488,1.025,24.1796,2.7911,1.022,0.9671,0
12.064,23.385,2.541,0.9562,3.2277,0.1804,0.0233,23.2159,2.6319,0.8605,0.2144,22.9914,2.5892,0.9748,0.397,-0.0001,0.0005,0.0005,0.0007,0.489,1.022,24.2093,2.7741,1.022,0.8592,0
12.106,23.5182,2.5488,0.9572,3.1709,0.1904,0.0313,23.4972,2.5129,0.7977,0.1648,23.1777,2.5794,0.9442,0.3421,-0.0002,0.0005,-0.0004,0.0006,0.468,1.064,24.2394,2.7575,1.022,0.7536,0
12.147,23.6487,2.5569,0.96,3.0967,0.2011,0.1009,23.4972,2.5129,0.7977,0.2263,23.255,2.5838,0.9455,0.3949,-0.0004,-0.0001,0.0008,0.0009,0.029,1.943,24.4865,2.8184,1.026,0.8802,0
12.189,23.7762,2.5657,0.9649,3.0344,0.2168,0.1193,23.4972,2.5129,0.7977,0.3295,23.3675,2.5911,0.95,0.4097,0.0003,-0.0001,-0.0,0.0003,0.478,1.044,24.5323,2.795,1.026,0.7925,0
12.23,23.9013,2.575,0.97,2.976,0.23,0.1392,23.938,2.3962,0.893,0.1981,23.5356,2.5628,0.9397,0.3672,-0.0001,0.0006,-0.0012,0.0013,0.448,1.105,24.5632,2.78,1.026,0.6951,0
12.272,24.024,2.5849,0.9768,2.9161,0.245,0.1746,23.938,2.3962,0.893,0.2237,23.6448,2.5712,0.9445,0.3808,0.0004,0.0,-0.0003,0.0005,0.463,1.074,24.8352,2.8615,1.027,0.8586,0
12.314,24.1439,2.5954,0.9841,2.8483,0.2552,0.1728,23.938,2.3962,0.893,0.3007,23.7157,2.5773,0.9485,0.4301,-0.0004,-0.0007,0.0004,0.0009,0.462,1.077,24.8509,2.8544,1.027,0.7541,0
12.355,24.2612,2.6063,0.9905,2.7904,0.2661,0.1199,24.1569,2.5629,1.213,0.2495,23.8878,2.5838,1.0029,0.3743,0.0,-0.0003,0.0014,0.0015,0.445,1.109,25.1591,2.968,1.03,0.9689,0
12.397,24.3765,2.6177,0.9943,2.7543,0.2831,0.076,24.1569,2.5629,1.213,0.3147,23.955,2.5905,1.0057,0.4226,0.0006,0.0004,-0.0006,0.0009,0.47,1.059,25.2069,2.9488,1.03,0.8946,0
12.438,24.4909,2.6302,0.9972,2.7398,0.3161,0.0623,24.5176,2.6335,1.049,0.0584,24.1432,2.6063,1.0166,0.3491,0.0005,0.0005,0.0007,0.001,0.459,1.083,25.2229,2.9427,1.03,0.7965,0
12.48,24.6051,2.6442,0.9993,2.7428,0.3513,0.0449,24.5176,2.6335,1.049,0.1012,24.2109,2.6144,1.0182,0.3958,-0.0,-0.0005,-0.0001,0.0005,0.47,1.061,25.239,2.9367,1.03,0.6988,0
12.522,24.7196,2.6598,1.0019,2.7519,0.3975,0.0764,24.5176,2.6335,1.049,0.2091,24.3127,2.6285,1.0208,0.4085,0.001,-0.0003,0.0013,0.0017,0.467,1.066,25.5201,3.1168,1.048,0.9229,0
12.563,24.8346,2.6777,1.0053,2.7696,0.4543,0.0756,24.7882,2.774,1.1145,0.1529,24.4558,2.6639,1.0385,0.3805,-0.0004,0.0003,-0.0006,0.0008,0.462,1.075,25.5687,3.1,1.048,0.848,0
12.605,24.9506,2.698,1.008,2.795,0.5142,0.0578,24.7882,2.774,1.1145,0.2086,24.5593,2.6834,1.0415,0.393,0.0002,0.0002,0.0002,0.0004,0.486,1.028,25.8578,3.2695,1.041,1.0727,0
12.646,25.0676,2.7209,1.0104,2.8172,0.5791,0.0578,24.7882,2.774,1.1145,0.3028,24.629,2.6984,1.0431,0.4404,0.0,-0.0003,-0.0007,0.0007,0.483,1.033,25.8742,3.2645,1.041,0.9732,0
12.688,25.1856,2.7467,1.0135,2.8482,0.6534,0.0836,25.0725,2.7663,0.9277,0.1433,24.812,2.7284,1.0236,0.3742,-0.0005,-0.0002,-0.0001,0.0005,0.462,1.076,25.9237,3.2506,1.041,0.8941,0
12.73,25.3049,2.7756,1.0171,2.8755,0.7299,0.1014,25.0725,2.7663,0.9277,0.2493,24.8841,2.7463,1.0254,0.4219,0.0007,0.0013,-0.0004,0.0015,0.477,1.046,26.2429,3.487,1.056,1.1779,0
12.771,25.4254,2.8079,1.022,2.9053,0.81,0.1252,25.3075,2.7831,0.8794,0.1867,25.05,2.7784,1.0059,0.3769,-0.0006,0.0014,-0.0006,0.0017,0.456,1.087,26.2763,3.479,1.056,1.0842,0
12.813,25.5474,2.8436,1.0274,2.9483,0.8952,0.1257,25.3075,2.7831,0.8794,0.2883,25.1233,2.801,1.0095,0.4266,-0.0003,-0.0002,-0.0015,0.0015,0.48,1.039,26.3097,3.4715,1.056,0.988,0
12.854,25.6713,2.8829,1.0323,2.9916,0.984,0.1075,25.3075,2.7831,0.8794,0.407,25.2353,2.8387,1.0144,0.4386,0.0011,0.0003,-0.0011,0.0016,0.477,1.046,26.5332,3.7023,1.029,1.1893,0
12.896,25.797,2.9262,1.0361,3.0393,1.0845,0.0757,25.7398,2.7778,1.155,0.1985,25.3992,2.8533,1.0381,0.4044,0.0003,0.0006,0.0004,0.0008,0.443,1.113,26.5332,3.7023,1.029,1.0698,0
12.938,25.9249,2.9743,1.0395,3.0961,1.2197,0.0846,25.7398,2.7778,1.155,0.2937,25.517,2.8991,1.0402,0.4149,-0.0002,-0.0003,-0.0011,0.0011,0.427,1.146,26.7466,3.9346,1.029,1.2638,0
12.979,26.0552,3.0285,1.0423,3.1489,1.3646,0.0479,26.1087,2.8778,0.9995,0.1656,25.6843,2.9238,1.0363,0.3854,0.0003,0.0003,-0.0009,0.001,0.443,1.114,26.7543,3.9333,1.029,1.1435,0
13.021,26.1875,3.0888,1.0432,3.1936,1.5155,0.0012,26.1087,2.8778,0.9995,0.2294,25.8053,2.9811,1.0371,0.397,-0.0004,-0.0006,0.0013,0.0015,0.427,1.146,26.766,3.9314,1.029,1.0223,0
13.062,26.3211,3.1555,1.0425,3.2141,1.6732,-0.0233,26.1087,2.8778,0.9995,0.3522,25.8872,3.0241,1.0362,0.4533,-0.0002,-0.0003,-0.0005,0.0006,0.414,1.172,26.9084,4.1847,1.009,1.1855,0
13.104,26.4548,3.2287,1.0412,3.2015,1.8246,-0.032,26.4154,3.214,1.0597,0.046,26.0883,3.1127,1.0353,0.3845,-0.0002,0.0002,0.0006,0.0007,0.449,1.101,26.9114,4.1843,1.009,1.0596,0
13.146,26.5872,3.308,1.0399,3.1511,1.9673,-0.0299,26.4154,3.214,1.0597,0.1969,26.1688,3.1625,1.0329,0.443,-0.0002,0.0003,0.0012,0.0012,0.437,1.127,26.9129,4.1841,1.009,0.9351,0
13.187,26.7165,3.3929,1.0392,3.058,2.0907,-0.0131,26.6359,3.3187,1.0378,0.1096,26.345,3.2569,1.0383,0.3956,-0.0007,-0.0006,0.001,0.0014,0.483,1.034,27.0911,4.4557,1.005,1.1274,0
13.229,26.8415,3.4822,1.0374,2.9475,2.1839,-0.0648,26.6359,3.3187,1.0378,0.2627,26.4187,3.3135,1.0382,0.4552,-0.0001,-0.0001,0.0003,0.0003,0.478,1.044,27.0938,4.4553,1.005,1.0058,0
13.27,26.9611,3.575,1.0339,2.8059,2.2593,-0.0976,26.6359,3.3187,1.0378,0.4141,26.5236,3.4026,1.0359,0.4703,-0.0,-0.0001,0.0002,0.0002,0.466,1.068,27.1435,4.4452,1.005,0.8896,0
13.312,27.0745,3.6703,1.0296,2.6498,2.3057,-0.0961,26.6359,3.3187,1.0378,0.5622,26.589,3.4641,1.0335,0.5275,0.0001,0.0007,0.0001,0.0007,0.507,0.986,27.2486,4.6775,1.024,1.0221,0
13.354,27.181,3.7667,1.0268,2.4835,2.3104,-0.0495,26.9778,3.7626,0.8855,0.2476,26.7562,3.5964,1.0058,0.4581,0.0005,0.0003,-0.0004,0.0007,0.497,1.005,27.3271,4.6665,1.024,0.9116,0
13.395,27.2813,3.8625,1.0252,2.3472,2.2865,-0.0324,26.9778,3.7626,0.8855,0.3487,26.8138,3.656,1.0053,0.5115,-0.0,0.0002,0.0009,0.0009,0.493,1.013,27.3439,4.6517,1.024,0.7917,0
13.437,27.3764,3.9567,1.0242,2.2299,2.2393,-0.0087,27.3005,3.8843,1.0026,0.1071,26.976,3.768,1.0025,0.4432,-0.0009,0.0004,-0.0012,0.0016,0.529,0.942,27.5109,4.9142,1.045,0.9671,0
13.478,27.467,4.0486,1.0251,2.1389,2.1782,0.0359,27.3005,3.8843,1.0026,0.235,27.028,3.8237,1.0031,0.4938,-0.0006,-0.0001,-0.0013,0.0014,0.53,0.941,27.5297,4.903,1.045,0.8569,0
13.52,27.5546,4.138,1.0271,2.0723,2.1186,0.0648,27.3005,3.8843,1.0026,0.3599,27.1021,3.9045,1.0054,0.5097,0.0003,-0.001,0.0005,0.0011,0.549,0.903,27.5418,4.8466,1.045,0.7089,0
13.562,27.6397,4.2248,1.0298,2.0164,2.0491,0.0538,27.4173,4.0807,1.0911,0.2719,27.2134,3.9846,1.0239,0.4893,-0.0005,-0.0001,0.0002,0.0006,0.55,0.899,27.7105,5.1772,1.054,0.9554,0
13.603,27.7224,4.3084,1.0317,1.962,1.9719,0.0388,27.4173,4.0807,1.0911,0.3853,27.2859,4.0584,1.027,0.503,-0.0001,0.0005,0.001,0.0012,0.553,0.893,27.7289,5.1458,1.054,0.8378,0
13.645,27.8031,4.3889,1.0333,1.9166,1.9043,0.0426,27.4173,4.0807,1.0911,0.4971,27.3325,4.1053,1.0288,0.5494,-0.0001,0.0,-0.0011,0.0011,0.519,0.962,27.8366,5.4452,1.066,1.0573,0
13.686,27.8822,4.4673,1.0353,1.8853,1.8689,0.0516,27.7652,4.4303,1.0323,0.1228,27.482,4.2327,1.0348,0.4639,-0.0002,0.0002,0.0005,0.0006,0.524,0.951,27.8656,5.4214,1.066,0.9548,0
13.728,27.96,4.545,1.0377,1.853,1.8648,0.0604,27.7652,4.4303,1.0323,0.2262,27.5288,4.2787,1.0377,0.5068,-0.0003,0.0004,-0.0012,0.0013,0.524,0.952,27.8693,5.384,1.066,0.8443,0
13.77,28.0365,4.623,1.0401,1.8237,1.8801,0.0511,27.7652,4.4303,1.0323,0.3329,27.5974,4.3479,1.0423,0.5182,0.0006,-0.0003,-0.0012,0.0014,0.493,1.014,28.0123,5.6887,1.057,1.0661,0
13.811,28.1118,4.7021,1.0418,1.7905,1.9159,0.0326,28.0775,4.8194,0.961,0.1466,27.7281,4.4756,1.0354,0.4456,0.0009,0.0001,0.0012,0.0015,0.5,1.0,28.0253,5.678,1.057,0.9799,0
13.853,28.1856,4.7833,1.0427,1.7596,1.9787,0.0077,28.0775,4.8194,0.961,0.1403,27.7947,4.5475,1.0401,0.4566,-0.001,0.0004,-0.0001,0.0011,0.499,1.001,28.133,5.9322,1.032,1.1502,0
13.894,28.2583,4.8677,1.0424,1.7317,2.0669,-0.021,28.3546,4.9727,1.0905,0.1504,27.9254,4.6662,1.0481,0.3892,0.0011,0.0004,-0.001,0.0015,0.489,1.022,28.1492,5.9245,1.032,1.0625,0
13.936,28.3299,4.9562,1.0405,1.7054,2.1737,-0.0652,28.3546,4.9727,1.0905,0.0582,27.9875,4.7459,1.0488,0.4019,-0.0001,0.0001,-0.0006,0.0006,0.494,1.011,28.1661,5.8818,1.032,0.9401,0
13.978,28.4002,5.0494,1.0369,1.6719,2.2871,-0.0995,28.3546,4.9727,1.0905,0.104,28.028,4.8024,1.048,0.4469,-0.0005,0.0009,-0.0008,0.0013,0.497,1.007,28.1589,5.8679,1.032,0.8533,0
14.019,28.4689,5.1474,1.0335,1.6297,2.4033,-0.0625,28.4479,5.26,0.9367,0.1501,28.1595,4.9632,1.027,0.3601,0.0005,-0.0005,0.0,0.0007,0.482,1.036,28.323,6.1683,1.041,1.0314,0
14.061,28.536,5.2497,1.0312,1.5963,2.4944,-0.0561,28.4479,5.26,0.9367,0.1297,28.1986,5.0261,1.0267,0.4048,-0.0002,0.0005,0.0009,0.0011,0.501,0.999,28.3203,6.1428,1.041,0.9188,0
14.102,28.6016,5.3553,1.0294,1.5541,2.5625,-0.0307,28.5213,5.4505,1.0527,0.1268,28.304,5.181,1.0264,0.3448,-0.0007,-0.0011,-0.0003,0.0013,0.5,1.001,28.4518,6.4314,1.045,1.0866,0
14.144,28.6654,5.4632,1.029,1.5174,2.6116,0.0035,28.5213,5.4505,1.0527,0.1466,28.3408,5.2474,1.026,0.3898,-0.0002,0.0001,-0.0013,0.0014,0.504,0.992,28.4588,6.4076,1.045,0.9669,0
14.186,28.728,5.5727,1.0295,1.4857,2.636,0.018,28.5213,5.4505,1.0527,0.2412,28.3945,5.3488,1.0267,0.4017,0.0001,0.0007,-0.0005,0.0008,0.514,0.972,28.4436,6.3897,1.045,0.8652,0
14.227,28.789,5.6824,1.0309,1.4481,2.621,0.0476,28.7834,5.5439,0.9987,0.1423,28.4953,5.4498,1.021,0.3748,0.0003,-0.0006,-0.0007,0.001,0.465,1.07,28.4307,6.3878,1.045,0.7913,0
14.269,28.8486,5.7906,1.0318,1.4143,2.5733,0.0009,28.7834,5.5439,0.9987,0.2573,28.5462,5.5507,1.0218,0.3861,0.0002,0.0003,0.0004,0.0006,0.48,1.04,28.6243,6.7327,1.009,0.9687,0
14.31,28.9067,5.8962,1.0313,1.3777,2.5016,-0.0219,28.8872,5.8261,1.0861,0.0911,28.6346,5.6516,1.0325,0.3659,-0.0001,-0.0002,-0.0001,0.0003,0.473,1.054,28.6116,6.7179,1.009,0.8734,0
14.352,28.9631,5.9987,1.03,1.3335,2.4267,-0.037,28.8872,5.8261,1.0861,0.1968,28.683,5.7443,1.031,0.3784,-0.0009,-0.0009,-0.0012,0.0017,0.474,1.052,28.7601,6.9845,1.014,1.0066,0
14.394,29.0177,6.0981,1.0279,1.2935,2.3483,-0.0573,28.8872,5.8261,1.0861,0.3073,28.714,5.8038,1.0294,0.423,0.0,-0.0009,0.0012,0.0015,0.451,1.098,28.7603,6.9769,1.014,0.9159,0
14.435,29.0709,6.1942,1.0257,1.2633,2.2742,-0.0465,29.0524,6.1349,1.1027,0.0989,28.8206,5.9358,1.0374,0.3599,0.0004,-0.0006,-0.0005,0.0009,0.445,1.11,28.7395,6.9696,1.014,0.8434,0
14.477,29.1228,6.2876,1.024,1.2288,2.217,-0.0384,29.0524,6.1349,1.1027,0.1856,28.8514,5.9895,1.0356,0.4032,0.0004,-0.0003,-0.0013,0.0014,0.445,1.111,28.8924,7.2302,1.021,0.9704,0
14.518,29.173,6.379,1.0225,1.1845,2.1817,-0.032,29.0524,6.1349,1.1027,0.2839,28.8959,6.0678,1.033,0.4168,0.0,-0.0004,-0.0005,0.0006,0.429,1.141,28.8836,7.2237,1.021,0.8928,0
14.56,29.2214,6.4697,1.0212,1.1465,2.1787,-0.0352,29.2149,6.3698,0.9763,0.1098,28.976,6.1773,1.0285,0.3819,-0.0004,-0.0006,-0.0023,0.0024,0.427,1.146,29.0334,7.4887,1.033,1.0362,0
14.602,29.2686,6.5612,1.0198,1.1205,2.2135,-0.0275,29.2149,6.3698,0.9763,0.2035,29.0162,6.2574,1.0285,0.395,-0.0001,0.0004,-0.0001,0.0004,0.423,1.154,29.0319,7.4846,1.033,0.9534,0
14.643,29.3148,6.6548,1.0188,1.1003,2.2749,-0.0261,29.2149,6.3698,0.9763,0.305,29.0423,6.3121,1.0287,0.4379,-0.0001,0.0005,0.0006,0.0008,0.431,1.138,29.0276,7.4827,1.033,0.8764,0
14.685,29.3602,6.7512,1.0186,1.0831,2.3472,0.0142,29.465,6.6337,0.9692,0.165,29.1636,6.4556,1.0129,0.3551,-0.0009,0.0003,-0.0009,0.0013,0.394,1.211,29.1758,7.7647,1.025,1.0301,0
14.726,29.405,6.8503,1.0196,1.0645,2.4018,0.0258,29.465,6.6337,0.9692,0.2304,29.1909,6.5153,1.0132,0.3976,-0.0001,0.0002,0.0012,0.0013,0.406,1.188,29.1769,7.7601,1.025,0.938,0
14.768,29.4488,6.9516,1.0205,1.0433,2.4522,0.016,29.3254,6.9306,1.1165,0.1578,29.2492,6.6689,1.0286,0.3462,-0.0007,-0.0001,0.0006,0.0009,0.433,1.134,29.1662,7.7552,1.025,0.8518,0
14.81,29.4917,7.0548,1.021,1.0152,2.4932,0.0156,29.3254,6.9306,1.1165,0.2284,29.2747,6.7309,1.0281,0.3898,0.0,-0.0002,0.0002,0.0003,0.391,1.218,29.318,8.023,1.028,0.9837,0
14.851,29.5334,7.1592,1.0219,0.9924,2.5154,0.0231,29.5516,7.1592,0.9671,0.0577,29.3558,6.8841,1.0207,0.3275,0.0008,0.0004,-0.0012,0.0015,0.415,1.17,29.3174,8.0194,1.028,0.8869,0
14.893,29.5743,7.2643,1.0227,0.9729,2.5283,0.0156,29.5516,7.1592,0.9671,0.121,29.3804,6.9472,1.0213,0.3717,-0.0,-0.0002,-0.0003,0.0003,0.425,1.15,29.3147,8.017,1.028,0.7962,0
14.934,29.6144,7.3696,1.0239,0.9514,2.5189,0.0412,29.5516,7.1592,0.9671,0.2267,29.4164,7.0422,1.022,0.3826,0.0019,-0.0008,0.0011,0.0023,0.416,1.167,29.4515,8.2912,1.039,0.936,0
14.976,29.6536,7.4738,1.0257,0.9364,2.4867,0.0262,29.3948,7.5302,1.2937,0.3768,29.4334,7.1807,1.0715,0.3694,-0.0,-0.0006,-0.0025,0.0026,0.459,1.081,29.4599,8.2822,1.039,0.8314,0
15.018,29.6926,7.5766,1.0257,0.9356,2.4459,-0.014,29.3948,7.5302,1.2937,0.4033,29.4677,7.2727,1.0727,0.381,-0.0002,-0.0,0.0003,0.0003,0.476,1.047,29.4547,8.2734,1.039,0.7364,0
15.059,29.7317,7.6772,1.0245,0.9439,2.3879,-0.032,29.3948,7.5302,1.2937,0.4556,29.4905,7.3325,1.0725,0.4235,-0.0,0.0008,-0.0004,0.0009,0.485,1.03,29.4493,8.2738,1.039,0.6602,0
15.101,29.7714,7.7753,1.022,0.9603,2.327,-0.0859,29.8067,7.5073,1.1946,0.3208,29.5826,7.4505,1.0941,0.3825,0.0,-0.0018,0.0006,0.0019,0.471,1.057,29.5996,8.5388,1.03,0.7826,0
15.142,29.8119,7.8708,1.0178,0.9799,2.2628,-0.1075,29.8067,7.5073,1.1946,0.4043,29.6075,7.507,1.0923,0.4239,-0.0011,-0.0001,0.0,0.0011,0.446,1.107,29.7251,8.8314,1.04,0.9648,0
15.184,29.8531,7.9638,1.0127,0.9983,2.212,-0.144,29.7484,7.9444,1.1136,0.1467,29.6629,7.6591,1.0962,0.3687,0.0003,-0.0006,-0.0001,0.0007,0.486,1.028,29.755,8.8226,1.04,0.8648,0
15.226,29.8953,8.0551,1.0071,1.0254,2.1786,-0.1311,29.7484,7.9444,1.1136,0.2126,29.688,7.713,1.094,0.4094,-0.0001,-0.0002,0.0007,0.0008,0.496,1.008,29.7593,8.8176,1.04,0.7752,0
15.267,29.9387,8.1454,1.0018,1.0571,2.1551,-0.1181,30.044,8.0056,0.9952,0.1751,29.7801,7.8301,1.0692,0.3593,-0.0003,-0.0003,0.0008,0.0009,0.497,1.006,29.8851,9.1073,1.026,0.9637,0
15.309,29.9837,8.2347,0.998,1.098,2.1365,-0.0745,30.044,8.0056,0.9952,0.2369,29.807,7.8818,1.0665,0.4005,0.0003,0.0002,0.0011,0.0011,0.5,1.001,29.8851,9.1073,1.026,0.8786,0
15.35,30.0304,8.3237,0.9953,1.1361,2.1392,-0.0613,30.044,8.0056,0.9952,0.3184,29.8491,7.959,1.0639,0.413,0.0001,0.0008,-0.0016,0.0018,0.472,1.056,29.9072,9.0892,1.026,0.776,0
15.392,30.0785,8.4131,0.9929,1.1702,2.1528,-0.0426,30.0017,8.3381,1.0615,0.1274,29.9019,8.0778,1.0627,0.3854,0.0001,-0.0002,-0.0006,0.0006,0.489,1.022,30.0413,9.3849,1.049,0.9741,0
15.434,30.128,8.5031,0.9913,1.2046,2.1639,-0.0301,30.0017,8.3381,1.0615,0.2193,29.9468,8.1579,1.0615,0.3961,-0.0004,-0.0001,-0.0002,0.0004,0.486,1.027,30.048,9.3801,1.049,0.8825,0
15.475,30.1789,8.5936,0.9905,1.2338,2.1791,-0.013,30.0017,8.3381,1.0615,0.3189,29.9778,8.2118,1.0613,0.4373,0.0004,0.0003,0.0,0.0005,0.494,1.012,30.0514,9.3748,1.049,0.7938,0
15.517,30.2308,8.685,0.9911,1.2523,2.2074,0.0368,30.0323,8.7813,0.8882,0.2434,30.0408,8.3892,1.0304,0.3538,-0.0002,0.0006,-0.0002,0.0007,0.469,1.062,30.1916,9.6851,1.05,1.0026,0
15.558,30.283,8.7775,0.9934,1.2501,2.232,0.0638,30.0323,8.7813,0.8882,0.2718,30.0744,8.4448,1.0318,0.3945,0.0008,-0.0005,0.0004,0.0011,0.478,1.043,30.2023,9.6831,1.05,0.9109,0
15.6,30.3349,8.8713,0.9961,1.2456,2.2644,0.066,30.0323,8.7813,0.8882,0.3337,30.1248,8.5295,1.0346,0.403,0.0009,0.0002,0.0005,0.0011,0.489,1.023,30.218,9.6722,1.05,0.8112,0
15.642,30.3867,8.9665,0.9995,1.2379,2.3023,0.1,30.3068,8.9949,0.9188,0.117,30.1833,8.6673,1.0103,0.3619,0.0012,-0.0001,-0.0008,0.0014,0.471,1.057,30.3503,9.9445,1.039,0.9795,0
15.683,30.4383,9.0633,1.004,1.24,2.34,0.1106,30.3068,8.9949,0.9188,0.1709,30.2308,8.7554,1.0127,0.3714,0.0003,0.0003,-0.0003,0.0005,0.484,1.031,30.3637,9.9419,1.039,0.8825,0
15.725,30.49,9.1615,1.0086,1.2449,2.3707,0.1083,30.3068,8.9949,0.9188,0.2634,30.2626,8.8152,1.0145,0.4144,-0.001,-0.0007,0.0003,0.0012,0.491,1.018,30.3728,9.9368,1.039,0.7847,0
15.766,30.5421,9.2607,1.0118,1.2536,2.3838,0.0558,30.6391,9.2446,1.0876,0.1242,30.3742,8.9803,1.0357,0.3276,0.0013,0.0002,-0.0004,0.0014,0.475,1.049,30.4962,10.2228,1.057,0.9643,0
15.808,30.5944,9.3599,1.0142,1.2566,2.3765,0.0586,30.6391,9.2446,1.0876,0.1438,30.4062,9.0413,1.0373,0.3707,0.0,-0.0009,-0.001,0.0013,0.483,1.035,30.5084,10.2208,1.057,0.8662,0
15.85,30.6468,9.4585,1.017,1.2587,2.36,0.081,30.6461,9.5902,1.0352,0.1329,30.487,9.2157,1.0386,0.2915,-0.0,-0.0,0.0001,0.0001,0.481,1.038,30.6565,10.4973,1.082,1.0408,0
15.891,30.6993,9.5567,1.021,1.2633,2.3564,0.1046,30.6461,9.5902,1.0352,0.0644,30.5183,9.2758,1.041,0.3348,0.0009,-0.0007,0.0006,0.0013,0.488,1.023,30.66,10.497,1.082,0.9431,0
15.933,30.7523,9.655,1.0255,1.2792,2.3602,0.1097,30.6461,9.5902,1.0352,0.1248,30.5656,9.3658,1.0454,0.3448,0.0003,0.0005,0.0006,0.0008,0.495,1.01,30.661,10.4969,1.082,0.8487,0
15.974,30.806,9.7533,1.0302,1.2983,2.3607,0.1072,30.8234,9.7104,1.1874,0.1639,30.6397,9.4818,1.074,0.3214,-0.0003,-0.0005,-0.0008,0.001,0.49,1.02,30.8255,10.7867,1.091,1.0353,0
16.016,30.8608,9.8518,1.034,1.3285,2.3696,0.0811,30.8234,9.7104,1.1874,0.2119,30.689,9.5726,1.0784,0.3309,0.0003,-0.0008,-0.0004,0.0009,0.477,1.045,30.8281,10.7865,1.091,0.9369,0
16.058,30.9169,9.9511,1.037,1.3599,2.3922,0.0637,30.8234,9.7104,1.1874,0.2988,30.7228,9.6335,1.0806,0.3748,-0.0001,0.0003,0.0003,0.0004,0.479,1.042,30.8288,10.7864,1.091,0.8417,0
16.099,30.9742,10.0513,1.0406,1.3884,2.4151,0.1101,30.8102,9.8144,0.9577,0.2998,30.7828,9.7476,1.0592,0.3595,0.001,-0.0005,0.0001,0.0011,0.487,1.025,30.9491,11.0451,1.108,0.9964,0
16.141,31.0327,10.1524,1.0457,1.4151,2.4353,0.1277,30.8102,9.8144,0.9577,0.4141,30.8169,9.8079,1.0621,0.4068,0.0001,0.0004,0.0,0.0004,0.492,1.017,30.9627,11.0428,1.108,0.8954,0
16.182,31.0922,10.2544,1.051,1.4397,2.4593,0.1248,31.0685,10.2371,1.0939,0.052,30.9126,9.9672,1.0708,0.3393,-0.0003,0.0002,0.0005,0.0006,0.0,2.06,31.1186,11.3224,1.102,1.0695,0
16.224,31.1526,10.3573,1.0561,1.4538,2.4774,0.1211,31.0685,10.2371,1.0939,0.1515,30.9493,10.0293,1.0736,0.3863,-0.0003,-0.0,0.001,0.001,0.48,1.04,31.1211,11.3222,1.102,0.9665,0
16.266,31.2133,10.461,1.061,1.4613,2.5002,0.1146,31.0685,10.2371,1.0939,0.2687,31.0049,10.1233,1.0776,0.3972,-0.0008,-0.0003,0.0,0.0009,0.484,1.032,31.125,11.3219,1.102,0.8664,0
16.307,31.2742,10.5657,1.0656,1.4609,2.5178,0.0978,31.2841,10.4902,1.0881,0.0794,31.09,10.2538,1.0808,0.3626,0.0,0.0007,0.0013,0.0015,0.476,1.048,31.2772,11.5556,1.075,0.99,0
16.349,31.335,10.6707,1.0688,1.4541,2.5208,0.0655,31.2841,10.4902,1.0881,0.1885,31.1461,10.3513,1.0829,0.3713,-0.0003,-0.0002,-0.0004,0.0006,0.473,1.054,31.2813,11.5553,1.075,0.8863,0
16.39,31.3953,10.7757,1.0711,1.4431,2.5214,0.0405,31.2438,10.9132,1.1389,0.2155,31.1959,10.4993,1.0956,0.3417,-0.0001,0.0006,-0.0007,0.0009,0.488,1.024,31.2834,11.5552,1.075,0.7875,0
16.432,31.4551,10.8805,1.0721,1.4276,2.5069,0.0161,31.2438,10.9132,1.1389,0.224,31.2508,10.5945,1.0964,0.3524,0.0007,0.0007,-0.0012,0.0015,0.483,1.033,31.3826,11.807,1.08,0.9294,0
16.474,31.5141,10.9843,1.0726,1.4038,2.475,0.0094,31.2438,10.9132,1.1389,0.2872,31.2868,10.6574,1.0964,0.3989,0.0003,-0.0006,-0.0012,0.0014,0.488,1.024,31.3928,11.803,1.08,0.8277,0
16.515,31.572,11.0867,1.0729,1.3782,2.4425,0.008,31.3834,11.025,1.0783,0.1984,31.3548,10.805,1.094,0.3563,-0.0004,0.0002,-0.0012,0.0013,0.496,1.008,31.3927,11.8022,1.08,0.7377,0
16.557,31.6288,11.1876,1.0733,1.3502,2.4026,0.0081,31.3834,11.025,1.0783,0.2943,31.3897,10.8652,1.094,0.4019,0.0001,0.0011,-0.0001,0.0011,0.492,1.015,31.3858,11.8068,1.08,0.6652,0
16.598,31.6843,11.2867,1.0728,1.3192,2.3588,-0.0258,31.3834,11.025,1.0783,0.3988,31.4406,10.9535,1.0934,0.4133,0.0004,-0.0002,0.0007,0.0008,0.468,1.064,31.5443,12.0726,1.051,0.7986,0
16.64,31.7385,11.384,1.0716,1.2858,2.3147,-0.0292,31.7706,11.215,1.0452,0.174,31.5324,11.057,1.085,0.3867,0.0011,-0.0004,0.0003,0.0012,0.467,1.067,31.5419,12.0752,1.051,0.719,0
16.682,31.7913,11.4793,1.0702,1.2477,2.2658,-0.0341,31.7706,11.215,1.0452,0.2663,31.5812,11.1416,1.0833,0.398,-0.0003,0.001,-0.0003,0.001,0.449,1.102,31.6933,12.3552,1.063,0.8814,0
16.723,31.8422,11.5724,1.0684,1.1986,2.2046,-0.0563,31.8991,11.4552,1.0879,0.1318,31.6584,11.2451,1.0853,0.3757,-0.0005,0.0008,-0.001,0.0014,0.457,1.085,31.6962,12.3534,1.063,0.7946,0
16.765,31.8909,11.6627,1.0658,1.1479,2.1413,-0.0626,31.8991,11.4552,1.0879,0.2089,31.7005,11.3233,1.0832,0.3896,0.0003,0.0003,0.0015,0.0015,0.431,1.137,31.6952,12.3527,1.063,0.7172,0
16.806,31.9377,11.7508,1.0633,1.0985,2.0924,-0.0573,31.8991,11.4552,1.0879,0.2991,31.7269,11.3736,1.0818,0.4325,-0.0004,-0.0008,0.0003,0.0009,0.443,1.115,31.6872,12.3597,1.063,0.6584,0
16.848,31.9823,11.837,1.0607,1.0501,2.051,-0.0694,31.8808,11.9192,0.9541,0.1686,31.7897,11.5462,1.0562,0.3488,-0.0001,-0.0001,-0.0009,0.001,0.481,1.037,31.8406,12.6226,1.038,0.7986,0
16.89,32.0252,11.9218,1.0578,1.0159,2.0232,-0.0649,31.8808,11.9192,0.9541,0.1778,31.8132,11.5957,1.054,0.389,0.0,-0.0003,-0.0002,0.0004,0.488,1.024,31.8406,12.6226,1.038,0.7251,0
16.931,32.0671,12.0057,1.0554,1.0012,2.0109,-0.0507,32.0698,12.0897,0.9867,0.1085,31.8893,11.746,1.0391,0.3152,0.0,0.0012,0.0006,0.0014,0.481,1.038,31.9734,12.893,1.039,0.8924,0
16.973,32.109,12.0896,1.054,1.0092,2.0178,-0.0225,32.0698,12.0897,0.9867,0.0779,31.9124,11.7951,1.0375,0.3544,0.0007,0.0,0.0006,0.001,0.489,1.022,31.9786,12.8866,1.039,0.8077,0
17.014,32.1515,12.1741,1.0534,1.0327,2.0357,-0.0024,32.0698,12.0897,0.9867,0.1351,31.9477,11.8694,1.0362,0.3669,-0.0002,-0.0009,0.0001,0.001,0.488,1.024,32.0992,13.1522,1.049,0.9795,0
17.056,32.1953,12.2596,1.0537,1.0711,2.0694,0.0063,32.1437,12.0454,0.9948,0.2281,32.0091,11.9433,1.0313,0.3677,-0.0007,-0.0003,0.0,0.0008,0.494,1.012,32.1077,13.1506,1.049,0.8954,0
17.098,32.241,12.3469,1.0537,1.1154,2.1168,-0.0027,32.1437,12.0454,0.9948,0.3222,32.05,12.0195,1.032,0.3796,-0.0003,-0.0002,-0.0,0.0004,0.505,0.991,32.1201,13.1433,1.049,0.8055,0
17.139,32.2885,12.4363,1.0538,1.1609,2.1685,0.0036,32.1437,12.0454,0.9948,0.421,32.0787,12.0718,1.0323,0.4211,0.0004,0.0007,-0.0001,0.0008,0.479,1.042,32.1197,13.1414,1.049,0.7251,0
17.181,32.3378,12.5278,1.0539,1.1971,2.2196,0.0091,32.3905,12.4434,0.9977,0.1143,32.1767,12.215,1.0265,0.3529,0.0001,0.0003,0.0006,0.0007,0.493,1.014,32.2299,13.4146,1.055,0.8933,0
17.222,32.3882,12.6214,1.0545,1.2215,2.2712,0.0178,32.3905,12.4434,0.9977,0.1869,32.2082,12.2714,1.0271,0.3945,0.0,0.0008,-0.0011,0.0013,0.497,1.005,32.2329,13.4107,1.055,0.8044,0
17.264,32.4394,12.7172,1.0552,1.2333,2.3179,0.0163,32.3905,12.4434,0.9977,0.284,32.2565,12.3585,1.0283,0.4035,-0.0003,-0.0009,-0.0012,0.0016,0.474,1.051,32.2297,13.4053,1.055,0.7193,0
17.306,32.4909,12.8144,1.0551,1.2371,2.3385,-0.0316,32.4039,12.7949,1.2195,0.1871,32.3125,12.4955,1.0622,0.3654,-0.0005,0.0005,0.0005,0.0008,0.498,1.004,32.4241,13.7549,1.025,0.9434,0
17.347,32.5425,12.9119,1.0529,1.2401,2.3402,-0.0619,32.4039,12.7949,1.2195,0.2463,32.3607,12.5861,1.0609,0.3732,-0.0002,-0.0001,-0.0001,0.0002,0.503,0.994,32.4267,13.7548,1.025,0.8513,0
17.389,32.5943,13.0094,1.0502,1.2405,2.3421,-0.0608,32.4039,12.7949,1.2195,0.3331,32.3929,12.6465,1.0592,0.4151,-0.0001,-0.0002,0.0003,0.0004,0.468,1.063,32.5536,14.0216,1.047,1.013,0
17.43,32.6458,13.1072,1.0476,1.232,2.3524,-0.0665,32.7211,12.9372,1.1012,0.1934,32.4994,12.7836,1.0679,0.3557,-0.0001,-0.0009,0.0009,0.0013,0.471,1.057,32.5608,14.0213,1.047,0.9181,0
17.472,32.6969,13.2056,1.0447,1.2235,2.3713,-0.0703,32.7211,12.9372,1.1012,0.2753,32.5317,12.8437,1.0669,0.3985,-0.0001,0.0002,0.0003,0.0004,0.474,1.051,32.5608,14.0213,1.047,0.827,0
17.514,32.7476,13.3048,1.0417,1.2098,2.3894,-0.0657,32.5706,13.23,0.9238,0.2255,32.5763,12.9909,1.0354,0.3577,0.0009,0.0009,-0.0002,0.0013,0.464,1.071,32.6843,14.2961,1.049,0.9933,0
17.555,32.7976,13.4049,1.0404,1.1968,2.4128,-0.0141,32.5706,13.23,0.9238,0.3095,32.6066,13.0521,1.0338,0.4013,0.0005,0.0002,0.0003,0.0007,0.472,1.057,32.686,14.296,1.049,0.8981,0
17.597,32.8475,13.5059,1.0402,1.1949,2.433,0.0024,32.5706,13.23,0.9238,0.4079,32.6518,13.1449,1.0331,0.4107,0.0003,0.0001,-0.0007,0.0007,0.444,1.111,32.6887,14.296,1.049,0.8059,0
17.638,32.8971,13.6075,1.0407,1.1842,2.4395,0.0297,33.0326,13.4559,1.0564,0.204,32.747,13.2547,1.0363,0.3835,-0.0001,0.0009,-0.0009,0.0013,0.447,1.106,32.837,14.5579,1.083,0.9532,0
17.68,32.9459,13.7091,1.0429,1.1617,2.4383,0.0649,33.0326,13.4559,1.0564,0.268,32.7914,13.3466,1.0376,0.3941,-0.0,0.0007,-0.0006,0.0009,0.457,1.086,32.8434,14.5577,1.083,0.8557,0
17.722,32.9939,13.8108,1.0458,1.1475,2.444,0.0712,32.9908,13.6958,1.2127,0.2027,32.8512,13.4619,1.0636,0.3774,0.0002,0.0007,-0.0,0.0007,0.461,1.077,32.9611,14.8116,1.076,1.0018,0
17.763,33.0416,13.9128,1.049,1.1401,2.4514,0.0799,32.9908,13.6958,1.2127,0.2765,32.8942,13.5544,1.0644,0.3879,-0.0003,-0.0001,0.0002,0.0003,0.461,1.077,32.9637,14.8116,1.076,0.9025,0
17.805,33.089,14.0152,1.0523,1.1404,2.4641,0.0775,32.9908,13.6958,1.2127,0.3707,32.9225,13.6163,1.065,0.4325,0.0001,-0.0001,0.0003,0.0003,0.469,1.062,32.9656,14.8116,1.076,0.8062,0
17.846,33.1366,14.1183,1.0548,1.1444,2.4796,0.0447,33.1081,14.1676,1.0967,0.0707,32.9965,13.7963,1.0731,0.3516,0.0004,-0.0005,0.0009,0.0011,0.454,1.091,33.0838,15.0845,1.058,0.9677,0
17.888,33.1845,14.2221,1.0563,1.1546,2.5031,0.0315,33.1081,14.1676,1.0967,0.1022,33.0253,13.8582,1.073,0.3976,0.0004,0.0003,-0.0003,0.0006,0.463,1.075,33.0892,15.0834,1.058,0.8666,0
17.93,33.2329,14.3269,1.0574,1.1668,2.5224,0.0285,33.2465,14.2472,0.8533,0.2195,33.1049,14.0108,1.036,0.3417,-0.0008,-0.0015,0.0009,0.002,0.452,1.097,33.0973,15.0786,1.058,0.7638,0
17.971,33.2817,14.4321,1.0595,1.1743,2.5235,0.0644,33.2465,14.2472,0.8533,0.2792,33.1353,14.0749,1.036,0.3868,-0.0005,0.0003,-0.0,0.0006,0.461,1.077,33.2045,15.3739,1.062,0.945,0
18.013,33.3308,14.5369,1.0625,1.1794,2.5098,0.0759,33.2465,14.2472,0.8533,0.3672,33.1811,14.1708,1.0373,0.3964,0.0003,-0.0011,-0.0003,0.0012,0.472,1.057,33.2265,15.3654,1.062,0.835,0
18.054,33.3799,14.6412,1.0658,1.1797,2.4985,0.0766,33.3492,14.4266,1.0781,0.2172,33.237,14.2779,1.0433,0.3911,0.0004,-0.001,0.0015,0.0018,0.475,1.05,33.3312,15.6705,1.056,1.0305,0
18.096,33.4292,14.7451,1.0689,1.1862,2.487,0.0759,33.3492,14.4266,1.0781,0.3285,33.2821,14.373,1.0442,0.4009,-0.0008,-0.0004,-0.0003,0.001,0.479,1.042,33.3535,15.6658,1.056,0.9239,0
18.138,33.4788,14.8486,1.0721,1.1944,2.4869,0.0784,33.3492,14.4266,1.0781,0.4416,33.3123,14.4362,1.0449,0.4456,0.0003,-0.0001,-0.0016,0.0016,0.486,1.028,33.3595,15.6614,1.056,0.8217,0
18.179,33.5288,14.9522,1.0754,1.2012,2.4839,0.0826,33.4806,14.6199,1.0709,0.3359,33.3804,14.5648,1.0494,0.4157,0.0002,0.0005,0.0009,0.001,0.419,1.102,33.4754,15.9428,1.051,0.9923,0
18.221,33.5787,15.0553,1.0788,1.1952,2.4639,0.08,33.4806,14.6199,1.0709,0.4464,33.4097,14.6284,1.05,0.4601,0.0,0.0011,0.0003,0.0012,0.41,1.077,33.4972,15.9336,1.051,0.8825,0
18.262,33.6283,15.1575,1.082,1.1871,2.4416,0.0698,33.5188,15.1806,1.1408,0.1264,33.4681,14.8061,1.0658,0.3865,-0.0,-0.0,0.0016,0.0016,0.391,1.01,33.4971,15.931,1.051,0.7852,0
18.304,33.6775,15.2587,1.0848,1.1721,2.4208,0.0647,33.5188,15.1806,1.1408,0.1855,33.4967,14.8674,1.0659,0.4314,0.0003,-0.0,-0.0007,0.0007,0.367,1.002,33.4886,15.9318,1.051,0.6999,0
18.346,33.7258,15.3589,1.0876,1.1464,2.3905,0.0697,33.6915,15.2249,0.9462,0.1978,33.5701,15.0073,1.0514,0.3863,0.0006,-0.0001,-0.0004,0.0007,0.328,1.047,33.6277,16.2042,1.06,0.8513,0
18.387,33.7727,15.4578,1.0903,1.1096,2.3575,0.0622,33.6915,15.2249,0.9462,0.2856,33.5984,15.0669,1.0528,0.4296,0.0005,-0.0002,0.0008,0.001,0.307,1.034,33.6296,16.2025,1.06,0.759,0
18.429,33.8179,15.5554,1.0928,1.0593,2.3303,0.0578,33.6915,15.2249,0.9462,0.383,33.6389,15.1549,1.0547,0.4402,-0.0007,0.0009,0.001,0.0015,0.337,1.064,33.7248,16.4816,1.055,0.9316,0
18.47,33.8606,15.6518,1.0945,0.9997,2.3001,0.0213,33.7991,15.4757,1.1286,0.1896,33.6909,15.266,1.0726,0.4221,0.0,-0.0004,-0.0006,0.0007,0.31,1.027,33.7251,16.4767,1.055,0.8369,0
18.512,33.9008,15.7471,1.0946,0.9283,2.2781,-0.0087,33.7991,15.4757,1.1286,0.2917,33.7268,15.3533,1.0741,0.431,0.0003,0.0009,-0.0004,0.0011,0.348,1.148,33.7168,16.4719,1.055,0.7488,0
18.554,33.9373,15.8417,1.094,0.8305,2.267,-0.0182,33.7991,15.4757,1.1286,0.3927,33.7482,15.411,1.0744,0.4708,-0.0001,0.0004,-0.0014,0.0015,0.345,1.119,33.7098,16.4732,1.055,0.6724,0
18.595,33.9696,15.9358,1.0925,0.7291,2.2513,-0.0479,33.9706,15.8658,1.2334,0.1574,33.8188,15.5731,1.0974,0.3929,-0.0004,-0.0002,-0.0007,0.0008,0.317,1.061,33.8176,16.7248,1.049,0.8047,0
18.637,33.9975,16.0293,1.0902,0.6206,2.2377,-0.0574,33.9706,15.8658,1.2334,0.2191,33.8353,15.6301,1.0958,0.4309,-0.0002,0.0,-0.0,0.0002,0.402,1.145,33.8119,16.7213,1.049,0.7176,0
18.678,34.0208,16.1224,1.0882,0.512,2.2341,-0.0436,34.0459,15.9231,1.1534,0.2112,33.8912,15.7599,1.1042,0.3853,0.0005,0.0009,-0.0012,0.0016,0.39,1.088,33.9165,17.0187,1.073,0.9025,0
18.72,34.0399,16.2158,1.0864,0.4173,2.2477,-0.0436,34.0459,15.9231,1.1534,0.3003,33.9017,15.817,1.1032,0.4223,-0.0004,-0.0008,0.0001,0.0009,0.377,1.057,33.8988,16.9897,1.073,0.7868,0
18.762,34.0554,16.3098,1.0845,0.337,2.2661,-0.0433,34.0459,15.9231,1.1534,0.3929,33.9134,15.9036,1.1017,0.4307,0.0007,0.0004,-0.0,0.0008,0.351,1.012,33.8874,16.9863,1.073,0.6971,0
18.803,34.0679,16.4046,1.083,0.2701,2.2782,-0.028,33.9996,16.2298,0.976,0.216,33.934,16.0122,1.0826,0.4146,-0.0008,0.0003,-0.0014,0.0016,0.45,1.022,33.8874,16.9863,1.073,0.6091,0
18.845,34.0778,16.4994,1.0823,0.2112,2.2683,-0.0099,33.9996,16.2298,0.976,0.3001,33.9393,16.0983,1.0831,0.4243,0.0001,0.0007,0.0008,0.0011,0.427,0.965,33.9631,17.2408,1.085,0.7502,0
18.886,34.0855,16.5934,1.082,0.1718,2.247,-0.0121,33.9996,16.2298,0.976,0.3884,33.9412,16.1552,1.0839,0.4613,-0.0,0.0003,-0.0015,0.0015,0.408,0.928,34.0654,17.6018,1.076,1.0086,0
18.928,34.0923,16.6866,1.0824,0.1612,2.2339,0.0305,34.1407,16.4833,0.9264,0.2608,33.9893,16.2946,1.0546,0.4064,-0.0002,0.0001,-0.0003,0.0003,0.493,0.931,34.061,17.5346,1.076,0.8486,0
18.97,34.0993,16.7797,1.0842,0.1726,2.2344,0.0453,34.1407,16.4833,0.9264,0.3383,33.9929,16.3504,1.0558,0.4432,0.0001,-0.0005,-0.002,0.002,0.584,1.031,34.087,18.0765,1.064,1.297,0
19.011,34.1068,16.8729,1.0861,0.1835,2.2387,0.0443,34.1806,16.882,1.1087,0.0778,34.03,16.5161,1.0683,0.3654,0.0002,-0.0005,0.0007,0.0009,0.558,0.916,34.1111,18.0701,1.064,1.1974,0
19.053,34.1146,16.9666,1.0876,0.1945,2.2641,0.0342,34.1806,16.882,1.1087,0.1094,34.0343,16.5725,1.0699,0.4027,0.0004,0.0,0.0005,0.0006,0.541,0.876,34.1359,18.0499,1.064,1.0838,0
19.094,34.1231,17.0622,1.0889,0.2133,2.32,0.0291,34.1806,16.882,1.1087,0.1902,34.0414,16.6588,1.0719,0.412,-0.0007,-0.0014,-0.0,0.0015,0.508,0.818,34.1102,18.3479,1.047,1.2865,0
19.136,34.1326,17.1605,1.0902,0.2397,2.3957,0.0304,34.2404,17.0531,0.9806,0.1875,34.0816,16.7838,1.0561,0.3816,-0.0001,0.0003,0.0009,0.0009,0.628,0.888,34.1926,18.2707,1.047,1.1126,0
19.178,34.143,17.2624,1.091,0.2547,2.4882,0.005,34.2404,17.0531,0.9806,0.2558,34.0912,16.8766,1.0573,0.3907,0.0005,0.0001,-0.0006,0.0008,0.599,0.82,34.1962,18.2074,1.047,0.9475,0
19.219,34.1539,17.3683,1.0904,0.2659,2.5814,-0.0314,34.2404,17.0531,0.9806,0.3447,34.0979,16.9414,1.0572,0.4318,-0.0007,-0.0003,0.0,0.0007,0.67,0.97,34.1357,18.1109,1.047,0.7441,0
19.261,34.1651,17.478,1.0897,0.2723,2.674,0.0153,34.2181,17.2588,0.9888,0.2471,34.1261,17.0905,1.041,0.3924,-0.0005,-0.0005,0.0011,0.0013,0.651,0.862,34.2343,18.5624,1.06,1.087,0
19.302,34.1767,17.5909,1.0911,0.28,2.7381,0.0386,34.2181,17.2588,0.9888,0.35,34.1327,17.1596,1.0411,0.4365,0.0003,-0.0001,0.0001,0.0003,0.684,0.812,34.2297,18.4598,1.06,0.8711,0
19.344,34.1883,17.7059,1.0928,0.2786,2.7715,0.0436,34.2358,17.8313,1.0045,0.1605,34.1575,17.3691,1.0382,0.3426,0.0001,0.0002,-0.0011,0.0011,0.92,0.834,34.1673,18.4044,1.06,0.6996,0
19.386,34.1996,17.8213,1.0947,0.2587,2.7574,0.0492,34.2358,17.8313,1.0045,0.0977,34.1636,17.4407,1.0395,0.3862,-0.0011,0.0001,0.0008,0.0014,0.949,0.781,34.2479,18.7462,1.055,0.9271,0
19.427,34.2095,17.9349,1.0971,0.2178,2.697,0.0649,34.2358,17.8313,1.0045,0.1414,34.1716,17.5466,1.0419,0.394,-0.0006,0.0005,0.001,0.0013,0.972,0.709,34.2351,19.0956,1.064,1.1615,0
19.473,34.2179,18.0561,1.1,0.1516,2.5943,0.0635,34.3081,18.0202,1.0532,0.1077,34.203,17.7208,1.0464,0.3399,0.0001,0.0007,0.0008,0.0011,1.178,0.803,34.2562,19.0174,1.064,0.9627,0
19.515,34.2224,18.1616,1.103,0.067,2.4774,0.0793,34.3081,18.0202,1.0532,0.1726,34.2051,17.7838,1.0484,0.382,-0.0005,-0.0008,-0.0002,0.001,1.185,0.758,34.1873,18.9299,1.064,0.7702,0
19.556,34.2227,18.2617,1.1065,-0.0451,2.3359,0.0891,34.2198,18.2121,0.9838,0.1324,34.2031,17.9403,1.0415,0.3284,-0.0,0.0003,-0.0008,0.0008,1.398,0.918,34.1348,18.9366,1.064,0.682,0
19.598,34.2179,18.3551,1.1103,-0.1671,2.1758,0.0629,34.2198,18.2121,0.9838,0.191,34.1976,17.9951,1.0445,0.3666,0.0001,-0.0001,0.0001,0.0002,1.401,0.869,34.2431,19.2997,1.05,0.9469,0
19.639,34.2079,18.4422,1.1114,-0.3021,2.018,0.004,33.938,18.3903,1.0593,0.2798,34.146,18.1319,1.0459,0.3232,-0.0004,0.0004,-0.0001,0.0005,1.279,0.727,34.191,19.2441,1.05,0.8045,0
19.681,34.1918,18.5227,1.1109,-0.4558,1.8628,-0.0238,33.938,18.3903,1.0593,0.2909,34.1333,18.1785,1.0448,0.3553,-0.0002,0.0,-0.0015,0.0015,1.23,0.682,34.1338,19.2391,1.05,0.7213,0
19.723,34.1696,18.5972,1.1094,-0.5941,1.7317,-0.0486,33.938,18.3903,1.0593,0.3146,34.1074,18.2415,1.0419,0.3673,0.0,0.0004,-0.0002,0.0005,1.298,0.896,34.0913,19.2645,1.05,0.6745,0
19.764,34.1418,18.6667,1.1075,-0.7228,1.6263,-0.0476,34.0397,18.5755,1.0288,0.1579,34.0876,18.3391,1.0372,0.3394,0.0004,-0.0001,-0.0016,0.0016,1.215,0.8,34.1527,19.5282,1.059,0.8629,0
19.806,34.1089,18.7331,1.1059,-0.8378,1.5723,-0.035,34.0397,18.5755,1.0288,0.1886,34.0543,18.3955,1.0338,0.3495,0.0002,-0.0001,0.0002,0.0003,1.14,0.735,34.2061,19.7917,1.064,1.0639,0
19.847,34.0719,18.7985,1.1052,-0.9277,1.5772,0.0061,34.0397,18.5755,1.0288,0.2379,34.0289,18.4321,1.0321,0.376,0.0,0.0003,0.0002,0.0004,1.175,0.95,34.1771,19.7704,1.064,0.9785,0
19.889,34.0318,18.8653,1.1056,-0.9827,1.6332,0.0034,34.2372,18.8831,1.0115,0.2266,34.0275,18.5667,1.0363,0.3066,0.0001,-0.0001,0.0005,0.0005,1.076,0.823,34.1222,19.7625,1.064,0.9027,0
19.931,33.9902,18.9355,1.106,-1.0083,1.7311,0.0234,34.2372,18.8831,1.0115,0.2696,33.9996,18.6072,1.0375,0.3355,-0.0002,-0.0003,0.0009,0.0009,1.075,1.041,34.2175,20.1341,1.06,1.2209,0
19.972,33.9482,19.0107,1.1077,-1.0001,1.8715,0.0491,34.2372,18.8831,1.0115,0.3302,33.9572,18.6735,1.0405,0.3439,-0.0001,-0.0002,0.0005,0.0006,0.984,0.967,34.1468,20.0511,1.06,1.0603,0
20.014,33.9075,19.0925,1.1092,-0.9565,2.0389,0.018,33.8897,18.9861,1.0375,0.1296,33.9217,18.7817,1.0416,0.3183,-0.0009,0.0009,0.001,0.0016,0.898,0.854,34.1086,20.0377,1.06,0.9677,0
20.055,33.8692,19.1816,1.1088,-0.8805,2.2269,-0.024,33.8897,18.9861,1.0375,0.2091,33.8842,18.8654,1.0425,0.3234,-0.0,-0.0003,0.0007,0.0007,0.839,1.031,34.2238,20.3955,1.065,1.2654,0
20.097,33.8355,19.2797,1.109,-0.7492,2.4504,0.0072,33.8897,18.9861,1.0375,0.3071,33.8623,18.9277,1.0433,0.3591,0.0005,-0.0,-0.0004,0.0006,0.805,0.967,34.1456,20.3123,1.065,1.079,0
20.139,33.8074,19.3855,1.108,-0.6099,2.602,-0.0515,34.0344,19.33,1.1063,0.2337,33.8714,19.0897,1.0568,0.307,0.0001,0.0002,0.0007,0.0007,0.789,0.806,34.1066,20.3024,1.065,0.9654,0
20.18,33.7858,19.4966,1.1051,-0.4404,2.7125,-0.079,34.0344,19.33,1.1063,0.2993,33.8596,19.1602,1.0559,0.3479,-0.0005,-0.0009,-0.0003,0.001,0.725,0.991,34.0517,20.3184,1.065,0.8647,0
20.222,33.7717,19.6113,1.1021,-0.2582,2.7787,-0.0684,33.9066,19.482,1.1361,0.19,33.8597,19.3117,1.0673,0.3142,-0.0003,-0.0002,-0.0009,0.0009,0.747,0.84,34.0007,20.5234,1.074,0.9408,0
20.263,33.7649,19.7277,1.0995,-0.0878,2.7987,-0.0487,33.9066,19.482,1.1361,0.2861,33.8591,19.3849,1.0662,0.3571,-0.0006,0.0001,0.0003,0.0007,0.771,0.767,34.1687,21.064,1.083,1.396,0
20.305,33.7648,19.8438,1.0985,0.0598,2.7698,-0.019,33.9066,19.482,1.1361,0.3904,33.866,19.4945,1.0663,0.3651,0.0002,0.0,0.0002,0.0003,0.747,0.917,33.9323,20.7618,1.083,0.9333,0
20.347,33.7701,19.9579,1.0981,0.1824,2.7088,0.0069,33.7536,20.0396,1.0825,0.0848,33.843,19.6501,1.0654,0.318,0.0,-0.0002,0.0002,0.0003,0.798,0.761,33.8045,20.8102,1.083,0.8531,0
20.388,33.7798,20.0688,1.0993,0.2652,2.6186,0.0463,33.7536,20.0396,1.0825,0.0426,33.8565,19.7509,1.0665,0.3287,-0.0002,0.0001,-0.0009,0.001,0.754,0.916,33.7843,20.8657,1.083,0.7971,0
20.43,33.7918,20.1758,1.1009,0.3016,2.5272,0.0215,33.7536,20.0396,1.0825,0.1426,33.8675,19.8152,1.068,0.37,0.0006,0.0003,-0.0002,0.0007,0.78,0.852,33.6145,21.1347,1.054,0.9763,0
20.471,33.8043,20.2789,1.1014,0.2896,2.4293,0.0067,33.6983,20.3277,1.2806,0.2139,33.8438,19.9936,1.1075,0.2881,0.0,-0.0001,-0.0009,0.0009,0.845,0.676,33.6617,21.171,1.054,0.9047,0
20.513,33.8152,20.3776,1.1017,0.2372,2.3245,-0.0106,33.6983,20.3277,1.2806,0.2194,33.8518,20.0514,1.1084,0.3283,-0.0002,0.0001,-0.0011,0.0012,0.868,0.619,33.513,21.7437,1.006,1.4024,0
20.555,33.8236,20.4727,1.0985,0.1636,2.2446,-0.1128,33.7055,20.4176,1.0736,0.1327,33.8297,20.189,1.1002,0.2838,-0.0002,0.0004,0.0007,0.0008,0.788,0.768,33.5319,21.4915,1.006,1.0638,0
20.596,33.8274,20.5642,1.0936,0.0245,2.1619,-0.1217,33.7055,20.4176,1.0736,0.1917,33.8313,20.2418,1.0971,0.3225,-0.0006,0.0007,0.0016,0.0018,0.808,0.715,33.5792,21.4863,1.006,0.9589,0
20.638,33.8249,20.6529,1.0881,-0.1256,2.1035,-0.1489,33.7055,20.4176,1.0736,0.2643,33.8269,20.3176,1.0919,0.3354,-0.0001,-0.0004,0.0002,0.0005,0.706,0.944,33.4619,21.8312,0.995,1.2364,0
20.679,33.8163,20.7396,1.0811,-0.2758,2.0626,-0.1733,33.7429,20.7162,1.0418,0.0865,33.8067,20.4398,1.0761,0.2999,-0.0006,-0.0001,-0.0006,0.0008,0.745,0.821,33.5321,21.7464,0.995,1.0497,0
20.721,33.8015,20.8251,1.0734,-0.4147,2.0515,-0.208,33.7429,20.7162,1.0418,0.1276,33.7888,20.514,1.0674,0.3115,-0.0008,0.0006,-0.0008,0.0013,0.772,0.746,33.7141,22.4796,0.985,1.6591,0
20.763,33.7813,20.911,1.0646,-0.5388,2.0744,-0.2072,33.8058,20.9733,1.1095,0.0806,33.7847,20.6456,1.0728,0.2655,-0.0009,0.0006,0.0016,0.0019,0.71,0.893,33.4439,22.239,0.985,1.3725,0
20.804,33.7566,20.9988,1.0555,-0.6346,2.1369,-0.2311,33.8058,20.9733,1.1095,0.0774,33.7589,20.7261,1.0646,0.2728,-0.0006,-0.0004,-0.001,0.0013,0.736,0.813,33.5489,22.055,0.985,1.0788,0
20.846,33.7283,21.0897,1.0452,-0.7109,2.2228,-0.26,33.8058,20.9733,1.1095,0.154,33.7389,20.782,1.0582,0.3082,0.0009,-0.0002,0.0003,0.001,0.757,0.758,33.5698,22.0885,0.985,1.0131,0
20.887,33.6975,21.1845,1.0342,-0.7559,2.3203,-0.2597,33.6811,21.2206,0.8643,0.1744,33.7018,20.9393,1.013,0.2461,-0.0001,-0.0005,-0.0003,0.0006,0.824,0.609,33.5884,22.8705,0.995,1.69,0
20.929,33.6655,21.2836,1.0256,-0.7736,2.4206,-0.1649,33.6811,21.2206,0.8643,0.1739,33.6797,21.0014,1.0068,0.2832,0.0012,0.0001,-0.0001,0.0012,0.572,1.137,33.5591,22.3995,0.995,1.1214,0
20.971,33.6337,21.3865,1.0204,-0.7486,2.5091,-0.1057,33.7274,21.2094,0.9585,0.2098,33.6668,21.1182,0.9926,0.2718,0.0003,-0.0005,0.0002,0.0006,0.616,1.022,33.601,22.4273,0.995,1.0416,0
21.012,33.604,21.4928,1.0169,-0.6786,2.5789,-0.0729,33.7274,21.2094,0.9585,0.3146,33.6486,21.1844,0.9901,0.3127,-0.0007,-0.0001,-0.0003,0.0008,0.639,0.959,33.7221,23.2245,0.993,1.7359,0
21.054,33.5778,21.601,1.014,-0.5825,2.6023,-0.0671,33.7274,21.2094,0.9585,0.4229,33.6251,21.2862,0.9873,0.3194,0.0004,0.0002,-0.0002,0.0005,0.679,0.862,33.4891,22.8251,0.993,1.2275,0
21.095,33.5559,21.7089,1.0116,-0.4793,2.572,-0.0468,33.5324,21.6453,0.9917,0.0706,33.5998,21.4011,0.99,0.3116,-0.0007,0.0005,0.0009,0.0012,0.588,1.03,33.7056,23.483,0.975,1.7809,0
21.137,33.5381,21.8147,1.009,-0.3925,2.5162,-0.1078,33.5324,21.6453,0.9917,0.1704,33.5863,21.4977,0.9893,0.3213,-0.0007,-0.001,-0.0014,0.0019,0.629,0.937,33.4109,23.2897,0.975,1.4808,0
21.179,33.5237,21.9178,1.0024,-0.3052,2.432,-0.1925,33.5324,21.6453,0.9917,0.2728,33.58,21.5601,0.9861,0.3625,0.0,-0.0007,0.0004,0.0008,0.657,0.878,33.4109,23.2897,0.975,1.3768,0
21.22,33.5135,22.0159,0.9957,-0.1921,2.2798,-0.0922,33.4417,21.8759,0.7733,0.2725,33.5484,21.6999,0.9333,0.324,-0.0001,-0.0005,0.0016,0.0017,0.531,1.122,33.5425,23.7195,0.992,1.7038,0
21.262,33.5077,22.1079,0.9932,-0.1,2.1592,-0.0602,33.4417,21.8759,0.7733,0.3265,33.5478,21.7541,0.9303,0.3616,-0.0003,-0.001,0.0018,0.0021,0.556,1.07,33.4134,23.6084,0.992,1.5035,0
21.303,33.5055,22.1959,0.9912,-0.0146,2.0793,-0.027,33.4417,21.8759,0.7733,0.3924,33.5511,21.8305,0.9263,0.3739,-0.0004,-0.0009,0.0007,0.0012,0.595,0.996,33.4291,23.4761,0.992,1.2825,0
21.345,33.5064,22.2818,0.9911,0.0439,2.0558,0.0044,33.6335,22.3321,1.0472,0.1478,33.5596,21.9725,0.953,0.3162,-0.0001,0.0002,-0.0004,0.0005,0.523,1.147,33.4438,23.4776,0.992,1.1974,0
21.387,33.5091,22.3679,0.9919,0.0797,2.083,0.0385,33.6335,22.3321,1.0472,0.1408,33.5651,22.0483,0.9547,0.3266,-0.0006,0.0006,-0.0005,0.0009,0.562,1.072,33.3838,23.7712,1.002,1.4089,0
21.428,33.5127,22.4563,0.9944,0.0904,2.1615,0.0757,33.6335,22.3321,1.0472,0.1811,33.5697,22.1003,0.957,0.3625,-0.0001,-0.0007,0.0008,0.001,0.59,1.02,33.3932,23.766,1.002,1.3152,0
21.47,33.5162,22.549,0.9977,0.0742,2.2815,0.0798,33.6134,22.5433,0.9006,0.1375,33.5764,22.2631,0.9515,0.2958,0.001,0.0007,0.0004,0.0013,0.53,1.15,33.3788,24.0405,0.982,1.4979,0
21.511,33.5185,22.6477,1.0014,0.0395,2.4438,0.0847,33.6134,22.5433,0.9006,0.1734,33.5786,22.3233,0.9547,0.3332,0.0009,-0.0003,0.0006,0.0011,0.56,1.091,33.3842,24.0332,0.982,1.3921,0
21.553,33.5192,22.7536,1.0039,-0.0037,2.6218,0.0317,33.5957,22.7396,0.9921,0.0786,33.5772,22.4884,0.9614,0.2748,0.0005,0.0005,0.0007,0.001,0.506,1.21,33.3988,24.0434,0.982,1.2956,0
21.595,33.5176,22.8677,1.0048,-0.0703,2.8427,0.0256,33.5957,22.7396,0.9921,0.1506,33.5752,22.5602,0.9616,0.3158,-0.0003,0.0007,0.0002,0.0008,0.539,1.141,33.3869,24.3541,0.995,1.4921,0
21.636,33.5133,22.9907,1.0051,-0.1287,3.0294,-0.0245,33.5928,23.2323,1.1143,0.2767,33.5751,22.7765,0.9865,0.2238,-0.0004,-0.0004,-0.0007,0.0009,0.488,1.253,33.3917,24.3459,0.995,1.3607,0
21.678,33.5066,23.1206,1.003,-0.1856,3.1808,-0.074,33.5928,23.2323,1.1143,0.1797,33.57,22.8591,0.9847,0.2697,-0.001,0.0008,-0.0006,0.0014,0.523,1.174,33.4604,24.707,0.946,1.5881,0
21.719,33.4978,23.2559,0.9988,-0.2308,3.3008,-0.1186,33.5928,23.2323,1.1143,0.1514,33.5597,22.9893,0.9799,0.2744,-0.0009,-0.0005,0.0007,0.0012,0.58,1.051,33.4453,24.631,0.946,1.3771,0
21.761,33.4873,23.3958,0.9931,-0.2636,3.3952,-0.1636,33.5395,23.4344,1.2454,0.2605,33.5533,23.1372,1.0248,0.2688,-0.0003,0.0007,-0.0009,0.0012,0.651,0.911,33.4521,24.6265,0.946,1.2321,0
21.803,33.4759,23.5385,0.9848,-0.2818,3.4454,-0.2088,33.5395,23.4344,1.2454,0.2877,33.5417,23.2719,1.0171,0.2766,0.0002,0.0008,-0.0003,0.0008,0.714,0.79,33.5183,25.0043,0.932,1.4673,0
21.844,33.4637,23.6822,0.9761,-0.2995,3.4402,-0.2064,33.5395,23.4344,1.2454,0.3737,33.5334,23.3626,1.0113,0.3289,-0.0001,0.0002,-0.0007,0.0008,0.607,0.975,33.5193,24.8925,0.932,1.2124,0
21.886,33.4511,23.8242,0.9687,-0.3037,3.3709,-0.1194,33.4475,23.5876,1.0111,0.2404,33.5079,23.5164,1.0018,0.3148,-0.0002,0.0005,-0.0001,0.0005,0.535,1.09,33.5691,24.8372,0.932,1.0205,0
21.927,33.439,23.9627,0.9637,-0.2729,3.2771,-0.1169,33.4475,23.5876,1.0111,0.3781,33.4997,23.6008,0.9982,0.3686,0.0008,-0.0007,0.0003,0.0011,0.571,1.013,34.1071,25.4482,0.977,1.6289,0
21.969,33.4292,24.0963,0.9595,-0.1951,3.1471,-0.0764,33.346,24.1988,0.9367,0.1339,33.4658,23.813,0.9827,0.2866,-0.0004,0.0009,0.0005,0.0011,0.515,1.086,34.1726,25.414,0.977,1.513,0
22.011,33.4241,24.2241,0.9582,-0.0575,3.0013,0.0016,33.346,24.1988,0.9367,0.0848,33.4625,23.8893,0.9812,0.3377,0.0001,-0.0004,0.0002,0.0005,0.551,1.015,34.1824,25.2884,0.977,1.307,0
22.052,33.4257,24.3461,0.9595,0.1218,2.8705,0.0459,33.346,24.1988,0.9367,0.169,33.4647,23.9973,0.9821,0.3518,-0.0005,0.0005,0.0006,0.0009,0.606,0.914,33.9291,25.101,0.977,0.9075,0
22.094,33.4351,24.4627,0.9612,0.3154,2.7356,0.0368,33.4855,24.5447,0.8089,0.1801,33.4823,24.16,0.9525,0.3065,0.0002,-0.0,-0.0009,0.0009,0.698,0.76,34.3077,25.56,0.965,1.4019,0
22.135,33.4529,24.5734,0.9621,0.5166,2.5922,0.0082,33.4855,24.5447,0.8089,0.1593,33.5049,24.2565,0.9527,0.3213,-0.0006,-0.0002,0.0006,0.0009,0.642,0.882,34.3004,25.5167,0.965,1.2681,0
22.177,33.4793,24.6779,0.9622,0.7297,2.4391,-0.0004,33.4855,24.5447,0.8089,0.2032,33.5264,24.3161,0.9522,0.365,-0.0,-0.0007,0.0005,0.0008,0.686,0.819,34.4345,25.7499,1.001,1.4363,0
22.219,33.5143,24.7761,0.9624,0.9278,2.2954,0.0038,33.4231,24.5819,0.9607,0.2146,33.5426,24.4501,0.9556,0.3274,-0.0005,-0.0005,0.0003,0.0008,0.767,0.69,34.4372,25.7359,1.001,1.332,0
22.26,33.5571,24.8691,0.9622,1.1057,2.1771,-0.0055,33.4231,24.5819,0.9607,0.3169,33.5746,24.5023,0.9556,0.3672,0.0004,-0.0005,-0.0002,0.0007,0.814,0.629,34.5833,25.9315,1.026,1.4784,0
22.302,33.607,24.9573,0.9625,1.2683,2.0719,0.0207,33.8233,24.9776,1.0175,0.2241,33.6516,24.6577,0.9634,0.3029,-0.0,-0.0002,-0.0005,0.0005,0.811,0.715,34.6042,25.9238,1.026,1.3902,0
22.343,33.6632,25.0419,0.9646,1.411,2.0024,0.0653,33.8233,24.9776,1.0175,0.1804,33.6897,24.7061,0.964,0.3368,0.0004,-0.0001,0.002,0.002,0.849,0.656,34.6038,25.9116,1.026,1.2826,0
22.385,33.7246,25.1243,0.9676,1.5182,1.9597,0.0768,33.8233,24.9776,1.0175,0.1837,33.7528,24.7762,0.9662,0.3491,-0.0003,-0.0008,-0.0002,0.0008,0.893,0.571,34.7773,26.1067,1.033,1.4414,0
22.427,33.7897,25.205,0.9718,1.5953,1.9222,0.1203,33.8753,25.1911,0.9074,0.108,33.8087,24.8967,0.9619,0.309,0.0001,-0.0007,0.0001,0.0007,0.772,0.801,34.7827,26.0985,1.033,1.3372,0
22.468,33.8574,25.2845,0.9776,1.6466,1.8999,0.1668,33.8753,25.1911,0.9074,0.1182,33.8756,24.9655,0.9684,0.3197,0.0003,-0.0004,-0.0003,0.0006,0.726,1.025,35.0012,26.2976,1.055,1.5299,0
22.51,33.9268,25.3637,0.9854,1.6775,1.9042,0.2027,33.8191,25.4352,1.0379,0.1396,33.9048,25.0924,0.9806,0.2722,-0.0,0.0,-0.0026,0.0026,0.741,0.896,35.0063,26.2975,1.055,1.4291,0
22.551,33.9973,25.4438,0.9946,1.7024,1.9407,0.2293,33.8191,25.4352,1.0379,0.1836,33.9736,25.1648,0.9889,0.2801,0.0005,0.0005,-0.0005,0.0008,0.749,0.81,35.0204,26.287,1.055,1.3271,0
22.593,34.0687,25.5256,1.0042,1.7209,1.9839,0.2305,33.8191,25.4352,1.0379,0.2676,34.0201,25.2142,0.9948,0.3153,0.0003,-0.0002,-0.0002,0.0004,0.742,0.754,35.0207,26.2778,1.055,1.2144,0
22.635,34.1405,25.6092,1.0143,1.7236,2.0232,0.2532,34.0334,25.4013,0.8049,0.3139,34.081,25.3232,0.9688,0.2956,0.0003,-0.0,0.0004,0.0005,0.701,0.918,35.2526,26.459,1.075,1.4009,0
22.676,34.2122,25.6943,1.0259,1.7163,2.0553,0.2904,34.0334,25.4013,0.8049,0.4082,34.1252,25.3757,0.9751,0.3341,-0.0005,0.0007,-0.0021,0.0023,0.672,1.171,35.2564,26.4552,1.075,1.293,0
22.718,34.2836,25.7806,1.0377,1.7155,2.0854,0.2723,34.4421,25.5782,1.0333,0.2571,34.2392,25.4804,0.9936,0.3067,-0.0004,0.0011,-0.0005,0.0013,0.661,1.035,35.5246,26.5815,1.058,1.4771,0
22.759,34.3555,25.8685,1.0486,1.736,2.1306,0.2541,34.4421,25.5782,1.0333,0.3033,34.2833,25.5338,0.9996,0.3459,0.0001,-0.0,-0.0004,0.0004,0.64,0.972,35.523,26.5837,1.058,1.3692,0
22.801,34.4287,25.9586,1.0588,1.7786,2.1891,0.2369,34.4421,25.5782,1.0333,0.3815,34.3509,25.6163,1.0076,0.3548,0.0001,0.0002,-0.001,0.001,0.594,0.876,35.5227,26.584,1.058,1.2602,0
22.843,34.504,26.051,1.0682,1.8328,2.2395,0.2189,34.4506,25.9884,0.9723,0.1264,34.4188,25.7322,1.0084,0.3354,0.0003,0.0015,0.0006,0.0016,0.575,1.013,35.7724,26.7584,1.069,1.4523,0
22.884,34.5818,26.1451,1.0773,1.8946,2.2718,0.2166,34.4506,25.9884,0.9723,0.2298,34.4931,25.8183,1.0159,0.3442,-0.0003,-0.0007,-0.0008,0.0011,0.528,0.906,35.7723,26.7586,1.069,1.3393,0
22.926,34.6623,26.2403,1.086,1.964,2.2949,0.201,34.4506,25.9884,0.9723,0.3482,34.5446,25.8766,1.0207,0.3878,-0.0004,-0.0,0.0007,0.0008,0.492,0.835,35.7722,26.7587,1.069,1.2251,0
22.967,34.7458,26.3361,1.0941,2.0374,2.2987,0.1911,34.789,26.3669,0.8041,0.2948,34.657,26.0418,0.9897,0.3247,0.0001,-0.0,0.001,0.0011,0.437,0.934,35.7722,26.7588,1.069,1.1102,0
23.009,34.8321,26.4315,1.1021,2.0963,2.2733,0.1951,34.789,26.3669,0.8041,0.3079,34.7116,26.0998,0.9938,0.3691,0.0001,-0.0004,-0.0002,0.0005,0.419,0.859,36.0597,26.9188,1.063,1.3214,0
23.051,34.9206,26.5249,1.1102,2.1435,2.2121,0.1949,34.8336,26.5454,1.128,0.0911,34.8016,26.2465,1.0185,0.3163,0.0005,0.0003,-0.0005,0.0008,0.454,0.689,36.0575,26.9219,1.063,1.2052,0
23.092,35.011,26.6151,1.1187,2.1925,2.1218,0.2005,34.8336,26.5454,1.128,0.1908,34.8578,26.2999,1.0219,0.3635,0.0009,0.0005,-0.0,0.001,0.395,0.917,36.0571,26.9224,1.063,1.0917,0
23.134,35.1035,26.7007,1.1268,2.2408,1.9965,0.1966,34.8336,26.5454,1.128,0.3113,34.9441,26.3752,1.0269,0.376,0.0008,0.0009,-0.001,0.0016,0.433,0.81,36.345,27.0823,1.083,1.2996,0
23.175,35.198,26.7808,1.1347,2.2928,1.8625,0.1796,35.1944,26.6258,0.917,0.2673,35.0431,26.4619,1.0166,0.3737,0.0001,-0.0006,-0.0008,0.001,0.397,0.981,36.3447,27.0828,1.083,1.1869,0
23.217,35.2948,26.8554,1.1417,2.3479,1.7301,0.1588,35.1944,26.6258,0.917,0.3366,35.1336,26.5243,1.0221,0.3871,-0.0012,0.0004,-0.0006,0.0014,0.463,0.879,36.623,27.2222,1.062,1.3802,0
23.259,35.3936,26.9245,1.1472,2.3904,1.5996,0.1144,35.1944,26.6258,0.917,0.4265,35.1955,26.5619,1.0248,0.431,0.0006,-0.0004,-0.0013,0.0015,0.511,0.816,36.6225,27.2228,1.062,1.2675,0
23.3,35.4941,26.9883,1.1506,2.4291,1.4754,0.0493,35.5116,27.1211,1.3405,0.2324,35.3363,26.7156,1.0866,0.3215,0.0,0.001,-0.0011,0.0015,0.534,0.933,36.8839,27.3188,1.054,1.4318,0
23.342,35.5963,27.047,1.151,2.4761,1.3499,-0.0153,35.5116,27.1211,1.3405,0.2205,35.3991,26.7472,1.0869,0.3645,0.0,-0.001,-0.0008,0.0013,0.565,0.87,36.8838,27.3189,1.054,1.3194,0
23.383,35.701,27.1002,1.15,2.5439,1.2187,-0.0274,35.4892,26.883,1.0878,0.3097,35.5078,26.818,1.0835,0.3484,-0.0002,-0.0005,-0.0006,0.0009,0.475,1.049,36.8837,27.3191,1.054,1.2065,0
23.425,35.8086,27.148,1.1487,2.6143,1.0858,-0.0262,35.4892,26.883,1.0878,0.4194,35.5739,26.8433,1.0818,0.3904,0.0002,0.0008,-0.0002,0.0008,0.506,0.988,37.1452,27.4737,1.072,1.3779,0
23.467,35.9192,27.1904,1.1478,2.6869,0.9692,-0.0188,36.0318,26.9835,1.1346,0.236,35.738,26.9021,1.0899,0.3453,-0.0013,-0.0006,0.0004,0.0015,0.578,0.844,37.1448,27.4743,1.072,1.2603,0
23.508,36.0328,27.229,1.1468,2.7565,0.8937,-0.03,36.0318,26.9835,1.1346,0.2458,35.8078,26.9223,1.0889,0.3847,0.0004,-0.0005,0.0021,0.0022,0.605,0.791,37.3975,27.5981,1.044,1.4175,0
23.55,36.149,27.265,1.145,2.8166,0.8457,-0.0539,36.0318,26.9835,1.1346,0.3051,35.9156,26.9498,1.0865,0.3966,0.0003,0.0,-0.0018,0.0018,0.528,0.944,37.3961,27.6001,1.044,1.2953,0
23.591,36.2677,27.2997,1.1422,2.8738,0.8301,-0.0797,36.1478,27.3364,1.2991,0.2009,36.0229,27.0429,1.1184,0.3557,-0.0007,-0.0006,-0.0007,0.0012,0.595,0.809,37.3954,27.6011,1.044,1.1714,0
23.633,36.3886,27.3346,1.1388,2.9212,0.8425,-0.0648,36.1478,27.3364,1.2991,0.2893,36.1342,27.0731,1.1136,0.3657,0.0005,0.0003,-0.0003,0.0006,0.634,0.731,37.6434,27.7315,1.067,1.3181,0
23.675,36.5111,27.3701,1.1368,2.9545,0.8596,-0.0516,36.5848,27.5063,1.2955,0.2217,36.2733,27.1652,1.1447,0.314,-0.0002,0.0005,-0.0011,0.0012,0.583,0.835,37.6424,27.733,1.067,1.1901,0
23.716,36.6347,27.4062,1.1337,2.9719,0.8757,-0.0884,36.5848,27.5063,1.2955,0.1966,36.3861,27.1981,1.142,0.3244,0.0001,-0.0013,-0.0004,0.0013,0.623,0.753,37.644,27.7292,1.067,1.0619,0
23.758,36.7585,27.443,1.1299,2.9662,0.8835,-0.0869,36.5848,27.5063,1.2955,0.2481,36.4615,27.2204,1.1397,0.3712,0.0005,0.0003,0.0017,0.0017,0.648,0.704,37.6416,27.734,1.067,0.932,0
23.799,36.8814,27.4797,1.1267,2.9314,0.8761,-0.0694,36.7497,27.5225,1.1985,0.156,36.6143,27.3003,1.145,0.3222,-0.0002,0.001,-0.0001,0.0011,0.612,0.777,37.8966,27.8539,1.055,1.0844,0
23.841,37.0021,27.5158,1.1236,2.8628,0.8569,-0.0727,36.7497,27.5225,1.1985,0.2634,36.6874,27.3217,1.1427,0.3702,0.0007,-0.0003,0.0002,0.0008,0.637,0.725,37.8945,27.8563,1.055,0.9576,0
23.883,37.1193,27.5509,1.1206,2.772,0.8295,-0.0761,36.7497,27.5225,1.1985,0.3788,36.7934,27.3528,1.1393,0.3818,-0.0004,-0.0006,0.0005,0.0009,0.532,0.936,38.1505,27.9826,1.03,1.1216,0
23.924,37.233,27.5848,1.1158,2.6937,0.8038,-0.1404,37.1707,27.5455,1.3945,0.2883,36.9259,27.4021,1.1769,0.3625,0.0,-0.0013,0.0011,0.0018,0.582,0.837,38.1479,27.983,1.03,1.0015,0
23.966,37.3434,27.6179,1.1097,2.6122,0.7872,-0.1455,37.1707,27.5455,1.3945,0.3409,37.0245,27.4298,1.1692,0.375,0.0009,-0.0003,-0.0005,0.0011,0.492,1.015,38.1421,27.994,1.03,0.8865,0
24.007,37.4505,27.6505,1.1033,2.5373,0.7795,-0.1498,37.4688,27.6771,1.1663,0.0708,37.1609,27.4894,1.164,0.3369,0.0005,0.0,-0.001,0.0011,0.551,0.898,38.141,28.0006,1.03,0.7777,0
24.049,37.5546,27.6829,1.0966,2.4657,0.7787,-0.1737,37.4688,27.6771,1.1663,0.1107,37.2526,27.5169,1.1559,0.3497,-0.0,-0.0001,-0.0004,0.0004,0.582,0.836,38.3934,28.1136,1.009,0.947,0
24.091,37.6557,27.7155,1.0894,2.3981,0.784,-0.1676,37.4688,27.6771,1.1663,0.2057,37.3116,27.5353,1.15,0.3931,0.0004,0.0011,0.0007,0.0014,0.6,0.799,38.389,28.1311,1.009,0.8467,0
24.132,37.7544,27.7484,1.083,2.3437,0.7955,-0.1337,37.5614,27.6312,0.9472,0.2635,37.4355,27.581,1.1077,0.361,-0.0004,0.0002,-0.0006,0.0007,0.533,0.934,38.3886,28.1321,1.009,0.745,0
24.174,37.8509,27.7817,1.078,2.2945,0.7997,-0.1106,37.5614,27.6312,0.9472,0.3515,37.4912,27.6006,1.1032,0.4035,-0.0007,0.0002,0.0005,0.0008,0.553,0.893,38.6668,28.2599,1.021,0.9475,0
24.215,37.9455,27.8151,1.0738,2.2548,0.8059,-0.0886,37.5614,27.6312,0.9472,0.4443,37.5724,27.6304,1.0975,0.417,-0.0,-0.0005,0.0002,0.0005,0.472,1.056,38.9359,28.3737,1.026,1.138,0
24.257,38.0391,27.849,1.0703,2.2446,0.8226,-0.0811,38.0441,27.7502,1.1725,0.1422,37.7136,27.6699,1.1064,0.3733,0.0006,-0.0001,-0.0004,0.0007,0.522,0.957,38.9321,28.374,1.026,1.0368,0
24.299,38.133,27.8841,1.0672,2.2613,0.8598,-0.0709,38.0441,27.7502,1.1725,0.1921,37.7962,27.7009,1.1015,0.3849,0.0,0.0007,0.0005,0.0009,0.552,0.896,38.9243,28.3817,1.026,0.9357,0
24.34,38.2278,27.9209,1.0643,2.2883,0.9028,-0.0683,38.1682,27.8466,1.1189,0.1098,37.9145,27.7474,1.1011,0.36,0.0005,0.0001,-0.0,0.0005,0.473,1.055,38.92,28.3975,1.026,0.8413,0
24.382,38.3238,27.9595,1.0615,2.3165,0.9505,-0.057,38.1682,27.8466,1.1189,0.2006,38.0014,27.7832,1.0965,0.3691,0.0001,0.0016,-0.0009,0.0019,0.507,0.985,39.2356,28.5102,1.031,1.0657,0
24.423,38.4209,28.0004,1.0595,2.3413,1.0026,-0.0454,38.1682,27.8466,1.1189,0.3017,38.0601,27.8087,1.094,0.41,0.0006,-0.0003,-0.0004,0.0008,0.53,0.939,39.2325,28.5122,1.031,0.96,0
24.465,38.5192,28.0433,1.0578,2.379,1.0538,-0.0281,38.5966,28.186,0.9367,0.2025,38.2416,27.9095,1.0615,0.3082,0.0002,0.0009,0.0001,0.0009,0.605,0.791,39.227,28.5219,1.031,0.8548,0
24.507,38.6193,28.0881,1.0575,2.4195,1.0916,0.0147,38.5966,28.186,0.9367,0.1571,38.304,27.9378,1.0595,0.3494,-0.0003,0.0007,0.0014,0.0016,0.504,0.992,39.5074,28.6622,1.043,1.0576,0
24.548,38.7208,28.1343,1.0587,2.4497,1.1209,0.0345,38.5966,28.186,0.9367,0.1816,38.3992,27.9816,1.0583,0.356,-0.0003,0.0006,-0.0002,0.0007,0.542,0.916,39.4989,28.6603,1.043,0.9393,0
24.59,38.8233,28.1814,1.0595,2.4634,1.1362,-0.0105,38.7526,28.3067,1.27,0.2551,38.5132,28.0644,1.0977,0.3337,-0.0004,-0.0003,0.0006,0.0007,0.514,0.972,39.489,28.667,1.043,0.8241,0
24.631,38.9258,28.2289,1.0583,2.4515,1.138,-0.0357,38.7526,28.3067,1.27,0.2845,38.6056,28.1088,1.0956,0.344,-0.0004,0.0012,-0.0013,0.0018,0.552,0.895,39.7654,28.7943,1.027,1.0127,0
24.673,39.0272,28.276,1.0562,2.4172,1.1211,-0.057,38.7526,28.3067,1.27,0.3494,38.6666,28.1382,1.0934,0.3879,-0.0004,-0.0007,0.0007,0.0011,0.576,0.847,39.7575,28.7908,1.027,0.894,0
24.715,39.1269,28.3219,1.0537,2.3751,1.0879,-0.0673,39.0985,28.351,1.1029,0.0638,38.8305,28.2151,1.0962,0.3179,-0.0001,0.0001,0.0006,0.0006,0.631,0.738,40.0172,28.927,1.037,1.0765,0
24.756,39.2251,28.3664,1.0508,2.3442,1.0511,-0.0682,39.0985,28.351,1.1029,0.1378,38.8899,28.2425,1.0944,0.3601,0.0002,0.0003,0.0003,0.0004,0.647,0.706,40.0172,28.9171,1.037,0.9648,0
24.798,39.3226,28.4093,1.048,2.3396,1.0106,-0.0672,39.0985,28.351,1.1029,0.238,38.978,28.2818,1.0918,0.37,0.0001,0.0005,0.0009,0.001,0.522,0.956,40.0052,28.9182,1.037,0.8515,0
24.839,39.4201,28.4505,1.0454,2.3383,0.9722,-0.041,39.5148,28.3701,0.9759,0.1423,39.1306,28.3222,1.0631,0.3172,-0.0005,-0.0,0.0011,0.0012,0.567,0.866,40.2683,29.0684,1.037,1.0494,0
24.881,39.5175,28.4904,1.0444,2.337,0.9462,-0.01,39.5148,28.3701,0.9759,0.1385,39.2185,28.358,1.0601,0.3273,0.0012,-0.0001,-0.0023,0.0026,0.594,0.811,40.2631,29.0588,1.037,0.9376,0
24.923,39.615,28.5295,1.0443,2.344,0.9331,-0.0012,39.4186,28.3086,1.0865,0.2986,39.3047,28.3717,1.0642,0.3487,-0.0,-0.0007,0.002,0.0021,0.607,0.787,40.2505,29.0609,1.037,0.8285,0
24.964,39.7127,28.5681,1.0441,2.3464,0.9239,-0.0075,39.4186,28.3086,1.0865,0.3946,39.3923,28.4065,1.0626,0.3594,0.0001,-0.0012,0.0002,0.0013,0.546,0.908,40.5121,29.1758,1.037,1.0042,0
25.006,39.8104,28.6065,1.0439,2.3412,0.9215,-0.0048,39.4186,28.3086,1.0865,0.4941,39.4507,28.4295,1.0615,0.4013,-0.0002,-0.0008,0.0,0.0009,0.564,0.873,40.5075,29.1764,1.037,0.9004,0
25.047,39.9079,28.6451,1.0436,2.3398,0.9307,-0.0124,40.0813,28.7404,0.9668,0.2123,39.641,28.5174,1.0467,0.2959,-0.0002,0.0005,0.0002,0.0005,0.522,0.956,40.7986,29.3019,1.013,1.1071,0
25.089,40.0054,28.6843,1.0422,2.3395,0.9523,-0.0451,40.0813,28.7404,0.9668,0.1208,39.6992,28.5413,1.0457,0.338,-0.0007,-0.0004,-0.0012,0.0015,0.541,0.918,40.7989,29.2995,1.013,1.0044,0
25.131,40.103,28.7247,1.0401,2.3495,0.9845,-0.05,40.1891,28.8676,0.9413,0.1938,39.8689,28.6326,1.0248,0.2521,0.0004,0.0007,-0.0004,0.0009,0.598,0.803,40.7956,29.3028,1.013,0.9025,0
25.172,40.2012,28.7664,1.0382,2.3608,1.0123,-0.0371,40.1891,28.8676,0.9413,0.1406,39.9292,28.6589,1.0228,0.2929,0.0002,0.0007,-0.0006,0.0009,0.519,0.962,41.0489,29.4396,1.022,1.0826,0
25.214,40.2996,28.8091,1.0372,2.36,1.0319,-0.017,40.1891,28.8676,0.9413,0.1576,40.0201,28.6994,1.0207,0.3007,-0.0006,0.0004,0.0001,0.0008,0.549,0.902,41.0432,29.4401,1.022,0.9754,0
25.255,40.3978,28.8525,1.0366,2.3539,1.0527,-0.0092,40.4733,28.8452,0.8882,0.1666,40.1519,28.7483,0.9965,0.27,-0.0003,0.0001,-0.0003,0.0004,0.58,0.841,41.0404,29.4451,1.022,0.8742,0
25.297,40.4955,28.8967,1.0368,2.3368,1.0647,0.0269,40.4733,28.8452,0.8882,0.1588,40.2417,28.7899,0.9954,0.2784,0.0004,0.0006,0.0009,0.0012,0.599,0.801,41.3011,29.5627,1.04,1.0452,0
25.339,40.5924,28.9411,1.0383,2.3173,1.0668,0.0443,40.4733,28.8452,0.8882,0.2143,40.301,28.818,0.9957,0.3192,0.0008,-0.0001,0.0011,0.0013,0.537,0.927,41.299,29.5636,1.04,0.9416,0
25.38,40.6888,28.9855,1.0403,2.3085,1.0633,0.0354,40.6348,28.8674,1.1723,0.1852,40.4363,28.8568,1.0273,0.2837,0.0,0.0004,0.0005,0.0006,0.562,0.876,41.2944,29.5723,1.04,0.8433,0
25.422,40.7847,29.0298,1.0415,2.2967,1.0632,0.032,40.6348,28.8674,1.1723,0.2568,40.4935,28.8825,1.0276,0.3267,-0.0004,0.0003,-0.0006,0.0008,0.491,1.017,41.5814,29.7048,1.047,1.0442,0
25.463,40.8802,29.0743,1.0429,2.287,1.074,0.0362,40.6348,28.8674,1.1723,0.346,40.5788,28.9212,1.0281,0.3384,-0.0001,0.0003,-0.0002,0.0004,0.517,0.967,41.5734,29.7059,1.047,0.9378,0
25.505,40.9755,29.1196,1.0444,2.2881,1.0974,0.0321,40.9472,29.0937,1.0059,0.0543,40.7013,28.9859,1.0243,0.3056,0.0003,0.0002,0.0001,0.0004,0.551,0.898,41.5703,29.7117,1.047,0.8393,0
25.547,41.0708,29.1658,1.0458,2.2894,1.1195,0.0456,40.9472,29.0937,1.0059,0.1486,40.7872,29.0298,1.0248,0.3153,0.0,-0.0001,-0.0005,0.0005,0.499,1.002,41.8581,29.8475,1.06,1.0415,0
25.588,41.1661,29.2128,1.048,2.2851,1.1357,0.0505,41.1253,29.4389,1.075,0.2313,40.8995,29.1256,1.0368,0.2807,0.0002,0.0003,0.0004,0.0006,0.553,0.895,41.8522,29.8477,1.06,0.9348,0
25.63,41.2614,29.2604,1.0494,2.2888,1.1443,0.0253,41.1253,29.4389,1.075,0.226,40.9866,29.1706,1.0385,0.2894,0.0002,0.001,-0.0006,0.0012,0.488,1.025,42.1265,29.9734,1.047,1.1211,0
25.671,41.3568,29.3081,1.05,2.2885,1.1454,0.0071,41.1253,29.4389,1.075,0.2671,41.0446,29.2007,1.039,0.3303,-0.0004,0.0008,0.0002,0.0009,0.509,0.983,42.1216,29.9688,1.047,1.0107,0
25.713,41.4522,29.3558,1.0501,2.2925,1.1448,0.0007,41.5238,29.2216,1.0911,0.1576,41.2091,29.24,1.0456,0.2693,0.0008,0.0001,-0.0005,0.001,0.537,0.926,42.385,30.0801,1.035,1.1811,0
25.755,41.5479,29.4036,1.0499,2.304,1.1508,-0.0092,41.5238,29.2216,1.0911,0.1882,41.2674,29.2685,1.0448,0.3114,-0.0004,-0.0001,-0.0007,0.0008,0.551,0.898,42.3834,30.0735,1.035,1.0709,0
25.796,41.6447,29.4518,1.0495,2.3398,1.1631,-0.0048,41.5238,29.2216,1.0911,0.2634,41.3559,29.3118,1.0433,0.3209,-0.0012,-0.0011,0.0004,0.0017,0.507,0.987,42.3674,30.0719,1.035,0.9524,0
25.838,41.7432,29.5007,1.0489,2.3843,1.1798,-0.0324,41.3649,29.5049,1.2342,0.4213,41.4181,29.3705,1.0758,0.3512,0.0001,-0.0003,0.0005,0.0006,0.539,0.922,42.3621,30.0786,1.035,0.8469,0
25.879,41.8435,29.5503,1.0475,2.4262,1.2001,-0.0025,41.3649,29.5049,1.2342,0.5157,41.5107,29.4139,1.0734,0.3605,-0.0001,0.0013,0.0011,0.0017,0.484,1.032,42.699,30.2177,1.078,1.0855,0
25.921,41.9453,29.6007,1.0486,2.4544,1.22,0.0421,41.3649,29.5049,1.2342,0.6168,41.5736,29.4435,1.0734,0.4043,-0.0001,-0.0,0.0002,0.0003,0.507,0.986,42.6889,30.2123,1.078,0.9632,0
25.963,42.0482,29.652,1.0512,2.4807,1.2385,0.0785,42.0635,29.6024,0.8657,0.1926,41.7484,29.5205,1.0394,0.3276,0.0003,-0.0002,-0.0001,0.0004,0.562,0.877,42.6764,30.2206,1.078,0.8478,0
26.004,42.1518,29.7038,1.0549,2.4895,1.2442,0.0976,42.0635,29.6024,0.8657,0.2321,41.8117,29.5521,1.0414,0.3727,-0.001,-0.0009,-0.0,0.0013,0.492,1.016,42.961,30.3406,1.08,1.03,0
26.046,42.2552,29.7555,1.0595,2.4719,1.2339,0.1178,42.3328,29.6899,0.9845,0.1263,41.9823,29.6147,1.0386,0.3078,-0.0008,0.0001,-0.0004,0.0009,0.538,0.924,42.9474,30.3461,1.08,0.9102,0
26.087,42.3576,29.8065,1.0642,2.4456,1.2167,0.1081,42.3328,29.6899,0.9845,0.1434,42.044,29.6449,1.0424,0.3535,0.0007,0.0003,0.0001,0.0007,0.555,0.89,42.9416,30.3538,1.08,0.8006,0
26.129,42.4588,29.8567,1.0685,2.4102,1.193,0.106,42.3328,29.6899,0.9845,0.2253,42.135,29.6894,1.0477,0.365,0.0004,0.0003,0.0002,0.0006,0.506,0.987,43.2372,30.4715,1.102,0.9925,0
26.171,42.5581,29.9057,1.073,2.3641,1.1628,0.1074,42.467,29.7566,1.0612,0.1751,42.2453,29.7224,1.0546,0.3631,-0.0001,-0.0006,-0.0005,0.0008,0.53,0.94,43.2311,30.4732,1.102,0.8808,0
26.212,42.6557,29.9535,1.0773,2.3272,1.1367,0.1003,42.467,29.7566,1.0612,0.2732,42.3318,29.7623,1.0604,0.3765,0.0006,-0.0005,0.0003,0.0008,0.463,1.074,43.5455,30.6411,1.084,1.1244,0
26.254,42.7522,30.0006,1.0803,2.3065,1.1267,0.0565,42.467,29.7566,1.0612,0.3758,42.3886,29.7883,1.0635,0.4214,-0.0005,0.0003,-0.0,0.0005,0.482,1.036,43.5406,30.6285,1.084,1.0079,0
26.295,42.8482,30.0478,1.0825,2.3044,1.1423,0.0605,43.0238,29.9203,1.074,0.2172,42.5813,29.8579,1.0646,0.328,-0.0001,0.0003,0.0006,0.0006,0.527,0.946,43.5192,30.63,1.084,0.8884,0
26.337,42.9446,30.096,1.0852,2.3239,1.1691,0.0668,43.0238,29.9203,1.074,0.1931,42.6385,29.8869,1.0661,0.3711,-0.0,-0.0005,-0.0003,0.0006,0.541,0.918,43.5128,30.6375,1.084,0.785,0
26.379,43.0419,30.1453,1.0875,2.3449,1.194,0.0378,42.9541,29.9855,1.231,0.2321,42.7703,29.9425,1.0978,0.3391,-0.0002,-0.0004,-0.0008,0.0009,0.507,0.986,43.7773,30.7555,1.057,0.9561,0
26.42,43.1401,30.1955,1.0873,2.3683,1.2156,-0.0298,42.9541,29.9855,1.231,0.3152,42.8292,29.9728,1.098,0.3826,0.0004,0.0003,0.0002,0.0005,0.524,0.952,43.7671,30.7583,1.057,0.8431,0
26.462,43.2393,30.2468,1.0858,2.3901,1.2441,-0.0152,42.9541,29.9855,1.231,0.4132,42.9187,30.0193,1.0965,0.3933,0.0004,-0.0002,0.0,0.0004,0.547,0.907,44.0093,30.8551,1.098,0.9814,0
26.503,43.3393,30.2991,1.0861,2.4095,1.2617,0.0239,43.1239,30.2576,1.1394,0.2258,43.0104,30.0889,1.1028,0.3907,-0.0,-0.001,0.0004,0.0011,0.519,0.961,44.3094,31.0275,1.103,1.2132,0
26.545,43.4403,30.352,1.0878,2.44,1.2799,0.0479,43.1239,30.2576,1.1394,0.3342,43.1024,30.1374,1.1042,0.4007,0.001,0.0003,0.0006,0.0012,0.465,1.069,44.3039,31.0062,1.103,1.0835,0
26.587,43.543,30.4059,1.0897,2.4852,1.3024,0.0435,43.1239,30.2576,1.1394,0.4474,43.165,30.1702,1.1054,0.4457,0.0001,-0.0013,0.0011,0.0018,0.491,1.018,44.2948,30.9989,1.103,0.9576,0
26.628,43.6475,30.4607,1.0913,2.5233,1.3264,0.0299,43.5459,30.2526,1.1947,0.2537,43.3123,30.2306,1.1209,0.4077,-0.0003,0.0001,0.0012,0.0013,0.536,0.927,44.2596,31.0045,1.103,0.8189,0
26.67,43.7532,30.5163,1.093,2.5431,1.341,0.0637,43.5459,30.2526,1.1947,0.3506,43.3751,30.2646,1.1214,0.4551,0.0001,0.0002,0.0009,0.001,0.557,0.885,44.6153,31.1641,1.131,1.0791,0
26.711,43.8592,30.5723,1.0961,2.5447,1.3444,0.079,43.8582,30.649,0.9655,0.1514,43.5407,30.3701,1.0975,0.3773,0.0001,-0.0004,-0.0005,0.0007,0.544,0.912,44.6067,31.1559,1.131,0.949,0
26.753,43.9652,30.6285,1.1002,2.5412,1.3492,0.1065,43.8582,30.649,0.9655,0.1732,43.6038,30.4032,1.0998,0.4258,0.0006,-0.0001,0.0012,0.0013,0.567,0.867,44.5824,31.1522,1.131,0.8101,0
26.795,44.0707,30.6846,1.1049,2.5245,1.3426,0.1266,43.8582,30.649,0.9655,0.2567,43.6982,30.4528,1.1043,0.4387,-0.0,-0.001,-0.0,0.001,0.597,0.807,44.9011,31.2985,1.147,1.0335,0
26.836,44.1752,30.7401,1.1105,2.4938,1.3219,0.1376,44.2511,30.764,1.153,0.0902,43.852,30.5387,1.1153,0.3808,0.0005,0.0004,0.0012,0.0014,0.55,0.899,44.9085,31.3051,1.147,0.9265,0
26.878,44.2785,30.7946,1.1164,2.4652,1.2981,0.1412,44.2511,30.764,1.153,0.0551,43.9439,30.5873,1.1206,0.3936,-0.0002,-0.0004,0.0004,0.0005,0.581,0.838,44.8802,31.297,1.147,0.7846,0
26.919,44.3806,30.848,1.1219,2.4372,1.2667,0.1116,44.2511,30.764,1.153,0.1574,44.0042,30.6189,1.124,0.4407,-0.0007,0.0001,0.0002,0.0007,0.533,0.935,45.1554,31.4301,1.127,0.9691,0
26.961,44.4814,30.8998,1.1258,2.4061,1.2241,0.1052,44.5506,30.6794,1.0836,0.2349,44.1773,30.6737,1.1127,0.3792,0.0005,0.0002,-0.0001,0.0005,0.578,0.843,45.1411,31.422,1.127,0.8414,0
27.003,44.5811,30.9499,1.1309,2.3821,1.1841,0.1316,44.5506,30.6794,1.0836,0.2763,44.2346,30.7031,1.1138,0.4257,-0.0008,0.0007,0.001,0.0015,0.596,0.808,45.3935,31.5521,1.13,1.0112,0
27.044,44.6802,30.9984,1.1368,2.3801,1.1512,0.1471,44.6539,30.9106,1.0423,0.1317,44.3889,30.7752,1.1104,0.368,0.0002,0.0003,0.0001,0.0004,0.558,0.885,45.3875,31.5418,1.13,0.8919,0
27.086,44.7797,31.046,1.1414,2.3962,1.1356,0.0901,44.6539,30.9106,1.0423,0.2097,44.4479,30.8026,1.1133,0.4124,0.0002,0.0004,0.0003,0.0005,0.575,0.85,45.3742,31.5427,1.13,0.7748,0
27.127,44.88,31.0932,1.1445,2.4151,1.1315,0.0665,44.6539,30.9106,1.0423,0.3081,44.5375,30.8433,1.1158,0.4249,0.0003,-0.0007,-0.001,0.0013,0.598,0.805,45.6773,31.6819,1.128,0.9912,0
27.169,44.9809,31.1402,1.1473,2.4268,1.1258,0.0611,44.9183,31.3507,1.1833,0.2225,44.6589,30.9514,1.1296,0.3737,0.0004,-0.0003,0.0003,0.0005,0.558,0.883,45.6747,31.6794,1.128,0.8789,0
27.211,45.0822,31.187,1.1495,2.4326,1.1194,0.0509,44.9183,31.3507,1.1833,0.2341,44.7504,30.9902,1.1316,0.3862,-0.0004,-0.0002,0.0005,0.0007,0.584,0.831,45.6608,31.688,1.128,0.7656,0
27.252,45.1834,31.2335,1.1514,2.4242,1.1122,0.0414,44.9183,31.3507,1.1833,0.2916,44.8114,31.0158,1.1327,0.4314,0.001,0.001,0.0004,0.0014,0.599,0.802,45.6572,31.697,1.128,0.6632,0
27.294,45.2839,31.2796,1.1527,2.3971,1.0992,0.0127,45.2795,31.2342,1.1775,0.0519,44.9866,31.0995,1.1458,0.3476,0.0002,-0.0002,-0.0009,0.0009,0.572,0.855,45.9436,31.8089,1.116,0.8466,0
27.335,45.3827,31.3249,1.1521,2.3469,1.0785,-0.0304,45.2795,31.2342,1.1775,0.1397,45.0474,31.1264,1.1462,0.3897,-0.0003,-0.0009,-0.0007,0.0012,0.588,0.824,45.9355,31.8153,1.116,0.7399,0
27.377,45.479,31.3692,1.1505,2.2824,1.0493,-0.0397,45.3823,31.2923,1.2253,0.1445,45.1808,31.1889,1.1562,0.3486,0.0003,0.0003,-0.0008,0.0009,0.544,0.911,45.9305,31.8342,1.116,0.6491,0
27.419,45.5725,31.4123,1.1488,2.2095,1.0234,-0.0504,45.3823,31.2923,1.2253,0.2375,45.237,31.2139,1.1548,0.3898,-0.0002,0.0004,-0.0006,0.0008,0.561,0.878,46.2235,31.9437,1.105,0.8415,0
27.46,45.6627,31.4544,1.1464,2.1334,0.9976,-0.0593,45.3823,31.2923,1.2253,0.3334,45.3178,31.2503,1.1518,0.4008,0.0001,-0.0008,-0.0006,0.001,0.484,1.032,46.2149,31.9541,1.105,0.7459,0
27.502,45.7502,31.4955,1.1439,2.0747,0.9805,-0.0649,45.8087,31.4513,1.1613,0.0753,45.4497,31.3072,1.1558,0.3548,-0.0001,0.0003,-0.0,0.0003,0.53,0.94,46.2116,31.9741,1.105,0.6659,0
27.543,45.8356,31.5363,1.1406,2.0294,0.9836,-0.0873,45.8087,31.4513,1.1613,0.0915,45.5252,31.3425,1.1538,0.3662,0.0014,-0.0002,0.0002,0.0015,0.555,0.89,46.4872,32.0712,1.106,0.8437,0
27.585,45.9195,31.5777,1.137,2.0041,0.9997,-0.0842,45.8087,31.4513,1.1613,0.1698,45.5743,31.3663,1.1521,0.4051,0.0002,0.0002,0.0006,0.0007,0.57,0.86,46.4786,32.0862,1.106,0.7564,0
27.627,46.0028,31.6198,1.1333,1.994,1.0212,-0.081,45.9118,31.5778,1.0764,0.1152,45.7048,31.4396,1.1416,0.3483,-0.0001,0.0006,-0.0,0.0006,0.523,0.954,46.8015,32.2062,1.13,0.9909,0
27.668,46.0857,31.663,1.1304,1.9902,1.0492,-0.0658,45.9118,31.5778,1.0764,0.201,45.7534,31.4649,1.1415,0.387,0.0003,-0.0006,0.0011,0.0012,0.541,0.918,46.7967,32.2081,1.13,0.8959,0
27.71,46.1691,31.7074,1.1281,2.0174,1.0832,-0.0313,46.127,31.6288,1.0746,0.104,45.8918,31.5268,1.1237,0.331,0.0002,-0.0001,-0.0005,0.0005,0.49,1.02,46.7881,32.2197,1.13,0.8035,0
27.751,46.2541,31.7534,1.1276,2.0588,1.1233,-0.0039,46.127,31.6288,1.0746,0.1857,45.9435,31.5535,1.1235,0.3694,-0.0003,0.0,-0.0001,0.0004,0.511,0.978,46.785,32.24,1.13,0.7201,0
27.793,46.3406,31.8011,1.1272,2.0897,1.1576,-0.0177,46.2856,31.7447,1.1609,0.0857,46.0698,31.6285,1.132,0.3212,-0.0006,-0.0,0.0005,0.0008,0.562,0.876,47.0597,32.3133,1.104,0.8832,0
27.835,46.4284,31.8498,1.1254,2.1238,1.175,-0.056,46.2856,31.7447,1.1609,0.1808,46.1234,31.6591,1.1318,0.3598,-0.001,0.0003,-0.0,0.0011,0.581,0.838,47.0533,32.335,1.104,0.7914,0
27.876,46.5178,31.8987,1.1228,2.159,1.1729,-0.0665,46.2856,31.7447,1.1609,0.2812,46.2056,31.7054,1.1303,0.3672,-0.0002,0.0004,-0.0004,0.0006,0.523,0.954,47.3313,32.4203,1.074,0.9676,0
27.918,46.6083,31.9472,1.1186,2.1836,1.1525,-0.1131,46.618,31.8428,1.0459,0.1276,46.322,31.7563,1.1119,0.3442,0.0003,-0.0002,0.0001,0.0004,0.563,0.875,47.3264,32.4252,1.074,0.8637,0
27.959,46.6999,31.9946,1.114,2.2132,1.123,-0.1084,46.618,31.8428,1.0459,0.1854,46.4052,31.801,1.1071,0.3527,0.0005,-0.0006,0.0013,0.0015,0.5,1.0,47.324,32.4308,1.074,0.7625,0
28.001,46.7928,32.0404,1.1101,2.2414,1.0791,-0.0803,46.618,31.8428,1.0459,0.2716,46.4616,31.8298,1.1043,0.3926,0.0004,-0.0002,-0.0005,0.0006,0.523,0.954,47.6038,32.5428,1.086,0.9543,0
28.043,46.8866,32.0843,1.1071,2.2585,1.0342,-0.0689,46.806,32.1326,1.0619,0.1043,46.6003,31.9123,1.0962,0.3342,0.0001,0.0009,-0.0005,0.001,0.481,1.038,47.5974,32.5483,1.086,0.849,0
28.084,46.9811,32.1265,1.1035,2.2723,0.9965,-0.1131,46.806,32.1326,1.0619,0.18,46.6578,31.9366,1.0944,0.3751,0.0,-0.001,0.0002,0.0011,0.502,0.995,47.887,32.6711,1.044,1.0586,0
28.126,47.076,32.1673,1.098,2.2852,0.9682,-0.1384,46.806,32.1326,1.0619,0.2746,46.7447,31.9714,1.0895,0.3851,-0.0005,0.0013,0.0003,0.0014,0.532,0.937,47.8856,32.6679,1.044,0.9534,0
28.167,47.1718,32.2073,1.0918,2.3089,0.9558,-0.1635,47.0499,32.1625,1.2077,0.174,46.8531,32.0323,1.1068,0.3639,0.0001,-0.0007,0.0001,0.0007,0.573,0.854,47.8835,32.6707,1.044,0.8507,0
28.209,47.2686,32.247,1.0844,2.3358,0.9479,-0.1988,47.0499,32.1625,1.2077,0.2649,46.9412,32.0677,1.1,0.3736,-0.0013,-0.0001,0.0,0.0013,0.595,0.81,48.1596,32.7616,1.01,1.0316,0
28.251,47.3666,32.2862,1.0755,2.3649,0.9355,-0.2278,47.3437,32.2373,1.0498,0.0598,47.0582,32.1195,1.0917,0.351,0.0001,-0.001,0.0005,0.0011,0.534,0.932,48.1594,32.7618,1.01,0.9268,0
28.292,47.4659,32.3249,1.0651,2.4018,0.9247,-0.2613,47.3437,32.2373,1.0498,0.1512,47.1468,32.1547,1.0838,0.3622,0.0002,-0.0003,0.0011,0.0012,0.48,1.04,48.1579,32.765,1.01,0.8219,0
28.334,47.5668,32.3633,1.0543,2.4332,0.9157,-0.2559,47.3437,32.2373,1.0498,0.2562,47.2071,32.1778,1.078,0.4054,-0.0004,-0.0004,0.0003,0.0006,0.501,0.997,48.1579,32.765,1.01,0.716,0
28.375,47.6684,32.4013,1.0441,2.4411,0.9099,-0.2444,47.5493,32.3747,1.1464,0.1592,47.3493,32.247,1.0863,0.357,-0.0006,0.0007,0.0011,0.0014,0.555,0.889,48.4083,32.844,1.027,0.8624,0
28.417,47.7702,32.439,1.0336,2.4416,0.9029,-0.2563,47.5493,32.3747,1.1464,0.2562,47.4099,32.2705,1.0818,0.4006,0.0005,0.0,0.0007,0.0009,0.573,0.855,48.407,32.8465,1.027,0.756,0
28.459,47.8718,32.4764,1.0228,2.4356,0.8908,-0.2583,47.5493,32.3747,1.1464,0.36,47.5007,32.3054,1.0746,0.4118,0.0004,-0.0006,-0.0006,0.0009,0.495,1.011,48.6822,32.8951,1.015,0.9123,0
28.5,47.9733,32.5133,1.013,2.4388,0.8805,-0.2022,47.8389,32.5936,0.8512,0.2251,47.6215,32.3753,1.0271,0.3782,-0.0008,0.0006,-0.0005,0.0011,0.544,0.913,48.682,32.8955,1.015,0.8053,0
28.542,48.0752,32.5497,1.0055,2.4509,0.8689,-0.1682,47.8389,32.5936,0.8512,0.2856,47.7134,32.4083,1.0215,0.3887,0.0001,-0.0001,0.0001,0.0002,0.483,1.034,48.9523,32.941,1.037,0.961,0
28.583,48.1775,32.5855,1.0004,2.457,0.8511,-0.0979,47.8389,32.5936,0.8512,0.37,47.7751,32.4298,1.0194,0.4319,0.0011,0.0002,-0.0006,0.0013,0.505,0.99,48.9534,32.9389,1.037,0.8534,0
28.625,48.28,32.6206,0.9978,2.4672,0.8335,-0.0353,48.1054,32.6953,0.9461,0.1969,47.9242,32.5106,0.9985,0.3724,0.0007,0.0011,-0.0017,0.0022,0.567,0.867,48.9539,32.9379,1.037,0.7459,0
28.667,48.3831,32.6547,0.9972,2.4772,0.8057,0.0139,48.1054,32.6953,0.9461,0.2853,47.9863,32.5319,0.9982,0.4153,-0.0001,-0.0001,0.0007,0.0008,0.493,1.014,49.2321,33.0006,1.06,0.9189,0
28.708,48.4862,32.6874,0.9991,2.4715,0.7692,0.0637,48.5627,32.6079,0.9581,0.1177,48.1753,32.5696,0.9931,0.3326,-0.0006,0.0001,-0.0001,0.0006,0.545,0.911,49.2323,33.0001,1.06,0.8113,0
28.75,48.5889,32.7187,1.0021,2.4583,0.7332,0.0768,48.5627,32.6079,0.9581,0.1221,48.2382,32.5876,0.9955,0.3745,-0.0002,-0.0007,-0.0008,0.0011,0.561,0.878,49.2324,33.0001,1.06,0.7046,0
28.791,48.6909,32.7483,1.005,2.4354,0.6934,0.0629,48.7286,32.715,1.1664,0.1691,48.4007,32.6367,1.0272,0.3117,-0.0002,-0.0004,-0.0005,0.0007,0.534,0.931,49.5054,33.0541,1.046,0.871,0
28.833,48.7919,32.7762,1.0069,2.4162,0.6492,0.0346,48.7286,32.715,1.1664,0.1822,48.4618,32.6539,1.0289,0.3527,0.0006,-0.0008,-0.0002,0.001,0.551,0.899,49.5057,33.0535,1.046,0.7668,0
28.875,48.8921,32.8022,1.008,2.3947,0.6032,0.0216,48.7286,32.715,1.1664,0.2437,48.5524,32.6777,1.0305,0.3625,0.0002,-0.0002,-0.0009,0.0009,0.471,1.058,49.7808,33.0646,1.026,0.9269,0
28.916,48.9914,32.8264,1.008,2.3738,0.5591,-0.0096,49.0175,32.9072,1.1007,0.1258,48.6875,32.7299,1.0398,0.3203,-0.0008,0.0002,0.0004,0.0009,0.52,0.96,49.7854,33.0559,1.026,0.8268,0
28.958,49.0899,32.8486,1.0074,2.3566,0.5139,-0.0174,49.0175,32.9072,1.1007,0.1318,48.7758,32.7494,1.0385,0.3309,0.0009,-0.0009,-0.0004,0.0013,0.541,0.918,49.7877,33.0516,1.026,0.727,0
28.999,49.1877,32.869,1.0066,2.3394,0.4689,-0.0199,49.0175,32.9072,1.1007,0.1981,48.834,32.761,1.0374,0.3711,-0.0004,0.0007,0.0011,0.0014,0.552,0.895,49.7888,33.0495,1.026,0.628,0
29.041,49.2847,32.8875,1.0048,2.3216,0.4228,-0.0691,49.246,33.0185,1.0627,0.1484,48.9897,32.8176,1.0389,0.3051,0.0003,0.0003,-0.0004,0.0006,0.557,0.886,50.1149,33.0436,0.987,0.8449,0
29.083,49.3811,32.9039,1.0014,2.3091,0.3699,-0.0868,49.246,33.0185,1.0627,0.1875,49.0468,32.8259,1.0358,0.345,-0.0002,0.0005,0.0001,0.0005,0.568,0.864,50.1169,33.0399,0.987,0.7484,0
29.124,49.4772,32.9181,0.9977,2.3033,0.3153,-0.0914,49.4208,32.9038,1.1856,0.1967,49.1878,32.8532,1.0615,0.3034,0.0006,-0.0004,-0.0,0.0007,0.536,0.929,50.4145,33.0389,0.973,0.9454,0
29.166,49.5731,32.9303,0.9919,2.2992,0.276,-0.1626,49.4208,32.9038,1.1856,0.2477,49.2449,32.8597,1.0581,0.3421,-0.0001,0.001,0.0002,0.001,0.548,0.904,50.4195,33.0301,0.973,0.8525,0
29.207,49.6691,32.9408,0.9846,2.3112,0.2322,-0.1798,49.4208,32.9038,1.1856,0.3215,49.3308,32.8675,1.0511,0.3525,-0.0006,-0.0007,0.0005,0.001,0.563,0.874,50.4273,33.0167,0.973,0.7621,0
29.249,49.7659,32.9495,0.9773,2.3347,0.1873,-0.1637,49.5926,32.8024,0.9976,0.2282,49.4309,32.8624,1.0341,0.3508,0.0002,-0.0001,0.0011,0.0011,0.522,0.957,50.6811,33.074,0.976,0.9237,0
29.291,49.8639,32.9564,0.9714,2.3656,0.1502,-0.1312,49.5926,32.8024,0.9976,0.313,49.5199,32.8672,1.0269,0.3596,0.0006,0.0003,-0.0003,0.0007,0.54,0.92,50.6831,33.0706,0.976,0.8272,0
29.332,49.9631,32.962,0.9662,2.3965,0.1239,-0.1212,49.5926,32.8024,0.9976,0.4046,49.5803,32.8694,1.0228,0.3979,0.0002,-0.0001,-0.0007,0.0007,0.549,0.901,50.6861,33.0655,0.976,0.7304,0
29.374,50.0635,32.9668,0.9606,2.4171,0.1098,-0.1317,49.9172,33.1412,1.2097,0.3374,49.7221,32.9208,1.052,0.3564,-0.0002,0.0001,-0.0006,0.0007,0.546,0.907,50.9738,33.0633,1.006,0.9165,0
29.415,50.1645,32.971,0.9554,2.4289,0.0944,-0.1207,49.9172,33.1412,1.2097,0.3934,49.7824,32.9227,1.0488,0.3963,0.0,0.001,-0.0003,0.001,0.56,0.88,50.9779,33.0566,1.006,0.8195,0
29.457,50.266,32.9747,0.9505,2.442,0.0828,-0.1155,50.3548,32.8748,1.044,0.1631,49.9594,32.9159,1.0433,0.3257,0.0001,0.0011,-0.0008,0.0013,0.514,0.973,50.9829,33.0486,1.006,0.7228,0
29.499,50.3679,32.9779,0.9457,2.4449,0.0704,-0.1205,50.3548,32.8748,1.044,0.143,50.0203,32.9167,1.0403,0.3654,-0.0007,0.0006,-0.0002,0.001,0.528,0.945,51.2495,33.0289,0.985,0.884,0
29.54,50.4696,32.9805,0.9405,2.4373,0.0578,-0.1258,50.3548,32.8748,1.044,0.1872,50.1115,32.9174,1.0354,0.3758,-0.0003,0.0007,0.0013,0.0015,0.545,0.909,51.2747,32.9904,0.985,0.8064,0
29.582,50.5711,32.9826,0.9354,2.4354,0.0414,-0.1159,50.5666,32.9376,0.8419,0.1039,50.2487,32.9242,0.9992,0.3338,-0.0006,-0.0,0.0003,0.0006,0.567,0.867,51.2794,32.9835,0.985,0.71,0
29.623,50.6724,32.9838,0.9313,2.428,0.0157,-0.0893,50.5666,32.9376,0.8419,0.146,50.3413,32.9247,0.9952,0.3424,0.0007,-0.0005,-0.0012,0.0015,0.535,0.93,51.5447,32.9662,0.992,0.8746,0
29.665,50.7733,32.9836,0.9284,2.4152,-0.0197,-0.0576,50.5666,32.9376,0.8419,0.2287,50.4027,32.924,0.9934,0.381,-0.0002,0.0007,-0.0014,0.0016,0.544,0.911,51.5546,32.9522,0.992,0.7845,0
29.707,50.8738,32.9819,0.927,2.4104,-0.0596,-0.0026,50.6141,32.9897,0.9133,0.2601,50.5234,32.9336,0.9768,0.3572,0.0004,-0.0001,-0.0003,0.0006,0.52,0.959,51.8857,32.9224,1.005,1.0166,0
29.748,50.9745,32.9786,0.9279,2.4253,-0.0957,0.0383,50.6141,32.9897,0.9133,0.3608,50.584,32.9307,0.9774,0.3965,-0.0001,0.0004,-0.0008,0.0009,0.531,0.938,51.9062,32.8949,1.005,0.9387,0
29.79,51.0762,32.9738,0.9299,2.4586,-0.1323,0.0503,51.0962,32.7955,0.8873,0.1844,50.7501,32.902,0.9645,0.3357,0.0002,0.0005,-0.0004,0.0007,0.541,0.919,51.9379,32.8543,1.005,0.8731,0
29.831,51.1797,32.9674,0.9322,2.5016,-0.1702,0.058,51.0962,32.7955,0.8873,0.1963,50.8121,32.8968,0.9664,0.3759,0.0002,0.0003,0.0009,0.001,0.524,0.951,51.9486,32.841,1.005,0.7827,0
29.873,51.2848,32.9594,0.9345,2.5385,-0.2078,0.0552,51.0962,32.7955,0.8873,0.2543,50.9069,32.887,0.9694,0.3864,0.0001,0.0009,0.0001,0.0009,0.535,0.93,52.4236,32.8565,1.026,1.1471,0
29.915,51.3911,32.9499,0.9386,2.5587,-0.2446,0.1362,51.1225,32.9057,0.7715,0.3194,51.0028,32.8865,0.9361,0.3934,0.0005,0.0003,0.0004,0.0007,0.545,0.91,52.4348,32.8435,1.026,1.0528,0
29.956,51.4979,32.939,0.9452,2.5672,-0.2741,0.1696,51.1225,32.9057,0.7715,0.415,51.0983,32.875,0.9424,0.4047,0.0008,0.0005,0.0009,0.0013,0.515,0.969,52.4576,32.8179,1.026,0.9707,0
29.998,51.6054,32.927,0.9532,2.594,-0.2984,0.2172,51.1225,32.9057,0.7715,0.5163,51.1624,32.8664,0.9476,0.4472,0.0001,0.0,0.0,0.0001,0.522,0.956,52.8068,32.8846,1.048,1.2059,0
30.039,51.7148,32.9144,0.9632,2.6594,-0.3058,0.2509,51.8364,32.9444,0.884,0.1482,51.3782,32.8677,0.9468,0.3403,-0.0006,0.0006,0.0013,0.0016,0.544,0.912,53.1453,32.9514,1.021,1.4322,0
30.081,51.8277,32.9015,0.9737,2.7552,-0.3104,0.2509,51.8364,32.9444,0.884,0.0997,51.4468,32.8588,0.954,0.3838,0.0003,-0.0006,-0.0007,0.001,0.541,0.918,53.1574,32.9392,1.021,1.331,0
30.123,51.9453,32.8887,0.9834,2.8801,-0.3035,0.2155,51.9613,32.8814,1.1239,0.1416,51.6263,32.854,0.9895,0.3209,-0.0003,0.0006,0.0004,0.0008,0.541,0.919,53.1941,32.9032,1.021,1.2495,0
30.164,52.0688,32.8764,0.9918,3.042,-0.2855,0.2003,51.9613,32.8814,1.1239,0.1704,51.7015,32.8463,0.9945,0.3685,-0.0009,-0.0004,0.0003,0.001,0.538,0.924,53.4436,33.0064,1.032,1.3815,0
30.206,52.1994,32.8651,0.9993,3.2102,-0.2561,0.1608,51.9613,32.8814,1.1239,0.2692,51.8222,32.8358,1.0014,0.3783,-0.0008,-0.0008,0.0006,0.0013,0.512,0.976,53.4815,32.9716,1.032,1.2869,0
30.247,52.3371,32.8555,1.0052,3.3801,-0.2066,0.1282,52.3064,32.9147,0.9632,0.0788,51.9924,32.8426,0.9984,0.345,0.0001,0.0001,-0.0005,0.0005,0.524,0.953,53.7104,32.9872,1.025,1.3798,0
30.289,52.4813,32.8482,1.0097,3.5228,-0.1501,0.0826,52.3064,32.9147,0.9632,0.1929,52.1297,32.8361,1.002,0.3519,0.0002,-0.0001,0.0007,0.0008,0.524,0.953,53.7494,32.9538,1.025,1.2726,0
30.331,52.6308,32.8433,1.0121,3.6338,-0.0905,0.0437,52.3064,32.9147,0.9632,0.3357,52.2252,32.8336,1.0028,0.4057,0.0007,0.0012,0.0001,0.0013,0.531,0.938,53.7626,32.9428,1.025,1.1363,0
30.372,52.784,32.8409,1.0138,3.7052,-0.0315,0.0457,52.9066,32.8235,1.0244,0.1243,52.4684,32.8296,1.0062,0.3159,0.0005,-0.0002,-0.0002,0.0006,0.529,0.941,53.7893,32.9213,1.025,1.0086,0
30.414,52.9391,32.8408,1.0161,3.7321,0.0159,0.0633,52.9066,32.8235,1.0244,0.0378,52.5642,32.8304,1.0066,0.3752,-0.0009,-0.0001,0.0001,0.0009,0.521,0.957,53.8164,32.9002,1.025,0.8793,0
30.455,53.0944,32.8421,1.0191,3.7136,0.0454,0.0748,53.1,32.8865,0.8728,0.153,52.7741,32.8423,0.9912,0.3215,-0.0006,-0.0015,0.0007,0.0017,0.532,0.936,53.9888,32.9315,1.003,0.899,0
30.497,53.2478,32.8444,1.0211,3.6502,0.0593,0.0342,53.1,32.8865,0.8728,0.2136,52.8665,32.8449,0.9932,0.3824,0.0,-0.0002,0.0011,0.0011,0.525,0.949,54.0165,32.9113,1.003,0.7718,0
30.539,53.3976,32.847,1.0223,3.5451,0.0616,0.0271,53.1,32.8865,0.8728,0.3354,53.0012,32.8492,0.9952,0.3973,-0.0002,0.0008,0.0,0.0008,0.539,0.923,54.2057,32.9469,1.014,0.8143,0
30.58,53.5425,32.8494,1.0232,3.4183,0.0532,0.0216,53.3462,32.8714,0.885,0.2411,53.1408,32.8535,0.9763,0.4045,-0.0003,-0.0,-0.0007,0.0008,0.537,0.927,54.22,32.9373,1.014,0.6832,0
30.622,53.6814,32.8511,1.0244,3.264,0.0327,0.0323,53.3462,32.8714,0.885,0.3636,53.2644,32.8559,0.9778,0.4197,0.0003,0.0004,-0.001,0.0011,0.526,0.948,54.2487,32.9186,1.014,0.5713,0
30.663,53.8141,32.8519,1.0252,3.1192,0.0078,-0.0038,53.3462,32.8714,0.885,0.4888,53.342,32.8568,0.9788,0.4744,-0.0001,-0.0005,0.0011,0.0012,0.537,0.927,54.4557,33.0363,1.001,0.668,0
30.705,53.9403,32.8515,1.0254,2.9557,-0.0261,0.0213,53.9612,32.8009,0.8911,0.145,53.5643,32.8472,0.9576,0.3821,-0.0004,-0.0003,-0.0007,0.0008,0.518,0.965,54.485,33.0184,1.001,0.5702,0
30.747,54.06,32.8498,1.0267,2.8035,-0.0506,0.0418,53.9612,32.8009,0.8911,0.1747,53.6341,32.8461,0.9572,0.4315,-0.0003,0.0008,-0.0005,0.001,0.504,0.992,54.7286,33.1301,1.028,0.725,0
30.788,54.1734,32.8475,1.0292,2.6614,-0.0565,0.072,54.2669,32.7414,0.9693,0.1536,53.8309,32.8266,0.9615,0.3497,0.0006,-0.0008,0.0003,0.0011,0.488,1.023,54.7735,33.1051,1.028,0.6531,0
30.83,54.2817,32.8452,1.0325,2.5527,-0.0499,0.0839,54.2669,32.7414,0.9693,0.1225,53.8929,32.8251,0.9631,0.3955,0.0002,0.0004,0.0001,0.0004,0.482,1.036,54.7887,33.097,1.028,0.566,0
30.871,54.386,32.8436,1.036,2.4686,-0.0278,0.0693,54.2669,32.7414,0.9693,0.1706,53.9812,32.8235,0.9659,0.4113,-0.0004,0.001,0.0003,0.0011,0.47,1.06,55.0621,33.2431,1.003,0.786,0
30.913,54.4875,32.8434,1.0382,2.4139,0.0148,0.0389,54.3152,32.8843,1.0281,0.1774,54.1041,32.8341,0.9809,0.3878,0.0005,0.0009,-0.0009,0.0014,0.464,1.072,55.1082,33.2203,1.003,0.7271,0
30.955,54.5874,32.8456,1.0396,2.3863,0.0877,0.0307,54.3152,32.8843,1.0281,0.2752,54.191,32.8367,0.9827,0.4005,-0.0006,-0.0002,-0.0019,0.002,0.457,1.086,55.1393,33.2058,1.003,0.6601,0
30.996,54.6865,32.8512,1.0408,2.3726,0.1767,0.0402,54.7755,32.8615,1.1554,0.1455,54.3453,32.8457,1.0083,0.3427,0.0006,-0.0003,-0.0002,0.0007,0.474,1.052,55.4339,33.3767,1.033,0.9137,0
31.038,54.7852,32.8609,1.0436,2.3662,0.2802,0.079,54.7755,32.8615,1.1554,0.1123,54.4331,32.8569,1.0095,0.3538,-0.0009,-0.0006,-0.0017,0.002,0.472,1.055,55.4811,33.3563,1.033,0.8543,0
31.079,54.884,32.8751,1.047,2.3782,0.3898,0.0809,54.7755,32.8615,1.1554,0.154,54.4915,32.8677,1.011,0.3941,0.0006,-0.0,0.0001,0.0006,0.471,1.058,55.5129,33.3433,1.033,0.7842,0
31.121,54.9836,32.8937,1.0502,2.4003,0.4923,0.0734,55.1304,32.8091,1.1358,0.1898,54.6854,32.8762,1.0299,0.2994,0.0,-0.0004,0.0,0.0004,0.475,1.051,55.7219,33.5788,1.066,1.0073,0
31.163,55.0841,32.917,1.0548,2.4222,0.6115,0.128,55.1304,32.8091,1.1358,0.1426,54.7453,32.8931,1.0312,0.3405,0.0011,0.0004,-0.0003,0.0012,0.474,1.052,55.7379,33.5728,1.066,0.9261,0
31.204,55.1856,32.945,1.0603,2.4481,0.7203,0.1308,55.3431,32.9747,1.1342,0.1765,54.9271,32.9242,1.0524,0.2594,0.0001,0.0006,0.0003,0.0007,0.452,1.096,55.7864,33.5555,1.066,0.8566,0
31.246,55.2881,32.9773,1.0649,2.4688,0.8175,0.0956,55.3431,32.9747,1.1342,0.0885,54.9889,32.9451,1.0545,0.3012,0.0001,0.0006,-0.0006,0.0009,0.502,0.996,55.7864,33.5555,1.066,0.7633,0
31.287,55.3912,33.0134,1.0686,2.4735,0.9076,0.0859,55.3431,32.9747,1.1342,0.0901,55.0821,32.981,1.0564,0.311,-0.0002,-0.0003,0.0,0.0004,0.5,1.0,56.0377,33.7744,1.052,0.9987,0
31.329,55.494,33.0531,1.0718,2.4651,0.986,0.0588,55.58,33.0637,1.1641,0.1265,55.2256,33.0151,1.0787,0.2712,-0.0007,0.0004,-0.0,0.0008,0.478,1.044,56.2071,33.9875,1.027,1.1762,0
31.371,55.5967,33.0958,1.073,2.4636,1.0612,0.0114,55.58,33.0637,1.1641,0.098,55.3195,33.0568,1.0796,0.28,0.0007,0.0001,0.0009,0.0012,0.52,0.96,56.2235,33.9827,1.027,1.087,0
31.412,55.6995,33.1422,1.0729,2.4707,1.1571,-0.0153,55.58,33.0637,1.1641,0.1696,55.3822,33.0872,1.0791,0.3221,-0.0004,0.0015,0.0003,0.0016,0.536,0.928,56.2732,33.9691,1.027,1.0074,0
31.454,55.8026,33.1929,1.0726,2.4807,1.2684,0.0195,55.7241,33.2694,1.0327,0.1167,55.5292,33.1621,1.0653,0.2753,0.0005,-0.0001,-0.0018,0.0019,0.545,0.911,56.4794,34.2777,1.036,1.2791,0
31.495,55.9061,33.2482,1.0742,2.4845,1.3749,0.0485,55.7241,33.2694,1.0327,0.1879,55.5914,33.1978,1.0648,0.3189,0.0002,-0.0,-0.0004,0.0004,0.545,0.909,56.5128,34.2699,1.036,1.1889,0
31.537,56.0098,33.3079,1.0762,2.4957,1.4818,0.045,56.083,33.357,1.1617,0.1227,55.7548,33.2693,1.0833,0.2581,0.0001,-0.0003,0.0002,0.0004,0.525,0.95,56.5464,34.2626,1.036,1.0958,0
31.579,56.1143,33.3718,1.0771,2.5159,1.5736,0.005,56.083,33.357,1.1617,0.0914,55.8169,33.3093,1.0833,0.3039,-0.0,0.0008,-0.0001,0.0008,0.518,0.964,56.5988,34.2543,1.036,1.0076,0
31.62,56.2195,33.4393,1.0766,2.5342,1.6597,-0.0178,56.083,33.357,1.1617,0.1808,55.9112,33.3734,1.0816,0.3154,-0.0004,-0.0007,-0.0007,0.0011,0.549,0.902,56.7435,34.545,1.025,1.2246,0
31.662,56.3255,33.5103,1.0757,2.5499,1.7344,-0.0376,56.3438,33.5905,1.1379,0.1031,56.0442,33.4446,1.0963,0.2896,0.0008,-0.0001,0.0004,0.0009,0.535,0.931,56.7435,34.545,1.025,1.1171,0
31.703,56.4319,33.5843,1.073,2.5568,1.8143,-0.078,56.3438,33.5905,1.1379,0.1097,56.1404,33.5129,1.0949,0.301,0.0008,0.0,-0.0005,0.001,0.566,0.869,56.903,34.7903,1.014,1.2961,0
31.745,56.5383,33.6621,1.0693,2.5472,1.9129,-0.0962,56.3438,33.5905,1.1379,0.2184,56.2046,33.5611,1.0931,0.3495,0.0001,-0.0002,-0.0011,0.0011,0.569,0.862,56.9441,34.7936,1.014,1.2033,0
31.787,56.644,33.7441,1.065,2.5281,2.0118,-0.1004,56.5723,33.8822,0.9789,0.1779,56.3578,33.684,1.0695,0.2925,0.0,-0.0003,0.0004,0.0005,0.566,0.868,57.0426,35.0776,1.02,1.3926,0
31.828,56.7486,33.8301,1.062,2.4914,2.1049,-0.0599,56.5723,33.8822,0.9789,0.2018,56.4207,33.7373,1.0677,0.3408,0.0004,-0.0005,-0.0003,0.0007,0.596,0.807,57.082,35.0892,1.02,1.3031,0
31.87,56.8512,33.9197,1.0596,2.4388,2.1858,-0.0588,56.5723,33.8822,0.9789,0.2928,56.5131,33.8213,1.066,0.3523,0.0006,-0.0002,-0.0,0.0006,0.609,0.781,57.2068,35.0977,1.02,1.2311,0
31.911,56.9515,34.0125,1.0573,2.3814,2.2577,-0.0477,56.9113,34.1158,0.9242,0.1733,56.6484,33.9232,1.0399,0.3165,-0.0004,-0.001,0.0005,0.0012,0.604,0.792,57.2489,35.0838,1.02,1.1125,0
31.953,57.0496,34.1077,1.0555,2.3309,2.3045,-0.0419,56.9113,34.1158,0.9242,0.1908,56.738,34.0111,1.0385,0.3266,0.001,0.0,-0.0009,0.0013,0.605,0.789,57.328,35.3507,0.978,1.2762,0
31.995,57.1457,34.2041,1.0529,2.2848,2.3176,-0.0692,56.8708,34.1515,1.1143,0.2865,56.8132,34.0909,1.047,0.3513,0.0009,0.0001,0.0007,0.0011,0.612,0.777,57.3685,35.3537,0.978,1.1734,0
32.036,57.2397,34.3007,1.0497,2.235,2.3199,-0.0799,56.8708,34.1515,1.1143,0.4032,56.8963,34.1795,1.0429,0.3642,-0.0004,-0.0003,0.0013,0.0013,0.616,0.769,57.5247,35.594,0.986,1.3258,0
32.078,57.3319,34.3975,1.0463,2.1944,2.326,-0.0835,56.8708,34.1515,1.1143,0.527,56.9503,34.2388,1.04,0.4133,0.0,-0.0009,0.001,0.0014,0.627,0.747,57.5619,35.5944,0.986,1.2203,0
32.119,57.4226,34.4946,1.0426,2.1645,2.3313,-0.0948,57.2644,34.4364,1.0332,0.1689,57.0892,34.3626,1.0359,0.3587,0.001,0.0006,0.0005,0.0012,0.582,0.835,57.6299,35.5748,0.986,1.1014,0
32.161,57.512,34.5915,1.0385,2.1282,2.3203,-0.0995,57.2644,34.4364,1.0332,0.2923,57.1426,34.4224,1.0329,0.4063,0.001,-0.0004,0.0009,0.0014,0.599,0.801,57.6733,35.5342,0.986,0.9578,0
32.203,57.5996,34.6875,1.0344,2.0804,2.287,-0.0913,57.2644,34.4364,1.0332,0.4189,57.2209,34.5112,1.0284,0.4179,-0.0007,0.0003,-0.0001,0.0007,0.618,0.764,57.784,35.8988,0.999,1.2257,0
32.244,57.6853,34.7817,1.0302,2.0375,2.2393,-0.1239,57.5358,34.6838,1.0107,0.1798,57.3323,34.591,1.0315,0.4012,-0.0006,-0.0001,-0.001,0.0012,0.614,0.773,57.8105,35.8907,0.999,1.1164,0
32.286,57.7692,34.874,1.0244,1.9955,2.1927,-0.1465,57.5358,34.6838,1.0107,0.3014,57.4087,34.6728,1.0285,0.4129,0.0002,0.0001,-0.0005,0.0006,0.57,0.86,57.848,35.8687,0.999,0.9982,0
32.327,57.8515,34.9645,1.0184,1.9608,2.1605,-0.1375,57.8546,35.0428,1.1515,0.1545,57.5308,34.7864,1.0443,0.3678,0.0006,0.0001,-0.0007,0.001,0.581,0.839,57.9324,36.1705,1.006,1.2087,0
32.369,57.9325,35.0544,1.0131,1.9286,2.1575,-0.1211,57.8546,35.0428,1.1515,0.1593,57.6044,34.8661,1.0402,0.3792,0.0003,0.0001,0.0001,0.0003,0.583,0.834,57.9878,36.1589,1.006,1.1059,0
32.411,58.0122,35.1446,1.0083,1.8992,2.1757,-0.1051,57.8546,35.0428,1.1515,0.236,57.6527,34.9194,1.0379,0.4253,0.0008,0.0007,-0.0006,0.0012,0.519,0.962,57.9951,36.1527,1.006,1.0083,0
32.452,58.0904,35.2358,1.0048,1.8542,2.2036,-0.0375,58.0326,35.0747,0.9149,0.1934,57.7885,35.0219,1.0081,0.3701,0.0005,0.0001,0.0006,0.0008,0.515,0.97,58.0911,36.4334,1.032,1.1978,0
32.494,58.1665,35.3286,1.0051,1.8044,2.2468,0.0385,58.0326,35.0747,0.9149,0.3009,57.8351,35.0768,1.0077,0.4162,-0.0001,-0.0005,0.0007,0.0008,0.516,0.967,58.1875,36.7013,1.038,1.3733,0
32.535,58.2405,35.4237,1.0079,1.7531,2.3152,0.0821,58.2151,35.4551,1.1809,0.1776,57.9604,35.2166,1.0368,0.3496,-0.0003,-0.001,-0.0011,0.0015,0.481,1.039,58.1908,36.7018,1.038,1.2795,0
32.577,58.3125,35.5221,1.0111,1.7056,2.4027,0.069,58.2151,35.4551,1.1809,0.2069,58.0044,35.2758,1.0383,0.3954,-0.0006,-0.0003,0.0004,0.0008,0.485,1.029,58.2142,36.7019,1.038,1.1842,0
32.619,58.3822,35.6245,1.0137,1.6445,2.5054,0.0722,58.2151,35.4551,1.1809,0.2908,58.0678,35.3691,1.0398,0.4059,0.0002,0.0007,-0.0009,0.0011,0.437,1.126,58.2791,36.9615,1.051,1.3415,0
32.66,58.4494,35.7311,1.0165,1.5894,2.599,0.0434,58.3236,35.8425,1.2142,0.2595,58.1494,35.5145,1.0729,0.3743,0.0003,-0.0004,0.001,0.0011,0.463,1.073,58.2923,36.9614,1.051,1.2407,0
32.702,58.5144,35.8415,1.0172,1.5318,2.6886,-0.0012,58.3236,35.8425,1.2142,0.2742,58.2069,35.6175,1.0737,0.3846,-0.0003,0.0004,-0.0003,0.0006,0.475,1.05,58.3137,36.9493,1.051,1.1264,0
32.743,58.5768,35.9553,1.0165,1.4702,2.7623,-0.0256,58.3236,35.8425,1.2142,0.3404,58.2433,35.6888,1.0731,0.4305,-0.0007,0.0001,-0.0003,0.0007,0.481,1.038,58.3137,36.9443,1.051,1.024,0
32.785,58.6365,36.0715,1.0154,1.4026,2.8065,-0.0208,58.7197,35.9362,0.8921,0.2011,58.3728,35.8282,1.044,0.3599,0.0001,0.0004,0.0,0.0005,0.436,1.129,58.4089,37.2322,1.069,1.184,0
32.827,58.6932,36.1889,1.0155,1.3269,2.824,0.0155,58.7197,35.9362,0.8921,0.2825,58.4047,35.9007,1.0446,0.4088,0.0001,0.0,0.0005,0.0005,0.445,1.111,58.4134,37.2264,1.069,1.0759,0
32.868,58.747,36.3066,1.0164,1.2622,2.8255,0.0293,58.7197,35.9362,0.8921,0.3918,58.4493,36.0101,1.0464,0.4212,0.0006,0.0,0.001,0.0011,0.412,1.176,58.4106,37.2162,1.069,0.9712,0
32.91,58.798,36.424,1.0179,1.1913,2.8019,0.0415,58.8031,36.4132,1.0064,0.0166,58.5432,36.1521,1.0395,0.3732,-0.0,-0.0001,-0.0001,0.0002,0.421,1.157,58.5117,37.4798,1.065,1.095,0
32.951,58.8461,36.5396,1.0197,1.1263,2.7535,0.0422,58.8031,36.4132,1.0064,0.1342,58.5833,36.2595,1.0418,0.3847,-0.0003,0.0001,0.0002,0.0003,0.434,1.133,58.5905,37.7949,1.075,1.2822,0
32.993,58.8918,36.6532,1.0213,1.0738,2.7017,0.0387,58.8031,36.4132,1.0064,0.2563,58.6081,36.3296,1.0432,0.4308,0.0006,0.0014,-0.0017,0.0023,0.413,1.173,58.6028,37.7924,1.075,1.1766,0
33.035,58.9357,36.7648,1.0233,1.0392,2.6653,0.0549,58.8505,36.6187,1.0904,0.182,58.694,36.473,1.052,0.38,-0.0,-0.001,-0.0001,0.001,0.422,1.156,58.6173,37.7816,1.075,1.0667,0
33.076,58.9783,36.8754,1.0258,1.0105,2.6437,0.0608,58.8505,36.6187,1.0904,0.2939,58.7183,36.5387,1.0537,0.4263,-0.0004,0.0004,0.0003,0.0007,0.429,1.142,58.6175,37.7693,1.075,0.9653,0
33.118,59.0199,36.9852,1.0281,0.9897,2.6294,0.0409,59.0217,36.92,1.0797,0.0831,58.8019,36.6991,1.0645,0.3614,-0.0007,0.0,0.0008,0.001,0.399,1.203,58.6887,37.9976,1.075,1.0663,0
33.159,59.0608,37.0946,1.0292,0.9785,2.6268,0.0205,59.0217,36.92,1.0797,0.1859,58.8247,36.7649,1.0664,0.4073,0.0002,-0.0004,0.0013,0.0014,0.409,1.182,58.6914,37.9838,1.075,0.964,0
33.201,59.1012,37.204,1.0299,0.9607,2.6234,0.0143,59.0217,36.92,1.0797,0.2991,58.8582,36.8634,1.0686,0.4202,-0.0003,0.0002,0.0011,0.0011,0.422,1.156,58.6731,37.9739,1.075,0.8821,0
33.243,59.1407,37.313,1.031,0.9363,2.6077,0.0495,58.9678,37.2479,1.148,0.2187,58.9012,36.9923,1.0802,0.4033,0.0007,0.0011,-0.0006,0.0014,0.401,1.198,58.7917,38.2797,1.109,1.0307,0
33.284,59.1793,37.4213,1.0337,0.9157,2.5915,0.0674,58.9678,37.2479,1.148,0.2964,58.9338,37.0889,1.0831,0.4161,-0.0003,-0.001,0.0011,0.0015,0.417,1.166,58.7947,38.2664,1.109,0.9316,0
33.326,59.217,37.5292,1.0367,0.8971,2.5924,0.0744,58.9678,37.2479,1.148,0.3919,58.9549,37.1531,1.0854,0.461,0.0001,0.0015,-0.0002,0.0015,0.425,1.15,58.861,38.5894,1.104,1.1203,0
33.367,59.2538,37.6375,1.0404,0.873,2.6076,0.1005,59.1657,37.587,1.0514,0.1022,59.026,37.3246,1.0787,0.389,0.0006,0.0005,0.002,0.0022,0.427,1.146,58.8763,38.5749,1.104,1.0126,0
33.409,59.2897,37.7468,1.0448,0.8486,2.6371,0.1068,59.1657,37.587,1.0514,0.2024,59.0466,37.3898,1.081,0.4334,0.0007,0.001,0.0017,0.0021,0.436,1.127,58.8763,38.5572,1.104,0.9116,0
33.451,59.3244,37.8573,1.0496,0.8215,2.6631,0.1442,59.1112,37.7695,0.9704,0.2438,59.0823,37.5514,1.0643,0.3904,-0.0008,0.0001,-0.001,0.0013,0.46,1.081,58.9598,38.8444,1.132,1.0555,0
33.492,59.3582,37.9687,1.0567,0.8049,2.6795,0.183,59.1112,37.7695,0.9704,0.3288,59.1007,37.6192,1.0679,0.4342,0.0005,0.0005,-0.0007,0.001,0.464,1.072,58.9637,38.8369,1.132,0.9566,0
33.534,59.3916,38.0807,1.0644,0.8011,2.6955,0.1848,59.1112,37.7695,0.9704,0.4293,59.1278,37.7218,1.0745,0.4455,0.0014,-0.0005,0.0003,0.0015,0.448,1.104,59.0304,39.2382,1.089,1.2128,0
33.575,59.4251,38.1931,1.0705,0.804,2.6981,0.1286,59.3809,38.234,1.0235,0.0763,59.1924,37.878,1.0675,0.3917,-0.0005,0.0005,0.0009,0.0012,0.465,1.069,59.0563,39.2382,1.089,1.1084,0
33.617,59.4587,38.3056,1.0754,0.8121,2.701,0.1136,59.3809,38.234,1.0235,0.1178,59.221,37.9813,1.0704,0.402,-0.0003,0.0003,0.0017,0.0017,0.476,1.048,59.0563,39.2382,1.089,1.0159,0
33.659,59.4928,38.4183,1.0799,0.8232,2.7074,0.0954,59.4018,38.4555,1.1979,0.1536,59.274,38.1193,1.096,0.3708,-0.0003,0.0001,0.0006,0.0007,0.475,1.051,59.0761,39.2221,1.089,0.9054,0
33.7,59.5275,38.531,1.0829,0.8395,2.7013,0.057,59.4018,38.4555,1.1979,0.1864,59.3058,38.2209,1.098,0.3815,0.0001,-0.0006,0.0003,0.0007,0.471,1.059,59.0719,39.209,1.089,0.8169,0
33.742,59.5627,38.6431,1.0843,0.8482,2.6788,0.0047,59.4018,38.4555,1.1979,0.272,59.3274,38.2882,1.0982,0.426,0.0001,0.0003,-0.0001,0.0003,0.462,1.076,59.1597,39.5072,1.055,0.9539,0
33.783,59.598,38.7539,1.083,0.8465,2.6432,-0.0593,59.6067,38.6701,1.0832,0.0843,59.4044,38.4466,1.1,0.3636,0.0004,-0.0007,0.0007,0.0011,0.449,1.103,59.2207,39.799,1.054,1.1115,0
33.825,59.633,38.8631,1.0795,0.831,2.6011,-0.0959,59.6067,38.6701,1.0832,0.1948,59.4255,38.5107,1.0981,0.4093,0.0002,0.0011,-0.0013,0.0017,0.456,1.089,59.2333,39.8003,1.054,1.0192,0
33.867,59.6671,38.9706,1.0756,0.8063,2.5662,-0.0762,59.6067,38.7848,0.8793,0.2769,59.4897,38.6495,1.0584,0.3673,-0.0008,-0.0002,-0.0004,0.0009,0.454,1.091,59.2433,39.7994,1.054,0.9311,0
33.908,59.7,39.0771,1.0733,0.7738,2.549,-0.0388,59.6067,38.7848,0.8793,0.363,59.5108,38.7127,1.0568,0.4109,0.0,-0.0006,0.0,0.0006,0.421,1.158,59.3078,40.0807,1.067,1.0775,0
33.95,59.7315,39.1831,1.0725,0.7419,2.5402,-0.0087,59.6162,39.0709,1.1478,0.1776,59.5527,38.8545,1.0696,0.3741,0.0011,0.0002,0.0016,0.002,0.437,1.126,59.3147,40.0816,1.067,0.9906,0
33.991,59.7616,39.2891,1.0722,0.7081,2.5508,-0.0065,59.6162,39.0709,1.1478,0.2729,59.5711,38.917,1.0693,0.418,0.0002,0.0001,0.0004,0.0005,0.441,1.118,59.3356,40.0775,1.067,0.8962,0
34.033,59.7904,39.3958,1.0719,0.6763,2.5685,-0.0063,59.6162,39.0709,1.1478,0.3764,59.5972,39.0114,1.0688,0.4302,0.0001,-0.0004,0.0018,0.0019,0.444,1.112,59.3334,40.0738,1.067,0.8176,0
34.075,59.8179,39.5031,1.0713,0.6498,2.5777,-0.0299,59.6714,39.5703,1.1734,0.1908,59.6226,39.167,1.0823,0.3888,0.0001,-0.0002,0.0007,0.0007,0.449,1.102,59.4088,40.3764,1.047,0.9647,0
34.116,59.8446,39.6107,1.0696,0.6326,2.5883,-0.0425,59.6714,39.5703,1.1734,0.2059,59.6453,39.2647,1.079,0.3994,-0.001,0.0001,-0.0004,0.0011,0.423,1.154,59.4159,40.371,1.047,0.8731,0
34.158,59.8706,39.7187,1.068,0.62,2.5944,-0.0339,59.6714,39.5703,1.1734,0.2699,59.66,39.3301,1.0766,0.4421,0.0004,-0.0006,0.0001,0.0008,0.436,1.129,59.5001,40.6488,1.057,1.0013,0
34.199,59.8963,39.8268,1.0667,0.6142,2.5955,-0.0341,60.0038,39.578,1.1361,0.2798,59.7409,39.4625,1.0849,0.3965,-0.0002,0.0011,0.0002,0.0011,0.432,1.135,59.5062,40.6474,1.057,0.9086,0
34.241,59.922,39.9351,1.0651,0.62,2.5995,-0.0401,60.0038,39.578,1.1361,0.3731,59.7559,39.5276,1.0829,0.4404,-0.0009,0.0006,-0.0006,0.0012,0.438,1.123,59.5099,40.6438,1.057,0.8198,0
34.283,59.948,40.0433,1.0634,0.6262,2.5948,-0.0409,60.0137,40.0992,0.9703,0.1269,59.8173,39.7114,1.0618,0.3567,-0.0001,0.0006,0.0009,0.0011,0.41,1.181,59.5675,40.9133,1.057,0.9496,0
34.324,59.9743,40.1512,1.0625,0.6394,2.5854,-0.0091,60.0137,40.0992,0.9703,0.1129,59.8323,39.7768,1.0604,0.4005,-0.0008,-0.0001,0.0012,0.0015,0.418,1.164,59.5773,40.9063,1.057,0.8531,0
34.366,60.0012,40.2586,1.0624,0.6495,2.5713,0.0014,60.0137,40.0992,0.9703,0.1845,59.8555,39.8744,1.0593,0.4109,0.0004,-0.0009,0.0004,0.0011,0.426,1.147,59.6371,41.1936,1.028,1.004,0
34.407,60.0284,40.3653,1.0614,0.655,2.5517,-0.0444,60.142,40.1979,1.1656,0.2275,59.9237,39.9879,1.0753,0.3919,-0.0002,-0.0005,-0.0003,0.0007,0.427,1.146,59.6559,41.1887,1.028,0.9044,0
34.449,60.0557,40.4712,1.0591,0.6495,2.5333,-0.0582,60.142,40.1979,1.1656,0.3057,59.9493,40.0822,1.0719,0.4035,-0.0002,0.0007,0.0015,0.0017,0.436,1.128,59.6612,41.175,1.028,0.8073,0
34.491,60.0824,40.5764,1.0567,0.6351,2.5153,-0.058,60.0368,40.4665,0.9746,0.1445,59.9807,40.2028,1.0589,0.3871,0.0001,-0.0002,-0.0012,0.0012,0.442,1.116,59.7499,41.4707,1.047,0.9542,0
34.532,60.1083,40.6808,1.0543,0.6088,2.4997,-0.0549,60.0368,40.4665,0.9746,0.2396,60.0058,40.2954,1.0575,0.3988,0.0002,-0.0001,-0.0003,0.0004,0.435,1.13,59.7715,41.4655,1.047,0.854,0
34.574,60.1331,40.7848,1.0521,0.5831,2.495,-0.0563,59.9809,40.5321,1.1268,0.3043,60.013,40.3919,1.0677,0.4112,0.0003,-0.0004,0.0,0.0005,0.452,1.097,59.7725,41.4629,1.047,0.768,0
34.615,60.1568,40.8886,1.0495,0.5615,2.4854,-0.0648,59.9809,40.5321,1.1268,0.405,60.0342,40.4846,1.0661,0.4225,0.0008,-0.0003,0.001,0.0013,0.441,1.118,59.8537,41.7441,1.047,0.9077,0
34.657,60.1799,40.9918,1.0466,0.5497,2.4729,-0.0719,59.9809,40.5321,1.1268,0.5074,60.0477,40.546,1.0647,0.4654,-0.0002,-0.0001,0.0006,0.0007,0.451,1.099,59.8587,41.7427,1.047,0.8167,0
34.699,60.2028,41.0948,1.0437,0.5501,2.4732,-0.0613,59.9809,40.5321,1.1268,0.6106,60.0677,40.6377,1.0626,0.4771,0.0004,-0.0008,0.0013,0.0016,0.425,1.149,59.9051,42.061,1.088,1.012,0
34.74,60.2258,41.1981,1.0427,0.552,2.4842,-0.0099,60.2,41.0671,1.1483,0.1702,60.109,40.7703,1.0787,0.4449,0.0004,-0.0002,-0.0008,0.0009,0.447,1.106,59.9145,42.0597,1.088,0.9172,0
34.782,60.249,41.3021,1.0426,0.5607,2.509,-0.0021,60.2,41.0671,1.1483,0.2623,60.1314,40.8625,1.0802,0.4567,-0.0002,0.0004,-0.0004,0.0006,0.46,1.08,59.925,42.0496,1.088,0.8159,0
34.823,60.2726,41.4073,1.0424,0.5734,2.5351,-0.0034,60.2,41.0671,1.1483,0.3636,60.1466,40.9247,1.0813,0.5003,0.0002,0.0013,-0.0002,0.0014,0.467,1.066,59.9226,42.0469,1.088,0.7305,0
34.865,60.2968,41.5134,1.0425,0.5869,2.551,0.0066,60.2877,41.5777,1.0539,0.066,60.1886,41.1305,1.0768,0.3993,0.0002,0.0002,0.0009,0.0009,0.443,1.115,60.0118,42.3694,1.065,0.9025,0
34.907,60.3216,41.6196,1.042,0.6055,2.55,-0.0237,60.2877,41.5777,1.0539,0.0553,60.2036,41.1936,1.0774,0.4435,0.0003,-0.0,0.0012,0.0012,0.45,1.1,60.0167,42.3664,1.065,0.8069,0
34.948,60.3474,41.7258,1.0408,0.6282,2.5474,-0.0312,60.2496,41.7095,1.015,0.1025,60.2338,41.371,1.0625,0.3732,0.0005,-0.0003,0.0,0.0006,0.452,1.097,60.0821,42.67,1.061,0.9809,0
34.99,60.3741,41.8318,1.0404,0.6543,2.5408,0.0049,60.2496,41.7095,1.015,0.1764,60.2506,41.4352,1.0617,0.4159,0.0011,-0.0002,-0.0002,0.0012,0.46,1.081,60.0926,42.6692,1.061,0.8837,0
35.031,60.402,41.9377,1.0409,0.6807,2.5428,0.0138,60.2496,41.7095,1.015,0.2757,60.2771,41.5313,1.0617,0.4256,0.0005,-0.0001,0.0004,0.0007,0.44,1.121,60.1742,43.0026,1.051,1.0891,0
35.073,60.4308,42.0438,1.0413,0.6948,2.5491,0.0129,60.3098,42.0322,1.076,0.1263,60.3002,41.673,1.0627,0.3936,0.0002,-0.0,0.0018,0.0018,0.468,1.064,60.1088,42.6592,1.061,0.6948,0
35.115,60.4599,42.1501,1.042,0.7024,2.5518,0.014,60.3098,42.0322,1.076,0.1938,60.3286,41.7681,1.0625,0.4044,0.0004,-0.0008,0.0,0.0009,0.477,1.047,60.1942,43.0051,1.051,0.8954,0
35.156,60.4892,42.2563,1.0424,0.7041,2.546,0.0084,60.3098,42.0322,1.076,0.289,60.3477,41.8315,1.0622,0.4482,0.0007,0.0004,0.0003,0.0009,0.48,1.041,60.212,43.0012,1.051,0.7949,0
35.198,60.5187,42.3623,1.0425,0.7113,2.5439,-0.0104,60.4645,42.2387,0.9854,0.1466,60.3964,41.9932,1.0534,0.389,0.0003,-0.0009,0.0003,0.001,0.476,1.049,60.2185,42.993,1.051,0.6985,0
35.239,60.5484,42.4681,1.0416,0.7148,2.5305,-0.0308,60.4645,42.2387,0.9854,0.2507,60.4161,42.0568,1.0535,0.4322,0.0007,-0.0002,-0.0006,0.0009,0.481,1.037,60.2774,43.2516,1.048,0.8291,0
35.281,60.5782,42.5729,1.0402,0.7143,2.5045,-0.0321,60.4645,42.2387,0.9854,0.3573,60.4457,42.1511,1.0529,0.4423,-0.0002,-0.0,-0.0001,0.0002,0.463,1.073,60.293,43.2413,1.048,0.7267,0
35.323,60.608,42.6766,1.0394,0.7144,2.4708,-0.004,60.4418,42.5745,0.9149,0.2313,60.4536,42.2853,1.0255,0.4209,0.0001,-0.0006,-0.0008,0.001,0.495,1.011,60.3356,43.5859,1.033,0.9493,0
35.364,60.6378,42.7785,1.0391,0.7201,2.4235,-0.0086,60.4418,42.5745,0.9149,0.3089,60.4791,42.3759,1.025,0.433,-0.0004,0.0006,-0.0015,0.0017,0.503,0.995,60.37,43.5833,1.033,0.8483,0
35.406,60.6683,42.8784,1.0388,0.7436,2.3773,-0.0061,60.4418,42.5745,0.9149,0.3987,60.4965,42.4348,1.0246,0.4759,0.0,0.0007,0.0,0.0007,0.505,0.99,60.3755,43.5788,1.033,0.7592,0
35.447,60.6999,42.9768,1.0379,0.7708,2.3539,-0.0405,60.5257,42.9272,1.0947,0.1898,60.5322,42.613,1.0413,0.4006,0.0001,-0.0009,-0.001,0.0013,0.515,0.971,60.4323,43.8522,1.007,0.9159,0
35.489,60.7327,43.0747,1.0348,0.7986,2.3491,-0.0928,60.5257,42.9272,1.0947,0.2611,60.552,42.6717,1.0402,0.4417,-0.0,-0.0007,-0.0009,0.0011,0.518,0.965,60.4408,43.8494,1.007,0.8283,0
35.531,60.7667,43.1729,1.0307,0.8327,2.3653,-0.0939,60.7498,43.1531,1.0685,0.0459,60.618,42.8297,1.0434,0.3742,0.0005,-0.0004,0.0018,0.0019,0.494,1.012,60.4885,44.1666,1.026,1.0319,0
35.572,60.8021,43.2721,1.0267,0.8595,2.3987,-0.0933,60.7498,43.1531,1.0685,0.1365,60.6409,42.8882,1.0417,0.4167,0.0002,-0.0013,0.0007,0.0015,0.497,1.005,60.5014,44.1683,1.026,0.9452,0
35.614,60.8383,43.3732,1.0229,0.8783,2.4477,-0.0926,60.7498,43.1531,1.0685,0.2415,60.6764,42.9778,1.0391,0.4275,-0.0007,-0.0008,0.0008,0.0013,0.498,1.003,60.5241,44.1606,1.026,0.8479,0
35.655,60.8752,43.4763,1.019,0.8872,2.4993,-0.0923,60.9721,43.3484,1.0829,0.1728,60.7493,43.1043,1.0429,0.3935,-0.0001,-0.0005,-0.0005,0.0007,0.481,1.038,60.525,44.1563,1.026,0.7648,0
35.697,60.9121,43.5815,1.0158,0.8834,2.5396,-0.0432,60.9721,43.3484,1.0829,0.2498,60.7854,43.201,1.0399,0.4017,0.0001,0.0007,-0.0003,0.0008,0.484,1.032,60.5715,44.4801,1.068,0.9625,0
35.739,60.9485,43.6877,1.0152,0.8644,2.5575,0.0024,60.9721,43.3484,1.0829,0.3468,60.8092,43.2664,1.04,0.4445,-0.0,0.0004,-0.0005,0.0006,0.485,1.03,60.5818,44.4789,1.068,0.8736,0
35.78,60.9838,43.7947,1.016,0.829,2.5738,0.042,60.9828,43.852,0.859,0.1672,60.8652,43.461,1.0105,0.3541,-0.0004,0.0001,0.0001,0.0004,0.475,1.05,60.6389,44.7483,1.063,1.0152,0
35.822,61.0173,43.9022,1.0182,0.7813,2.5859,0.0577,60.9828,43.852,0.859,0.1705,60.8854,43.5273,1.0129,0.3974,-0.0007,-0.0003,-0.0006,0.001,0.478,1.044,60.6498,44.7477,1.063,0.9231,0
35.863,61.0488,44.0103,1.0207,0.7371,2.5997,0.057,60.9828,43.852,0.859,0.2357,60.9134,43.6274,1.0168,0.4061,-0.0008,-0.0005,-0.0002,0.0009,0.48,1.041,60.6874,45.0374,1.076,1.0903,0
35.905,61.0786,44.1187,1.0231,0.6975,2.6051,0.0523,60.9251,43.9211,1.1195,0.2682,60.9402,43.7381,1.0391,0.4053,0.0007,0.0,0.0002,0.0007,0.478,1.045,60.7017,45.0399,1.076,0.9967,0
35.947,61.1069,44.2274,1.0251,0.664,2.6147,0.0444,60.9251,43.9211,1.1195,0.3686,60.9671,43.8365,1.043,0.4155,-0.0007,-0.0002,-0.0001,0.0007,0.466,1.068,60.7229,45.0375,1.076,0.8979,0
35.988,61.1338,44.3368,1.0268,0.6322,2.6325,0.0354,60.9251,43.9211,1.1195,0.4743,60.9841,43.9026,1.0454,0.4597,-0.0001,-0.0003,-0.0009,0.0009,0.468,1.065,60.7313,45.0289,1.076,0.8021,0
36.03,61.1595,44.4467,1.028,0.6037,2.6392,0.0259,61.1094,44.3102,1.1091,0.1666,61.0296,44.0723,1.0592,0.3976,-0.0006,-0.0003,-0.0008,0.0011,0.445,1.109,60.7262,45.0217,1.076,0.7215,0
36.071,61.1838,44.5562,1.0291,0.5659,2.6149,0.0294,61.1094,44.3102,1.1091,0.2692,61.0446,44.1385,1.0611,0.4415,0.0012,0.0,0.0007,0.0014,0.452,1.097,60.7994,45.2995,1.085,0.8386,0
36.113,61.2066,44.6642,1.03,0.5358,2.5713,-0.0023,61.2243,44.7084,0.9608,0.084,61.0918,44.3258,1.0421,0.3575,-0.0004,0.0008,-0.0012,0.0015,0.456,1.087,60.839,45.6088,1.059,1.014,0
36.155,61.2284,44.7702,1.0304,0.5165,2.5224,0.0186,61.2243,44.7084,0.9608,0.0932,61.1043,44.3901,1.0422,0.4,0.0002,-0.001,-0.0008,0.0014,0.457,1.086,60.858,45.6025,1.059,0.9115,0
36.196,61.2497,44.8745,1.0315,0.5055,2.4899,0.0307,61.2243,44.7084,0.9608,0.1822,61.1221,44.4845,1.0432,0.4105,0.0003,0.0002,0.0004,0.0005,0.467,1.065,60.8624,45.5915,1.059,0.8154,0
36.238,61.2706,44.9776,1.0329,0.5015,2.464,0.0356,61.2018,45.0772,1.0388,0.1212,61.1534,44.6476,1.0444,0.3504,0.0003,0.0003,0.0001,0.0004,0.475,1.051,60.8592,45.5869,1.059,0.7356,0
36.279,61.2914,45.0797,1.0336,0.4987,2.4386,-0.0009,61.2018,45.0772,1.0388,0.0898,61.1732,44.7395,1.0455,0.3604,-0.0002,0.0001,-0.0018,0.0018,0.471,1.059,60.9278,45.8882,1.035,0.8865,0
36.321,61.3123,45.1808,1.0332,0.5006,2.4169,-0.0244,61.477,45.3213,1.1544,0.2482,61.2364,44.8914,1.0667,0.301,0.0006,-0.0003,0.0011,0.0013,0.463,1.075,60.9361,45.8801,1.035,0.7941,0
36.363,61.3331,45.2811,1.0314,0.4982,2.3995,-0.042,61.477,45.3213,1.1544,0.1936,61.2563,44.9809,1.0664,0.3119,0.0009,0.0011,0.001,0.0017,0.445,1.11,60.9899,46.1567,1.064,0.941,0
36.404,61.3538,45.3807,1.0299,0.4968,2.3829,-0.0293,61.477,45.3213,1.1544,0.1849,61.2696,45.0399,1.0663,0.3529,0.0005,-0.0005,0.0008,0.001,0.457,1.085,61.0064,46.1544,1.064,0.8489,0
36.446,61.3745,45.48,1.0285,0.4981,2.3872,-0.0431,61.2478,45.3717,1.0347,0.1668,61.285,45.1862,1.0655,0.3093,-0.0002,-0.0003,-0.0012,0.0012,0.463,1.073,61.0116,46.149,1.064,0.762,0
36.487,61.3953,45.5798,1.0267,0.496,2.4068,-0.033,61.2478,45.3717,1.0347,0.2552,61.2979,45.2462,1.0662,0.3498,-0.0006,-0.0006,0.001,0.0013,0.463,1.074,61.0521,46.4479,1.079,0.9349,0
36.529,61.416,45.6809,1.0257,0.5017,2.4434,-0.0157,61.465,45.5935,0.9549,0.1226,61.3452,45.3915,1.0486,0.2988,0.001,-0.0007,0.0016,0.002,0.443,1.114,61.072,46.4356,1.079,0.8312,0
36.571,61.4372,45.7837,1.0253,0.5113,2.4875,-0.0063,61.465,45.5935,0.9549,0.2047,61.3588,45.4541,1.0501,0.3397,0.0005,0.0008,0.0001,0.0009,0.445,1.11,61.0711,46.4397,1.079,0.7531,0
36.612,61.4585,45.8881,1.0251,0.5143,2.5139,-0.0024,61.4938,45.7507,1.0627,0.1468,61.3954,45.5872,1.0519,0.3086,-0.0005,0.0001,0.0012,0.0013,0.424,1.152,61.1191,46.7395,1.083,0.9184,0
36.654,61.4799,45.9929,1.0258,0.5109,2.5158,0.0258,61.4938,45.7507,1.0627,0.2454,61.4081,45.6513,1.0533,0.3501,-0.0006,0.0004,-0.0007,0.001,0.429,1.142,61.1365,46.7341,1.083,0.8189,0
36.695,61.5011,46.0977,1.027,0.5065,2.5128,0.0265,61.4938,45.7507,1.0627,0.3489,61.427,45.7475,1.0562,0.3591,-0.0003,0.0001,-0.0007,0.0008,0.413,1.173,61.1847,47.0453,1.076,1.0003,0
36.737,61.5221,46.2024,1.028,0.5008,2.5153,0.0249,61.4991,46.1097,1.1012,0.1204,61.4532,45.867,1.0631,0.3442,-0.0002,-0.0002,0.0005,0.0006,0.425,1.149,61.1978,47.0452,1.076,0.9043,0
36.779,61.5428,46.3074,1.029,0.4943,2.526,0.0234,61.4991,46.1097,1.1012,0.215,61.4723,45.962,1.0649,0.3544,-0.0009,-0.0003,-0.0023,0.0025,0.431,1.138,61.2193,47.032,1.076,0.7949,0
36.82,61.5633,46.4129,1.0298,0.492,2.5325,0.0159,61.4991,46.1097,1.1012,0.318,61.4848,46.0256,1.066,0.3967,0.0003,0.0003,0.0005,0.0007,0.418,1.163,61.219,47.0261,1.076,0.7049,0
36.862,61.5837,46.5182,1.031,0.4832,2.5222,0.0362,61.6175,46.57,0.9293,0.119,61.5321,46.2065,1.0425,0.3162,0.0002,0.0002,0.001,0.0011,0.431,1.137,61.2983,47.3257,1.062,0.8569,0
36.903,61.6034,46.6226,1.0325,0.4678,2.4892,0.0334,61.6175,46.57,0.9293,0.1166,61.5457,46.2684,1.0434,0.3591,0.0006,-0.0005,0.0024,0.0026,0.434,1.133,61.293,47.3309,1.062,0.7739,0
36.945,61.6226,46.7255,1.0338,0.4554,2.4559,0.032,61.7105,46.7847,0.853,0.2096,61.5943,46.4385,1.0117,0.2893,0.0003,-0.0003,-0.0012,0.0013,0.448,1.104,61.2899,47.3129,1.062,0.6757,0
36.987,61.6412,46.8272,1.0364,0.4339,2.4256,0.0779,61.7105,46.7847,0.853,0.2007,61.6079,46.4988,1.013,0.3308,-0.001,-0.0001,0.0006,0.0012,0.451,1.097,61.3546,47.6342,1.065,0.8569,0
37.028,61.6587,46.9277,1.04,0.4098,2.4065,0.0893,61.7105,46.7847,0.853,0.2411,61.6273,46.588,1.0163,0.3419,0.0008,-0.0001,-0.0006,0.001,0.447,1.106,61.3903,47.9351,1.065,1.0428,0
37.07,61.6753,47.0279,1.0439,0.3914,2.4071,0.0969,61.7297,46.9861,1.0012,0.0808,61.6481,46.7113,1.0144,0.3191,-0.0001,-0.0006,-0.0001,0.0006,0.464,1.071,61.4045,47.9343,1.065,0.9462,0
37.111,61.6914,47.1288,1.0482,0.3834,2.4335,0.1061,61.7297,46.9861,1.0012,0.155,61.6625,46.8012,1.0179,0.3303,0.0004,-0.0007,-0.0003,0.0009,0.473,1.053,61.4258,47.9185,1.065,0.8333,0
37.153,61.7074,47.231,1.0526,0.3879,2.4684,0.1045,61.7297,46.9861,1.0012,0.2511,61.6719,46.862,1.0203,0.372,-0.0002,0.001,-0.0001,0.0011,0.477,1.045,61.4253,47.9119,1.065,0.7372,0
37.195,61.7239,47.3344,1.057,0.4013,2.4923,0.1183,61.6756,47.2121,1.041,0.1324,61.6881,47.0092,1.0203,0.3292,-0.0005,0.0004,0.0001,0.0006,0.482,1.037,61.4913,48.2863,1.063,0.9799,0
37.236,61.741,47.4383,1.0624,0.4193,2.4887,0.1375,61.6756,47.2121,1.041,0.2364,61.6987,47.0715,1.0217,0.3714,-0.0002,-0.0013,-0.001,0.0016,0.488,1.024,61.5005,48.2842,1.063,0.8794,0
37.278,61.7592,47.5416,1.068,0.4521,2.4746,0.118,61.6756,47.2121,1.041,0.341,61.7157,47.1647,1.0242,0.382,0.0004,0.0,0.0002,0.0004,0.472,1.056,61.5169,48.5382,1.04,1.026,0
37.319,61.7789,47.6445,1.0723,0.4907,2.4686,0.0947,61.6753,47.6818,1.1336,0.1259,61.719,47.3164,1.0402,0.3351,-0.0004,-0.0,-0.0001,0.0004,0.507,0.985,61.5427,48.5427,1.04,0.9293,0
37.361,61.8003,47.7475,1.0761,0.5351,2.4721,0.09,61.6753,47.6818,1.1336,0.1524,61.7386,47.4094,1.0393,0.3456,0.0009,-0.0005,0.0006,0.0012,0.516,0.968,61.5633,48.5361,1.04,0.8243,0
37.403,61.8237,47.8506,1.0799,0.5839,2.4757,0.0895,61.6753,47.6818,1.1336,0.231,61.7531,47.4715,1.0386,0.3878,0.0006,-0.0008,-0.0003,0.001,0.483,1.035,61.5648,48.5322,1.04,0.7302,0
37.444,61.8491,47.9537,1.0828,0.6259,2.4717,0.0461,61.7837,47.7649,1.1054,0.201,61.7828,47.6119,1.0515,0.3496,-0.0006,-0.0001,0.0014,0.0016,0.503,0.995,61.6128,48.845,1.018,0.9244,0
37.486,61.876,48.0564,1.084,0.6618,2.4575,0.0172,61.7837,47.7649,1.1054,0.3064,61.8001,47.6731,1.0497,0.3922,0.0003,0.0005,0.0003,0.0006,0.506,0.987,61.6308,48.8467,1.018,0.8301,0
37.527,61.9043,48.1585,1.0845,0.6942,2.4497,0.0097,62.1816,47.9765,0.9525,0.357,61.8875,47.8123,1.0396,0.3495,0.0006,0.0003,0.0004,0.0007,0.471,1.058,61.6578,49.1425,1.021,1.0164,0
37.569,61.9336,48.2605,1.0836,0.7084,2.4468,-0.0397,62.1816,47.9765,0.9525,0.3992,61.9058,47.8746,1.0391,0.3894,-0.0002,0.0,0.0003,0.0004,0.476,1.049,61.6684,49.1459,1.021,0.9264,0
37.611,61.9632,48.3627,1.0816,0.709,2.4583,-0.0505,62.1816,47.9765,0.9525,0.4621,61.9337,47.9683,1.0368,0.398,0.0001,-0.0005,0.0005,0.0007,0.478,1.044,61.6847,49.1467,1.021,0.8342,0
37.652,61.9926,48.4656,1.0788,0.7012,2.4772,-0.0957,61.9429,48.2499,1.1966,0.2507,61.951,48.0774,1.0678,0.3905,0.0001,0.0003,0.0009,0.0009,0.452,1.097,61.6893,49.1435,1.021,0.7449,0
37.694,62.0213,48.5691,1.0745,0.6752,2.4881,-0.111,61.9429,48.2499,1.1966,0.3506,61.9772,48.172,1.0652,0.3996,-0.0002,-0.0004,-0.0007,0.0008,0.463,1.074,61.6872,49.1423,1.021,0.6657,0
37.735,62.0485,48.6727,1.0699,0.6334,2.4824,-0.0968,62.128,48.7747,1.0477,0.1313,62.0189,48.328,1.058,0.3462,0.0003,-0.0008,0.0,0.0008,0.472,1.055,61.7347,49.4281,1.045,0.8184,0
37.777,62.0739,48.7757,1.0662,0.5903,2.4662,-0.0867,62.128,48.7747,1.0477,0.0573,62.0421,48.4211,1.0548,0.3562,0.0002,-0.0003,0.001,0.0011,0.473,1.054,61.7556,49.7206,1.032,0.9976,0
37.819,62.0976,48.8783,1.0627,0.5518,2.463,-0.0822,62.128,48.7747,1.0477,0.109,62.0563,48.4828,1.0529,0.3978,-0.0004,0.0001,0.0002,0.0004,0.46,1.08,61.7644,49.7198,1.032,0.9055,0
37.86,62.1196,48.9812,1.0596,0.5087,2.4743,-0.0682,62.2209,48.7327,1.01,0.273,62.1073,48.6166,1.0429,0.3652,-0.0005,-0.0001,0.0006,0.0008,0.46,1.08,61.7757,50.0287,1.027,1.103,0
37.902,62.1397,49.0847,1.0569,0.4607,2.495,-0.0598,62.2209,48.7327,1.01,0.3643,62.1198,48.6787,1.0415,0.4068,-0.0001,-0.0005,-0.0004,0.0007,0.415,1.171,61.7978,50.0357,1.027,1.0111,0
37.943,62.1579,49.1896,1.0547,0.4152,2.5377,-0.05,61.9835,49.1045,1.1798,0.2308,62.1127,48.8327,1.0628,0.3599,-0.0005,-0.0001,-0.0004,0.0006,0.402,1.197,61.8272,50.0345,1.027,0.9077,0
37.985,62.1742,49.2963,1.0521,0.3732,2.5817,-0.0596,61.9835,49.1045,1.1798,0.2991,62.1227,48.8967,1.0614,0.4031,-0.0005,0.0002,-0.0008,0.001,0.415,1.17,61.8251,50.3107,1.04,1.0729,0
38.027,62.1889,49.405,1.0497,0.3363,2.6312,-0.0605,61.9835,49.1045,1.1798,0.3865,62.1358,48.9948,1.0595,0.4137,0.0001,-0.0008,0.0001,0.0008,0.434,1.133,61.8535,50.32,1.04,0.9746,0
38.068,62.2022,49.516,1.047,0.3091,2.6912,-0.0687,61.9835,49.1045,1.1798,0.4845,62.1433,49.062,1.0581,0.4579,0.0005,-0.0003,-0.0011,0.0012,0.445,1.11,61.8761,50.3206,1.04,0.8682,0
38.11,62.2147,49.6295,1.0446,0.2921,2.7482,-0.0408,62.0197,49.4359,0.8923,0.3141,62.1337,49.2295,1.0269,0.4085,0.0002,0.0014,-0.0006,0.0015,0.447,1.106,61.8902,50.3134,1.04,0.757,0
38.151,62.2268,49.7447,1.0433,0.2895,2.7736,-0.0283,62.0197,49.4359,0.8923,0.4013,62.1406,49.2999,1.0264,0.4534,-0.0001,-0.0001,0.0001,0.0002,0.462,1.077,61.9069,50.6073,1.021,0.9203,0
38.193,62.2391,49.8602,1.0423,0.3032,2.7694,-0.0095,62.2587,49.7115,0.9189,0.1942,62.1735,49.465,1.0053,0.4023,-0.0001,-0.0003,-0.0008,0.0008,0.447,1.107,61.9395,50.6035,1.021,0.8016,0
38.235,62.2523,49.9753,1.0426,0.3328,2.7538,0.016,62.2587,49.7115,0.9189,0.2914,62.1819,49.5343,1.0054,0.4482,0.0005,-0.0008,-0.001,0.0014,0.461,1.078,61.9446,50.5981,1.021,0.695,0
38.276,62.2669,50.0892,1.0436,0.362,2.7135,0.0286,62.2335,49.9404,0.9484,0.1798,62.2048,49.6901,0.998,0.4065,-0.0003,0.0005,-0.0001,0.0006,0.485,1.03,61.9626,50.9081,1.036,0.8736,0
38.318,62.2827,50.201,1.045,0.3962,2.6561,0.037,62.2335,49.9404,0.9484,0.2822,62.2156,49.7561,0.9993,0.4523,0.0001,-0.0008,-0.0002,0.0009,0.491,1.018,61.9737,50.9049,1.036,0.7688,0
38.359,62.3001,50.3105,1.0463,0.4303,2.6055,0.0093,62.2335,49.9404,0.9484,0.3885,62.2335,49.8525,1.0012,0.465,-0.0005,0.0,0.0013,0.0014,0.484,1.032,61.956,51.2548,1.011,1.0057,0
38.401,62.3187,50.418,1.046,0.4593,2.5634,-0.0116,62.2575,50.4286,0.9645,0.1024,62.2428,50.0166,0.9956,0.4116,-0.0005,-0.0004,0.0001,0.0006,0.511,0.979,61.9898,51.2678,1.011,0.9119,0
38.443,62.3385,50.5242,1.0457,0.4918,2.5391,0.0023,62.2575,50.4286,0.9645,0.1493,62.2605,50.1115,0.9954,0.423,0.0005,0.0003,0.0006,0.0008,0.487,1.026,61.992,51.553,1.032,1.0857,0
38.484,62.3597,50.6298,1.0462,0.5197,2.5331,0.02,62.2575,50.4286,0.9645,0.24,62.2734,50.1741,0.996,0.4665,-0.0004,-0.0002,-0.0006,0.0008,0.495,1.011,62.0066,51.5607,1.032,0.9957,0
38.526,62.3817,50.7357,1.0471,0.5357,2.5544,0.0211,62.3026,50.5618,0.9855,0.2008,62.3008,50.3325,0.9975,0.4143,0.0006,0.002,-0.0005,0.0021,0.508,0.984,62.0473,51.5722,1.032,0.901,0
38.567,62.4043,50.8429,1.0479,0.546,2.588,0.0171,62.3026,50.5618,0.9855,0.3054,62.3153,50.3959,0.9987,0.4585,-0.0013,-0.0003,-0.0001,0.0014,0.508,0.984,62.0473,51.5722,1.032,0.8122,0
38.609,62.4272,50.9516,1.0484,0.5536,2.6231,0.0048,62.4688,50.9063,1.0143,0.0703,62.3554,50.5704,1.0033,0.3905,0.0008,-0.0001,-0.0001,0.0008,0.509,0.982,62.0552,51.8632,1.018,0.9851,0
38.651,62.4504,51.0617,1.0483,0.557,2.659,-0.01,62.4688,50.9063,1.0143,0.1601,62.3687,50.6356,1.004,0.4361,-0.0005,-0.0001,0.002,0.002,0.512,0.977,62.0687,51.8671,1.018,0.8918,0
38.692,62.4737,51.1734,1.0477,0.5574,2.7008,-0.015,62.4688,50.9063,1.0143,0.2693,62.3886,50.7351,1.0045,0.4485,-0.0,0.0,0.0005,0.0005,0.486,1.028,62.0826,52.1356,1.009,1.0393,0
38.734,62.4967,51.2867,1.0468,0.547,2.7309,-0.0296,62.45,51.1767,1.0181,0.1229,62.4155,50.8864,1.0086,0.4103,0.0,0.0,-0.0008,0.0008,0.499,1.002,62.0888,52.1386,1.009,0.9453,0
38.775,62.5191,51.401,1.0453,0.5273,2.7541,-0.0406,62.45,51.1767,1.0181,0.2363,62.4358,50.9925,1.0088,0.4185,-0.0005,-0.0001,0.0007,0.0009,0.476,1.047,62.1252,52.1501,1.009,0.8471,0
38.817,62.5403,51.5161,1.0438,0.4971,2.7639,-0.0313,62.45,51.1767,1.0181,0.3521,62.4487,51.0639,1.0089,0.4627,0.0001,0.0,0.0001,0.0002,0.485,1.03,62.1335,52.1494,1.009,0.7535,0
38.859,62.5602,51.6309,1.0434,0.4584,2.7447,0.0105,62.5579,51.5456,0.8966,0.1699,62.4786,51.2418,0.9906,0.401,0.0001,0.0004,-0.0001,0.0004,0.496,1.008,62.1586,52.4495,1.029,0.9119,0
38.9,62.5785,51.7445,1.044,0.4253,2.7091,0.0112,62.5579,51.5456,0.8966,0.2484,62.488,51.3099,0.9923,0.4469,-0.0009,0.0005,0.0001,0.001,0.476,1.048,62.192,52.7369,1.025,1.0652,0
38.942,62.5957,51.8566,1.0445,0.4046,2.6809,0.0113,62.6099,51.7317,1.1497,0.164,62.5276,51.4675,1.0235,0.3956,-0.0002,-0.0007,0.0014,0.0015,0.483,1.034,62.2066,52.7446,1.025,0.9696,0
38.983,62.6123,51.9682,1.0439,0.3929,2.6773,-0.0253,62.6099,51.7317,1.1497,0.2591,62.5377,51.533,1.025,0.4419,-0.0008,0.0003,-0.0008,0.0012,0.486,1.029,62.2511,53.047,1.029,1.1377,0
39.025,62.6284,52.08,1.0427,0.3812,2.6925,-0.0296,62.6099,51.7317,1.1497,0.3648,62.5521,51.6315,1.0264,0.4552,0.0001,-0.0004,-0.0004,0.0006,0.465,1.069,62.2604,53.052,1.029,1.0394,0
39.067,62.644,52.1932,1.0415,0.3703,2.7393,-0.0224,62.8129,52.2374,0.9336,0.2052,62.6031,51.7981,1.0094,0.3984,0.0001,-0.0005,0.0007,0.0009,0.463,1.074,62.2746,53.0599,1.029,0.9423,0
39.108,62.6592,52.3088,1.0411,0.3573,2.8036,-0.0071,62.8129,52.2374,0.9336,0.2007,62.6155,51.9012,1.0107,0.4111,0.0002,-0.0003,0.0002,0.0004,0.435,1.129,62.2783,53.062,1.029,0.8441,0
39.15,62.6737,52.4269,1.0406,0.3416,2.8568,-0.0147,62.8129,52.2374,0.9336,0.2583,62.6234,51.9717,1.0117,0.4588,-0.0007,0.0007,0.0003,0.001,0.445,1.111,62.2794,53.0626,1.029,0.7482,0
39.191,62.6874,52.5467,1.041,0.3155,2.8839,0.0435,62.777,52.5729,1.0305,0.094,62.6616,52.1861,1.0069,0.3631,-0.0004,-0.0002,-0.0003,0.0005,0.452,1.095,62.2935,53.3497,1.035,0.8944,0
39.233,62.7,52.6667,1.0437,0.2955,2.8743,0.0768,62.777,52.5729,1.0305,0.122,62.6684,52.2596,1.0078,0.4099,-0.0,0.0003,0.0004,0.0005,0.453,1.094,62.2935,53.3497,1.035,0.7948,0
39.275,62.7119,52.7859,1.0473,0.2759,2.8498,0.0924,62.7599,52.766,0.9915,0.0762,62.6964,52.4408,1.009,0.3476,-0.0006,0.0002,-0.001,0.0012,0.439,1.122,62.3064,53.6562,1.004,0.9611,0
39.316,62.723,52.904,1.0496,0.258,2.8155,0.0373,62.7599,52.766,0.9915,0.1541,62.7032,52.5123,1.0105,0.3941,0.0007,0.0008,0.0011,0.0015,0.446,1.108,62.3194,53.6639,1.004,0.8617,0
39.358,62.7333,53.0203,1.0507,0.2356,2.7734,0.0209,62.7599,52.766,0.9915,0.2624,62.7124,52.6176,1.011,0.4052,-0.001,0.0004,-0.0013,0.0017,0.446,1.107,62.3625,54.0077,0.996,1.0561,0
39.399,62.7427,53.135,1.0503,0.2198,2.7387,-0.0395,62.6517,53.0806,1.2196,0.1998,62.7089,52.76,1.0463,0.3765,-0.0004,0.0003,-0.0012,0.0013,0.446,1.109,62.3625,54.0077,0.996,0.9534,0
39.441,62.7517,53.2486,1.048,0.2117,2.7149,-0.06,62.6517,53.0806,1.2196,0.26,62.7171,52.8605,1.0436,0.3896,0.0001,0.0004,0.0004,0.0006,0.45,1.1,62.3777,54.0171,0.996,0.8563,0
39.483,62.7603,53.3613,1.0461,0.2038,2.6988,-0.0127,62.752,53.334,0.8822,0.1664,62.7275,53.0026,1.0133,0.3617,0.0004,0.0007,0.0001,0.0008,0.45,1.101,62.3661,54.299,1.036,1.0173,0
39.524,62.7687,53.4737,1.0473,0.2007,2.7023,0.0478,62.752,53.334,0.8822,0.2169,62.7351,53.103,1.013,0.3738,-0.0005,0.0002,-0.0002,0.0006,0.447,1.106,62.3808,54.3086,1.036,0.9206,0
39.566,62.777,53.5867,1.0496,0.1984,2.7211,0.0604,62.752,53.334,0.8822,0.3042,62.74,53.1703,1.014,0.4196,-0.0003,0.0003,-0.0003,0.0005,0.451,1.099,62.3831,54.3101,1.036,0.8238,0
39.607,62.7852,53.7004,1.0522,0.1957,2.731,0.0588,62.973,53.6231,1.0508,0.2031,62.7884,53.344,1.0218,0.3577,0.0004,0.0004,0.0004,0.0007,0.44,1.12,62.3847,54.3111,1.036,0.7305,0
39.649,62.7932,53.8139,1.0544,0.1845,2.7141,0.0478,62.973,53.6231,1.0508,0.2622,62.7936,53.4122,1.0228,0.403,-0.0002,0.0004,0.0002,0.0005,0.446,1.108,62.3624,54.5999,1.028,0.8967,0
39.691,62.8005,53.9263,1.0562,0.1707,2.6848,0.0393,62.973,53.6231,1.0508,0.3489,62.8009,53.5134,1.0237,0.4142,-0.0006,0.0,0.001,0.0012,0.451,1.098,62.3718,54.6055,1.028,0.8037,0
39.732,62.8072,54.0376,1.0577,0.1523,2.66,0.0218,62.9065,53.9376,1.061,0.1409,62.8228,53.6488,1.0303,0.3901,0.0003,-0.0003,0.002,0.0021,0.445,1.111,62.3549,54.8683,0.997,0.9478,0
39.774,62.8132,54.1479,1.0574,0.1342,2.6397,-0.0224,62.9065,53.9376,1.061,0.2301,62.8283,53.7465,1.0292,0.4027,-0.0001,-0.0005,-0.0005,0.0007,0.454,1.091,62.368,54.8773,0.997,0.8567,0
39.815,62.8182,54.2577,1.0562,0.1111,2.6306,-0.0297,62.7502,54.4258,0.907,0.2349,62.8209,53.9255,1.0097,0.3355,-0.0003,0.0009,-0.001,0.0014,0.463,1.075,62.3918,54.8875,0.997,0.7629,0
39.857,62.8223,54.3671,1.0551,0.0839,2.6209,-0.0262,62.7502,54.4258,0.907,0.1748,62.8256,54.0248,1.0082,0.3455,-0.0011,0.0003,0.0013,0.0017,0.489,1.021,62.3825,55.1561,1.029,0.9036,0
39.899,62.8251,54.4757,1.055,0.0553,2.5911,0.0118,62.7502,54.4258,0.907,0.1731,62.8276,54.0905,1.008,0.388,-0.0008,0.0001,-0.0005,0.001,0.492,1.016,62.3915,55.1613,1.029,0.8116,0
39.94,62.8269,54.5829,1.0558,0.037,2.5606,0.0246,62.9279,54.5255,0.8533,0.2335,62.8468,54.2579,0.988,0.3326,-0.0004,0.0,0.0002,0.0004,0.482,1.037,62.41,55.167,1.029,0.7181,0
39.982,62.8282,54.6889,1.0564,0.0275,2.5315,-0.0061,62.9279,54.5255,0.8533,0.2791,62.8477,54.3213,0.9896,0.3741,-0.0006,0.0005,0.0011,0.0014,0.492,1.017,62.3823,55.4476,1.0,0.8818,0
40.023,62.8294,54.7938,1.0558,0.0315,2.5049,-0.0156,62.8473,54.7707,0.8939,0.1645,62.8493,54.4814,0.9754,0.3231,-0.0001,-0.0001,-0.0008,0.0009,0.459,1.082,62.3926,55.4554,1.0,0.7947,0
40.065,62.8308,54.8977,1.0551,0.0322,2.4825,-0.0164,62.8473,54.7707,0.8939,0.2058,62.8503,54.5427,0.9761,0.3642,0.0005,-0.0005,-0.0003,0.0007,0.466,1.068,62.4141,55.4682,1.0,0.7086,0
40.107,62.8321,55.0005,1.0543,0.032,2.4536,-0.0275,62.8174,54.8964,1.0702,0.1063,62.8422,54.6826,0.9898,0.3245,-0.0006,-0.0,-0.0009,0.0011,0.481,1.038,62.3851,55.766,0.995,0.8885,0
40.148,62.8335,55.1021,1.0529,0.0337,2.4286,-0.0355,62.8174,54.8964,1.0702,0.2071,62.842,54.7426,0.9893,0.3651,-0.0007,0.0,-0.0008,0.0011,0.483,1.034,62.4056,55.7826,0.995,0.8059,0
40.19,62.8349,55.203,1.0518,0.0366,2.4223,-0.0151,62.8174,54.8964,1.0702,0.3077,62.8418,54.8317,0.9887,0.3768,0.0005,-0.0006,0.0003,0.0008,0.478,1.044,62.421,56.0765,1.013,0.9674,0
40.231,62.8366,55.3044,1.0514,0.0441,2.4452,-0.0128,62.8531,55.2935,1.1168,0.0684,62.8473,54.9701,1.0088,0.3372,-0.0002,-0.0006,-0.0005,0.0008,0.487,1.025,62.447,56.0989,1.013,0.8857,0
40.273,62.8386,55.4071,1.0507,0.0524,2.4829,-0.0182,62.8531,55.2935,1.1168,0.1322,62.849,55.0621,1.0085,0.3478,-0.0001,0.0,0.0,0.0001,0.489,1.022,62.4693,56.1188,1.013,0.8026,0
40.315,62.8411,55.5116,1.05,0.0672,2.5263,-0.0112,62.8531,55.2935,1.1168,0.2284,62.8505,55.1247,1.0083,0.3892,-0.0008,0.0004,0.0006,0.0011,0.467,1.066,62.415,56.3773,1.007,0.9659,0
40.356,62.8442,55.6178,1.049,0.0773,2.5705,-0.0412,62.8511,55.4998,1.2698,0.2505,62.8565,55.2838,1.0497,0.3343,-0.0003,0.0002,0.0001,0.0004,0.477,1.047,62.4428,56.4032,1.007,0.883,0
40.398,62.8476,55.726,1.0469,0.0842,2.6149,-0.0559,62.8511,55.4998,1.2698,0.3176,62.8593,55.3494,1.0482,0.3768,0.0006,-0.0004,0.0006,0.0009,0.477,1.046,62.4391,56.3997,1.007,0.7889,0
40.439,62.8512,55.8357,1.0443,0.0869,2.6471,-0.0762,62.9045,55.8279,1.0301,0.0557,62.8707,55.5247,1.0475,0.3117,-0.0005,0.0001,0.0007,0.0009,0.467,1.066,62.4526,56.6884,1.002,0.9421,0
40.481,62.8548,55.9465,1.0406,0.0893,2.6658,-0.0947,62.9045,55.8279,1.0301,0.129,62.8736,55.5928,1.0462,0.3542,0.0012,0.0013,-0.0006,0.0019,0.469,1.061,62.4648,56.7004,1.002,0.8497,0
40.523,62.8585,56.0579,1.0367,0.0869,2.6801,-0.0804,62.7419,56.0479,0.9099,0.1726,62.8578,55.7606,1.02,0.2978,-0.0003,-0.0,0.0016,0.0016,0.478,1.044,62.4349,57.019,1.029,1.0503,0
40.564,62.8621,56.1696,1.035,0.0851,2.6773,-0.0158,62.7419,56.0479,0.9099,0.2119,62.861,55.8289,1.0193,0.3411,0.0005,-0.0009,-0.0003,0.001,0.465,1.07,62.4468,57.0314,1.029,0.9567,0
40.606,62.8656,56.281,1.035,0.0843,2.6724,0.0062,62.7419,56.0479,0.9099,0.292,62.8657,55.9311,1.0203,0.3502,-0.0004,-0.0004,-0.0009,0.0011,0.467,1.067,62.4701,57.0565,1.029,0.8706,0
40.647,62.8691,56.3924,1.0354,0.0831,2.6744,0.0174,62.8675,56.2788,0.9978,0.1196,62.8669,56.0541,1.0155,0.3389,-0.0002,0.0,0.0001,0.0002,0.465,1.071,62.4817,57.0692,1.029,0.7799,0
40.689,62.8725,56.5038,1.0368,0.0799,2.6694,0.0465,62.8675,56.2788,0.9978,0.2283,62.8705,56.1572,1.0172,0.3471,0.0005,0.0001,-0.0008,0.0009,0.459,1.081,62.4194,57.3439,1.034,0.9546,0
40.731,62.8758,56.6146,1.039,0.0769,2.6545,0.055,62.8675,56.2788,0.9978,0.3384,62.8729,56.2257,1.0189,0.3895,0.0005,-0.0,-0.0009,0.001,0.459,1.082,62.4527,57.3832,1.034,0.8773,0
40.772,62.8788,56.7251,1.0411,0.0708,2.648,0.0336,62.9711,56.6075,1.1211,0.1695,62.892,56.3827,1.0402,0.3426,0.0002,-0.0004,-0.0009,0.001,0.444,1.113,62.3785,57.7148,1.025,1.1091,0
40.814,62.8815,56.8355,1.0419,0.0555,2.6564,0.0123,62.9711,56.6075,1.1211,0.2574,62.8939,56.4498,1.0414,0.3859,0.0007,0.0,0.0005,0.0008,0.421,1.158,62.3785,57.7148,1.025,1.0131,0
40.855,62.8831,56.9468,1.0423,0.0215,2.6876,0.0068,62.9711,56.6075,1.1211,0.3593,62.8956,56.5514,1.0425,0.3957,-0.0003,0.0,-0.0013,0.0013,0.406,1.188,62.4094,57.7559,1.025,0.9376,0
40.897,62.883,57.0597,1.0423,-0.0252,2.7279,0.007,62.84,57.0161,0.983,0.0852,62.8829,56.6934,1.0303,0.3665,-0.0002,0.0002,0.0005,0.0006,0.424,1.152,62.2545,58.1158,1.021,1.2291,0
40.939,62.8806,57.1745,1.0431,-0.0834,2.7798,0.0228,62.84,57.0161,0.983,0.1742,62.8791,56.798,1.0308,0.3768,0.0003,0.0011,-0.0013,0.0018,0.429,1.142,62.2744,58.1437,1.021,1.1434,0
40.98,62.8757,57.2918,1.044,-0.1443,2.8466,0.0184,62.84,57.0161,0.983,0.2846,62.8749,56.8695,1.0313,0.4225,0.0008,-0.0003,-0.0007,0.0011,0.431,1.139,62.2937,58.1721,1.021,1.0555,0
41.022,62.8684,57.412,1.0443,-0.2018,2.9114,-0.0072,62.8702,57.2924,1.0501,0.1198,62.8666,57.042,1.0386,0.37,0.0001,-0.0006,0.0003,0.0007,0.431,1.138,62.3126,58.2007,1.021,0.9651,0
41.063,62.8588,57.5346,1.0428,-0.2526,2.9678,-0.0472,62.8702,57.2924,1.0501,0.2426,62.8591,57.1163,1.0383,0.4183,0.0007,0.0002,0.0008,0.0011,0.435,1.129,62.1247,58.5268,1.02,1.2345,0
41.105,62.847,57.6593,1.041,-0.3077,3.0117,-0.0414,62.8702,57.2924,1.0501,0.3678,62.8455,57.2301,1.0373,0.4292,0.0007,0.0004,0.0009,0.0012,0.438,1.124,62.1222,58.5228,1.02,1.1276,0
41.147,62.8328,57.7857,1.0394,-0.3697,3.0524,-0.0282,62.5902,57.8879,1.0123,0.2647,62.7964,57.4186,1.0333,0.3689,-0.0001,-0.001,-0.0004,0.0011,0.445,1.11,62.0075,58.7868,1.029,1.2976,0
41.188,62.8158,57.914,1.0384,-0.443,3.0996,-0.025,62.5902,57.8879,1.0123,0.2286,62.779,57.5353,1.0336,0.3804,-0.0002,-0.0004,-0.0003,0.0005,0.448,1.104,62.0252,58.8162,1.029,1.1996,0
41.23,62.7957,58.0441,1.0373,-0.5165,3.1418,-0.0217,62.7723,58.0615,0.9335,0.1078,62.7661,57.6932,1.014,0.3529,0.0005,-0.0005,-0.0001,0.0007,0.437,1.125,62.0426,58.8458,1.029,1.1,0
41.271,62.7725,58.1758,1.037,-0.5861,3.1727,0.0013,62.7723,58.0615,0.9335,0.1542,62.742,57.8121,1.0138,0.3657,-0.0003,-0.0005,0.0015,0.0016,0.454,1.092,61.9414,59.0217,1.022,1.186,0
41.313,62.7467,58.3083,1.0372,-0.6454,3.1853,0.0039,62.7723,58.0615,0.9335,0.2689,62.7239,57.8921,1.0141,0.4175,-0.0004,-0.0006,-0.0004,0.0009,0.457,1.087,61.9577,59.0519,1.022,1.0842,0
41.355,62.7187,58.441,1.0372,-0.6918,3.1807,-0.005,62.6957,58.3667,1.0564,0.0801,62.695,58.0891,1.0231,0.353,0.0001,-0.0001,-0.0008,0.0009,0.443,1.115,61.8792,59.2186,1.024,1.1443,0
41.396,62.689,58.5729,1.0369,-0.7279,3.1515,-0.0052,62.6957,58.3667,1.0564,0.2073,62.6751,58.1681,1.0235,0.4053,-0.0004,-0.0003,0.0003,0.0006,0.465,1.07,61.8888,59.2369,1.024,1.0399,0
41.438,62.658,58.7033,1.0368,-0.756,3.1072,-0.0006,62.6718,58.7776,1.092,0.0935,62.6543,58.378,1.0332,0.3253,-0.0001,0.0,0.0016,0.0016,0.447,1.106,61.9261,59.297,1.024,0.9425,0
41.479,62.626,58.8313,1.0373,-0.7781,3.0411,0.0214,62.6718,58.7776,1.092,0.0893,62.6347,58.4552,1.0334,0.3762,-0.0001,0.0007,-0.0005,0.0008,0.46,1.079,61.9368,59.3133,1.024,0.8411,0
41.521,62.593,58.9561,1.0385,-0.7982,2.952,0.03,62.6718,58.7776,1.092,0.2023,62.6043,58.5675,1.0343,0.3887,-0.0001,-0.0002,0.0009,0.0009,0.466,1.068,61.8775,59.4735,1.03,0.8831,0
41.563,62.5597,59.0767,1.0396,-0.7998,2.8464,0.0214,62.5885,58.9542,1.0719,0.1299,62.5826,58.6981,1.0436,0.3793,0.0004,-0.0,-0.0007,0.0008,0.459,1.083,61.8685,59.4599,1.03,0.7904,0
41.604,62.5265,59.1927,1.04,-0.7931,2.7329,0.0016,62.5885,58.9542,1.0719,0.2485,62.5516,58.8002,1.0449,0.3933,-0.0005,-0.0007,-0.0006,0.001,0.466,1.069,61.8896,59.4979,1.03,0.7063,0
41.646,62.4938,59.3038,1.0396,-0.7742,2.6112,-0.028,62.5885,58.9542,1.0719,0.3636,62.5312,58.8647,1.0452,0.4407,-0.0001,-0.0,0.0001,0.0001,0.469,1.062,61.7797,59.616,1.017,0.7798,0
41.687,62.4622,59.4096,1.0377,-0.7483,2.4791,-0.0519,62.4358,59.4041,1.0487,0.0291,62.4891,59.0504,1.0458,0.3603,-0.0005,-0.0002,0.0002,0.0006,0.459,1.082,61.791,59.6325,1.017,0.7075,0
41.729,62.4315,59.5099,1.0354,-0.7249,2.3469,-0.0569,62.4358,59.4041,1.0487,0.1067,62.4707,59.1087,1.0448,0.4032,0.0004,-0.0003,-0.0006,0.0008,0.452,1.096,61.7927,59.6505,1.017,0.6544,0
41.771,62.4019,59.6047,1.0328,-0.7002,2.2188,-0.0774,62.2741,59.6626,0.8912,0.1994,62.4126,59.2798,1.0147,0.3256,0.0003,0.0015,-0.0009,0.0018,0.455,1.09,61.7038,59.7143,1.004,0.7072,0
41.812,62.3733,59.6936,1.0306,-0.6763,2.0694,-0.0379,62.2741,59.6626,0.8912,0.1739,62.3952,59.3313,1.0127,0.3635,0.0004,-0.0001,-0.0001,0.0004,0.434,1.131,61.6993,59.7284,1.004,0.6754,0
41.854,62.3455,59.7767,1.0292,-0.6585,1.9344,-0.0373,62.2741,59.6626,0.8912,0.1927,62.3701,59.4017,1.0111,0.3762,-0.0001,-0.0006,0.0008,0.001,0.439,1.122,61.5677,59.8448,1.006,0.7811,0
41.895,62.3185,59.8543,1.0274,-0.6399,1.8011,-0.039,62.4773,59.6475,0.9015,0.2895,62.3766,59.4901,0.9894,0.3708,-0.0006,-0.0005,0.0012,0.0014,0.423,1.155,61.5649,59.8444,1.006,0.754,0
41.937,62.292,59.9262,1.0267,-0.6369,1.6666,-0.002,62.4773,59.6475,0.9015,0.3573,62.3541,59.5512,0.9875,0.3822,-0.0005,0.0005,-0.0012,0.0014,0.422,1.156,61.3832,60.0409,1.023,0.916,0
41.979,62.2651,59.993,1.0274,-0.6571,1.5561,0.0335,62.4773,59.6475,0.9015,0.4245,62.339,59.5879,0.9874,0.4137,-0.0007,0.0009,0.0003,0.0012,0.426,1.149,61.4008,59.9962,1.023,0.8643,0
42.02,62.2366,60.0559,1.0296,-0.7134,1.4739,0.0705,62.1224,60.0934,0.9226,0.1609,62.2775,59.73,0.9782,0.3324,0.0007,-0.0005,-0.001,0.0013,0.429,1.141,61.3942,59.9655,1.023,0.8472,0
42.062,62.205,60.1156,1.0334,-0.7957,1.3992,0.115,62.1224,60.0934,0.9226,0.14,62.2588,59.7634,0.9805,0.3603,-0.0005,0.0008,0.0004,0.001,0.436,1.128,60.703,59.8584,1.02,1.5239,0
42.103,62.1696,60.1719,1.0397,-0.8976,1.3114,0.1683,62.1224,60.0934,0.9226,0.1487,62.2264,59.8095,0.9863,0.3707,-0.0008,0.0001,0.0002,0.0008,0.447,1.106,60.839,59.7733,1.02,1.3892,0
42.145,62.1294,60.2244,1.0465,-1.0226,1.2161,0.1505,62.048,60.1444,1.1966,0.1885,62.1678,59.902,1.0216,0.3257,0.0004,0.0,-0.0015,0.0015,0.463,1.074,61.037,59.8166,1.02,1.1663,0
42.187,62.0833,60.2726,1.0519,-1.1757,1.1043,0.107,62.048,60.1444,1.1966,0.1965,62.1228,59.9417,1.0251,0.3343,-0.0,0.0007,0.0008,0.001,0.461,1.078,60.4668,60.1447,1.035,1.6217,0
42.228,62.0299,60.3149,1.0567,-1.3674,0.9436,0.1085,62.0238,60.3565,1.0688,0.0437,62.0786,60.038,1.0383,0.2817,0.0002,-0.0,0.0,0.0002,0.471,1.059,60.4668,60.1447,1.035,1.5725,0
42.27,61.9685,60.3507,1.0601,-1.5603,0.7932,0.0567,62.0238,60.3565,1.0688,0.0562,62.0188,60.0668,1.0413,0.2889,0.0008,-0.0005,0.0003,0.001,0.495,1.011,60.3226,60.3045,1.048,1.6466,0
42.311,61.8987,60.3804,1.0615,-1.7736,0.6513,0.0152,62.0238,60.3565,1.0688,0.1276,61.9725,60.0814,1.0417,0.3086,0.0005,-0.0007,-0.0005,0.001,0.462,1.077,60.3065,60.326,1.048,1.5932,0
42.353,61.8199,60.405,1.0614,-1.9885,0.5447,-0.012,61.8889,60.4234,1.0586,0.0715,61.8886,60.1667,1.0441,0.2486,0.0,0.001,-0.0001,0.001,0.493,1.015,60.2762,60.3938,1.048,1.5437,0
42.395,61.7326,60.4263,1.0596,-2.1685,0.493,-0.0883,61.8889,60.4234,1.0586,0.1563,61.8304,60.1776,1.0425,0.2678,0.0007,-0.0005,-0.0004,0.001,0.519,0.962,60.7122,60.6035,1.048,1.0358,0
42.436,61.6374,60.4464,1.0566,-2.384,0.4814,-0.0424,61.7355,60.4147,1.1352,0.1296,61.7372,60.2329,1.0522,0.2357,0.0003,-0.0007,-0.0008,0.0011,0.486,1.028,60.1096,60.5649,1.048,1.5324,0
42.478,61.5338,60.4671,1.0554,-2.5659,0.5144,-0.0237,61.7355,60.4147,1.1352,0.2232,61.6692,60.2436,1.0501,0.2614,0.0002,0.0004,0.0006,0.0007,0.518,0.964,60.2311,60.7017,1.048,1.3236,0
42.519,61.4236,60.4902,1.0544,-2.7008,0.5984,-0.0196,61.7355,60.4147,1.1352,0.3309,61.5595,60.262,1.0472,0.2657,-0.0001,-0.0,0.0003,0.0003,0.488,1.025,60.0805,60.771,1.016,1.3726,0
42.561,61.3091,60.5181,1.0541,-2.7749,0.7263,-0.0121,61.2782,60.7371,1.2207,0.2769,61.4571,60.3549,1.0813,0.222,-0.0004,0.0011,-0.0015,0.0019,0.53,0.94,59.9872,60.6949,1.016,1.3343,0
42.603,61.1929,60.5516,1.0527,-2.7961,0.8758,-0.04,61.2782,60.7371,1.2207,0.2644,61.3463,60.3837,1.0807,0.2291,0.0001,-0.0001,0.0009,0.0009,0.58,0.839,59.8518,60.8016,0.992,1.3655,0
42.644,61.0768,60.5919,1.0506,-2.7679,1.0531,-0.0404,61.2782,60.7371,1.2207,0.3009,61.2724,60.4079,1.0796,0.2701,-0.0,-0.0001,0.0001,0.0001,0.612,0.776,60.2983,60.7407,1.016,0.7933,0
42.686,60.9631,60.6398,1.0487,-2.6898,1.2227,-0.0656,60.8899,60.4562,1.0716,0.1991,61.1201,60.4541,1.0747,0.2446,0.0006,-0.0003,0.0014,0.0016,0.597,0.806,59.9986,60.8421,0.992,0.9872,0
42.727,60.8541,60.6949,1.0461,-2.5511,1.3983,-0.0573,60.8899,60.4562,1.0716,0.2427,61.0537,60.4888,1.0725,0.2882,-0.0003,0.0005,-0.0012,0.0013,0.624,0.752,60.0607,60.8172,0.992,0.8046,0
42.769,60.7518,60.7566,1.044,-2.3685,1.5438,-0.0466,60.8899,60.4562,1.0716,0.3318,60.9615,60.5485,1.0698,0.2966,-0.0006,0.0008,-0.0011,0.0015,0.573,0.855,59.6553,60.8836,0.993,1.1051,0
42.811,60.6566,60.8229,1.0396,-2.1985,1.6325,-0.1246,60.7031,60.809,0.9439,0.1073,60.8622,60.6362,1.0403,0.2777,0.0004,0.0009,-0.0005,0.0011,0.605,0.79,59.7384,60.9107,0.993,0.9236,0
42.852,60.5699,60.8926,1.0342,-1.984,1.7019,-0.1316,60.7031,60.809,0.9439,0.1814,60.7876,60.7055,1.0323,0.287,-0.0009,0.0004,-0.0005,0.0011,0.622,0.756,59.78,60.9069,0.993,0.7912,0
42.894,60.4919,60.9645,1.0286,-1.7873,1.7405,-0.1404,60.4915,61.1442,0.9456,0.1979,60.6891,60.8187,1.0204,0.2454,0.0001,0.0,0.0008,0.0008,0.553,0.893,59.7866,60.9037,0.993,0.7088,0
42.935,60.4214,61.0372,1.0226,-1.6239,1.741,-0.1596,60.4915,61.1442,0.9456,0.1493,60.6303,60.8891,1.0148,0.2562,-0.0006,0.0006,0.0002,0.0009,0.559,0.881,59.516,60.9864,0.998,0.9072,0
42.977,60.3568,61.1091,1.016,-1.4945,1.7098,-0.1505,60.4915,61.1442,0.9456,0.1559,60.5959,60.9356,1.0105,0.2954,-0.0007,-0.0001,0.0002,0.0007,0.559,0.882,59.516,60.9864,0.998,0.85,0
43.019,60.2967,61.1791,1.0103,-1.4116,1.6521,-0.1326,60.4781,61.017,1.2148,0.3178,60.5193,61.004,1.0426,0.285,-0.0004,0.0003,-0.0013,0.0014,0.528,0.944,59.5226,60.9876,0.998,0.7975,0
43.06,60.2389,61.2462,1.0047,-1.3698,1.574,-0.1423,60.4781,61.017,1.2148,0.3923,60.4871,61.0449,1.0396,0.3215,-0.0003,-0.0012,0.0009,0.0015,0.528,0.944,59.2469,61.0365,0.992,1.014,0
43.102,60.1822,61.3095,0.999,-1.3631,1.4693,-0.118,60.4781,61.017,1.2148,0.4687,60.4403,61.1021,1.0349,0.3331,0.0004,-0.0004,-0.0006,0.0008,0.527,0.947,58.8856,61.0122,1.012,1.3302,0
43.143,60.1243,61.3678,0.996,-1.4248,1.3374,-0.0259,60.2407,61.421,0.8141,0.2224,60.3731,61.1844,0.9927,0.3091,-0.0,-0.0006,-0.0006,0.0008,0.462,1.075,58.8942,61.0617,1.012,1.2677,0
43.185,60.0622,61.4205,0.9965,-1.5486,1.2068,0.0352,60.2407,61.421,0.8141,0.2552,60.3206,61.2275,0.9935,0.3226,0.0008,0.0003,0.0006,0.0011,0.38,1.24,58.9161,61.1172,1.012,1.1857,0
43.227,59.9939,61.4678,0.9989,-1.7184,1.0771,0.0702,60.0733,61.3395,0.8684,0.1995,60.2386,61.2778,0.9726,0.3109,-0.0003,0.0004,0.0004,0.0006,0.399,1.202,58.9227,61.1299,1.012,1.1233,0
43.268,59.9177,61.5095,1.0026,-1.9215,0.94,0.0952,60.0733,61.3395,0.8684,0.2667,60.1691,61.3125,0.9765,0.3205,-0.0,-0.0008,0.0006,0.001,0.415,1.17,58.7067,61.1512,1.011,1.2629,0
43.31,59.8329,61.546,1.0058,-2.125,0.8245,0.0576,60.0733,61.3395,0.8684,0.3454,60.1163,61.3316,0.9789,0.3564,0.0001,0.0006,0.0011,0.0013,0.428,1.143,58.7105,61.1662,1.011,1.185,0
43.351,59.7396,61.5779,1.0071,-2.3383,0.7137,0.0224,59.7043,61.5276,0.8336,0.1841,59.9691,61.3897,0.9531,0.3016,-0.0004,0.0009,0.0009,0.0013,0.394,1.212,58.438,61.1765,0.995,1.3622,0
43.393,59.6371,61.6047,1.0083,-2.556,0.5923,0.0227,59.7043,61.5276,0.8336,0.2024,59.9046,61.4024,0.9531,0.34,0.0004,-0.0003,-0.0005,0.0007,0.413,1.173,58.4366,61.1952,0.995,1.2684,0
43.435,59.5263,61.6271,1.0087,-2.7359,0.4973,-0.0014,59.4597,61.6028,0.9289,0.1067,59.7435,61.4561,0.9517,0.2822,0.0001,-0.0002,0.0007,0.0007,0.388,1.223,58.1526,61.1656,0.997,1.4492,0
43.476,59.4086,61.646,1.0094,-2.8918,0.4203,0.0278,59.4597,61.6028,0.9289,0.1047,59.6695,61.465,0.9523,0.3227,0.0004,-0.0,-0.0002,0.0004,0.411,1.178,58.1458,61.1874,0.997,1.3435,0
43.518,59.2853,61.6621,1.0106,-3.008,0.3616,0.027,59.3469,61.5766,1.1401,0.167,59.52,61.4981,0.9837,0.2875,-0.0003,0.0002,-0.0005,0.0006,0.445,1.109,58.1358,61.2275,0.997,1.229,0
43.559,59.158,61.6764,1.0112,-3.0885,0.3309,0.0074,59.3469,61.5766,1.1401,0.2495,59.4408,61.5052,0.9843,0.3316,-0.0005,0.0004,0.0003,0.0007,0.464,1.071,58.1287,61.2615,0.997,1.1098,0
43.601,59.0282,61.6898,1.0116,-3.1336,0.3176,0.0145,59.3469,61.5766,1.1401,0.3619,59.319,61.5149,0.985,0.3404,0.0001,-0.0001,0.0003,0.0003,0.453,1.094,57.7526,61.2486,1.001,1.3497,0
43.643,58.8974,61.7031,1.0127,-3.1367,0.3231,0.0441,59.0064,61.6712,0.7875,0.2522,59.1998,61.5488,0.9512,0.345,-0.0007,0.0014,-0.0002,0.0016,0.472,1.055,57.7381,61.2797,1.001,1.2342,0
43.684,58.7671,61.7172,1.0158,-3.118,0.352,0.0906,59.0064,61.6712,0.7875,0.3339,59.0805,61.5599,0.9538,0.356,-0.0,0.0006,-0.0004,0.0007,0.496,1.009,57.4594,61.2889,1.018,1.376,0
43.726,58.6376,61.7327,1.0201,-3.1016,0.3902,0.1076,59.0064,61.6712,0.7875,0.4403,59.0015,61.5684,0.9566,0.4043,-0.0001,-0.0003,0.0014,0.0014,0.455,1.091,57.4516,61.3042,1.018,1.2611,0
43.767,58.5085,61.7499,1.0245,-3.0983,0.4309,0.097,58.6362,61.613,1.0576,0.1901,58.834,61.5906,0.9785,0.3653,-0.0003,0.0002,-0.0003,0.0005,0.486,1.029,57.439,61.328,1.018,1.1497,0
43.809,58.3794,61.7688,1.0279,-3.0961,0.4712,0.0642,58.6362,61.613,1.0576,0.3018,58.7568,61.6019,0.981,0.4152,-0.0004,-0.0009,-0.0009,0.0013,0.449,1.102,57.1912,61.2986,1.007,1.278,0
43.851,58.2503,61.7892,1.0301,-3.1025,0.5021,0.0477,58.6362,61.613,1.0576,0.4251,58.6409,61.6206,0.9835,0.4279,0.0009,-0.0001,-0.0013,0.0016,0.47,1.06,57.1893,61.3022,1.007,1.1677,0
43.892,58.1207,61.8106,1.0318,-3.1202,0.5233,0.0318,58.179,61.7964,1.0903,0.0839,58.4857,61.6598,1.0025,0.396,0.0009,-0.0006,-0.001,0.0015,0.482,1.036,57.1862,61.3077,1.007,1.0614,0
43.934,57.9904,61.8327,1.0329,-3.129,0.5344,0.0246,58.179,61.7964,1.0903,0.2004,58.3689,61.6789,1.0036,0.4096,-0.0001,-0.0004,0.0006,0.0007,0.488,1.024,56.9537,61.3006,0.997,1.1659,0
43.975,57.8601,61.8551,1.0335,-3.1222,0.538,0.0136,58.179,61.7964,1.0903,0.3291,58.2909,61.6919,1.0039,0.4615,-0.0002,0.0005,-0.0006,0.0008,0.468,1.063,56.9534,61.3011,0.997,1.0632,0
44.017,57.7303,61.8773,1.0337,-3.1127,0.525,-0.0047,57.7193,61.7962,1.1079,0.1105,58.0721,61.7315,1.0236,0.3717,0.0007,-0.0005,0.0016,0.0018,0.474,1.052,56.9425,61.3197,0.997,0.9658,0
44.059,57.601,61.8985,1.0334,-3.0899,0.496,-0.0108,57.7193,61.7962,1.1079,0.1732,57.9937,61.7442,1.0236,0.4221,-0.0001,-0.0001,-0.0016,0.0016,0.472,1.057,56.7019,61.2787,0.998,1.0926,0
44.1,57.4732,61.9184,1.0327,-3.044,0.4614,-0.01,57.4142,61.7855,0.9818,0.154,57.7915,61.7668,1.0153,0.3529,0.0006,-0.0012,-0.0005,0.0014,0.458,1.084,56.677,61.3196,0.998,0.9969,0
44.142,57.3477,61.9367,1.0326,-2.9883,0.4192,-0.0013,57.4142,61.7855,0.9818,0.1727,57.7169,61.7772,1.0151,0.4026,-0.0001,-0.0001,-0.0011,0.0011,0.455,1.09,56.6735,61.336,0.998,0.9035,0
44.183,57.2246,61.9532,1.0326,-2.9239,0.3764,0.0049,57.4142,61.7855,0.9818,0.2581,57.6078,61.7906,1.015,0.4166,-0.001,0.0001,0.001,0.0014,0.46,1.081,56.4283,61.3078,1.016,1.0251,0
44.225,57.1042,61.9678,1.0331,-2.8625,0.3328,0.0133,57.1269,61.99,0.9507,0.0883,57.4523,61.8332,1.0077,0.374,-0.0001,-0.0006,0.0009,0.0011,0.443,1.114,56.4124,61.3422,1.016,0.9329,0
44.267,56.9863,61.9806,1.0336,-2.8048,0.2842,0.0146,57.1269,61.99,0.9507,0.1636,57.3477,61.8429,1.0094,0.3876,-0.001,0.0019,-0.001,0.0024,0.454,1.091,56.4155,61.3729,1.016,0.8338,0
44.308,56.8707,61.9915,1.0337,-2.7494,0.2442,-0.0176,57.0903,61.9409,1.0453,0.2257,57.242,61.8628,1.0093,0.3937,0.0004,0.0004,-0.0003,0.0006,0.451,1.098,56.1079,61.3267,0.986,1.0129,0
44.35,56.7575,62.0008,1.0331,-2.6913,0.2047,-0.0081,57.0903,61.9409,1.0453,0.3384,57.1425,61.868,1.0065,0.4082,-0.0001,-0.0001,-0.0005,0.0006,0.455,1.09,56.0987,61.3598,0.986,0.9204,0
44.391,56.6464,62.0083,1.0331,-2.6488,0.163,0.0023,57.0903,61.9409,1.0453,0.4492,57.0779,61.8702,1.005,0.4539,0.0001,-0.001,-0.0006,0.0012,0.447,1.105,56.1084,61.3847,0.986,0.8249,0
44.433,56.5369,62.0143,1.0333,-2.6117,0.131,0.0063,56.4586,61.9883,1.0771,0.0934,56.8738,61.8993,1.0169,0.3564,-0.0003,-0.0002,-0.0,0.0003,0.458,1.084,55.8333,61.3387,1.001,0.976,0
44.475,56.4289,62.0192,1.0336,-2.5721,0.1057,0.0065,56.4586,61.9883,1.0771,0.0611,56.8092,61.9014,1.0161,0.3985,-0.0006,-0.0005,0.0005,0.0009,0.456,1.088,55.8367,61.3658,1.001,0.8825,0
44.516,56.3226,62.023,1.0339,-2.5372,0.0811,0.0065,56.4586,61.9883,1.0771,0.1469,56.714,61.9033,1.0148,0.4097,-0.0004,0.0006,0.0009,0.0012,0.451,1.099,55.5527,61.327,1.008,1.0383,0
44.558,56.2176,62.026,1.0342,-2.5068,0.0607,0.0058,56.384,62.1216,1.0973,0.202,56.5924,61.944,1.0279,0.3837,0.0001,-0.0008,-0.0012,0.0015,0.436,1.127,55.5503,61.3402,1.008,0.9572,0
44.599,56.1136,62.0278,1.0345,-2.4872,0.0288,0.0119,56.384,62.1216,1.0973,0.293,56.4989,61.9449,1.0265,0.3942,-0.0003,0.0007,0.0004,0.0008,0.417,1.165,55.5556,61.3614,1.008,0.8696,0
44.641,56.0105,62.0281,1.0352,-2.464,-0.012,0.019,56.384,62.1216,1.0973,0.3901,56.4372,61.9444,1.0258,0.4349,-0.0004,0.0001,-0.0004,0.0005,0.424,1.152,55.5706,61.3716,1.008,0.7907,0
44.683,55.9086,62.0267,1.0354,-2.4298,-0.0501,-0.0184,56.0578,62.1426,0.991,0.1941,56.2821,61.9714,1.024,0.3778,-0.0008,-0.0011,-0.0002,0.0014,0.42,1.161,55.2552,61.3239,0.991,0.9606,0
44.724,55.8083,62.0238,1.0339,-2.3865,-0.0847,-0.0434,56.0578,62.1426,0.991,0.2796,56.2227,61.9674,1.0229,0.4184,0.0001,0.0003,0.0006,0.0006,0.403,1.194,55.2578,61.3446,0.991,0.8753,0
44.766,55.7098,62.0194,1.0321,-2.3473,-0.1254,-0.0445,55.7116,61.9612,0.869,0.1731,56.0566,61.9661,0.9954,0.3528,-0.0002,-0.0002,0.0009,0.0009,0.415,1.169,55.0132,61.2825,0.985,1.0151,0
44.807,55.6128,62.0132,1.0305,-2.3164,-0.1673,-0.0333,55.7116,61.9612,0.869,0.1963,55.9994,61.9615,0.9943,0.3917,0.0004,-0.0003,-0.0002,0.0006,0.419,1.162,55.0097,61.2955,0.985,0.9385,0
44.849,55.5165,62.0052,1.0293,-2.3067,-0.2122,-0.0261,55.7116,61.9612,0.869,0.2563,55.9145,61.9527,0.9931,0.403,0.001,0.0002,-0.0009,0.0014,0.402,1.197,55.0178,61.3278,0.985,0.8423,0
44.891,55.4203,61.9952,1.029,-2.3128,-0.2626,0.0267,55.4979,62.0577,0.9823,0.1099,55.7923,61.9667,0.9891,0.3752,0.0004,-0.0008,-0.0005,0.001,0.403,1.194,54.7223,61.2653,1.031,1.01,0
44.932,55.3235,61.9831,1.0315,-2.3364,-0.3132,0.089,55.4979,62.0577,0.9823,0.1959,55.7074,61.9544,0.9909,0.3872,-0.0001,-0.0003,-0.0002,0.0004,0.411,1.178,54.4668,61.2047,1.045,1.1576,0
44.974,55.2251,61.969,1.036,-2.3875,-0.3602,0.1187,55.4979,62.0577,0.9823,0.2918,55.6498,61.9447,0.9937,0.4275,-0.0005,0.0004,0.001,0.0011,0.416,1.168,54.4543,61.2177,1.045,1.0764,0
45.015,55.1239,61.9529,1.041,-2.462,-0.4052,0.1095,55.2528,61.7818,1.1126,0.2259,55.4888,61.9075,1.017,0.3685,-0.0005,0.0005,-0.0009,0.0011,0.434,1.131,54.4338,61.274,1.045,0.9681,0
45.057,55.0196,61.9351,1.045,-2.5399,-0.4453,0.0875,55.2528,61.7818,1.1126,0.2872,55.4249,61.8966,1.0191,0.408,0.0007,0.0014,0.0008,0.0017,0.441,1.119,54.4334,61.2601,1.045,0.894,0
45.099,54.9121,61.916,1.0483,-2.6066,-0.4677,0.0715,55.2528,61.7818,1.1126,0.3717,55.3255,61.8787,1.0215,0.4159,0.0002,0.0,0.0005,0.0006,0.432,1.137,54.1157,61.1845,1.023,1.0817,0
45.14,54.8025,61.8963,1.0504,-2.6499,-0.4732,0.0252,54.7116,61.8756,1.1425,0.1311,55.1547,61.8705,1.0465,0.3532,0.0007,-0.0006,0.0013,0.0015,0.442,1.116,54.092,61.2129,1.023,0.9862,0
45.182,54.6912,61.8766,1.0507,-2.685,-0.474,-0.0017,54.7116,61.8756,1.1425,0.094,55.0521,61.8536,1.0468,0.3617,0.0002,-0.0004,0.0001,0.0004,0.448,1.104,54.0828,61.2432,1.023,0.8787,0
45.223,54.5788,61.8569,1.0505,-2.7052,-0.4681,-0.0127,54.7116,61.8756,1.1425,0.1626,54.9828,61.8424,1.0465,0.4043,0.0007,-0.0004,-0.0006,0.001,0.466,1.069,53.8211,61.1527,1.008,1.0353,0
45.265,54.466,61.8377,1.0491,-2.7097,-0.4562,-0.0446,54.5094,61.9596,1.0675,0.1307,54.8017,61.8416,1.0503,0.3358,-0.0004,0.0001,0.0003,0.0005,0.468,1.064,53.8032,61.1856,1.008,0.9306,0
45.307,54.3532,61.819,1.0473,-2.7026,-0.4403,-0.0377,54.5094,61.9596,1.0675,0.2111,54.7332,61.83,1.0491,0.3802,0.0005,-0.0001,-0.0003,0.0006,0.471,1.058,53.5715,61.1286,1.028,1.0431,0
45.348,54.2408,61.8012,1.0459,-2.6921,-0.417,-0.0305,54.3559,61.7425,1.0248,0.1309,54.5713,61.7991,1.0456,0.3305,0.0005,-0.0001,-0.0003,0.0006,0.482,1.036,53.5458,61.1753,1.028,0.9355,0
45.39,54.1289,61.7843,1.0448,-2.6812,-0.3937,-0.0244,54.3559,61.7425,1.0248,0.2317,54.5042,61.7889,1.0454,0.3754,0.0009,0.0004,0.0001,0.001,0.485,1.029,53.5471,61.1898,1.028,0.832,0
45.431,54.0175,61.7686,1.0437,-2.6645,-0.3651,-0.0368,53.7796,61.6187,1.2074,0.3254,54.295,61.7452,1.0732,0.28,-0.0001,0.0001,0.0003,0.0004,0.489,1.022,53.2752,61.1615,1.017,0.9594,0
45.473,53.9068,61.754,1.0413,-2.6501,-0.3383,-0.068,53.7796,61.6187,1.2074,0.2491,54.2292,61.7358,1.0725,0.3243,-0.0003,0.0002,-0.0008,0.0009,0.493,1.014,53.2752,61.1615,1.017,0.8664,0
45.515,53.7969,61.7406,1.0382,-2.6279,-0.3047,-0.0753,53.7796,61.6187,1.2074,0.2092,54.1311,61.723,1.0706,0.3362,0.0002,0.0003,0.0003,0.0004,0.494,1.012,53.2824,61.1826,1.017,0.7593,0
45.556,53.688,61.7289,1.0351,-2.5994,-0.2633,-0.08,53.7813,61.5934,1.1149,0.1829,54.0117,61.6957,1.0791,0.3284,0.0003,-0.001,0.0007,0.0013,0.494,1.012,53.3001,61.1865,1.017,0.667,0
45.598,53.5807,61.7189,1.0314,-2.5524,-0.2188,-0.0937,53.7813,61.5934,1.1149,0.251,53.916,61.6873,1.0775,0.34,0.0007,-0.0008,0.0002,0.0011,0.503,0.995,53.0179,61.1401,1.028,0.8073,0
45.639,53.4757,61.7109,1.0274,-2.4947,-0.1712,-0.095,53.7813,61.5934,1.1149,0.3389,53.8539,61.6831,1.0761,0.3824,0.0004,0.0004,-0.0003,0.0006,0.502,0.996,53.0348,61.149,1.028,0.7142,0
45.681,53.373,61.7047,1.0234,-2.4381,-0.1322,-0.1024,53.569,61.7161,1.1742,0.2476,53.7175,61.6845,1.0886,0.3511,-0.0006,-0.0002,-0.0007,0.001,0.487,1.025,52.7302,61.0935,1.035,0.8871,0
45.723,53.2727,61.7001,1.0189,-2.3859,-0.094,-0.1064,53.569,61.7161,1.1742,0.3349,53.6583,61.6829,1.0863,0.3918,0.0005,-0.0001,-0.0003,0.0006,0.486,1.027,52.7419,61.1111,1.035,0.793,0
45.764,53.1742,61.6967,1.0147,-2.345,-0.0741,-0.0974,53.1389,61.8019,1.0908,0.1346,53.4886,61.6976,1.0845,0.322,-0.0004,0.001,-0.0005,0.0012,0.439,1.122,52.7673,61.105,1.035,0.7184,0
45.806,53.0773,61.6937,1.0108,-2.3115,-0.0694,-0.0923,53.1389,61.8019,1.0908,0.148,53.4305,61.696,1.0827,0.3604,-0.0,-0.0001,-0.0006,0.0006,0.444,1.112,52.4715,61.0883,1.046,0.8572,0
45.847,52.9817,61.6906,1.0071,-2.2833,-0.0812,-0.0824,53.1389,61.8019,1.0908,0.21,53.3448,61.6936,1.0802,0.3705,-0.0004,-0.0008,-0.0006,0.0011,0.448,1.104,52.483,61.0968,1.046,0.7764,0
45.889,52.8869,61.6866,1.0039,-2.2669,-0.1115,-0.0683,52.8415,61.5684,1.0781,0.1467,53.2088,61.6708,1.0766,0.3304,-0.0004,0.0005,0.0007,0.001,0.458,1.085,52.4989,61.0838,1.046,0.7181,0
45.931,52.7929,61.6811,1.0016,-2.2441,-0.1491,-0.0464,52.8415,61.5684,1.0781,0.1446,53.1256,61.6661,1.0745,0.3408,0.0001,-0.0,-0.0013,0.0013,0.449,1.102,52.172,61.0714,1.024,0.8706,0
45.972,52.7002,61.6742,0.9987,-2.2056,-0.1799,-0.0834,52.8415,61.5684,1.0781,0.1935,53.071,61.662,1.073,0.3783,-0.0003,0.0005,-0.0023,0.0023,0.453,1.094,52.1769,61.074,1.024,0.7967,0
46.014,52.6096,61.666,0.996,-2.1539,-0.2087,-0.0417,52.733,61.5923,0.8814,0.1839,52.9336,61.6385,1.0349,0.3276,-0.0004,0.0007,-0.0006,0.001,0.464,1.072,52.1871,61.07,1.024,0.7311,0
46.055,52.5206,61.6567,0.9948,-2.1217,-0.2349,-0.0269,52.733,61.5923,0.8814,0.2493,52.8817,61.6317,1.0336,0.3641,-0.0004,0.0005,0.0009,0.0011,0.456,1.088,51.808,61.0218,1.023,0.9549,0
46.097,52.4325,61.6463,0.9938,-2.1164,-0.2636,-0.025,52.5264,61.7525,1.1447,0.2071,52.7419,61.6417,1.0496,0.3144,-0.0007,-0.0003,-0.0014,0.0016,0.453,1.093,51.8124,61.0352,1.023,0.871,0
46.139,52.3437,61.6346,0.9927,-2.1468,-0.2923,-0.0318,52.5264,61.7525,1.1447,0.2653,52.6882,61.6334,1.0483,0.349,-0.0008,0.0002,-0.0006,0.001,0.445,1.109,51.5512,60.9863,1.002,1.0239,0
46.18,52.2531,61.6218,0.9908,-2.1986,-0.3229,-0.0517,52.5264,61.7525,1.1447,0.3398,52.6057,61.6196,1.0456,0.3568,0.0001,0.0009,0.0009,0.0013,0.458,1.085,51.5503,61.0085,1.002,0.9328,0
46.222,52.1598,61.6076,0.9886,-2.2771,-0.3563,-0.0519,52.2498,61.7369,0.9793,0.1578,52.4893,61.631,1.0318,0.3331,-0.0,0.0005,-0.0003,0.0006,0.454,1.092,51.5535,61.0112,1.002,0.8506,0
46.263,52.0631,61.5919,0.9864,-2.356,-0.3905,-0.0518,52.2498,61.7369,0.9793,0.2365,52.4001,61.6147,1.0282,0.3404,-0.0005,0.0001,-0.0015,0.0016,0.441,1.119,51.5609,61.0078,1.002,0.7705,0
46.305,51.9635,61.5749,0.984,-2.4093,-0.4203,-0.0644,51.905,61.6376,1.0407,0.1028,52.2646,61.6105,1.0298,0.3066,-0.0004,0.0005,-0.0005,0.0008,0.45,1.101,51.2889,60.9651,0.989,0.9095,0
46.347,51.8624,61.5569,0.981,-2.4413,-0.4437,-0.0784,51.905,61.6376,1.0407,0.1091,52.1716,61.5927,1.0261,0.3145,0.0006,0.0003,-0.0004,0.0008,0.447,1.107,51.299,60.9664,0.989,0.8162,0
46.388,51.7602,61.538,0.9777,-2.4604,-0.4598,-0.0772,51.905,61.6376,1.0407,0.1867,52.1087,61.5802,1.0234,0.3541,0.0003,-0.0012,0.0009,0.0016,0.457,1.086,51.3016,60.9603,0.989,0.7377,0
46.43,51.6578,61.5186,0.9748,-2.4502,-0.47,-0.0572,51.7052,61.6536,0.83,0.2036,51.9533,61.5791,0.9924,0.3021,0.0007,0.0,-0.0003,0.0007,0.46,1.08,51.0252,60.9125,1.003,0.8765,0
46.471,51.5562,61.4989,0.9729,-2.4275,-0.4723,-0.0388,51.7052,61.6536,0.83,0.2579,51.8912,61.5672,0.9918,0.3424,-0.0002,-0.0003,0.0001,0.0004,0.464,1.073,51.0371,60.9089,1.003,0.7865,0
46.513,51.4557,61.4791,0.9717,-2.3981,-0.4781,-0.012,51.4543,61.5335,0.9752,0.0544,51.7418,61.544,0.9866,0.2938,0.0001,-0.0001,-0.0015,0.0015,0.462,1.077,50.6965,60.8588,1.035,0.9824,0
46.555,51.3566,61.4591,0.9723,-2.3634,-0.4839,0.0293,51.4543,61.5335,0.9752,0.1229,51.683,61.5313,0.987,0.3347,-0.0013,-0.0009,0.0004,0.0017,0.469,1.062,50.6997,60.8656,1.035,0.8875,0
46.596,51.2585,61.4388,0.9743,-2.3491,-0.4907,0.0624,51.3577,61.4577,1.0589,0.1317,51.547,61.5015,1.0005,0.2964,0.001,0.0002,0.0006,0.0012,0.42,1.16,50.4381,60.8294,1.027,1.0233,0
46.638,51.1607,61.418,0.9764,-2.346,-0.5062,0.0439,51.3577,61.4577,1.0589,0.2171,51.4875,61.4882,1.0023,0.3352,0.0,-0.0004,0.0003,0.0005,0.432,1.135,50.4381,60.8294,1.027,0.9334,0
46.679,51.0627,61.3965,0.9781,-2.3589,-0.5261,0.0368,51.3577,61.4577,1.0589,0.3119,51.3981,61.4673,1.0044,0.3438,-0.0001,-0.0001,-0.0001,0.0002,0.449,1.102,50.4543,60.8302,1.027,0.8326,0
46.721,50.9641,61.3741,0.9795,-2.3724,-0.5446,0.0343,51.3577,61.4577,1.0589,0.4101,51.338,61.4528,1.0056,0.383,-0.0002,0.0015,0.001,0.0018,0.458,1.083,50.4585,60.8244,1.027,0.7484,0
46.763,50.8651,61.3512,0.981,-2.3758,-0.5506,0.0308,51.1984,61.4119,0.9716,0.3389,51.2268,61.4251,1.0017,0.3697,-0.0006,0.0004,0.0011,0.0013,0.451,1.099,50.1579,60.7849,1.012,0.9066,0
46.804,50.7663,61.3283,0.982,-2.3715,-0.5471,0.0195,51.1984,61.4119,0.9716,0.4403,51.1671,61.4104,1.0025,0.4097,0.0001,0.0005,-0.0006,0.0008,0.464,1.072,50.1658,60.7848,1.012,0.8105,0
46.846,50.6675,61.3057,0.9826,-2.3685,-0.5399,0.0054,50.7582,61.2848,1.1261,0.171,51.0193,61.3711,1.0242,0.3602,-0.0001,-0.0006,0.0023,0.0024,0.492,1.016,49.8562,60.7392,1.01,0.9899,0
46.887,50.569,61.2836,0.9823,-2.3615,-0.5175,-0.0138,50.7582,61.2848,1.1261,0.2376,50.961,61.3576,1.0242,0.4011,0.0,-0.0001,-0.0003,0.0004,0.454,1.092,49.8641,60.755,1.01,0.8815,0
46.929,50.4707,61.2628,0.9816,-2.3599,-0.4844,-0.0165,50.7582,61.2848,1.1261,0.3225,50.8737,61.3388,1.0237,0.4123,0.0004,-0.0003,0.0001,0.0005,0.474,1.053,49.8779,60.7583,1.01,0.779,0
46.971,50.3722,61.2433,0.9804,-2.365,-0.4563,-0.0455,50.4786,61.325,1.1921,0.2507,50.7461,61.3237,1.0555,0.3897,0.001,-0.0007,0.0005,0.0013,0.456,1.088,49.5418,60.6925,1.048,0.9988,0
47.012,50.2736,61.225,0.9787,-2.3674,-0.4252,-0.0349,50.4786,61.325,1.1921,0.3123,50.6576,61.3073,1.0552,0.4001,0.0005,0.0004,-0.0012,0.0013,0.477,1.045,49.5549,60.7141,1.048,0.8845,0
47.054,50.1747,61.2079,0.9774,-2.3812,-0.4005,-0.0293,50.1815,61.2202,1.0563,0.0801,50.5252,61.2836,1.0561,0.3671,0.0002,0.0007,0.0015,0.0017,0.503,0.994,49.5625,60.7152,1.048,0.789,0
47.095,50.075,61.1916,0.976,-2.4016,-0.3843,-0.0391,50.1815,61.2202,1.0563,0.1363,50.4361,61.2696,1.0566,0.3781,-0.0007,0.0002,0.0001,0.0008,0.466,1.068,49.2508,60.6501,1.045,0.9886,0
47.137,49.9743,61.1758,0.9743,-2.435,-0.3776,-0.0404,50.1815,61.2202,1.0563,0.2272,50.3759,61.2607,1.0567,0.4187,-0.0001,0.0002,-0.0006,0.0007,0.479,1.042,49.2557,60.6665,1.045,0.8836,0
47.179,49.8718,61.16,0.9728,-2.4827,-0.3809,-0.0316,49.9735,61.0742,1.096,0.1814,50.2202,61.2135,1.0621,0.3637,0.0004,-0.0006,-0.0015,0.0017,0.471,1.059,48.9757,60.5776,1.051,1.0715,0
47.22,49.7671,61.1439,0.9716,-2.5378,-0.3917,-0.0263,49.9735,61.0742,1.096,0.2509,50.1578,61.2037,1.0623,0.4055,-0.0003,0.0008,0.0001,0.0009,0.485,1.03,48.9713,60.5989,1.051,0.9679,0
47.262,49.66,61.1272,0.9705,-2.5971,-0.4094,-0.0265,49.65,61.3935,1.1306,0.3108,49.9862,61.2221,1.0728,0.3549,0.0005,-0.0009,-0.0012,0.0016,0.494,1.012,48.9836,60.6157,1.051,0.8518,0
47.303,49.5507,61.1098,0.9692,-2.6395,-0.4261,-0.0464,49.65,61.3935,1.1306,0.3412,49.92,61.2115,1.0726,0.3968,-0.0001,-0.0003,-0.0003,0.0004,0.502,0.995,48.6859,60.5023,1.005,1.0574,0
47.345,49.4402,61.0917,0.9657,-2.6615,-0.442,-0.1079,49.65,61.3935,1.1306,0.4029,49.819,61.1948,1.0702,0.4063,0.0005,0.0001,0.0003,0.0006,0.489,1.022,48.6873,60.5337,1.005,0.9379,0
47.387,49.3289,61.0727,0.9609,-2.6772,-0.4683,-0.1141,49.4173,61.0192,0.9541,0.1036,49.6905,61.1537,1.049,0.3809,0.0007,-0.001,-0.0007,0.0014,0.519,0.962,48.6938,60.5399,1.005,0.8301,0
47.428,49.2172,61.0526,0.9563,-2.6797,-0.4896,-0.1074,49.4173,61.0192,0.9541,0.2029,49.5905,61.135,1.0453,0.3925,-0.0004,-0.0002,-0.0001,0.0005,0.53,0.939,48.3975,60.4482,0.988,1.0189,0
47.47,49.1058,61.0319,0.9513,-2.6659,-0.5037,-0.1183,49.0619,60.9398,1.0936,0.1751,49.4387,61.0927,1.0472,0.3517,0.0004,0.0008,0.0006,0.0011,0.528,0.943,48.3997,60.4597,0.988,0.9096,0
47.511,48.9951,61.0106,0.9466,-2.6498,-0.5157,-0.1079,49.0619,60.9398,1.0936,0.1763,49.3395,61.0735,1.0421,0.3629,-0.0006,-0.0004,-0.0011,0.0013,0.54,0.921,48.4054,60.4686,0.988,0.802,0
47.553,48.8852,60.989,0.9424,-2.6289,-0.5198,-0.0967,49.0619,60.9398,1.0936,0.2378,49.274,61.0603,1.039,0.4069,-0.0005,0.0001,0.0023,0.0023,0.507,0.986,48.1307,60.3965,1.008,0.9615,0
47.595,48.7763,60.9674,0.9395,-2.5983,-0.5186,-0.0415,48.801,60.9664,0.8939,0.0519,49.0984,61.0242,1.0071,0.334,0.0003,-0.0007,-0.0004,0.0009,0.535,0.931,48.1516,60.4224,1.008,0.8318,0
47.636,48.6687,60.9458,0.9385,-2.5699,-0.5145,-0.0095,48.801,60.9664,0.8939,0.1411,49.0344,61.0108,1.0053,0.3774,-0.0005,-0.0001,-0.0014,0.0015,0.509,0.982,48.1516,60.4224,1.008,0.739,0
47.678,48.5625,60.9246,0.9385,-2.5296,-0.5073,-0.0213,48.7108,60.9572,1.0997,0.2215,48.8896,60.9808,1.0184,0.3414,-0.0002,0.0001,0.0001,0.0002,0.537,0.927,47.81,60.3424,0.979,0.9523,0
47.719,48.4582,60.9035,0.9367,-2.4805,-0.503,-0.0544,48.7108,60.9572,1.0997,0.3053,48.8274,60.9671,1.0161,0.3829,0.0001,-0.0003,-0.0004,0.0006,0.545,0.909,47.8126,60.3504,0.979,0.8512,0
47.761,48.3558,60.8828,0.9343,-2.4439,-0.4946,-0.0552,48.7108,60.9572,1.0997,0.3986,48.7362,60.9467,1.0118,0.3934,-0.0006,0.0006,-0.0006,0.001,0.499,1.002,47.5438,60.279,0.993,1.0136,0
47.803,48.2542,60.8624,0.9323,-2.4406,-0.4858,-0.0433,48.3419,60.9174,0.9056,0.1069,48.6081,60.9325,0.9955,0.3663,-0.0009,-0.0002,-0.0005,0.001,0.52,0.959,47.543,60.2951,0.993,0.9117,0
47.844,48.1522,60.8422,0.9306,-2.4521,-0.4855,-0.0399,48.3419,60.9174,0.9056,0.2056,48.517,60.9143,0.9934,0.377,-0.0004,0.0005,0.0012,0.0014,0.535,0.93,47.5503,60.3017,0.993,0.8113,0
47.886,48.0498,60.822,0.9291,-2.4628,-0.4837,-0.0259,48.1744,60.6638,0.8763,0.2082,48.3991,60.857,0.9694,0.3534,-0.0007,-0.0008,0.0009,0.0014,0.563,0.873,47.5551,60.3006,0.993,0.7215,0
47.927,47.9472,60.8019,0.929,-2.4604,-0.4772,0.0125,48.1744,60.6638,0.8763,0.2711,48.305,60.8368,0.9674,0.3616,0.0001,-0.0012,-0.0004,0.0013,0.533,0.934,47.1949,60.1875,0.999,0.9738,0
47.969,47.845,60.7824,0.9301,-2.4424,-0.4601,0.0329,48.1744,60.6638,0.8763,0.3542,48.2426,60.8238,0.9669,0.4014,-0.0002,-0.0003,-0.0009,0.0009,0.543,0.913,47.1948,60.2034,0.999,0.8734,0
48.011,47.7437,60.7637,0.9318,-2.4279,-0.4427,0.0446,47.8073,60.8522,0.9153,0.1102,48.0839,60.8109,0.9597,0.3447,-0.0004,-0.0004,-0.0006,0.0008,0.51,0.98,47.1984,60.2083,0.999,0.7812,0
48.052,47.6427,60.7454,0.9342,-2.4186,-0.4356,0.0719,47.8073,60.8522,0.9153,0.1971,48.0237,60.7992,0.9605,0.3857,-0.0008,-0.0003,0.0001,0.0009,0.521,0.959,46.8976,60.1085,1.015,0.9835,0
48.094,47.542,60.7272,0.9375,-2.4184,-0.4407,0.083,47.5902,60.9872,0.9012,0.2669,47.8687,60.8171,0.9536,0.3392,-0.0001,-0.0003,0.0007,0.0008,0.516,0.968,46.8983,60.1261,1.015,0.8842,0
48.135,47.4409,60.7085,0.9414,-2.4338,-0.4597,0.1032,47.5902,60.9872,0.9012,0.3188,47.8077,60.8057,0.9558,0.3797,0.0001,0.0007,0.0017,0.0019,0.468,1.064,46.6236,60.0191,1.015,1.0717,0
48.177,47.339,60.6884,0.946,-2.4591,-0.501,0.1113,47.5902,60.9872,0.9012,0.3929,47.7151,60.7873,0.9601,0.3892,-0.0005,-0.0006,-0.0004,0.0009,0.484,1.032,46.3754,59.9268,1.01,1.2299,0
48.219,47.2357,60.6663,0.9506,-2.4975,-0.5569,0.1098,47.3452,60.4806,0.958,0.2158,47.596,60.7242,0.9613,0.3651,-0.0001,0.0009,-0.0,0.0009,0.518,0.963,46.3652,59.936,1.01,1.1378,0
48.26,47.1303,60.6416,0.9551,-2.5574,-0.6215,0.1038,47.3452,60.4806,0.958,0.2686,47.5001,60.7012,0.9652,0.3747,0.0001,-0.0004,-0.0005,0.0006,0.491,1.018,46.3444,59.9708,1.01,1.0347,0
48.302,47.0222,60.6142,0.9591,-2.6224,-0.6878,0.0894,47.3452,60.4806,0.958,0.3496,47.4342,60.6838,0.9676,0.4179,0.0003,0.0002,0.0007,0.0008,0.504,0.992,46.3442,59.9812,1.01,0.929,0
48.343,46.9117,60.5842,0.9624,-2.6744,-0.7425,0.0663,46.8979,60.569,0.9828,0.029,47.2507,60.6411,0.9743,0.344,0.0001,0.0003,-0.0001,0.0003,0.483,1.035,46.0815,59.9332,1.001,1.0557,0
48.385,46.7996,60.5524,0.9646,-2.7,-0.7797,0.0483,46.8979,60.569,0.9828,0.1014,47.1827,60.6213,0.9759,0.3894,0.0001,-0.0006,0.0009,0.001,0.498,1.003,46.0748,59.9441,1.001,0.9469,0
48.427,46.6868,60.5193,0.9665,-2.7112,-0.8031,0.0429,46.6604,60.6558,1.1118,0.2011,47.0054,60.6029,1.0015,0.3312,0.0001,0.0002,-0.0003,0.0003,0.448,1.103,46.0711,59.9652,1.001,0.829,0
48.468,46.5738,60.4855,0.9677,-2.7077,-0.8178,0.0217,46.6604,60.6558,1.1118,0.2393,46.937,60.5825,1.0026,0.3775,0.0001,0.0002,0.0006,0.0006,0.465,1.069,46.0738,59.9666,1.001,0.7214,0
48.51,46.4618,60.4513,0.9684,-2.671,-0.8231,0.0065,46.6604,60.6558,1.1118,0.3191,46.8353,60.5515,1.0036,0.3883,0.0005,0.0007,0.0003,0.0009,0.487,1.025,45.7915,59.9016,0.991,0.8671,0
48.551,46.3518,60.4171,0.9683,-2.6099,-0.8137,-0.0017,46.3825,60.398,0.9203,0.0601,46.6983,60.5005,0.9887,0.357,0.0007,-0.0007,0.0015,0.0018,0.514,0.972,45.788,59.9123,0.991,0.7571,0
48.593,46.2446,60.3838,0.9688,-2.5439,-0.787,0.0181,46.3825,60.398,0.9203,0.1468,46.602,60.4677,0.9887,0.3677,0.0006,0.0002,-0.0006,0.0008,0.497,1.005,45.7895,59.9115,0.991,0.6562,0
48.635,46.1402,60.3519,0.9697,-2.4714,-0.7469,0.0234,46.3825,60.398,0.9203,0.2515,46.5399,60.4469,0.9892,0.4113,0.0,-0.0009,0.001,0.0013,0.51,0.98,45.5105,59.8672,1.013,0.7958,0
48.676,46.0391,60.322,0.9708,-2.389,-0.6891,0.0381,46.0961,60.3246,0.8077,0.1727,46.3783,60.4021,0.9596,0.3488,-0.0001,-0.001,0.0001,0.0011,0.529,0.942,45.2613,59.7692,1.045,0.9571,0
48.718,45.9413,60.2949,0.9732,-2.317,-0.6206,0.0725,46.0961,60.3246,0.8077,0.2286,46.3208,60.3857,0.9612,0.3904,-0.0004,0.001,0.0016,0.0019,0.49,1.02,45.2574,59.7768,1.045,0.8609,0
48.759,45.8458,60.2703,0.9768,-2.2747,-0.5678,0.094,46.0961,60.3246,0.8077,0.3069,46.2374,60.3641,0.965,0.4029,0.0007,-0.0007,0.0003,0.001,0.504,0.993,45.2558,59.7828,1.045,0.7684,0
48.801,45.7515,60.2476,0.9807,-2.2592,-0.5284,0.0937,45.8251,60.2724,0.9851,0.0778,46.1052,60.3325,0.9676,0.364,0.0006,-0.0002,-0.0001,0.0006,0.516,0.967,44.9936,59.6911,1.027,0.9414,0
48.843,45.6571,60.2262,0.9847,-2.2755,-0.5043,0.0992,45.8251,60.2724,0.9851,0.1743,46.0209,60.3138,0.9707,0.3745,-0.0006,0.0002,-0.0011,0.0013,0.506,0.988,44.9898,59.7077,1.027,0.8461,0
48.884,45.5614,60.2054,0.9891,-2.3144,-0.4974,0.1071,45.8251,60.2724,0.9851,0.2721,45.9638,60.3019,0.973,0.4141,0.0003,-0.0016,0.0005,0.0017,0.471,1.057,44.9945,59.7165,1.027,0.7495,0
48.926,45.4641,60.1846,0.9934,-2.3508,-0.5035,0.0991,45.5785,60.1747,1.0443,0.1256,45.812,60.2652,0.9863,0.3572,-0.0005,-0.0003,-0.0003,0.0006,0.508,0.983,44.726,59.6397,1.019,0.9178,0
48.967,45.3655,60.1632,0.9974,-2.3787,-0.5204,0.0909,45.5785,60.1747,1.0443,0.2184,45.7523,60.2535,0.9877,0.3973,0.0002,0.0012,0.0004,0.0013,0.519,0.962,44.7256,59.6556,1.019,0.8171,0
49.009,45.2657,60.141,1.001,-2.4114,-0.5443,0.0846,45.5785,60.1747,1.0443,0.3176,45.6614,60.2349,0.9896,0.4069,0.0001,-0.0008,-0.0006,0.001,0.532,0.936,44.7374,59.6575,1.019,0.7164,0
49.051,45.1646,60.1178,1.0044,-2.4352,-0.5668,0.0759,45.2472,60.1784,1.1195,0.1542,45.5271,60.2097,1.0174,0.3742,-0.0004,0.0003,0.0001,0.0005,0.542,0.916,44.4264,59.5726,1.045,0.9186,0
49.092,45.0627,60.0938,1.0073,-2.4554,-0.5805,0.0672,45.2472,60.1784,1.1195,0.232,45.4336,60.1882,1.02,0.3829,0.0001,0.0012,-0.001,0.0015,0.538,0.925,44.4349,59.5881,1.045,0.8071,0
49.134,44.9597,60.0693,1.01,-2.4833,-0.5991,0.0596,45.2472,60.1784,1.1195,0.3265,45.3705,60.1735,1.0216,0.424,0.0014,-0.0006,0.0003,0.0016,0.473,1.053,44.4402,59.5852,1.045,0.7109,0
49.175,44.8557,60.0437,1.013,-2.5049,-0.6262,0.0872,44.9918,60.0456,0.9887,0.1382,45.2098,60.1266,1.0126,0.3636,0.0003,-0.0004,-0.0007,0.0008,0.516,0.968,44.4464,59.5673,1.045,0.6289,0
49.217,44.7514,60.017,1.0169,-2.4974,-0.6511,0.094,44.9918,60.0456,0.9887,0.2437,45.1458,60.11,1.0138,0.4052,-0.0001,-0.0001,0.0014,0.0014,0.529,0.942,44.119,59.5259,1.038,0.801,0
49.259,44.648,59.9895,1.0206,-2.4698,-0.664,0.0747,44.7131,59.9943,1.0837,0.0908,44.983,60.0661,1.0313,0.3438,0.0001,-0.0002,-0.0004,0.0005,0.498,1.005,44.1216,59.5184,1.038,0.7067,0
49.3,44.5458,59.9618,1.0235,-2.4333,-0.664,0.0695,44.7131,59.9943,1.0837,0.1807,44.9207,60.0487,1.0329,0.3849,-0.0008,0.0003,-0.0,0.0009,0.514,0.972,43.8489,59.4418,1.052,0.8701,0
49.342,44.4456,59.9343,1.0263,-2.3806,-0.6551,0.0612,44.5669,59.9534,1.1484,0.1731,44.7801,60.0112,1.0533,0.3442,-0.0003,-0.0004,0.0,0.0005,0.543,0.914,43.8567,59.4323,1.052,0.7743,0
49.383,44.3477,59.9074,1.0287,-2.3288,-0.6408,0.0548,44.5669,59.9534,1.1484,0.254,44.7219,59.9949,1.0543,0.3852,-0.0002,0.0003,0.0003,0.0005,0.552,0.895,43.8572,59.4236,1.052,0.6893,0
49.425,44.2517,59.881,1.0309,-2.285,-0.6237,0.0478,44.5669,59.9534,1.1484,0.3441,44.6368,59.9712,1.0554,0.3963,0.0004,-0.0,0.0002,0.0004,0.493,1.014,43.5803,59.3464,1.06,0.8587,0
49.467,44.1573,59.8554,1.0328,-2.2512,-0.6097,0.0449,44.5669,59.9534,1.1484,0.4368,44.5814,59.956,1.056,0.4364,0.0002,-0.0001,-0.0004,0.0004,0.506,0.987,43.5894,59.3412,1.06,0.7666,0
49.508,44.0639,59.8301,1.035,-2.2346,-0.6076,0.061,44.3004,59.9401,1.1297,0.2775,44.4504,59.9342,1.0655,0.4014,0.0002,0.0011,-0.0,0.0011,0.444,1.113,43.2365,59.2287,1.057,1.0231,0
49.55,43.971,59.8047,1.0374,-2.2276,-0.612,0.0577,44.3004,59.9401,1.1297,0.3679,44.3962,59.9201,1.0656,0.4415,0.0001,0.0,-0.0,0.0001,0.458,1.084,43.2406,59.2351,1.057,0.9264,0
49.591,43.878,59.7788,1.0399,-2.2374,-0.632,0.0589,43.9109,59.8162,1.0203,0.0535,44.2332,59.882,1.0612,0.3704,0.0004,-0.0004,-0.0009,0.0011,0.493,1.015,43.2592,59.2404,1.057,0.8204,0
49.633,43.7841,59.7517,1.0422,-2.2707,-0.6703,0.055,43.9109,59.8162,1.0203,0.1439,44.1774,59.8668,1.062,0.4103,0.0001,0.0009,-0.0009,0.0013,0.452,1.097,42.9674,59.1459,1.077,1.0174,0
49.675,43.6885,59.7224,1.045,-2.3165,-0.7329,0.0733,43.6217,59.7299,1.1453,0.1207,44.0089,59.8198,1.081,0.3368,-0.0001,-0.0003,0.0004,0.0006,0.496,1.009,42.9722,59.1626,1.077,0.9097,0
49.716,43.5907,59.6904,1.0468,-2.3737,-0.7959,0.0222,43.6217,59.7299,1.1453,0.1106,43.9506,59.8006,1.0827,0.3781,0.0002,-0.0002,0.0006,0.0007,0.51,0.981,42.6869,59.0095,1.055,1.1316,0
49.758,43.4902,59.6557,1.047,-2.4467,-0.8633,-0.007,43.6217,59.7299,1.1453,0.1802,43.8602,59.7688,1.0832,0.3885,0.0,-0.0004,0.0,0.0004,0.529,0.942,42.6772,59.034,1.055,1.0235,0
49.799,43.3862,59.6182,1.0462,-2.5375,-0.9315,-0.0213,43.4009,59.5358,1.0493,0.0837,43.7251,59.7067,1.0723,0.3512,0.0008,0.0003,0.0002,0.0008,0.529,0.942,42.681,59.0573,1.055,0.9011,0
49.841,43.2783,59.5779,1.0457,-2.631,-0.9927,-0.0088,43.4009,59.5358,1.0493,0.1296,43.6266,59.6681,1.0696,0.3606,-0.0006,0.0004,0.0011,0.0013,0.552,0.896,42.6986,59.0723,1.055,0.7693,0
49.883,43.167,59.5356,1.0457,-2.7027,-1.0304,0.0154,43.1748,59.5852,0.9315,0.1248,43.4921,59.636,1.0467,0.3403,0.0003,-0.0003,0.0007,0.0008,0.55,0.899,42.4157,58.9309,1.057,0.9645,0
49.924,43.0532,59.4922,1.0471,-2.7477,-1.0487,0.0424,43.1748,59.5852,0.9315,0.1918,43.3876,59.5967,1.0464,0.3503,0.0005,-0.0005,-0.0016,0.0017,0.574,0.851,42.429,58.9587,1.057,0.8212,0
49.966,42.9381,59.4484,1.0492,-2.7706,-1.05,0.0593,43.1748,59.5852,0.9315,0.2976,43.3167,59.5701,1.0469,0.3977,-0.0008,-0.0003,-0.0001,0.0008,0.587,0.826,42.4605,58.9703,1.057,0.6759,0
50.007,42.8229,59.405,1.0521,-2.7556,-1.0306,0.0777,43.1748,59.5852,0.9315,0.4133,43.2099,59.5307,1.0484,0.407,-0.0013,0.0003,0.0004,0.0014,0.568,0.864,42.1764,58.8717,1.041,0.8381,0
50.049,42.7091,59.3628,1.0547,-2.7042,-0.9974,0.0549,42.8364,59.598,1.1028,0.2718,43.0796,59.5154,1.0575,0.4007,0.0008,-0.0006,-0.0001,0.001,0.58,0.839,42.2044,58.8786,1.041,0.6995,0
50.091,42.5981,59.3223,1.0568,-2.6288,-0.9498,0.0501,42.8364,59.598,1.1028,0.3673,42.9789,59.4785,1.0578,0.4115,-0.0008,-0.0002,-0.0009,0.0013,0.542,0.916,41.9163,58.7803,1.011,0.8722,0
50.132,42.4901,59.2837,1.0572,-2.5607,-0.904,-0.0259,42.6368,59.3182,1.2112,0.2154,42.8614,59.433,1.0879,0.4013,-0.0003,-0.0007,0.0018,0.0019,0.573,0.854,41.9238,58.7879,1.011,0.7541,0
50.174,42.3851,59.2471,1.0545,-2.4847,-0.8584,-0.0831,42.6368,59.3182,1.2112,0.3048,42.7675,59.4017,1.0854,0.4136,-0.0001,0.0005,0.0001,0.0005,0.59,0.819,41.9504,58.7779,1.011,0.6411,0
50.215,42.2835,59.2124,1.0507,-2.4002,-0.8109,-0.0979,42.6368,59.3182,1.2112,0.4022,42.7075,59.3822,1.0826,0.4578,-0.0004,0.0001,-0.0003,0.0005,0.598,0.803,41.9552,58.7657,1.011,0.5558,0
50.257,42.1854,59.1797,1.0464,-2.3209,-0.7668,-0.1146,42.2487,59.1969,0.9674,0.1027,42.5412,59.3228,1.0598,0.3838,-0.0003,0.0002,-0.0,0.0003,0.574,0.851,41.6568,58.6828,0.989,0.7277,0
50.299,42.0903,59.1485,1.0413,-2.2536,-0.7332,-0.1221,42.2487,59.1969,0.9674,0.1814,42.4844,59.3055,1.0564,0.4245,0.0005,0.0007,-0.0009,0.0013,0.584,0.833,41.6613,58.6766,0.989,0.6399,0
50.34,41.9978,59.1185,1.0364,-2.19,-0.7125,-0.1148,42.2487,59.1969,0.9674,0.2717,42.4023,59.2807,1.0513,0.436,0.0004,0.0001,-0.001,0.0011,0.532,0.937,41.375,58.5548,0.974,0.8424,0
50.382,41.9079,59.0889,1.0305,-2.1323,-0.7093,-0.1557,41.9624,58.9985,1.1858,0.1878,42.2759,59.2085,1.07,0.3889,0.0007,0.0001,-0.0005,0.0009,0.574,0.851,41.3863,58.5517,0.974,0.7509,0
50.423,41.8202,59.0593,1.0239,-2.0862,-0.7121,-0.1579,41.9624,58.9985,1.1858,0.2239,42.2,59.1814,1.0628,0.4009,-0.0004,0.0003,-0.0006,0.0008,0.588,0.824,41.3948,58.539,0.974,0.6739,0
50.465,41.7339,59.0295,1.0175,-2.0601,-0.7174,-0.1529,41.7965,59.0522,0.9829,0.075,42.0814,59.1424,1.0466,0.3665,0.0002,-0.0008,0.0002,0.0009,0.526,0.947,41.0789,58.4339,0.977,0.8862,0
50.507,41.6482,58.9995,1.0112,-2.0575,-0.7252,-0.1446,41.7965,59.0522,0.9829,0.1599,42.0059,59.1148,1.0403,0.377,0.0001,-0.0005,-0.0002,0.0006,0.544,0.912,41.082,58.4413,0.977,0.7958,0
50.548,41.5621,58.9688,1.0056,-2.0783,-0.7468,-0.1244,41.7965,59.0522,0.9829,0.2499,41.9554,59.096,1.0365,0.4146,0.0005,0.0009,0.0003,0.0011,0.484,1.032,41.0882,58.441,0.977,0.7099,0
50.59,41.4749,58.9371,1.0007,-2.104,-0.7742,-0.1169,41.6096,59.0479,1.1892,0.2569,41.8184,59.0608,1.0593,0.3698,-0.0008,0.0001,-0.0006,0.001,0.513,0.973,40.821,58.3492,0.996,0.8793,0
50.631,41.3864,58.9041,0.9959,-2.1405,-0.8094,-0.1108,41.6096,59.0479,1.1892,0.3285,41.7657,59.0408,1.0567,0.4077,-0.0001,0.0,-0.0002,0.0002,0.526,0.948,40.8198,58.3584,0.996,0.7867,0
50.673,41.2961,58.8693,0.9917,-2.1911,-0.8551,-0.0745,41.3923,58.8381,0.982,0.1016,41.6276,58.9802,1.0409,0.3529,-0.0002,0.0001,0.0009,0.0009,0.516,0.969,40.4651,58.1792,1.019,1.0806,0
50.715,41.2036,58.8325,0.9896,-2.2473,-0.9087,-0.038,41.3923,58.8381,0.982,0.1889,41.572,58.9581,1.0402,0.3925,-0.0003,-0.001,-0.0007,0.0013,0.53,0.939,40.4568,58.1874,1.019,0.9872,0
50.756,41.1084,58.7933,0.9883,-2.3192,-0.9679,-0.0312,41.3923,58.8381,0.982,0.2875,41.4858,58.9222,1.0401,0.4022,0.0007,0.0002,0.0003,0.0008,0.491,1.017,40.4467,58.2033,1.019,0.887,0
50.798,41.01,58.7516,0.987,-2.3931,-1.0268,-0.0274,41.063,58.7395,1.0412,0.0768,41.3532,58.869,1.0376,0.3662,0.0004,-0.0005,0.0006,0.0009,0.53,0.941,40.4457,58.2155,1.019,0.7791,0
50.839,40.9089,58.7077,0.986,-2.4501,-1.0745,-0.0154,41.063,58.7395,1.0412,0.1668,41.2593,58.8289,1.037,0.3743,-0.0003,0.0008,-0.0,0.0008,0.553,0.894,40.2351,58.1266,1.019,0.8904,0
50.881,40.806,58.6621,0.9857,-2.4824,-1.1081,0.0028,41.008,58.785,0.9707,0.2369,41.1663,58.8006,1.0252,0.388,0.0001,-0.0007,0.0001,0.0007,0.567,0.867,40.2359,58.133,1.019,0.7785,0
50.923,40.702,58.6155,0.9866,-2.5073,-1.1264,0.0424,41.008,58.785,0.9707,0.3502,41.0721,58.7593,1.0262,0.3991,0.0008,0.0004,0.001,0.0013,0.58,0.839,39.986,58.0098,1.043,0.9395,0
50.964,40.5971,58.5684,0.9889,-2.524,-1.1318,0.0604,41.008,58.785,0.9707,0.4648,41.0087,58.7313,1.0282,0.4444,0.0002,0.0002,-0.0007,0.0008,0.55,0.899,39.9808,58.0205,1.043,0.8264,0
51.006,40.4916,58.5212,0.9917,-2.5417,-1.1313,0.0806,40.6377,58.5689,0.9395,0.1624,40.8494,58.6651,1.0124,0.3863,-0.0002,-0.0006,-0.0001,0.0007,0.517,0.967,39.987,58.0381,1.043,0.7005,0
51.047,40.3855,58.4742,0.9956,-2.5425,-1.123,0.098,40.6377,58.5689,0.9395,0.2751,40.7835,58.6374,1.0145,0.4305,-0.0004,0.0006,0.0001,0.0007,0.535,0.929,39.7149,57.9309,1.04,0.8642,0
51.089,40.2799,58.4278,0.9998,-2.5275,-1.1071,0.1041,40.303,58.4452,1.0939,0.0984,40.6236,58.5669,1.0296,0.3719,0.0006,-0.0002,0.0006,0.0009,0.573,0.854,39.7226,57.9415,1.04,0.7407,0
51.131,40.1751,58.382,1.0041,-2.5057,-1.0889,0.102,40.303,58.4452,1.0939,0.1685,40.5606,58.5394,1.0317,0.4173,-0.0009,-0.0001,0.0007,0.0012,0.584,0.832,39.7269,57.9361,1.04,0.6332,0
51.172,40.0714,58.3373,1.0084,-2.4729,-1.0613,0.1015,40.303,58.4452,1.0939,0.2694,40.4675,58.4991,1.0348,0.4287,0.0004,-0.0009,0.0006,0.0012,0.547,0.906,39.4215,57.8054,0.998,0.8399,0
51.214,39.969,58.2937,1.0106,-2.4448,-1.0334,0.0264,39.9938,58.4273,0.9864,0.138,40.3257,58.4615,1.0278,0.3946,-0.0007,-0.0002,-0.0006,0.0009,0.568,0.864,39.4301,57.8051,0.998,0.7275,0
51.255,39.8679,58.2513,1.0112,-2.4103,-1.0029,0.0086,39.9938,58.4273,0.9864,0.2178,40.2344,58.4239,1.0269,0.4054,-0.001,-0.0013,0.0002,0.0016,0.525,0.95,39.1276,57.7077,1.015,0.9184,0
51.297,39.7684,58.2103,1.0115,-2.3704,-0.97,0.0084,39.7686,58.2789,1.1234,0.1312,40.1057,58.3753,1.0413,0.3767,-0.0003,0.0001,0.0005,0.0005,0.556,0.888,39.1286,57.7124,1.015,0.8107,0
51.339,39.6704,58.1705,1.012,-2.3378,-0.9423,0.0135,39.7686,58.2789,1.1234,0.1838,40.0189,58.3396,1.0395,0.3883,0.0012,0.0002,0.0018,0.0022,0.574,0.852,39.131,57.7136,1.015,0.7069,0
51.38,39.5734,58.1318,1.0127,-2.321,-0.9207,0.0073,39.7686,58.2789,1.1234,0.2683,39.9619,58.3165,1.0384,0.4309,0.0003,0.0003,-0.0024,0.0024,0.516,0.968,38.7704,57.5701,0.997,0.9801,0
51.422,39.477,58.0937,1.0114,-2.3107,-0.9066,-0.0553,39.4395,58.2986,1.0325,0.2093,39.7896,58.2825,1.0395,0.3663,0.0005,0.0003,0.0009,0.0011,0.543,0.914,38.7572,57.5887,0.997,0.8794,0
51.463,39.3807,58.0561,1.0087,-2.3126,-0.9018,-0.0668,39.4395,58.2986,1.0325,0.2506,39.7327,58.2611,1.0372,0.4083,-0.0006,-0.0,0.0004,0.0007,0.554,0.893,38.7563,57.5904,0.997,0.7791,0
51.505,39.284,58.0184,1.0059,-2.3294,-0.9087,-0.0665,39.1082,57.9745,1.1236,0.2161,39.5509,58.1813,1.049,0.3156,0.0,-0.0001,0.0013,0.0013,0.528,0.944,38.4767,57.5376,1.014,0.9397,0
51.547,39.1864,57.9803,1.0033,-2.3574,-0.9218,-0.0599,39.1082,57.9745,1.1236,0.1435,39.4926,58.1586,1.0468,0.357,-0.0001,-0.0013,0.0,0.0013,0.541,0.917,38.4767,57.5376,1.014,0.8365,0
51.588,39.0872,57.9416,1.0009,-2.3979,-0.9354,-0.0541,39.1082,57.9745,1.1236,0.1287,39.4035,58.124,1.044,0.3677,0.0002,-0.0002,0.0019,0.0019,0.506,0.988,38.2583,57.5218,1.012,0.9292,0
51.63,38.9863,57.9023,0.9988,-2.4441,-0.947,-0.0524,39.0941,57.9561,1.1094,0.1635,39.2943,58.0744,1.0533,0.357,0.0002,0.0004,-0.0,0.0005,0.537,0.925,38.2342,57.5462,1.012,0.8322,0
51.671,38.8833,57.8627,0.9965,-2.4964,-0.9494,-0.0578,39.0941,57.9561,1.1094,0.2567,39.2002,58.0389,1.0506,0.3666,0.0008,0.0007,0.0016,0.0019,0.556,0.888,38.2197,57.5607,1.012,0.7293,0
51.713,38.7782,57.8235,0.9941,-2.5404,-0.9344,-0.0547,39.0941,57.9561,1.1094,0.3615,39.1359,58.0153,1.0487,0.4096,-0.0002,0.0,0.0002,0.0003,0.566,0.868,38.2125,57.5677,1.012,0.6211,0
51.755,38.6716,57.7854,0.9931,-2.5724,-0.89,0.0003,38.758,57.7261,1.0444,0.1167,38.9784,57.9372,1.0426,0.3459,-0.0007,0.0,0.001,0.0012,0.552,0.896,37.8387,57.5364,1.037,0.8704,0
51.796,38.5638,57.7498,0.9935,-2.5984,-0.8232,0.0183,38.758,57.7261,1.0444,0.2021,38.9129,57.917,1.0421,0.3901,-0.0007,0.0004,-0.0003,0.0008,0.561,0.878,37.8261,57.5481,1.037,0.766,0
51.838,38.4549,57.7172,0.9943,-2.6253,-0.7526,0.0051,38.5523,57.8231,1.0828,0.169,38.7641,57.8719,1.0519,0.3506,-0.0002,0.0006,0.0002,0.0006,0.572,0.856,37.5319,57.5184,1.031,0.9449,0
51.879,38.345,57.6877,0.9938,-2.6445,-0.6677,-0.0231,38.5523,57.8231,1.0828,0.2631,38.6982,57.8553,1.0517,0.3951,-0.0004,0.0,0.0003,0.0005,0.552,0.896,37.5189,57.5296,1.031,0.842,0
51.921,38.2344,57.662,0.9924,-2.6641,-0.5769,-0.0419,38.5523,57.8231,1.0828,0.3677,38.5983,57.8344,1.0502,0.4069,-0.0006,0.001,-0.001,0.0015,0.559,0.882,37.4793,57.5626,1.031,0.7626,0
51.963,38.1228,57.64,0.9906,-2.6934,-0.4842,-0.0408,38.1086,57.6301,0.9783,0.0212,38.4507,57.7839,1.0388,0.3613,-0.0001,0.0006,0.0006,0.0009,0.525,0.951,37.466,57.5733,1.031,0.6614,0
52.004,38.01,57.6217,0.9879,-2.7154,-0.4065,-0.0894,38.1086,57.6301,0.9783,0.0994,38.349,57.7694,1.0368,0.373,0.0001,-0.0016,-0.0012,0.002,0.529,0.942,37.121,57.5265,0.992,0.8941,0
52.046,37.8963,57.6066,0.9836,-2.7392,-0.3259,-0.1099,38.1086,57.6301,0.9783,0.2136,38.2805,57.7622,1.0341,0.4175,0.0001,-0.0006,0.0007,0.0009,0.527,0.945,37.0936,57.5472,0.992,0.805,0
52.087,37.7814,57.5948,0.9794,-2.7777,-0.2471,-0.0911,38.0077,57.5295,0.9227,0.2423,38.1313,57.7098,1.0108,0.3697,-0.0002,0.0002,-0.0004,0.0005,0.489,1.022,37.052,57.5774,0.992,0.7297,0
52.129,37.6648,57.5862,0.9756,-2.8122,-0.1756,-0.0888,38.0077,57.5295,0.9227,0.3516,38.0609,57.706,1.0084,0.4151,0.0001,-0.0002,0.0004,0.0004,0.489,1.022,37.0379,57.5873,0.992,0.6271,0
52.171,37.5472,57.5804,0.9719,-2.8291,-0.1116,-0.0955,37.4572,57.4382,0.9891,0.1691,37.8592,57.6555,1.0024,0.3224,0.0002,0.0007,0.0011,0.0014,0.483,1.035,36.7166,57.4796,0.981,0.8367,0
52.212,37.4292,57.577,0.968,-2.8327,-0.0601,-0.0913,37.4572,57.4382,0.9891,0.1431,37.7876,57.6549,1.0,0.3682,-0.0001,0.0005,-0.0021,0.0021,0.483,1.035,36.6879,57.4985,0.981,0.7455,0
52.254,37.3111,57.5753,0.9644,-2.8337,-0.0257,-0.0822,37.1659,57.506,0.9065,0.171,37.5919,57.6328,0.9815,0.2872,-0.0001,0.0004,-0.0001,0.0004,0.48,1.041,36.376,57.4128,0.992,0.9495,0
52.295,37.1932,57.5746,0.962,-2.8287,-0.0129,-0.0348,37.1659,57.506,0.9065,0.0923,37.521,57.6348,0.98,0.3338,0.0003,-0.0001,0.0001,0.0004,0.469,1.061,36.1067,57.2777,1.014,1.1275,0
52.337,37.0751,57.5738,0.9615,-2.8415,-0.0302,0.0049,37.1659,57.506,0.9065,0.1259,37.4146,57.6379,0.98,0.346,-0.0007,-0.0,0.0007,0.001,0.473,1.055,36.0473,57.312,1.014,1.0619,0
52.379,36.9557,57.5716,0.9624,-2.8907,-0.0743,0.023,36.9936,57.6497,1.1183,0.1785,37.2745,57.6337,1.0061,0.3277,-0.0001,0.0003,-0.0003,0.0004,0.464,1.073,36.0473,57.312,1.014,0.9461,0
52.42,36.8338,57.5671,0.9626,-2.9574,-0.1368,-0.0096,36.9936,57.6497,1.1183,0.238,37.1625,57.63,1.0082,0.3378,0.0007,-0.0003,-0.0008,0.0011,0.45,1.099,35.797,57.2395,0.992,1.0877,0
52.462,36.7089,57.5597,0.9614,-3.0298,-0.2146,-0.0427,36.9936,57.6497,1.1183,0.3373,37.0857,57.6253,1.0086,0.3854,-0.0002,-0.0003,0.001,0.0011,0.46,1.079,35.7818,57.2474,0.992,0.9788,0
52.503,36.5809,57.5488,0.9591,-3.1048,-0.3022,-0.0628,36.6315,57.4005,0.9369,0.1583,36.8898,57.5731,0.9955,0.312,-0.0002,-0.0004,0.0003,0.0005,0.461,1.079,35.7357,57.2703,0.992,0.8905,0
52.545,36.4501,57.5342,0.9562,-3.1629,-0.3868,-0.0745,36.6315,57.4005,0.9369,0.2262,36.8068,57.5622,0.9945,0.3598,0.0002,0.0005,0.0002,0.0006,0.487,1.026,35.5487,57.2099,0.967,0.958,0
52.587,36.3176,57.5165,0.9527,-3.1913,-0.4557,-0.0864,36.3832,57.5825,0.7402,0.232,36.6348,57.5543,0.9524,0.3194,0.0009,-0.0002,-0.0021,0.0023,0.468,1.064,35.5174,57.224,0.967,0.8521,0
52.628,36.1844,57.496,0.95,-3.2002,-0.5163,-0.0536,36.3832,57.5825,0.7402,0.3017,36.553,57.5408,0.9517,0.3713,-0.0006,-0.0009,0.0015,0.0018,0.459,1.083,35.5017,57.2309,0.967,0.7326,0
52.67,36.0513,57.4734,0.9481,-3.1869,-0.5639,-0.0412,36.3832,57.5825,0.7402,0.4066,36.4302,57.518,0.9519,0.3816,-0.0001,-0.0003,-0.0001,0.0003,0.441,1.119,35.2382,57.2137,0.945,0.8535,0
52.711,35.9191,57.4493,0.9457,-3.1545,-0.5891,-0.0651,35.9688,57.2843,0.8685,0.1888,36.2815,57.4616,0.9373,0.3627,-0.0012,0.0003,0.0003,0.0013,0.493,1.015,35.2063,57.2262,0.945,0.7469,0
52.753,35.7887,57.4244,0.9431,-3.1093,-0.6016,-0.0594,35.9688,57.2843,0.8685,0.24,36.1632,57.4353,0.9365,0.3747,-0.0008,0.0008,0.0009,0.0015,0.507,0.986,35.1902,57.2323,0.945,0.6286,0
52.795,35.6603,57.3995,0.9413,-3.0597,-0.5898,-0.0337,35.9688,57.2843,0.8685,0.3373,36.0858,57.4178,0.9365,0.426,0.001,-0.0007,-0.0005,0.0013,0.504,0.992,34.885,57.196,0.958,0.8017,0
52.836,35.5342,57.3757,0.9402,-2.9964,-0.5526,-0.0136,35.4677,57.3676,0.9995,0.0894,35.8778,57.3918,0.942,0.344,-0.0004,0.0004,0.0002,0.0006,0.472,1.056,34.8363,57.2126,0.958,0.7169,0
52.878,35.4108,57.3538,0.9401,-2.9347,-0.5022,0.0057,35.4677,57.3676,0.9995,0.0834,35.8054,57.3779,0.9418,0.3953,0.0004,-0.001,0.0008,0.0013,0.459,1.083,34.82,57.2179,0.958,0.6065,0
52.919,35.2896,57.3341,0.9406,-2.8901,-0.4509,-0.0011,35.4677,57.3676,0.9995,0.1906,35.6991,57.3595,0.9422,0.4103,0.0006,0.0014,0.0007,0.0017,0.479,1.042,34.5337,57.0808,0.938,0.7972,0
52.961,35.17,57.3165,0.9402,-2.856,-0.3993,-0.0018,35.2627,57.3782,0.8521,0.1421,35.5529,57.3531,0.9246,0.3849,0.0004,-0.0005,0.0009,0.0011,0.449,1.101,34.5172,57.0855,0.938,0.6924,0
53.003,35.0514,57.3008,0.9406,-2.8393,-0.3609,0.0213,35.2627,57.3782,0.8521,0.2418,35.449,57.3396,0.9242,0.3998,0.0003,0.0008,0.0001,0.0009,0.446,1.109,34.2185,56.9208,0.957,0.9156,0
53.044,34.9332,57.2862,0.9421,-2.8405,-0.3473,0.0423,34.8717,57.42,1.0021,0.1591,35.2849,57.3442,0.9375,0.3565,0.0005,-0.0001,-0.0001,0.0005,0.416,1.169,34.2019,56.925,0.957,0.8157,0
53.086,34.8143,57.2713,0.944,-2.8681,-0.3674,0.0495,34.8717,57.42,1.0021,0.1696,35.1794,57.3314,0.9388,0.3701,0.0002,-0.0,0.0006,0.0006,0.398,1.204,34.1685,56.9329,0.957,0.7292,0
53.127,34.6939,57.255,0.9462,-2.905,-0.4153,0.0547,34.8717,57.42,1.0021,0.2489,35.1081,57.3219,0.9398,0.4195,-0.0001,-0.0001,-0.0008,0.0008,0.384,1.232,33.9308,56.7147,0.95,0.9351,0
53.169,34.5719,57.2359,0.9494,-2.95,-0.4973,0.0985,34.8961,57.2881,0.7815,0.3688,34.9597,57.299,0.9135,0.3945,-0.0001,-0.0,0.0005,0.0005,0.415,1.171,33.8804,56.7251,0.95,0.8598,0
53.211,34.448,57.213,0.9539,-2.9884,-0.5976,0.1102,34.8961,57.2881,0.7815,0.4859,34.8848,57.2847,0.9157,0.4443,-0.0004,-0.0008,0.0,0.0009,0.403,1.194,33.8537,56.73,0.95,0.7658,0
53.252,34.323,57.1854,0.9584,-3.0089,-0.7143,0.1043,34.198,57.188,0.9781,0.1266,34.6713,57.2432,0.9318,0.3541,-0.0005,0.0005,0.0001,0.0007,0.359,1.282,33.6254,56.4794,0.956,0.9925,0
53.294,34.1976,57.1529,0.9626,-3.0077,-0.8336,0.0964,34.198,57.188,0.9781,0.0383,34.596,57.2215,0.9346,0.4053,0.001,-0.0003,-0.001,0.0014,0.408,1.185,33.6211,56.4801,0.956,0.886,0
53.335,34.0726,57.1152,0.9662,-2.9897,-0.9674,0.077,34.198,57.188,0.9781,0.1454,34.4835,57.1831,0.9382,0.4174,0.0009,-0.0001,-0.0003,0.001,0.392,1.216,33.3757,56.239,0.983,1.1197,0
53.377,33.9488,57.0715,0.9692,-2.9572,-1.1059,0.0385,34.0891,57.0658,1.0603,0.1673,34.3392,57.1361,0.9619,0.3958,0.0,-0.0004,0.0001,0.0004,0.456,1.087,33.6144,56.4812,0.956,0.6785,0
53.419,33.8267,57.0224,0.9697,-2.9037,-1.2449,0.011,34.0891,57.0658,1.0603,0.281,34.228,57.0858,0.9629,0.4064,0.0,-0.0002,0.0,0.0002,0.442,1.117,33.3685,56.2402,0.983,0.9066,0
53.46,33.7074,56.9673,0.9704,-2.8272,-1.3813,0.0215,33.7016,56.8955,0.8837,0.1127,34.0762,57.0268,0.9517,0.374,0.0009,0.0003,0.0,0.0009,0.409,1.182,33.3685,56.2402,0.983,0.8023,0
53.502,33.5915,56.9069,0.9715,-2.7442,-1.5054,0.0288,33.7016,56.8955,0.8837,0.1413,33.9721,56.9669,0.9536,0.3858,-0.0005,-0.0007,-0.0009,0.0013,0.387,1.226,33.2152,56.0129,0.974,0.97,0
53.543,33.4793,56.8415,0.9723,-2.6505,-1.6187,0.0056,33.7016,56.8955,0.8837,0.2453,33.9056,56.9233,0.9547,0.4345,-0.0001,0.001,0.0022,0.0024,0.481,1.037,33.2123,56.0133,0.974,0.8702,0
53.585,33.3712,56.7716,0.9724,-2.5385,-1.7291,0.024,33.3852,56.764,0.8935,0.0806,33.7293,56.838,0.9401,0.3656,0.0,0.0005,0.0009,0.001,0.436,1.127,33.0495,55.8092,0.988,1.0148,0
53.627,33.2682,56.6973,0.9742,-2.4219,-1.8206,0.0495,33.3852,56.764,0.8935,0.1571,33.6698,56.7897,0.9405,0.4134,-0.0002,0.0004,-0.0006,0.0008,0.517,0.966,33.0486,55.8093,0.988,0.9149,0
53.668,33.1696,56.6197,0.9764,-2.3239,-1.8929,0.0553,33.1489,56.479,1.0653,0.1677,33.5064,56.6772,0.9655,0.3419,-0.0005,0.0,-0.0002,0.0005,0.482,1.036,32.983,55.8132,0.988,0.8279,0
53.71,33.0745,56.5398,0.9779,-2.2503,-1.9383,0.0247,33.1489,56.479,1.0653,0.1299,33.4524,56.6264,0.9668,0.3879,-0.0006,-0.0004,0.0,0.0008,0.562,0.877,32.962,55.8244,0.988,0.7242,0
53.751,32.9821,56.4584,0.9777,-2.1909,-1.9591,-0.0298,33.1489,56.479,1.0653,0.1895,33.3748,56.5485,0.967,0.403,-0.0004,-0.0003,0.0006,0.0007,0.56,0.88,32.7684,55.5598,0.953,0.924,0
53.793,32.8921,56.3767,0.9759,-2.139,-1.9639,-0.0525,33.0964,56.3709,0.984,0.2045,33.2779,56.4798,0.9697,0.3994,-0.0002,-0.0002,0.0003,0.0004,0.541,0.919,32.7915,55.551,0.953,0.8321,0
53.835,32.8037,56.2949,0.9738,-2.1096,-1.9621,-0.043,33.0964,56.3709,0.984,0.3026,33.2032,56.4051,0.9679,0.4145,0.0013,0.0012,-0.0002,0.0018,0.526,0.948,32.6801,55.2501,0.972,1.052,0
53.876,32.7161,56.2129,0.9726,-2.0984,-1.9751,-0.0188,32.684,56.2752,0.989,0.072,33.0655,56.3351,0.9717,0.3702,0.0002,-0.0005,-0.0018,0.0019,0.547,0.906,32.6249,55.2557,0.972,0.9615,0
53.918,32.6287,56.1299,0.9719,-2.0974,-2.0088,-0.0131,32.684,56.2752,0.989,0.1564,32.9884,56.2576,0.9719,0.3817,-0.0005,0.0007,-0.0014,0.0016,0.534,0.931,32.4863,54.9437,0.942,1.1951,0
53.959,32.5414,56.0453,0.9705,-2.0917,-2.0503,-0.0466,32.684,56.2752,0.989,0.2712,32.937,56.2048,0.9716,0.4265,0.0005,0.0002,0.0009,0.0011,0.523,0.954,32.4863,54.9437,0.942,1.1033,0
54.001,32.4545,55.9585,0.9682,-2.081,-2.1156,-0.0628,32.6707,56.0674,1.0436,0.2535,32.8145,56.1131,0.9825,0.3921,-0.0011,-0.0001,0.0005,0.0012,0.543,0.914,32.411,54.958,0.942,1.0018,0
54.043,32.368,55.8682,0.9653,-2.0695,-2.209,-0.0781,32.6707,56.0674,1.0436,0.3707,32.7623,56.0583,0.9811,0.4379,0.0013,0.0002,-0.0011,0.0017,0.537,0.926,32.3916,55.0075,0.942,0.8614,0
54.084,32.2822,55.7738,0.9617,-2.0491,-2.3132,-0.0875,32.6707,56.0674,1.0436,0.4937,32.6845,55.9715,0.9784,0.4486,0.0003,-0.0006,0.0011,0.0013,0.55,0.901,32.2785,54.6975,0.932,1.0768,0
54.126,32.1977,55.6752,0.9579,-2.0122,-2.4078,-0.0977,32.3577,55.461,1.0913,0.2988,32.5783,55.826,0.9941,0.411,-0.0003,-0.0004,0.0002,0.0006,0.56,0.881,32.2495,54.7358,0.932,0.9412,0
54.167,32.1149,55.5732,0.9537,-1.9643,-2.4758,-0.1051,32.3577,55.461,1.0913,0.3008,32.5035,55.7309,0.9901,0.421,-0.0007,0.0005,0.0002,0.0009,0.545,0.911,32.1478,54.4411,0.921,1.1331,0
54.209,32.0344,55.4691,0.9492,-1.9015,-2.5131,-0.1111,31.978,55.3926,1.0165,0.1165,32.3779,55.6193,0.994,0.3776,-0.0001,-0.0004,-0.0007,0.0008,0.541,0.918,32.1131,54.4609,0.921,1.0117,0
54.251,31.9567,55.3639,0.9443,-1.8336,-2.529,-0.1185,31.978,55.3926,1.0165,0.0805,32.3112,55.5222,0.9902,0.3909,-0.0003,0.0017,-0.0011,0.002,0.527,0.945,32.1012,54.4989,0.921,0.8774,0
54.292,31.8821,55.2588,0.9395,-1.753,-2.5113,-0.1185,31.978,55.3926,1.0165,0.1817,32.2689,55.4573,0.9877,0.4374,0.0004,-0.0005,0.0002,0.0007,0.539,0.921,31.9954,54.1362,0.925,1.1285,0
54.334,31.8111,55.1554,0.9349,-1.6627,-2.4551,-0.0981,31.684,55.2601,0.8613,0.1804,32.1098,55.3301,0.9623,0.3471,-0.0,-0.0,-0.0005,0.0005,0.525,0.95,31.9692,54.1651,0.925,1.0029,0
54.375,31.7439,55.0546,0.931,-1.5744,-2.3874,-0.0891,31.684,55.2601,0.8613,0.2251,32.0723,55.2684,0.9603,0.393,-0.001,-0.0007,0.0011,0.0016,0.527,0.946,31.9648,54.1864,0.925,0.8959,0
54.417,31.6802,54.9566,0.9275,-1.4946,-2.3253,-0.0839,31.6241,54.8041,0.9878,0.1733,31.9464,55.1145,0.9599,0.3112,0.0003,-0.0008,0.0011,0.0014,0.49,1.02,31.8732,53.8595,0.952,1.1142,0
54.459,31.6197,54.8612,0.9246,-1.4149,-2.2605,-0.0598,31.6241,54.8041,0.9878,0.0853,31.9127,55.0578,0.9579,0.3544,-0.0001,-0.0017,-0.0007,0.0018,0.492,1.016,31.8395,53.8781,0.952,1.0078,0
54.5,31.5624,54.7683,0.9225,-1.3443,-2.2107,-0.043,31.6241,54.8041,0.9878,0.0967,31.866,54.9755,0.9556,0.369,0.0006,0.0013,-0.0001,0.0014,0.492,1.017,31.825,53.9173,0.952,0.891,0
54.542,31.5078,54.6769,0.9209,-1.287,-2.1826,-0.0348,31.4861,54.6277,0.9311,0.0547,31.7691,54.8677,0.9468,0.3246,0.001,-0.0001,-0.0005,0.0011,0.468,1.064,31.7213,53.5985,0.949,1.0997,0
54.583,31.4552,54.5862,0.9203,-1.2435,-2.1766,-0.0013,31.4861,54.6277,0.9311,0.0529,31.7254,54.7882,0.9446,0.3382,0.0002,-0.0002,-0.0012,0.0012,0.47,1.06,31.6825,53.6437,0.949,0.9699,0
54.625,31.4042,54.495,0.9206,-1.208,-2.2021,0.016,31.4861,54.6277,0.9311,0.1563,31.6975,54.7351,0.944,0.3798,0.0005,-0.0001,-0.0002,0.0005,0.47,1.06,31.6847,53.6669,0.949,0.8748,0
54.667,31.3546,54.4025,0.9203,-1.1788,-2.234,-0.0301,31.3754,54.4603,1.1861,0.2727,31.5912,54.6021,0.9877,0.3168,-0.0002,-0.0001,-0.001,0.001,0.448,1.104,31.5481,53.3395,0.955,1.0811,0
54.708,31.3062,54.3085,0.9189,-1.1469,-2.2741,-0.0345,31.3754,54.4603,1.1861,0.3149,31.5626,54.5456,0.9868,0.3558,0.0001,0.0001,-0.0007,0.0007,0.45,1.101,31.5258,53.3702,0.955,0.9644,0
54.75,31.2591,54.2125,0.9175,-1.1176,-2.3304,-0.0376,31.22,54.2351,0.966,0.0663,31.4687,54.4137,0.9775,0.2967,0.0004,-0.0002,0.0006,0.0008,0.434,1.133,31.3972,53.0856,0.963,1.1363,0
54.791,31.2132,54.1138,0.9174,-1.0882,-2.4004,0.0167,31.22,54.2351,0.966,0.1308,31.4424,54.3531,0.9761,0.3365,-0.0003,0.0001,0.0001,0.0003,0.441,1.119,31.3821,53.1144,0.963,1.0146,0
54.833,31.1684,54.0121,0.9183,-1.0676,-2.4733,0.0175,31.22,54.2351,0.966,0.2338,31.4039,54.2589,0.9753,0.3459,-0.0003,0.0,0.0002,0.0004,0.42,1.161,31.3973,53.1406,0.963,0.9022,0
54.875,31.1243,53.9075,0.9191,-1.0474,-2.5415,0.0315,31.2041,53.8576,0.8689,0.1066,31.3442,54.1277,0.9537,0.3131,0.0001,-0.0002,0.0001,0.0003,0.444,1.112,31.4124,53.145,0.963,0.8163,0
54.916,31.0814,53.8005,0.921,-1.0151,-2.5804,0.0599,31.2041,53.8576,0.8689,0.145,31.3071,54.0277,0.9528,0.3218,0.0004,0.0001,-0.0016,0.0017,0.46,1.08,31.2642,52.839,0.963,0.9796,0
54.958,31.0399,53.6929,0.9239,-0.9814,-2.5813,0.0771,31.2041,53.8576,0.8689,0.2389,31.2834,53.9604,0.953,0.3629,0.0003,0.0002,-0.0002,0.0004,0.469,1.062,31.2853,52.8642,0.963,0.8652,0
54.999,30.9995,53.5857,0.9267,-0.9592,-2.5668,0.0503,30.9664,53.7269,0.9079,0.1463,31.1951,53.8255,0.9528,0.3106,0.0006,0.0001,-0.0007,0.001,0.464,1.073,31.1383,52.5502,0.967,1.0455,0
55.041,30.9599,53.4792,0.9284,-0.945,-2.5447,0.0345,30.9664,53.7269,0.9079,0.2486,31.1729,53.76,0.9538,0.3533,0.0002,-0.0007,0.0007,0.001,0.477,1.046,31.1451,52.5649,0.967,0.9336,0
55.083,30.9207,53.3737,0.93,-0.9393,-2.5198,0.0453,31.0775,53.4588,0.9502,0.1795,31.1195,53.6186,0.9525,0.3162,0.0011,-0.0006,0.0004,0.0013,0.45,1.1,31.1723,52.5796,0.967,0.8338,0
55.124,30.8817,53.2696,0.9321,-0.9312,-2.4784,0.0558,31.0775,53.4588,0.9502,0.2728,31.0966,53.556,0.9532,0.3586,0.0008,-0.0001,-0.0003,0.0009,0.465,1.071,31.1881,52.5778,0.967,0.7575,0
55.166,30.8434,53.1676,0.9344,-0.9109,-2.42,0.054,30.9125,53.1178,1.0179,0.1193,31.0325,53.407,0.9646,0.3065,-0.0002,0.0,0.0012,0.0012,0.488,1.024,30.8734,51.996,0.975,1.1727,0
55.207,30.8058,53.0682,0.9361,-0.8964,-2.357,0.0411,30.9125,53.1178,1.0179,0.1433,31.0096,53.3491,0.9649,0.3483,-0.0008,-0.0001,0.0001,0.0008,0.495,1.01,31.0501,52.3326,0.973,0.776,0
55.249,30.7686,52.9713,0.9378,-0.8888,-2.3001,0.0334,30.9125,53.1178,1.0179,0.2204,30.9759,53.2653,0.9653,0.3607,-0.0,-0.0005,-0.0003,0.0006,0.461,1.078,30.8678,52.0157,0.975,0.9615,0
55.291,30.7315,52.8767,0.9391,-0.8938,-2.2477,0.0423,30.8034,52.6793,0.7054,0.3142,30.9289,53.1091,0.9205,0.3055,0.0007,-0.0002,-0.0005,0.0008,0.493,1.013,30.8783,52.0305,0.975,0.8596,0
55.332,30.694,52.7841,0.9424,-0.9063,-2.2067,0.1022,30.8034,52.6793,0.7054,0.2813,30.896,53.0267,0.922,0.3164,0.0004,-0.0007,-0.0004,0.0009,0.476,1.048,30.8983,52.0324,0.975,0.7797,0
55.374,30.656,52.6929,0.947,-0.9164,-2.17,0.1125,30.8034,52.6793,0.7054,0.2833,30.8738,52.973,0.9242,0.3555,-0.0004,-0.0014,0.0007,0.0016,0.488,1.025,30.7249,51.7189,0.977,0.977,0
55.415,30.6173,52.6033,0.9514,-0.9415,-2.136,0.1015,30.7214,52.6637,0.9837,0.1246,30.8154,52.8377,0.9387,0.3071,-0.0004,0.0002,-0.0017,0.0017,0.452,1.096,30.7306,51.7411,0.977,0.8701,0
55.457,30.5773,52.5148,0.9554,-0.9761,-2.1192,0.089,30.7214,52.6637,0.9837,0.2091,30.7919,52.785,0.9408,0.3454,0.0002,-0.001,0.0016,0.0019,0.466,1.069,30.7484,51.7439,0.977,0.7899,0
55.499,30.5359,52.4267,0.9591,-1.0054,-2.1099,0.0918,30.4583,52.5248,0.8096,0.195,30.6991,52.6665,0.9258,0.2919,0.0004,-0.0002,0.0009,0.001,0.477,1.047,30.5724,51.4226,0.985,1.0051,0
55.54,30.4934,52.3387,0.9629,-1.0348,-2.1161,0.0884,30.4583,52.5248,0.8096,0.2436,30.6729,52.614,0.9289,0.3304,-0.0,0.0006,-0.0004,0.0007,0.484,1.032,30.5764,51.4363,0.985,0.9066,0
55.582,30.4496,52.25,0.9666,-1.0644,-2.1455,0.095,30.3612,52.2883,1.1411,0.1994,30.5855,52.4897,0.9651,0.2756,0.0002,0.0009,0.0003,0.001,0.455,1.089,30.4375,51.1516,0.991,1.0987,0
55.623,30.4045,52.1596,0.9702,-1.0978,-2.1921,0.0802,30.3612,52.2883,1.1411,0.2183,30.5574,52.4356,0.9672,0.3155,-0.0005,-0.0005,0.0003,0.0008,0.464,1.072,30.4407,51.1446,0.991,1.0158,0
55.665,30.3581,52.0667,0.9732,-1.1277,-2.2648,0.067,30.3612,52.2883,1.1411,0.2781,30.5137,52.3516,0.9698,0.3247,0.0004,0.0009,0.0,0.0009,0.474,1.052,30.3127,50.8958,0.988,1.1718,0
55.707,30.3104,51.9703,0.9763,-1.1561,-2.3545,0.0745,30.3169,52.0699,1.0177,0.1081,30.4545,52.2446,0.9751,0.3099,-0.0002,0.0009,-0.001,0.0014,0.451,1.099,30.3051,50.9,0.988,1.0703,0
55.748,30.2617,51.8701,0.9792,-1.1777,-2.4447,0.0635,30.3169,52.0699,1.0177,0.2108,30.4093,52.1516,0.9759,0.3179,0.0001,-0.0009,0.0003,0.0009,0.467,1.067,30.3002,50.909,0.988,0.9619,0
55.79,30.2123,51.7664,0.9816,-1.1919,-2.5216,0.0617,30.2803,51.8946,0.8918,0.1706,30.3602,52.0583,0.96,0.328,0.0004,0.0001,-0.0009,0.001,0.476,1.047,30.3027,50.9119,0.988,0.8593,0
55.831,30.1625,51.6598,0.9853,-1.1972,-2.5877,0.1071,30.2803,51.8946,0.8918,0.2788,30.3137,51.9615,0.9603,0.3384,0.0001,-0.0001,-0.0,0.0001,0.458,1.084,30.1433,50.6074,0.992,1.0525,0
55.873,30.1124,51.5506,0.9899,-1.2053,-2.6455,0.1111,30.2803,51.8946,0.8918,0.3951,30.2825,51.895,0.9615,0.3852,0.0003,-0.0004,-0.0004,0.0006,0.47,1.06,30.1417,50.6101,0.992,0.9409,0
55.915,30.0621,51.4393,0.9942,-1.2077,-2.6875,0.0862,30.1536,51.4144,1.1877,0.2154,30.2201,51.7203,0.9978,0.3223,0.0,0.0003,-0.0014,0.0014,0.453,1.095,30.0126,50.3193,0.974,1.1213,0
55.956,30.0119,51.3268,0.9968,-1.2043,-2.7085,0.0488,30.1536,51.4144,1.1877,0.2533,30.1896,51.6515,0.9969,0.3702,0.0002,-0.0003,0.0004,0.0005,0.468,1.065,30.0007,50.3222,0.974,1.005,0
55.998,29.9617,51.2136,0.9986,-1.2049,-2.7212,0.0387,30.1536,51.4144,1.1877,0.336,30.144,51.5477,0.9945,0.3806,-0.0002,-0.0002,-0.0005,0.0006,0.486,1.028,29.9968,50.3245,0.974,0.8902,0
56.039,29.9114,51.1002,1.0004,-1.2093,-2.7179,0.0553,30.0247,51.0832,0.7539,0.2719,30.0964,51.4015,0.9553,0.3564,0.0005,-0.0005,0.0,0.0007,0.469,1.062,29.8586,50.0479,0.966,1.0542,0
56.081,29.8609,50.9876,1.0029,-1.2169,-2.6872,0.0606,30.0247,51.0832,0.7539,0.313,30.0517,51.2986,0.9545,0.3681,-0.0007,0.0008,0.0013,0.0017,0.493,1.014,29.8491,50.0508,0.966,0.9376,0
56.123,29.8099,50.8766,1.0054,-1.2286,-2.6467,0.0551,29.8282,50.7812,0.9772,0.1011,29.9855,51.1513,0.9622,0.3289,0.0002,-0.0004,-0.0002,0.0005,0.517,0.965,29.8489,50.0513,0.966,0.8272,0
56.164,29.7583,50.7673,1.0069,-1.2475,-2.6015,0.023,29.8282,50.7812,0.9772,0.0772,29.939,51.0521,0.9624,0.3402,0.0002,0.0005,0.0004,0.0007,0.488,1.024,29.708,49.7486,0.971,1.0206,0
56.206,29.7057,50.66,1.0076,-1.2749,-2.5534,0.0141,29.8282,50.7812,0.9772,0.175,29.9073,50.9874,0.9619,0.3872,-0.0002,-0.0003,-0.0006,0.0007,0.5,1.0,29.7026,49.7507,0.971,0.9101,0
56.247,29.652,50.5544,1.0077,-1.2992,-2.5199,-0.01,29.7614,50.6701,1.1295,0.2005,29.8365,50.8407,0.9886,0.341,-0.0005,0.0001,0.0012,0.0013,0.52,0.961,29.5776,49.4641,0.982,1.0932,0
56.289,29.5973,50.4503,1.0071,-1.3275,-2.4841,-0.0139,29.7614,50.6701,1.1295,0.3005,29.8037,50.7784,0.9871,0.3882,0.0001,0.0002,-0.0017,0.0017,0.485,1.029,29.571,49.4651,0.982,0.9858,0
56.331,29.5413,50.3476,1.0065,-1.3524,-2.4511,-0.0316,29.5283,50.4654,1.123,0.1662,29.71,50.6377,1.012,0.3356,0.0001,-0.0007,0.0006,0.0009,0.498,1.003,29.5558,49.4737,0.982,0.8743,0
56.372,29.4846,50.246,1.0045,-1.368,-2.4249,-0.0555,29.5283,50.4654,1.123,0.2531,29.6754,50.5767,1.0107,0.3818,-0.0001,0.0002,-0.001,0.001,0.502,0.996,29.5562,49.4758,0.982,0.7739,0
56.414,29.4275,50.1455,1.001,-1.3737,-2.4051,-0.1101,29.5283,50.4654,1.123,0.357,29.6228,50.4861,1.0074,0.3927,-0.0001,0.0006,0.001,0.0012,0.459,1.082,29.4418,49.1968,0.948,0.9503,0
56.455,29.37,50.0455,0.9965,-1.3826,-2.3984,-0.1055,29.506,49.9854,1.0909,0.1761,29.569,50.3441,1.0159,0.3594,0.0004,-0.0002,-0.0004,0.0006,0.485,1.03,29.4331,49.2085,0.948,0.8407,0
56.497,29.3124,49.9454,0.9924,-1.3819,-2.4083,-0.089,29.506,49.9854,1.0909,0.2209,29.5162,50.2548,1.0106,0.3709,0.0006,-0.0011,-0.0002,0.0012,0.467,1.066,29.3031,48.9424,0.958,1.0036,0
56.539,29.255,49.8446,0.9889,-1.3731,-2.4277,-0.0814,29.1573,49.8931,1.0127,0.1117,29.4271,50.1396,1.0092,0.3421,-0.0006,-0.0002,0.0001,0.0007,0.476,1.049,29.3104,48.9353,0.958,0.9115,0
56.58,29.1981,49.7429,0.9855,-1.3551,-2.4538,-0.0824,29.1573,49.8931,1.0127,0.1581,29.3761,50.0484,1.0053,0.3541,-0.0002,0.0006,0.0003,0.0007,0.483,1.033,29.3006,48.958,0.958,0.792,0
56.622,29.1423,49.6402,0.9824,-1.3284,-2.4699,-0.0563,29.1573,49.8931,1.0127,0.2551,29.3428,49.9868,1.0029,0.4009,0.0007,-0.0004,0.0005,0.0009,0.465,1.07,29.1944,48.615,0.978,1.0266,0
56.663,29.0876,49.537,0.9806,-1.2983,-2.4876,-0.0401,29.1625,49.5137,0.905,0.1089,29.266,49.8189,0.9882,0.3338,-0.0007,-0.0001,0.0001,0.0007,0.491,1.019,29.1789,48.6552,0.978,0.8864,0
56.705,29.0342,49.4327,0.979,-1.2691,-2.5127,-0.0375,29.1625,49.5137,0.905,0.1688,29.2344,49.756,0.9879,0.3804,0.0004,-0.0003,0.0009,0.001,0.495,1.011,29.1861,48.669,0.978,0.7787,0
56.747,28.982,49.3276,0.9775,-1.2387,-2.5263,-0.0333,28.9601,49.3733,0.991,0.0524,29.1449,49.6105,0.9856,0.3265,0.0,0.0012,0.0004,0.0012,0.468,1.064,29.0346,48.269,0.997,1.0601,0
56.788,28.9312,49.2225,0.9772,-1.2032,-2.5178,0.006,28.9601,49.3733,0.991,0.1541,29.1144,49.5475,0.9854,0.3732,0.0007,-0.0005,-0.0001,0.0008,0.477,1.045,29.0126,48.2948,0.997,0.9315,0
56.83,28.8818,49.1179,0.9778,-1.17,-2.5073,0.0179,28.9601,49.3733,0.991,0.2674,29.0702,49.4537,0.9863,0.3851,0.0002,0.0002,0.0001,0.0003,0.454,1.092,28.9189,48.0612,0.999,1.0575,0
56.871,28.8338,49.0135,0.9782,-1.138,-2.5067,0.0021,28.9487,49.1872,1.1465,0.2678,29.0202,49.347,1.0124,0.3835,-0.0006,-0.0004,-0.0001,0.0007,0.476,1.048,28.9103,48.0758,0.999,0.941,0
56.913,28.787,48.9088,0.9781,-1.1123,-2.5192,-0.0076,28.9487,49.1872,1.1465,0.3634,28.9784,49.2531,1.0123,0.3954,-0.0001,0.0001,-0.0011,0.0011,0.492,1.017,28.9136,48.1074,0.999,0.8116,0
56.955,28.7411,48.8035,0.9778,-1.0925,-2.5289,-0.0001,28.9477,48.7317,0.854,0.2513,28.9489,49.1089,0.9866,0.3694,0.0006,-0.0006,-0.0001,0.0008,0.521,0.958,28.9243,48.1189,0.999,0.709,0
56.996,28.6961,48.6984,0.9782,-1.0743,-2.5171,0.0072,28.9477,48.7317,0.854,0.2826,28.9093,49.0139,0.9871,0.3809,0.0004,-0.0007,-0.0004,0.0009,0.507,0.986,28.7674,47.7461,0.985,0.955,0
57.038,28.6514,48.5941,0.9785,-1.071,-2.4889,0.0054,28.9477,48.7317,0.854,0.3496,28.8833,48.9511,0.9874,0.4257,0.0005,-0.0001,0.0005,0.0007,0.519,0.962,28.7696,47.7621,0.985,0.8404,0
57.079,28.6067,48.491,0.9788,-1.0797,-2.4635,0.0123,28.7887,48.5613,0.9016,0.2098,28.8263,48.7969,0.9716,0.3767,0.0005,-0.0008,-0.0011,0.0015,0.541,0.918,28.6461,47.4229,0.978,1.0688,0
57.121,28.5611,48.3887,0.9796,-1.1047,-2.4503,0.0201,28.7887,48.5613,0.9016,0.296,28.7986,48.7353,0.9717,0.4202,0.0002,-0.0009,-0.0011,0.0014,0.517,0.965,28.6373,47.4343,0.978,0.9575,0
57.163,28.5145,48.2865,0.9802,-1.1341,-2.4615,0.0146,28.7887,48.5613,0.9016,0.3961,28.7557,48.6429,0.9718,0.4305,-0.0007,0.0002,0.0003,0.0008,0.471,1.059,28.6435,47.4741,0.978,0.8225,0
57.204,28.4666,48.1834,0.981,-1.1597,-2.4816,0.0279,28.5751,48.2906,0.9797,0.1526,28.6956,48.5171,0.9709,0.4048,0.0003,0.0001,0.0,0.0003,0.501,0.997,28.5393,47.2324,0.979,0.9539,0
57.246,28.418,48.0796,0.9826,-1.1696,-2.4984,0.0423,28.5751,48.2906,0.9797,0.2631,28.6505,48.4214,0.9711,0.4135,-0.0005,-0.0005,-0.0002,0.0007,0.519,0.961,28.5448,47.2561,0.979,0.8333,0
57.287,28.3691,47.9752,0.9844,-1.1766,-2.5119,0.0411,28.4244,48.0072,0.9254,0.087,28.5844,48.2972,0.9665,0.3878,0.0004,0.0007,-0.0012,0.0014,0.532,0.937,28.555,47.2634,0.979,0.7357,0
57.329,28.32,47.8706,0.9858,-1.1758,-2.5046,0.0331,28.4244,48.0072,0.9254,0.1822,28.5385,48.2021,0.9681,0.3974,-0.0005,0.0021,-0.0003,0.0022,0.536,0.928,28.4011,46.9282,0.978,0.946,0
57.371,28.2713,47.7668,0.9869,-1.1662,-2.4809,0.0184,28.4244,48.0072,0.9254,0.2916,28.508,48.1392,0.9689,0.4417,-0.0001,-0.0001,-0.0001,0.0002,0.504,0.992,28.4018,46.9386,0.978,0.8384,0
57.412,28.2229,47.6639,0.9869,-1.1565,-2.4605,-0.013,28.1062,47.7753,0.9157,0.1763,28.4002,47.9917,0.9674,0.3732,-0.0005,0.0009,0.0008,0.0013,0.467,1.065,28.2913,46.6268,0.98,1.0394,0
57.454,28.175,47.5618,0.9859,-1.1412,-2.4416,-0.0294,28.1062,47.7753,0.9157,0.235,28.3712,47.9314,0.9683,0.4188,-0.0006,0.0004,0.0004,0.0008,0.479,1.043,28.2755,46.6511,0.98,0.9163,0
57.495,28.1278,47.4603,0.9846,-1.1257,-2.435,-0.0368,28.0868,47.4334,1.144,0.1668,28.288,47.7614,0.9955,0.3412,-0.0001,-0.0006,0.0,0.0006,0.499,1.001,28.2796,46.6581,0.98,0.8165,0
57.537,28.0812,47.3588,0.9829,-1.1134,-2.4344,-0.043,28.0868,47.4334,1.144,0.1776,28.2609,47.7007,0.9951,0.3864,0.0004,0.0002,0.0008,0.0009,0.504,0.993,28.2969,46.6624,0.98,0.7291,0
57.579,28.0352,47.2576,0.9812,-1.099,-2.4224,-0.0361,27.9923,47.0995,0.9243,0.1734,28.1817,47.5193,0.9814,0.2999,0.0002,0.0007,0.0002,0.0007,0.504,0.991,28.1145,46.2592,0.991,1.0017,0
57.62,27.9895,47.1571,0.9804,-1.0939,-2.4088,-0.014,27.9923,47.0995,0.9243,0.0804,28.1555,47.4584,0.9812,0.344,0.0004,-0.0004,-0.0004,0.0007,0.484,1.032,28.024,46.0031,0.979,1.1545,0
57.662,27.9439,47.0566,0.9798,-1.0947,-2.4191,-0.0142,27.9923,47.0995,0.9243,0.0852,28.1163,47.3674,0.9811,0.3554,0.0002,-0.0014,0.0016,0.0021,0.466,1.067,27.9913,46.0061,0.979,1.0515,0
57.703,27.8982,46.9549,0.9793,-1.1017,-2.459,-0.012,28.0204,47.0262,1.0599,0.1628,28.0752,47.2568,0.9927,0.3502,-0.0007,0.0008,-0.0,0.0011,0.488,1.024,27.9843,46.0098,0.979,0.9491,0
57.745,27.8521,46.8514,0.9786,-1.1108,-2.5066,-0.0215,28.0204,47.0262,1.0599,0.2559,28.0351,47.1636,0.992,0.3622,-0.0004,-0.0011,0.001,0.0016,0.499,1.002,27.9873,46.0212,0.979,0.8411,0
57.787,27.8056,46.746,0.9777,-1.1189,-2.5423,-0.0217,28.0204,47.0262,1.0599,0.3624,28.008,47.1002,0.9913,0.4081,0.0003,0.0003,0.0006,0.0008,0.476,1.047,27.9824,46.0205,0.979,0.7467,0
57.828,27.7587,46.6397,0.977,-1.1303,-2.5561,0.0006,27.6588,46.7921,0.9696,0.1824,27.9112,46.9538,0.9865,0.3492,-0.0007,0.0003,0.0005,0.0009,0.489,1.022,27.8597,45.7257,1.004,0.9199,0
57.87,27.7114,46.5334,0.9778,-1.1391,-2.5463,0.0288,27.6588,46.7921,0.9696,0.2642,27.8836,46.8885,0.9869,0.3948,-0.0005,0.0006,-0.0005,0.0009,0.496,1.007,27.8601,45.73,1.004,0.8174,0
57.911,27.6639,46.4276,0.9792,-1.143,-2.5321,0.039,27.6588,46.7921,0.9696,0.3647,27.842,46.7913,0.9883,0.4051,0.0005,0.0001,-0.0006,0.0008,0.503,0.995,27.8699,45.7328,1.004,0.7251,0
57.953,27.6163,46.3226,0.9814,-1.1404,-2.5047,0.0734,27.5561,46.4245,0.95,0.1224,27.759,46.6671,0.9819,0.3729,0.0009,-0.0008,-0.0004,0.0012,0.477,1.046,27.7438,45.4539,1.03,0.8794,0
57.995,27.5689,46.2191,0.9851,-1.132,-2.469,0.0954,27.5561,46.4245,0.95,0.2088,27.7153,46.5732,0.9852,0.3832,0.0008,0.0006,-0.0007,0.0012,0.483,1.033,27.7437,45.4591,1.03,0.7811,0
58.036,27.5221,46.1169,0.9893,-1.1134,-2.4417,0.1033,27.5561,46.4245,0.95,0.312,27.6866,46.5116,0.9879,0.4277,0.0003,0.0007,-0.0015,0.0017,0.442,1.116,27.6234,45.1604,1.046,0.9635,0
58.078,27.4764,46.0157,0.994,-1.0843,-2.418,0.1237,27.5332,46.2306,0.932,0.2308,27.6181,46.3734,0.983,0.3848,-0.0005,-0.0003,0.0001,0.0006,0.458,1.085,27.6164,45.1726,1.046,0.8563,0
58.119,27.4319,45.9151,0.9994,-1.053,-2.4132,0.1306,27.5332,46.2306,0.932,0.3381,27.591,46.3133,0.9864,0.4289,0.0008,0.0008,0.0004,0.0012,0.462,1.075,27.6241,45.18,1.046,0.7612,0
58.161,27.3888,45.8145,1.0048,-1.0224,-2.4162,0.1291,27.3103,45.7146,0.8455,0.2038,27.5115,46.1292,0.9661,0.34,-0.0007,-0.0003,0.0015,0.0017,0.458,1.083,27.4888,44.843,1.044,0.9775,0
58.203,27.3468,45.7135,1.011,-0.9976,-2.4331,0.1574,27.3103,45.7146,0.8455,0.1695,27.4872,46.0687,0.9699,0.3841,0.0005,-0.0,0.0003,0.0006,0.467,1.066,27.4717,44.8592,1.044,0.864,0
58.244,27.3056,45.6115,1.0176,-0.9799,-2.4613,0.1561,27.3103,45.7146,0.8455,0.2007,27.4518,45.9767,0.9762,0.3955,-0.0009,0.0007,0.0009,0.0015,0.455,1.09,27.3639,44.5561,1.011,1.057,0
58.286,27.265,45.5085,1.0229,-0.9726,-2.4829,0.108,27.3103,45.7146,0.8455,0.2757,27.4287,45.9145,0.9796,0.4399,0.0003,-0.0009,0.001,0.0014,0.469,1.061,27.3444,44.5628,1.011,0.949,0
58.327,27.2244,45.4044,1.0267,-0.9763,-2.5109,0.0792,27.2828,45.6337,1.0226,0.2366,27.3664,45.771,0.9907,0.3948,-0.0,-0.0003,-0.0021,0.0021,0.492,1.017,27.3372,44.5725,1.011,0.8397,0
58.369,27.1835,45.2991,1.0296,-0.987,-2.5398,0.0636,27.2828,45.6337,1.0226,0.3491,27.3427,45.7073,0.9923,0.4397,-0.0005,0.0006,0.0001,0.0008,0.5,1.001,27.3473,44.5803,1.011,0.7375,0
58.411,27.1421,45.1929,1.0321,-1.0012,-2.5537,0.0579,27.2828,45.6337,1.0226,0.4628,27.3066,45.6106,0.9943,0.4506,0.0002,0.0001,0.0006,0.0006,0.484,1.031,27.2061,44.2846,1.015,0.9107,0
58.452,27.0999,45.0863,1.0347,-1.0238,-2.5628,0.0739,27.248,45.1387,0.9944,0.1622,27.269,45.4616,0.9912,0.414,0.0005,0.0001,-0.0006,0.0008,0.516,0.968,27.1957,44.2908,1.015,0.8015,0
58.494,27.0567,44.9794,1.0381,-1.0505,-2.5662,0.0834,27.248,45.1387,0.9944,0.2528,27.2302,45.364,0.9926,0.4245,-0.0002,0.0003,-0.0023,0.0023,0.525,0.95,27.0887,44.0313,1.047,0.9486,0
58.535,27.012,44.8727,1.0428,-1.0882,-2.5562,0.1228,27.0805,44.803,0.9888,0.1117,27.1806,45.2128,1.0005,0.382,0.0006,0.0002,0.0015,0.0016,0.526,0.949,27.0811,44.0336,1.047,0.8419,0
58.577,26.9659,44.7664,1.0473,-1.1203,-2.547,0.0998,27.0805,44.803,0.9888,0.1338,27.1391,45.118,1.0062,0.3941,-0.0002,0.0008,-0.0022,0.0024,0.48,1.04,26.9621,43.7455,1.055,1.0209,0
58.619,26.9184,44.6607,1.0512,-1.1548,-2.5256,0.0883,27.0805,44.803,0.9888,0.2245,27.1104,45.0551,1.0096,0.4406,0.0002,0.0008,0.0001,0.0009,0.494,1.013,26.9597,43.7456,1.055,0.916,0
58.66,26.8697,44.556,1.0547,-1.1819,-2.505,0.0768,26.9592,44.4828,1.0658,0.1162,27.0457,44.8633,1.0248,0.3554,-0.0007,0.0007,0.0004,0.001,0.531,0.938,26.9446,43.7502,1.055,0.8092,0
58.702,26.8197,44.4519,1.0576,-1.2136,-2.4909,0.0663,26.9592,44.4828,1.0658,0.1431,27.0159,44.8005,1.0277,0.4011,-0.0001,0.0001,-0.0012,0.0012,0.536,0.929,26.9453,43.751,1.055,0.7121,0
58.743,26.7685,44.3486,1.0604,-1.2412,-2.4658,0.0705,26.4998,44.363,0.9706,0.2837,26.8862,44.6442,1.0244,0.3202,-0.0004,0.0003,0.0011,0.0012,0.498,1.004,26.8357,43.4827,1.08,0.8688,0
58.785,26.7163,44.2466,1.0631,-1.2636,-2.4361,0.061,26.4998,44.363,0.9706,0.2626,26.8542,44.5831,1.0279,0.3654,-0.0006,0.0005,-0.0002,0.0008,0.502,0.996,26.8357,43.4827,1.08,0.7734,0
58.827,26.6634,44.1456,1.0655,-1.2714,-2.4129,0.0571,26.4998,44.363,0.9706,0.2881,26.8054,44.4929,1.0329,0.3766,0.0002,0.0,0.0001,0.0002,0.502,0.995,26.725,43.2277,1.062,0.92,0
58.868,26.6105,44.0457,1.0676,-1.2686,-2.3832,0.0601,26.5218,44.207,0.8184,0.3098,26.7218,44.3888,0.9976,0.3674,-0.0001,0.0003,0.0014,0.0014,0.455,1.09,26.7194,43.2295,1.062,0.8235,0
58.91,26.5578,43.947,1.0707,-1.255,-2.359,0.0825,26.5218,44.207,0.8184,0.364,26.6717,44.3024,1.0022,0.3794,0.0009,-0.0001,0.0008,0.0012,0.459,1.082,26.7174,43.2311,1.062,0.7336,0
58.951,26.5063,43.849,1.0742,-1.2218,-2.35,0.0819,26.5557,43.8796,1.1778,0.1188,26.6283,44.1786,1.0343,0.3538,0.0006,-0.0002,0.0005,0.0007,0.434,1.062,26.724,43.2265,1.062,0.6596,0
58.993,26.4563,43.7513,1.0757,-1.1759,-2.3404,-0.0059,26.5557,43.8796,1.1778,0.1918,26.5836,44.0927,1.0377,0.3664,0.0001,-0.0001,-0.0002,0.0003,0.396,1.081,26.6082,42.9703,1.023,0.7973,0
59.035,26.4088,43.654,1.0745,-1.1097,-2.3286,-0.0421,26.5557,43.8796,1.1778,0.2884,26.5556,44.0358,1.0378,0.4107,-0.0007,-0.0004,-0.0004,0.0009,0.377,1.071,26.6113,42.9706,1.023,0.7147,0
59.076,26.3644,43.5572,1.0724,-1.0295,-2.3179,-0.0526,26.3774,43.67,1.1792,0.1558,26.4906,43.8961,1.0635,0.3617,-0.0005,-0.0002,-0.0006,0.0008,0.32,1.059,26.6221,42.9645,1.023,0.6482,0
59.118,26.3232,43.4609,1.0691,-0.9526,-2.3047,-0.1006,26.3774,43.67,1.1792,0.2424,26.4672,43.8393,1.0627,0.4049,-0.0004,0.0002,0.0003,0.0005,0.331,1.074,26.4774,42.6895,1.021,0.7882,0
59.159,26.2854,43.3653,1.0644,-0.873,-2.2897,-0.1146,26.3774,43.67,1.1792,0.3384,26.4358,43.7548,1.0598,0.4177,-0.0005,-0.0006,-0.0011,0.0014,0.332,1.139,26.3623,42.3831,1.027,0.9859,0
59.201,26.2508,43.27,1.0595,-0.7929,-2.2856,-0.1224,26.3199,43.2705,1.1399,0.1061,26.3916,43.6169,1.0705,0.3745,0.0006,-0.0001,-0.0013,0.0014,0.324,1.069,26.3544,42.3867,1.027,0.89,0
59.243,26.2195,43.1745,1.0544,-0.7176,-2.2995,-0.122,26.3199,43.2705,1.1399,0.1632,26.3653,43.5327,1.0667,0.3869,0.0002,-0.0002,-0.0008,0.0009,0.311,1.034,26.3475,42.3946,1.027,0.7908,0
59.284,26.1912,43.0783,1.0493,-0.6518,-2.3182,-0.1179,26.3199,43.2705,1.1399,0.2485,26.3501,43.4761,1.0642,0.4287,0.0001,-0.0002,-0.0002,0.0003,0.3,1.012,26.3512,42.3996,1.027,0.6977,0
59.326,26.1653,42.9813,1.0445,-0.5975,-2.3313,-0.1149,26.2842,42.9016,1.1839,0.1999,26.3165,43.2923,1.0792,0.3475,-0.001,0.0008,-0.0002,0.0013,0.325,1.005,26.2358,42.0937,1.038,0.8904,0
59.367,26.1415,42.8843,1.0402,-0.5547,-2.3243,-0.0929,26.2842,42.9016,1.1839,0.2033,26.3042,43.2349,1.0768,0.3883,-0.0001,0.0007,-0.0009,0.0012,0.315,0.979,26.233,42.0992,1.038,0.7904,0
59.409,26.1189,42.7878,1.0366,-0.5303,-2.311,-0.0886,26.3125,42.8356,1.0245,0.1998,26.2911,43.088,1.0626,0.3471,-0.0008,-0.0,0.0014,0.0017,0.362,0.965,26.1604,41.7838,1.006,1.0053,0
59.451,26.0973,42.6917,1.0323,-0.5131,-2.3047,-0.1119,26.3125,42.8356,1.0245,0.259,26.2806,43.0307,1.0597,0.3864,-0.0003,-0.0002,-0.0013,0.0014,0.353,0.934,26.1529,41.7919,1.006,0.9019,0
59.492,26.076,42.5955,1.0276,-0.5131,-2.3108,-0.1113,26.3125,42.8356,1.0245,0.337,26.2654,42.9446,1.0548,0.3981,-0.0005,0.0002,0.0002,0.0006,0.333,0.892,26.15,41.8129,1.006,0.7864,0
59.534,26.0543,42.4991,1.0227,-0.529,-2.3175,-0.129,26.0635,42.4493,1.0271,0.0508,26.2176,42.7988,1.0483,0.3423,0.0002,-0.0008,-0.0001,0.0009,0.266,0.856,26.0773,41.46,0.987,1.04,0
59.575,26.0315,42.4023,1.017,-0.5629,-2.326,-0.1389,26.0635,42.4493,1.0271,0.0577,26.1994,42.7102,1.0429,0.3517,-0.0006,0.0002,-0.0018,0.0019,0.356,0.843,26.0579,41.4814,0.987,0.9218,0
59.617,26.007,42.3049,1.0109,-0.6081,-2.3523,-0.151,26.0635,42.4493,1.0271,0.1559,26.1861,42.6508,1.039,0.3905,-0.0001,0.0,-0.0003,0.0003,0.332,0.819,26.0612,41.5124,0.987,0.7947,0
59.659,25.9807,42.2061,1.0044,-0.6509,-2.3856,-0.162,26.1275,42.4105,1.0625,0.2584,26.1443,42.5178,1.0355,0.3534,-0.0005,-0.0004,-0.0006,0.0009,0.321,0.791,26.0873,41.5312,0.987,0.6835,0
59.7,25.9529,42.1062,0.9976,-0.6747,-2.4057,-0.1591,26.1275,42.4105,1.0625,0.3569,26.1263,42.4561,1.0307,0.392,0.0011,0.0009,-0.001,0.0017,0.536,0.838,25.9897,41.253,0.974,0.8543,0
59.742,25.9248,42.006,0.9914,-0.6729,-2.3991,-0.1413,25.9766,41.9543,0.9926,0.0732,26.0821,42.2943,1.0183,0.3295,-0.0,0.0015,-0.0006,0.0016,0.559,0.778,25.9325,40.9077,0.97,1.0985,0
59.783,25.8973,41.9066,0.9856,-0.6467,-2.374,-0.1371,25.9766,41.9543,0.9926,0.0929,26.0656,42.2345,1.0142,0.3698,0.0002,-0.0,-0.0001,0.0003,0.561,0.765,25.9288,40.9383,0.97,0.9688,0
59.825,25.8713,41.8083,0.9802,-0.5987,-2.3447,-0.1127,25.9766,41.9543,0.9926,0.1804,26.0426,42.1462,1.0085,0.3799,-0.0004,-0.0,-0.0011,0.0011,0.87,0.843,25.9841,41.0116,0.97,0.8047,0
59.867,25.8482,41.7112,0.9764,-0.5129,-2.3181,-0.0723,25.945,41.7226,1.0375,0.115,26.0125,42.0167,1.0097,0.3484,0.0001,0.0005,0.0006,0.0008,0.884,0.772,26.0099,41.0142,0.97,0.7156,0
59.908,25.8297,41.6156,0.9742,-0.3806,-2.2704,-0.0358,25.945,41.7226,1.0375,0.1695,25.9972,41.9311,1.0071,0.3587,-0.0009,0.0003,-0.0001,0.0009,1.061,0.854,26.0654,40.9767,0.97,0.681,0
59.95,25.8176,41.5227,0.9732,-0.2139,-2.1912,-0.0306,25.6193,41.4138,1.026,0.2324,25.9261,41.7893,1.0126,0.2905,0.001,-0.0005,0.0004,0.0012,1.051,0.791,25.9213,40.7299,0.969,0.7996,0
59.991,25.813,41.4337,0.9714,-0.0173,-2.09,-0.0459,25.6193,41.4138,1.026,0.2022,25.9243,41.7097,1.0121,0.3003,0.0005,-0.0003,-0.0004,0.0007,1.18,0.923,25.9925,40.7169,0.969,0.7389,0
