time,gt_x,gt_y,gt_z,gt_vx,gt_vy,gt_vz,meas_x,meas_y,meas_z,gnss_error_mag,ekf_x,ekf_y,ekf_z,ekf_pos_error_mag,wind_x,wind_y,wind_z,wind_mag,rep_force_mag,nearest_neighbor_dist,target_x,target_y,target_z,tracking_error_mag,collision_flag
0.046,-2.0,-0.0,0.0674,-0.0,-0.0001,1.6469,-2.1391,-0.0792,0.0045,0.172,-2.0462,-0.0267,0.0395,0.0602,0.0006,0.0009,-0.0008,0.0013,0.0,inf,-2.125,-0.125,1.0,0.9492,1
0.087,-2.0001,-0.0001,0.1403,-0.0053,-0.0065,1.7877,-2.1391,-0.0792,0.0045,0.2098,-2.0462,-0.027,0.1196,0.0572,0.0,0.0002,0.0003,0.0003,0.0,inf,-2.125,-0.125,1.0,0.8776,0
0.129,-2.0005,-0.0007,0.2139,-0.0141,-0.0192,1.7325,-2.1391,-0.0792,0.0045,0.263,-2.0464,-0.0276,0.1747,0.0661,0.0003,-0.0001,-0.0,0.0003,0.0,inf,-2.125,-0.125,1.0,0.8056,0
0.171,-2.0014,-0.0019,0.2836,-0.0288,-0.0381,1.6241,-2.1391,-0.0792,0.0045,0.3207,-2.0473,-0.0291,0.2535,0.0613,-0.0001,-0.0006,-0.0004,0.0007,0.0,inf,-2.125,-0.125,1.0,0.7373,0
0.212,-2.003,-0.004,0.3488,-0.0504,-0.065,1.5467,-1.7491,-0.0953,0.3656,0.2703,-1.9616,-0.0455,0.3038,0.0739,-0.0005,-0.0004,0.0002,0.0006,0.0,inf,-2.125,-0.125,1.0,0.6734,0
0.254,-2.0059,-0.0076,0.4138,-0.0825,-0.1004,1.55,-1.7491,-0.0953,0.3656,0.2756,-1.9636,-0.0478,0.3658,0.0756,-0.0002,-0.0002,0.0005,0.0006,0.0,inf,-2.0,0.0,1.0,0.5863,0
0.295,-2.0099,-0.0122,0.477,-0.1059,-0.1165,1.4851,-1.7491,-0.0953,0.3656,0.2955,-1.9658,-0.0503,0.4062,0.0917,0.0003,0.0006,-0.0008,0.0011,0.0,inf,-2.0,0.0,1.0,0.5232,0
0.337,-2.0147,-0.0171,0.5373,-0.124,-0.1167,1.4337,-2.1186,0.0561,0.4426,0.1586,-2.0073,-0.0259,0.4577,0.0805,-0.0003,-0.0002,-0.0012,0.0012,0.0,inf,-2.0,0.0,1.0,0.4632,0
0.379,-2.0201,-0.0218,0.5961,-0.1318,-0.1078,1.3856,-2.1186,0.0561,0.4426,0.1984,-2.0108,-0.0279,0.4922,0.1045,0.0004,0.0002,-0.0003,0.0005,0.0,inf,-2.0,0.0,1.0,0.405,0
0.42,-2.0256,-0.0261,0.6497,-0.1303,-0.0983,1.1781,-2.1186,0.0561,0.4426,0.2414,-2.0162,-0.0304,0.5389,0.1112,-0.0002,0.0005,-0.0005,0.0008,0.0,inf,-2.0162,-0.0304,0.5389,0.1112,0
0.462,-2.0309,-0.0298,0.6932,-0.1257,-0.0837,0.9357,-1.8368,0.1003,0.5451,0.2767,-1.983,-0.011,0.5629,0.1401,-0.0002,0.0005,-0.0006,0.0008,0.0,inf,-4.875,0.125,0.0,2.9314,0
0.503,-2.036,-0.0329,0.7266,-0.1179,-0.0624,0.6941,-1.8368,0.1003,0.5451,0.3006,-1.9891,-0.015,0.5869,0.1485,-0.0,-0.0008,0.0006,0.001,0.0,inf,-4.875,0.125,0.0,2.9348,0
0.541,-2.0402,-0.0347,0.7481,-0.1086,-0.0375,0.477,-1.8368,0.1003,0.5451,0.3176,-1.9927,-0.017,0.5954,0.1609,-0.0001,0.0003,-0.0001,0.0003,0.0,inf,-4.875,0.125,0.0,2.9362,0
0.582,-2.0445,-0.0355,0.7625,-0.0956,-0.0033,0.2358,-2.2291,0.0235,0.7124,0.2002,-2.0434,-0.011,0.6326,0.1322,0.0001,-0.0,0.0004,0.0004,0.0,inf,-4.875,0.125,0.0,2.9358,0
0.624,-2.0481,-0.0347,0.7668,-0.0802,0.038,-0.0051,-2.2291,0.0235,0.7124,0.1977,-2.0476,-0.0116,0.6293,0.1394,-0.0004,0.0,-0.0001,0.0004,0.0,inf,-4.875,0.125,0.0,2.9334,0
0.666,-2.051,-0.0319,0.7617,-0.0594,0.0966,-0.2112,-1.9615,-0.0397,0.4879,0.2882,-2.0302,-0.0149,0.606,0.158,0.0002,0.0003,0.0001,0.0004,0.0,inf,-4.875,0.125,0.0,2.9291,0
0.707,-2.0529,-0.0258,0.7497,-0.0345,0.1943,-0.3311,-1.9615,-0.0397,0.4879,0.2776,-2.0312,-0.0096,0.5888,0.1632,-0.0003,0.0001,-0.0002,0.0003,0.0,inf,-4.875,0.125,0.0,2.9239,0
0.749,-2.054,-0.0145,0.735,-0.0257,0.3416,-0.361,-1.9615,-0.0397,0.4879,0.2651,-2.0313,-0.0025,0.5745,0.1626,-0.0004,-0.0001,0.0003,0.0005,0.0,inf,-4.875,0.125,0.0,2.9185,0
0.79,-2.0557,0.0036,0.7195,-0.0577,0.5027,-0.3971,-1.8008,-0.0595,0.7196,0.2626,-1.9902,0.0028,0.5937,0.1419,-0.0001,0.0001,0.0006,0.0006,0.0,inf,-4.875,0.125,0.0,2.9122,0
0.832,-2.0602,0.0285,0.7025,-0.1652,0.6807,-0.4092,-1.8008,-0.0595,0.7196,0.2745,-1.9923,0.0195,0.5808,0.1396,0.0001,-0.0003,0.0009,0.001,0.0,inf,-4.875,0.125,0.0,2.9027,0
0.874,-2.0716,0.0608,0.686,-0.3762,0.8469,-0.3809,-1.8008,-0.0595,0.7196,0.2982,-2.002,0.0529,0.5617,0.1427,0.0001,0.0001,-0.0004,0.0004,0.0,inf,-4.875,0.125,0.0,2.8869,0
0.915,-2.0936,0.0987,0.6704,-0.66,0.9447,-0.376,-1.9656,-0.0334,0.6283,0.1887,-2.0162,0.0572,0.5654,0.1369,-0.0004,-0.0007,0.0009,0.0012,0.0,inf,-4.875,0.125,0.0,2.8612,0
0.957,-2.1286,0.1382,0.6546,-0.9894,0.9324,-0.3845,-1.9656,-0.0334,0.6283,0.2381,-2.0537,0.0979,0.5486,0.1359,-0.0002,0.0002,0.0014,0.0014,0.0,inf,-4.875,0.125,0.0,2.8234,0
0.998,-2.1771,0.1746,0.638,-1.3025,0.8086,-0.4108,-1.9656,-0.0334,0.6283,0.2968,-2.089,0.1237,0.537,0.1434,-0.0001,-0.0,0.0009,0.0009,0.0,inf,-4.875,0.125,0.0,2.7727,0
1.04,-2.237,0.2037,0.6196,-1.5315,0.5985,-0.4699,-2.0355,0.2522,0.7243,0.2321,-2.1332,0.1658,0.5551,0.1279,0.0,0.0003,0.0007,0.0008,0.0,inf,-4.875,0.125,0.0,2.711,0
1.082,-2.3042,0.2228,0.5985,-1.6686,0.343,-0.5352,-2.0355,0.2522,0.7243,0.2981,-2.1811,0.1771,0.5414,0.1433,0.0001,-0.0002,0.0003,0.0004,0.0,inf,-4.875,0.125,0.0,2.6413,0
1.123,-2.3751,0.2313,0.575,-1.7161,0.1066,-0.6066,-2.4211,0.1344,0.5761,0.1072,-2.2767,0.1715,0.5268,0.1248,0.0005,-0.0003,-0.001,0.0012,0.628,0.777,-4.875,0.125,0.0,2.5673,0
1.165,-2.4467,0.2337,0.544,-1.7121,0.0122,-0.8426,-2.4211,0.1344,0.5761,0.1074,-2.3242,0.1683,0.5073,0.1436,0.0003,-0.0006,-0.0003,0.0007,0.589,0.821,-4.875,0.125,0.0,2.4909,0
1.206,-2.5173,0.2314,0.5061,-1.6751,-0.113,-0.9422,-2.6339,-0.0265,0.3938,0.3045,-2.4344,0.1346,0.4581,0.1361,0.0003,-0.0002,-0.0002,0.0004,0.531,0.937,-4.875,0.125,0.0,2.4138,0
1.248,-2.5859,0.2239,0.4667,-1.6248,-0.2305,-0.939,-2.6339,-0.0265,0.3938,0.2652,-2.4787,0.1266,0.4316,0.1489,0.0,-0.0,-0.0007,0.0007,0.506,0.988,-4.875,0.125,0.0,2.3383,0
1.29,-2.6529,0.212,0.4288,-1.6025,-0.3257,-0.8797,-2.6339,-0.0265,0.3938,0.2418,-2.543,0.1095,0.3929,0.1545,0.0009,0.0002,0.0001,0.0009,0.469,1.063,-4.875,0.125,0.0,2.2648,0
1.331,-2.72,0.197,0.3935,-1.6247,-0.3839,-0.8221,-2.8868,0.1552,0.4206,0.174,-2.637,0.1149,0.3796,0.1176,0.0005,0.0002,-0.0015,0.0016,0.432,1.137,-4.875,0.125,0.0,2.1918,0
1.373,-2.7892,0.1802,0.3607,-1.6963,-0.4128,-0.7596,-2.8868,0.1552,0.4206,0.1172,-2.7003,0.096,0.3487,0.123,-0.0005,-0.0006,-0.0007,0.0011,0.396,1.208,-4.875,0.125,0.0,2.1175,0
1.414,-2.8623,0.1629,0.3303,-1.8044,-0.4139,-0.7066,-2.8868,0.1552,0.4206,0.0938,-2.7452,0.0829,0.33,0.1419,0.0006,-0.0,-0.0014,0.0015,0.372,1.256,-4.875,0.125,0.0,2.04,0
1.46,-2.9486,0.1446,0.2996,-1.9532,-0.3838,-0.6445,-2.7727,0.1477,0.3397,0.1805,-2.815,0.0848,0.302,0.1464,-0.0005,0.0001,0.0001,0.0005,0.337,1.325,-4.875,0.125,0.0,1.9496,0
1.502,-3.0333,0.1295,0.2735,-2.0955,-0.3433,-0.6125,-2.7727,0.1477,0.3397,0.2694,-2.893,0.0707,0.2777,0.1521,-0.0001,-0.0001,-0.0008,0.0008,0.298,1.403,-4.875,0.125,0.0,1.8619,0
1.543,-3.1236,0.1163,0.2479,-2.2225,-0.2958,-0.6331,-2.8728,0.1809,0.2156,0.261,-2.9439,0.0873,0.2531,0.1821,0.0,0.001,0.0001,0.001,0.273,1.454,-4.875,0.125,0.0,1.7689,0
1.585,-3.2191,0.1053,0.2212,-2.3538,-0.2358,-0.6378,-2.8728,0.1809,0.2156,0.3545,-3.0332,0.08,0.2291,0.1878,-0.0001,-0.0007,-0.0006,0.0009,0.23,1.54,-4.875,0.125,0.0,1.6707,0
1.627,-3.3209,0.0969,0.1952,-2.519,-0.1731,-0.6118,-2.8728,0.1809,0.2156,0.4563,-3.0972,0.0771,0.2135,0.2252,0.0011,0.0003,0.001,0.0015,0.2,1.6,-4.875,0.125,0.0,1.5666,0
1.668,-3.4306,0.0912,0.1703,-2.739,-0.1062,-0.5829,-3.4173,0.0762,0.1126,0.0611,-3.2449,0.0701,0.1762,0.187,-0.0006,0.0014,0.0001,0.0015,0.129,1.743,-4.875,0.125,0.0,1.4548,0
1.71,-3.5504,0.0883,0.1461,-2.9874,-0.0411,-0.5852,-3.4173,0.0762,0.1126,0.1379,-3.3206,0.0699,0.1623,0.2311,-0.001,0.0006,0.0012,0.0017,0.094,1.813,-4.875,0.125,0.0,1.3331,0
1.751,-3.6806,0.088,0.1212,-3.235,0.0204,-0.6096,-3.4173,0.0762,0.1126,0.2637,-3.4458,0.0726,0.1406,0.2361,0.0006,0.0001,0.0017,0.0018,0.035,1.929,-4.875,0.125,0.0,1.2011,0
1.793,-3.8199,0.0897,0.0973,-3.4163,0.0481,-0.551,-3.7381,0.1999,0.162,0.1517,-3.5792,0.0923,0.1359,0.2438,0.0001,-0.0022,0.0002,0.0022,0.0,2.043,-4.875,0.125,0.0,1.0602,1
1.835,-3.9641,0.0918,0.0778,-3.369,0.0514,0.046,-3.7381,0.1999,0.162,0.2642,-3.7181,0.096,0.123,0.2502,-0.0002,0.0,-0.0008,0.0008,0.0,2.17,-4.875,0.125,0.0,0.9148,1
1.876,-4.1037,0.094,0.0788,-3.3346,0.052,0.0253,-3.9388,0.0117,-0.1072,0.2618,-3.8223,0.0796,0.0764,0.2819,-0.0002,0.0002,-0.0018,0.0018,0.0,2.285,-4.875,0.125,0.0,0.7759,1
1.918,-4.2421,0.0962,0.0792,-3.3033,0.0519,0.0162,-3.9388,0.0117,-0.1072,0.3659,-3.9491,0.0816,0.0798,0.2933,0.0004,0.0002,0.0008,0.0009,0.0,2.396,-4.875,0.125,0.0,0.6385,1
1.959,-4.3791,0.0983,0.0794,-3.271,0.0518,0.0123,-3.9388,0.0117,-0.1072,0.486,-4.0327,0.0829,0.0818,0.3467,0.0004,0.0013,-0.0003,0.0014,0.0,2.47,-4.875,0.125,0.0,0.503,1
2.001,-4.5146,0.1005,0.0795,-3.2338,0.052,0.0111,-4.2995,0.1491,0.3355,0.338,-4.1911,0.0983,0.1246,0.3267,0.0001,0.0011,0.001,0.0015,0.0,2.596,-5.0,0.0,0.0,0.502,1
2.043,-4.6485,0.1027,0.0795,-3.1919,0.0524,0.0108,-4.2995,0.1491,0.3355,0.4354,-4.2715,0.1002,0.1258,0.3799,0.0007,0.0001,0.0018,0.0019,0.0,2.669,-5.0,0.0,0.0,0.3747,1
2.084,-4.7809,0.1049,0.0796,-3.1698,0.0538,0.0088,-4.8666,0.3138,0.0043,0.2381,-4.4812,0.1371,0.105,0.3024,-0.0004,0.001,0.001,0.0015,0.0,2.868,-4.875,0.125,0.0,0.1249,1
2.126,-4.9123,0.1071,0.0803,-3.151,0.0541,0.1085,-4.8666,0.3138,0.0043,0.2249,-4.5609,0.1386,0.1055,0.3537,0.0,-0.001,0.0014,0.0017,0.0,3.752,-5.0,0.0,10.0,9.9206,1
2.167,-5.0443,0.1094,0.0884,-3.1823,0.0557,0.3168,-4.8666,0.3138,0.0043,0.2836,-4.6806,0.1408,0.1137,0.3659,-0.0002,-0.0007,-0.0,0.0008,0.0,3.863,-4.625,0.125,10.0,9.9205,0
2.205,-5.1644,0.1116,0.1097,-3.2192,0.0589,0.7663,-4.9517,0.2119,0.146,0.238,-4.8071,0.1518,0.135,0.3605,0.0007,0.0005,0.0011,0.0013,0.0,3.979,-4.625,0.125,10.0,9.905,0
2.246,-5.2995,0.1141,0.1529,-3.2609,0.0645,1.259,-4.9517,0.2119,0.146,0.3614,-4.8892,0.1529,0.1639,0.4122,-0.0,0.0009,0.0001,0.0009,0.0,4.05,-4.625,0.125,10.0,9.8702,0
2.288,-5.4363,0.117,0.2161,-3.302,0.0711,1.7051,-4.9517,0.2119,0.146,0.4988,-5.0144,0.1548,0.2301,0.4238,-0.0001,0.0007,0.0011,0.0013,0.0,4.155,-4.625,0.125,10.0,9.8175,0
2.33,-5.5744,0.1198,0.2936,-3.3176,0.0597,1.9705,-5.4189,0.2805,0.1856,0.2483,-5.1591,0.1798,0.2671,0.4204,0.0001,-0.0009,-0.0012,0.0015,0.0,4.29,-4.625,0.125,10.0,9.7527,0
2.371,-5.7122,0.1218,0.3792,-3.299,0.0388,2.1034,-5.4189,0.2805,0.1856,0.3856,-5.2831,0.1821,0.3577,0.4339,-0.0006,-0.0009,0.0002,0.0011,0.0,4.393,-4.625,0.125,10.0,9.6821,0
2.413,-5.8492,0.1226,0.4685,-3.2737,0.0014,2.1949,-5.6046,0.179,0.4786,0.2512,-5.4123,0.1823,0.419,0.4437,-0.0011,0.0006,-0.0025,0.0028,0.0,4.508,-4.625,0.125,10.0,9.6098,0
2.454,-5.9847,0.1215,0.5626,-3.2366,-0.0543,2.2981,-5.6046,0.179,0.4786,0.3935,-5.5341,0.1813,0.5122,0.4573,0.0009,0.0005,0.0014,0.0018,0.0,4.612,-4.625,0.125,10.0,9.5348,0
2.496,-6.1186,0.1177,0.6594,-3.1916,-0.1243,2.3373,-5.6046,0.179,0.4786,0.5483,-5.6142,0.1788,0.5769,0.5148,0.0008,-0.0006,0.0006,0.0012,0.0,4.682,-4.625,0.125,10.0,9.4593,0
2.538,-6.2497,0.1102,0.7592,-3.1007,-0.2283,2.4419,-6.0399,-0.0041,0.7465,0.2392,-5.8055,0.1432,0.6895,0.4508,-0.0006,-0.0001,0.0017,0.0018,0.0,4.852,-4.625,0.125,10.0,9.3825,0
2.579,-6.376,0.0981,0.8625,-2.9677,-0.3403,2.5082,-6.0399,-0.0041,0.7465,0.37,-5.8814,0.1354,0.7554,0.5074,-0.0007,-0.0006,-0.0006,0.0011,0.0,4.919,-4.625,0.125,10.0,9.3038,0
2.621,-6.4952,0.0815,0.9684,-2.7559,-0.446,2.5709,-6.3209,-0.0296,1.1182,0.2552,-6.0476,0.0939,0.8956,0.4536,0.0005,0.001,-0.0015,0.0019,0.0,5.068,-4.625,0.125,10.0,9.2233,0
2.662,-6.6029,0.0611,1.0777,-2.4403,-0.5123,2.6535,-6.3209,-0.0296,1.1182,0.299,-6.1105,0.0798,0.9626,0.506,0.001,0.0002,-0.0002,0.0011,0.0,5.126,-4.625,0.125,10.0,9.1391,0
2.704,-6.6967,0.0398,1.1887,-2.0929,-0.4991,2.664,-6.3209,-0.0296,1.1182,0.3886,-6.1894,0.0567,1.0658,0.5223,0.0006,-0.0001,-0.0019,0.002,0.0,5.198,-4.625,0.125,10.0,9.0519,0
2.746,-6.7757,0.0208,1.2989,-1.7369,-0.4049,2.6228,-6.6093,0.0476,1.3991,0.196,-6.3088,0.0469,1.1877,0.4807,-0.0004,-0.0001,0.0001,0.0004,0.0,5.315,-4.625,0.125,10.0,8.9635,0
2.787,-6.8407,0.0074,1.4063,-1.4262,-0.2489,2.5324,-6.6093,0.0476,1.3991,0.235,-6.3582,0.0331,1.2871,0.4977,-0.0006,0.0004,-0.0003,0.0008,0.0,5.364,-4.625,0.125,10.0,8.8755,0
2.829,-6.8943,0.0013,1.5093,-1.1781,-0.0574,2.4229,-7.0057,0.034,1.4782,0.1202,-6.5008,0.0313,1.3782,0.4158,-0.0011,-0.0002,-0.0001,0.0011,0.0,5.509,-4.625,0.125,10.0,8.7896,0
2.87,-6.9391,0.0037,1.608,-1.0028,0.1518,2.3267,-7.0057,0.034,1.4782,0.149,-6.5324,0.0353,1.469,0.4309,-0.0004,-0.0006,-0.0002,0.0007,0.0,5.545,-4.625,0.125,10.0,8.7061,0
2.912,-6.9779,0.0147,1.7034,-0.8779,0.3517,2.2677,-7.0057,0.034,1.4782,0.2277,-6.5485,0.0445,1.5268,0.4653,0.0001,0.0001,-0.0008,0.0008,0.0,5.566,-4.625,0.125,10.0,8.6245,0
2.954,-7.012,0.0336,1.7979,-0.7711,0.5313,2.2733,-6.7822,-0.1108,1.8149,0.272,-6.623,0.0326,1.6575,0.4135,-0.0001,0.0005,-0.0001,0.0005,0.0,5.649,-4.625,0.125,10.0,8.5429,0
2.995,-7.0418,0.0589,1.8931,-0.6701,0.6617,2.2994,-6.7822,-0.1108,1.8149,0.3199,-6.6362,0.0509,1.7142,0.4434,0.0004,-0.0002,-0.0,0.0004,0.0,5.669,-4.625,0.125,10.0,8.4597,0
3.037,-7.0675,0.0884,1.9898,-0.5741,0.7362,2.3349,-7.0656,0.0876,1.9304,0.0594,-6.7338,0.0767,1.8291,0.3705,0.0002,0.0001,-0.0007,0.0007,0.0,5.782,-4.625,0.125,10.0,8.3744,0
3.078,-7.0891,0.1198,2.0877,-0.4735,0.7603,2.3622,-7.0656,0.0876,1.9304,0.1622,-6.7446,0.0977,1.8882,0.3987,-0.0004,0.0006,0.0004,0.0008,0.0,5.802,-4.625,0.125,10.0,8.2872,0
3.12,-7.1065,0.1511,2.1866,-0.3682,0.7398,2.3836,-7.0656,0.0876,1.9304,0.2671,-6.7559,0.1297,1.9781,0.4084,-0.0003,0.0013,0.0004,0.0014,0.0,7.906,-4.625,0.125,10.0,8.198,0
3.162,-7.1193,0.1807,2.2866,-0.2575,0.6818,2.4129,-7.0439,0.0666,2.1566,0.1887,-6.8174,0.1296,2.0634,0.3789,-0.0006,-0.0004,0.0007,0.001,0.0,7.972,-4.625,0.125,10.0,8.1069,0
3.203,-7.1275,0.2074,2.3873,-0.1456,0.6025,2.4195,-7.0439,0.0666,2.1566,0.2829,-6.822,0.1531,2.1536,0.3884,-0.0004,-0.001,-0.0015,0.0019,0.0,7.985,-4.625,0.125,10.0,8.0139,0
3.245,-7.1311,0.2303,2.488,-0.0401,0.507,2.4119,-7.0439,0.0666,2.1566,0.3798,-6.8217,0.1663,2.2138,0.4184,-0.0003,0.0001,-0.001,0.001,0.0,7.99,-4.625,0.125,10.0,7.9197,0
3.286,-7.1306,0.2491,2.5882,0.0528,0.4035,2.3974,-7.2493,0.2299,2.58,0.1206,-6.8936,0.1969,2.3652,0.3295,0.0004,-0.0002,0.0002,0.0005,0.0,8.078,-4.625,0.125,10.0,7.8249,0
3.328,-7.1265,0.2635,2.6877,0.1334,0.2992,2.3839,-7.2493,0.2299,2.58,0.1668,-6.8885,0.2047,2.4247,0.3595,-0.0,0.0001,0.0015,0.0015,0.0,8.08,-4.625,0.125,10.0,7.7295,0
3.37,-7.1194,0.2737,2.7868,0.1948,0.1999,2.3688,-7.1494,0.3009,2.6297,0.1621,-6.9261,0.2277,2.5441,0.3136,-0.0006,0.0009,0.0009,0.0014,0.0,8.133,-4.625,0.125,10.0,7.6338,0
3.411,-7.1102,0.2799,2.8852,0.2419,0.1121,2.3595,-7.1494,0.3009,2.6297,0.2593,-6.9181,0.2295,2.6031,0.345,-0.0003,-0.0002,-0.0003,0.0005,0.0,8.133,-4.625,0.125,10.0,7.5379,0
3.453,-7.0993,0.2829,2.9834,0.2774,0.0384,2.357,-7.0451,0.2621,2.9153,0.0895,-6.9338,0.2392,2.7373,0.2998,0.0003,-0.0001,0.0004,0.0005,0.0,8.169,-4.625,0.125,10.0,7.4417,0
3.494,-7.0871,0.283,3.0816,0.3033,-0.0213,2.3571,-7.0451,0.2621,2.9153,0.1728,-6.9257,0.2378,2.796,0.3312,0.0002,0.0001,0.0005,0.0006,0.0,8.17,-4.625,0.125,10.0,7.3451,0
3.536,-7.074,0.2811,3.1799,0.32,-0.0634,2.3597,-7.0451,0.2621,2.9153,0.2668,-6.9124,0.233,2.8842,0.3404,0.0002,0.0013,0.0011,0.0017,0.0,8.171,-4.625,0.125,10.0,7.2482,0
3.578,-7.0604,0.2778,3.2787,0.3318,-0.0927,2.3837,-7.2161,0.3275,3.1635,0.2,-6.9543,0.2441,2.9835,0.3154,-0.0002,0.0004,-0.0007,0.0008,0.0,8.23,-4.625,0.125,10.0,7.1506,0
3.619,-7.0464,0.2736,3.3784,0.3383,-0.1031,2.3981,-7.2161,0.3275,3.1635,0.2791,-6.9403,0.2364,3.0711,0.3272,0.0002,0.0,-0.0001,0.0002,0.0,8.233,-4.625,0.125,10.0,7.052,0
3.661,-7.0323,0.2694,3.4784,0.3401,-0.1007,2.403,-7.2161,0.3275,3.1635,0.3693,-6.9308,0.2311,3.1298,0.365,0.0,0.0008,-0.0002,0.0008,0.0,8.235,-4.625,0.125,10.0,6.9532,0
3.702,-7.0181,0.2654,3.5784,0.3411,-0.0888,2.3926,-7.0599,0.2287,3.5903,0.0569,-6.9422,0.2329,3.2944,0.2958,0.0007,-0.0,-0.001,0.0012,0.0,8.28,-4.625,0.125,10.0,6.8544,0
3.744,-7.0039,0.2622,3.6778,0.3398,-0.068,2.3816,-7.0599,0.2287,3.5903,0.1092,-6.9333,0.2305,3.3535,0.3335,-0.0006,0.0005,0.0004,0.0009,0.0,8.284,-4.625,0.125,10.0,6.7563,0
3.786,-6.9897,0.2598,3.7769,0.3389,-0.0478,2.376,-7.0599,0.2287,3.5903,0.2018,-6.9199,0.2279,3.4417,0.3439,0.0003,0.0001,-0.0004,0.0005,0.0,8.291,-4.625,0.125,10.0,6.6586,0
3.827,-6.9757,0.2582,3.876,0.3384,-0.0289,2.3789,-7.0262,0.1995,3.7369,0.1592,-6.9286,0.2203,3.5494,0.3321,0.0007,-0.0004,-0.0,0.0008,0.0,8.326,-4.625,0.125,10.0,6.561,0
3.869,-6.9616,0.2574,3.9751,0.3377,-0.012,2.3794,-7.0262,0.1995,3.7369,0.2535,-6.915,0.2189,3.6371,0.3434,0.0001,-0.0005,-0.0007,0.0009,0.0,8.334,-4.625,0.125,10.0,6.4635,0
3.91,-6.9474,0.2573,4.0742,0.3404,0.0035,2.3749,-6.8343,0.1717,4.0323,0.1479,-6.8967,0.2145,3.7578,0.3233,-0.0003,0.0003,0.0001,0.0005,0.0,8.349,-4.625,0.125,10.0,6.366,0
3.952,-6.9332,0.2577,4.173,0.3446,0.0132,2.3718,-6.8343,0.1717,4.0323,0.1923,-6.8844,0.2161,3.8455,0.3338,0.0001,0.0003,-0.0001,0.0003,0.0,8.361,-4.625,0.125,10.0,6.2689,0
3.994,-6.9186,0.2583,4.2718,0.3521,0.017,2.3702,-6.8343,0.1717,4.0323,0.2683,-6.8761,0.2176,3.9039,0.3727,-0.0004,0.0005,0.0004,0.0007,0.0,8.37,-4.625,0.125,10.0,6.1717,0
4.035,-6.9037,0.259,4.37,0.3627,0.0142,2.3457,-6.7339,0.1808,4.1266,0.3069,-6.8361,0.217,4.0332,0.3461,0.0002,0.0004,-0.0002,0.0005,0.0,8.37,-4.625,0.125,10.0,6.0751,0
4.077,-6.8884,0.2594,4.4675,0.374,0.0061,2.3359,-6.7339,0.1808,4.1266,0.3824,-6.8264,0.2191,4.0918,0.3829,0.0001,0.0006,-0.0013,0.0014,0.0,8.379,-4.625,0.125,10.0,5.9791,0
4.118,-6.8725,0.2593,4.5647,0.3859,-0.0094,2.3329,-6.8972,0.1614,4.3604,0.2279,-6.8293,0.212,4.2142,0.3564,-0.0002,0.0006,0.0019,0.002,0.0,8.42,-4.625,0.125,10.0,5.8832,0
4.16,-6.8562,0.2585,4.6619,0.3962,-0.0274,2.3326,-6.8972,0.1614,4.3604,0.3194,-6.8201,0.2132,4.2722,0.394,-0.0001,0.0,0.0004,0.0004,0.0,10.99,-4.625,0.125,10.0,5.7872,0
4.202,-6.8394,0.257,4.7591,0.4089,-0.0446,2.3321,-6.8972,0.1614,4.3604,0.4141,-6.8058,0.2144,4.3593,0.4035,0.0002,0.0005,-0.0001,0.0006,0.0,10.997,-4.625,0.125,10.0,5.691,0
4.243,-6.822,0.2548,4.8561,0.4245,-0.0593,2.3217,-6.8308,0.2863,4.9692,0.1177,-6.8008,0.2248,4.5199,0.3382,0.0002,0.0003,-0.0004,0.0006,0.0,11.032,-4.625,0.125,10.0,5.595,0
4.285,-6.804,0.252,4.9526,0.4405,-0.0716,2.3137,-6.8308,0.2863,4.9692,0.0466,-6.7855,0.2238,4.6069,0.3474,-0.0001,0.0005,-0.0015,0.0016,0.0,11.04,-4.625,0.125,10.0,5.4991,0
4.326,-6.7852,0.2488,5.049,0.4596,-0.0822,2.3178,-6.8038,0.3097,5.1265,0.1003,-6.7781,0.2354,4.7419,0.3074,0.0002,0.0008,0.0011,0.0014,0.0,11.07,-4.625,0.125,10.0,5.4032,0
4.368,-6.7656,0.2452,5.1459,0.4777,-0.087,2.3299,-6.8038,0.3097,5.1265,0.0774,-6.7609,0.2328,4.8275,0.3187,0.0002,-0.0002,-0.0008,0.0008,0.0,11.078,-4.625,0.125,10.0,5.3065,0
4.41,-6.7453,0.2416,5.243,0.4956,-0.0887,2.3319,-6.8038,0.3097,5.1265,0.1472,-6.7489,0.2309,4.8848,0.3584,-0.0005,0.0002,-0.0003,0.0006,0.0,11.083,-4.625,0.125,10.0,5.2094,0
4.451,-6.7243,0.2379,5.34,0.5123,-0.0868,2.32,-6.7355,0.3847,5.2792,0.1593,-6.7249,0.2506,5.0349,0.3054,-0.0004,-0.0001,-0.0008,0.0009,0.0,11.104,-4.625,0.125,10.0,5.1122,0
4.493,-6.7026,0.2344,5.4364,0.5244,-0.0836,2.3083,-6.7355,0.3847,5.2792,0.22,-6.7109,0.2479,5.0925,0.3443,-0.0,0.0003,-0.0001,0.0004,0.0,11.108,-4.625,0.125,10.0,5.0155,0
4.534,-6.6805,0.231,5.5325,0.5336,-0.0788,2.3036,-6.7355,0.3847,5.2792,0.3013,-6.6895,0.2441,5.1784,0.3544,0.0002,-0.0002,0.0001,0.0004,0.0,11.115,-4.625,0.125,10.0,4.9189,0
4.576,-6.6582,0.2279,5.6282,0.5391,-0.0704,2.2897,-6.6092,0.0642,5.4704,0.2326,-6.6643,0.2121,5.2875,0.3411,0.0001,0.0001,-0.0008,0.0008,0.0,11.127,-4.625,0.125,10.0,4.8226,0
4.618,-6.6357,0.2251,5.7233,0.5413,-0.0623,2.2813,-6.6092,0.0642,5.4704,0.301,-6.6436,0.2092,5.3734,0.3504,-0.0002,-0.0004,-0.001,0.0011,0.0,11.136,-4.625,0.125,10.0,4.7268,0
4.659,-6.613,0.2227,5.8183,0.5443,-0.0539,2.2712,-6.5692,0.1762,5.7738,0.0779,-6.622,0.2064,5.4945,0.3243,0.0001,0.0003,0.0004,0.0005,0.0,11.156,-4.625,0.125,10.0,4.6313,0
4.701,-6.5903,0.2207,5.9125,0.5459,-0.047,2.2585,-6.5692,0.1762,5.7738,0.1472,-6.6026,0.206,5.5804,0.3327,-0.0,0.0003,-0.0,0.0003,0.0,11.168,-4.625,0.125,10.0,4.5364,0
4.742,-6.5675,0.2188,6.0065,0.5508,-0.0435,2.253,-6.5692,0.1762,5.7738,0.2365,-6.5897,0.2059,5.6373,0.3701,0.0009,-0.0003,-0.0001,0.001,0.0,11.176,-4.625,0.125,10.0,4.4418,0
4.784,-6.5444,0.217,6.1005,0.558,-0.0428,2.2583,-6.7051,0.1714,6.0803,0.1683,-6.5856,0.1992,5.7929,0.3109,-0.0001,-0.0003,0.0,0.0004,0.0,11.228,-4.625,0.125,10.0,4.3472,0
4.826,-6.5209,0.2152,6.1946,0.5655,-0.0422,2.259,-6.7051,0.1714,6.0803,0.2211,-6.5714,0.1991,5.8492,0.3495,-0.0002,0.0005,-0.0002,0.0006,0.0,11.236,-4.625,0.125,10.0,4.2525,0
4.867,-6.4972,0.2134,6.2887,0.572,-0.0433,2.2577,-6.4956,0.262,6.3106,0.0533,-6.5414,0.2098,5.9998,0.2923,-0.0004,-0.0006,-0.0005,0.0009,0.0,11.265,-4.625,0.125,10.0,4.1577,0
4.909,-6.4732,0.2116,6.3829,0.5812,-0.0464,2.2624,-6.4956,0.262,6.3106,0.091,-6.5273,0.2098,6.0557,0.3317,-0.0003,-0.0002,0.0007,0.0007,0.0,11.274,-4.625,0.125,10.0,4.0628,0
4.95,-6.4487,0.2096,6.4772,0.5926,-0.0498,2.2624,-6.4956,0.262,6.3106,0.1809,-6.5057,0.2096,6.1396,0.3423,0.0004,0.0001,0.0003,0.0005,0.0,11.287,-4.625,0.125,10.0,3.9678,0
4.992,-6.4237,0.2074,6.5712,0.6052,-0.0563,2.2476,-6.4343,0.0953,6.4704,0.1511,-6.4779,0.1892,6.253,0.3232,0.0001,0.0003,-0.0007,0.0008,0.0,11.308,-4.625,0.125,10.0,3.8728,0
5.034,-6.3983,0.2049,6.6646,0.6173,-0.062,2.2373,-6.4343,0.0953,6.4704,0.2258,-6.4547,0.1881,6.3371,0.3327,-0.0001,-0.0,-0.0001,0.0002,0.0,11.321,-4.625,0.125,10.0,3.7783,0
5.079,-6.3695,0.202,6.767,0.6339,-0.0655,2.2312,-6.2894,0.2005,6.7106,0.098,-6.406,0.1892,6.473,0.2965,0.0005,-0.0012,-0.0001,0.0013,0.0,11.333,-4.625,0.125,10.0,3.6745,0
5.121,-6.3428,0.1991,6.86,0.6485,-0.07,2.2338,-6.2894,0.2005,6.7106,0.1587,-6.3896,0.1882,6.5284,0.3351,0.0001,0.0005,-0.0003,0.0006,0.0,11.342,-4.625,0.125,10.0,3.5799,0
5.163,-6.3155,0.1961,6.9531,0.661,-0.0741,2.2319,-6.2894,0.2005,6.7106,0.2439,-6.3644,0.1866,6.6115,0.3451,-0.0003,0.0006,-0.0006,0.0009,0.0,13.873,-4.625,0.125,10.0,3.4852,0
5.204,-6.2876,0.193,7.046,0.6731,-0.0754,2.2296,-6.2894,0.2005,6.7106,0.3355,-6.3472,0.1853,6.6669,0.3838,0.0001,-0.0006,0.0004,0.0007,0.0,13.878,-4.625,0.125,10.0,3.3905,0
5.246,-6.2594,0.1898,7.1388,0.6812,-0.0764,2.225,-6.3631,0.2057,7.1738,0.1105,-6.3196,0.1805,6.8364,0.3085,-0.0003,0.0002,0.0002,0.0005,0.0,13.918,-4.625,0.125,10.0,3.2958,0
5.287,-6.2309,0.1867,7.2314,0.6875,-0.0737,2.22,-6.3631,0.2057,7.1738,0.1455,-6.301,0.1778,6.8913,0.3473,-0.0001,0.0002,-0.0005,0.0005,0.0,13.923,-4.625,0.125,10.0,3.2012,0
5.329,-6.2021,0.1838,7.3237,0.6932,-0.0655,2.2118,-6.2661,0.2585,7.2398,0.1294,-6.2667,0.1907,7.0283,0.3026,0.0,0.0,-0.0004,0.0004,0.0,13.946,-4.625,0.125,10.0,3.1069,0
5.371,-6.1732,0.1813,7.4157,0.6952,-0.0561,2.2046,-6.2661,0.2585,7.2398,0.2135,-6.2474,0.1892,7.0829,0.3411,-0.0001,0.0,-0.0005,0.0005,0.0,13.95,-4.625,0.125,10.0,3.013,0
5.412,-6.1441,0.1791,7.5075,0.6974,-0.0476,2.1994,-6.2661,0.2585,7.2398,0.3047,-6.2183,0.1875,7.1645,0.351,0.0003,-0.0002,-0.0009,0.001,0.0,13.958,-4.625,0.125,10.0,2.9195,0
5.454,-6.115,0.1773,7.599,0.7026,-0.0402,2.1903,-6.2069,0.2911,7.4787,0.1894,-6.2046,0.2051,7.2725,0.3397,-0.0002,-0.0002,0.0003,0.0004,0.0,13.99,-4.625,0.125,10.0,2.8263,0
5.495,-6.0854,0.1757,7.69,0.7153,-0.0368,2.1817,-6.2069,0.2911,7.4787,0.2697,-6.1779,0.2042,7.3535,0.3501,0.0002,0.0001,-0.0003,0.0004,0.0,14.0,-4.625,0.125,10.0,2.7334,0
5.537,-6.0553,0.1743,7.7808,0.731,-0.0333,2.1753,-6.0868,0.1257,7.6518,0.1413,-6.1442,0.188,7.453,0.3399,0.0,0.0001,-0.0004,0.0004,0.0,14.013,-4.625,0.125,10.0,2.6407,0
5.579,-6.0243,0.173,7.8712,0.7526,-0.0287,2.1676,-6.0868,0.1257,7.6518,0.233,-6.115,0.1863,7.5334,0.3501,-0.0003,0.0003,-0.0008,0.0009,0.0,14.022,-4.625,0.125,10.0,2.548,0
5.62,-5.9925,0.1719,7.9614,0.7749,-0.0241,2.162,-6.0868,0.1257,7.6518,0.3269,-6.0948,0.1853,7.5867,0.3887,-0.0003,0.0007,0.0004,0.0009,0.0,14.027,-4.625,0.125,10.0,2.4552,0
5.662,-5.9597,0.171,8.0513,0.7959,-0.0201,2.1473,-5.9232,0.162,7.8328,0.2217,-6.0405,0.1851,7.7072,0.3537,-0.0002,0.0002,0.0002,0.0003,0.0,14.032,-4.625,0.125,10.0,2.3624,0
5.703,-5.926,0.1702,8.1403,0.8177,-0.0206,2.1315,-5.9232,0.162,7.8328,0.3077,-6.0201,0.1856,7.7606,0.3915,0.0003,-0.0005,-0.0004,0.0007,0.0,14.038,-4.625,0.125,10.0,2.2701,0
5.745,-5.8915,0.1692,8.2289,0.8397,-0.0258,2.1223,-5.9232,0.162,7.8328,0.3975,-5.9884,0.1861,7.8401,0.4011,0.0001,0.0005,-0.0001,0.0006,0.0,14.047,-4.625,0.125,10.0,2.1778,0
5.787,-5.856,0.168,8.317,0.86,-0.0331,2.1065,-5.807,0.2314,8.1981,0.1434,-5.9351,0.1919,7.9557,0.3707,-0.0003,-0.0001,-0.0001,0.0003,0.0,14.053,-4.625,0.125,10.0,2.0856,0
5.828,-5.8197,0.1664,8.4045,0.8811,-0.0427,2.094,-5.807,0.2314,8.1981,0.2168,-5.9014,0.191,8.0347,0.3795,-0.0001,-0.0003,-0.0001,0.0004,0.0,14.06,-4.625,0.125,10.0,1.9936,0
5.87,-5.7825,0.1644,8.4916,0.9009,-0.0502,2.0874,-5.807,0.2314,8.1981,0.302,-5.8783,0.1901,8.087,0.4166,0.0003,-0.0003,-0.0002,0.0004,0.0,14.065,-4.625,0.125,10.0,1.9018,0
5.911,-5.7445,0.1622,8.5786,0.9196,-0.0549,2.089,-5.7982,0.036,8.3668,0.2523,-5.829,0.1672,8.2104,0.3777,-0.0001,-0.0,-0.0003,0.0003,0.0,14.082,-4.625,0.125,10.0,1.8098,0
5.953,-5.7058,0.1598,8.6656,0.9357,-0.0593,2.0856,-5.7982,0.036,8.3668,0.3363,-5.8047,0.167,8.2621,0.4155,-0.0005,0.0002,-0.0004,0.0007,0.0,14.086,-4.625,0.125,10.0,1.7176,0
5.995,-5.6666,0.1573,8.7524,0.9486,-0.0633,2.0814,-5.6839,0.0914,8.5733,0.1916,-5.7529,0.1535,8.3856,0.3768,0.0002,-0.0002,-0.0006,0.0007,0.0,14.102,-4.625,0.125,10.0,1.6256,0
6.036,-5.6263,0.1542,8.8499,0.9812,-0.082,2.5544,-5.6839,0.0914,8.5733,0.2895,-5.728,0.1529,8.4434,0.4191,-0.0003,-0.0,-0.0003,0.0004,0.0,14.109,-4.625,0.125,10.0,1.5251,0
6.078,-5.5848,0.1503,8.967,1.0063,-0.1046,3.0126,-5.6839,0.0914,8.5733,0.4103,-5.6894,0.1511,8.5519,0.4281,0.0002,0.0001,0.0001,0.0002,0.0,14.131,-4.625,0.125,10.0,1.4103,0
6.119,-5.5424,0.1456,9.0972,1.0251,-0.1159,3.1575,-5.4627,0.055,8.9347,0.2025,-5.6273,0.1278,8.687,0.4193,-0.0004,0.0001,0.0006,0.0007,0.0,16.149,-4.625,0.125,10.0,1.2873,0
6.161,-5.4991,0.1407,9.2268,1.0547,-0.1188,3.0562,-5.4627,0.055,8.9347,0.3066,-5.5873,0.1227,8.8104,0.4261,-0.0001,-0.0002,0.0003,0.0003,0.0,16.168,-4.625,0.125,10.0,1.1671,0
6.203,-5.4541,0.1359,9.3506,1.1066,-0.113,2.8955,-5.4627,0.055,8.9347,0.4237,-5.5594,0.1194,8.8886,0.4742,0.0002,0.0005,-0.0004,0.0007,0.0,16.178,-4.625,0.125,10.0,1.0532,0
6.244,-5.4065,0.1314,9.4669,1.168,-0.1039,2.6894,-5.4559,0.315,9.4028,0.2007,-5.5009,0.1515,9.0723,0.4062,0.0009,0.0001,-0.0004,0.001,0.0,16.208,-4.625,0.125,10.0,0.946,0
6.286,-5.3562,0.1273,9.5737,1.2405,-0.0897,2.4639,-5.4559,0.315,9.4028,0.2727,-5.4695,0.1494,9.1362,0.4525,-0.0001,-0.0004,0.0004,0.0005,0.0,16.21,-4.625,0.125,10.0,0.8464,0
6.327,-5.3025,0.124,9.6714,1.3248,-0.075,2.2348,-5.1241,0.1941,9.6085,0.2018,-5.3629,0.151,9.293,0.3841,0.0006,-0.0001,-0.0003,0.0007,0.0,16.191,-4.625,0.125,10.0,0.753,0
6.369,-5.2455,0.1211,9.7587,1.4071,-0.0642,1.9877,-5.1241,0.1941,9.6085,0.2065,-5.3262,0.149,9.3419,0.4255,-0.0002,0.0001,-0.0001,0.0003,0.0,16.182,-4.625,0.125,10.0,0.6658,0
6.411,-5.1845,0.1187,9.8367,1.5152,-0.0525,1.7857,-5.1241,0.1941,9.6085,0.2478,-5.2668,0.1464,9.4044,0.4409,0.0005,-0.0005,-0.0001,0.0007,0.0,16.16,-4.625,0.125,10.0,0.5829,0
6.452,-5.119,0.1167,9.9065,1.6043,-0.0446,1.5628,-5.1362,0.2123,9.8917,0.0982,-5.2041,0.1551,9.538,0.3801,0.0005,0.0005,0.0002,0.0007,0.0,16.171,-4.625,0.125,10.0,0.5029,0
6.494,-5.0508,0.115,9.9657,1.6656,-0.0372,1.3067,-5.1362,0.2123,9.8917,0.1491,-5.1373,0.153,9.5858,0.3915,-0.0004,-0.0002,-0.0004,0.0006,0.0,16.136,-5.1373,0.153,9.5858,0.3915,0
6.535,-4.9801,0.1136,10.0144,1.7186,-0.0286,1.0553,-5.1016,-0.0616,10.0005,0.2136,-5.0979,0.1176,9.6837,0.3511,-0.0,-0.0001,-0.0005,0.0005,0.0,16.154,-5.0979,0.1176,9.6837,0.3511,0
6.577,-4.9074,0.1127,10.0527,1.7632,-0.0187,0.808,-5.1016,-0.0616,10.0005,0.266,-5.0301,0.1169,9.7111,0.3629,0.0009,0.0002,-0.0006,0.0011,0.0,16.109,-5.0301,0.1169,9.7111,0.3629,0
6.619,-4.8331,0.1121,10.0808,1.799,-0.0075,0.5645,-5.1016,-0.0616,10.0005,0.3297,-4.9837,0.1168,9.7218,0.3893,0.0001,0.0002,-0.0001,0.0002,0.0,16.075,-4.9837,0.1168,9.7218,0.3893,0
6.66,-4.7575,0.1121,10.0988,1.8266,0.0052,0.3283,-4.7159,0.285,9.9656,0.2222,-4.8761,0.1487,9.7777,0.3442,-0.0,0.0001,0.0008,0.0008,0.0,16.009,-4.8761,0.1487,9.7777,0.3442,0
6.702,-4.6806,0.1128,10.1098,1.8614,0.0288,0.2334,-4.7159,0.285,9.9656,0.2273,-4.8289,0.1502,9.7775,0.3658,0.0001,0.0002,0.0002,0.0004,0.0,15.968,-4.8289,0.1502,9.7775,0.3658,0
6.743,-4.6027,0.1146,10.1196,1.869,0.0509,0.2502,-4.7159,0.285,9.9656,0.2561,-4.7569,0.1537,9.7752,0.3794,0.0004,0.0001,0.0004,0.0006,0.0,15.905,-4.7569,0.1537,9.7752,0.3794,0
6.785,-4.5258,0.1171,10.1305,1.8152,0.0667,0.2522,-4.3752,0.0882,10.026,0.1856,-4.6453,0.1468,9.8339,0.3211,0.0,0.0001,0.0002,0.0002,0.0,15.841,-4.6453,0.1468,9.8339,0.3211,0
6.827,-4.4531,0.1201,10.1414,1.6742,0.0759,0.2745,-4.3752,0.0882,10.026,0.1429,-4.5784,0.1523,9.8389,0.329,-0.0002,-0.0001,0.0,0.0002,0.0,15.787,-4.5784,0.1523,9.8389,0.329,0
6.868,-4.3879,0.1233,10.1533,1.4686,0.0759,0.2902,-4.3752,0.0882,10.026,0.1327,-4.539,0.156,9.843,0.3467,-0.0003,-0.0003,-0.0003,0.0005,0.0,15.755,-4.539,0.156,9.843,0.3467,0
6.91,-4.3318,0.1264,10.1644,1.2431,0.0721,0.2398,-4.4439,0.1305,10.2863,0.1656,-4.4782,0.1489,9.9329,0.2748,-0.0004,-0.0002,-0.0005,0.0007,0.0,15.751,-4.4782,0.1489,9.9329,0.2748,0
6.951,-4.2858,0.1292,10.1729,0.9909,0.066,0.1729,-4.4439,0.1305,10.2863,0.1946,-4.4539,0.1506,9.9367,0.2907,0.0001,-0.0001,0.0002,0.0002,0.0,15.733,-4.4539,0.1506,9.9367,0.2907,0
6.993,-4.2504,0.1318,10.1784,0.737,0.0555,0.0963,-4.3216,0.0081,10.0491,0.1926,-4.4041,0.1283,9.9608,0.2665,-0.0002,-0.0004,0.0,0.0005,0.0,15.705,-4.4041,0.1283,9.9608,0.2665,0
7.035,-4.2252,0.1338,10.1809,0.4964,0.0406,0.0308,-4.3216,0.0081,10.0491,0.206,-4.3945,0.1293,9.9608,0.2776,0.0002,0.0,0.0001,0.0002,0.0,15.697,-4.3945,0.1293,9.9608,0.2776,0
7.076,-4.2096,0.1351,10.1812,0.2818,0.0247,-0.006,-4.2936,0.0332,10.1131,0.1485,-4.3641,0.1145,9.9865,0.2494,0.0001,-0.0003,-0.0002,0.0004,0.0,15.686,-4.3641,0.1145,9.9865,0.2494,0
7.118,-4.202,0.1357,10.1806,0.1033,0.0046,-0.0204,-4.2936,0.0332,10.1131,0.153,-4.365,0.1146,9.9848,0.2556,0.0,-0.0001,0.0,0.0001,0.0,15.686,-4.365,0.1146,9.9848,0.2556,0
7.159,-4.2011,0.1354,10.1797,-0.0358,-0.0144,-0.0163,-4.2936,0.0332,10.1131,0.1531,-4.3737,0.114,9.9818,0.2635,-0.0001,0.0001,-0.0002,0.0002,0.0,17.859,-4.3737,0.114,9.9818,0.2635,0
7.201,-4.205,0.1344,10.1794,-0.1351,-0.0314,-0.0007,-4.2054,0.1032,10.0891,0.0955,-4.3354,0.1107,9.9993,0.2236,0.0,-0.0001,-0.0,0.0001,0.0,17.834,-4.3354,0.1107,9.9993,0.2236,0
7.243,-4.212,0.1328,10.1798,-0.1892,-0.042,0.02,-4.2054,0.1032,10.0891,0.0957,-4.3455,0.1082,9.9981,0.2268,-0.0,-0.0002,0.0002,0.0003,0.0,17.842,-4.3455,0.1082,9.9981,0.2268,0
7.284,-4.2205,0.1309,10.181,-0.2138,-0.0469,0.0321,-4.2054,0.1032,10.0891,0.0972,-4.3536,0.1062,9.9979,0.2276,-0.0,-0.0,-0.0001,0.0001,0.0,17.85,-4.3536,0.1062,9.9979,0.2276,0
7.326,-4.2295,0.129,10.1825,-0.214,-0.0457,0.0399,-4.1378,0.1287,10.1635,0.0936,-4.3244,0.1112,10.0271,0.183,0.0,-0.0,-0.0,0.0,0.0,17.837,-4.3244,0.1112,10.0271,0.183,0
7.367,-4.2381,0.1272,10.1843,-0.1984,-0.0421,0.0426,-4.1378,0.1287,10.1635,0.1024,-4.3316,0.1103,10.0275,0.1833,-0.0001,0.0,0.0001,0.0001,0.0,17.844,-4.3316,0.1103,10.0275,0.1833,0
7.409,-4.2457,0.1255,10.1861,-0.168,-0.0371,0.0452,-4.1718,0.2204,10.257,0.1396,-4.3086,0.1267,10.0656,0.1359,-0.0,-0.0,-0.0002,0.0002,0.0,17.84,-4.3086,0.1267,10.0656,0.1359,0
7.451,-4.2519,0.1242,10.1881,-0.1306,-0.0289,0.0507,-4.1718,0.2204,10.257,0.1429,-4.3126,0.1258,10.0659,0.1365,-0.0,-0.0001,0.0003,0.0003,0.0,17.844,-4.3126,0.1258,10.0659,0.1365,0
7.492,-4.2565,0.1232,10.1903,-0.094,-0.0205,0.052,-4.1718,0.2204,10.257,0.1452,-4.3169,0.1247,10.0665,0.1378,0.0,-0.0,0.0,0.0001,0.0,17.848,-4.3169,0.1247,10.0665,0.1378,0
7.534,-4.2596,0.1226,10.1924,-0.0608,-0.0099,0.0466,-4.2257,0.0408,10.2599,0.1113,-4.3015,0.1136,10.1001,0.1017,-0.0,0.0002,0.0003,0.0004,0.0,17.852,-4.3015,0.1136,10.1001,0.1017,0
7.575,-4.2615,0.1223,10.1942,-0.0345,-0.0052,0.0433,-4.2257,0.0408,10.2599,0.1106,-4.3019,0.1146,10.1008,0.1021,0.0,-0.0,-0.0001,0.0001,0.0,17.853,-4.3019,0.1146,10.1008,0.1021,0
7.617,-4.2625,0.1221,10.1959,-0.0142,-0.0042,0.0365,-4.3798,0.1825,10.2014,0.1321,-4.3175,0.1244,10.1211,0.093,-0.0,0.0001,-0.0001,0.0001,0.0,17.875,-4.3175,0.1244,10.1211,0.093,0
7.659,-4.2627,0.1219,10.197,-0.0009,-0.0068,0.0184,-4.3798,0.1825,10.2014,0.1319,-4.3174,0.1245,10.1225,0.0924,0.0001,-0.0001,0.0001,0.0002,0.0,17.875,-4.3174,0.1245,10.1225,0.0924,0
7.7,-4.2626,0.1215,10.1976,0.0075,-0.0101,0.0138,-4.3798,0.1825,10.2014,0.1322,-4.3169,0.1244,10.123,0.0923,-0.0,-0.0001,-0.0002,0.0003,0.0,17.875,-4.3169,0.1244,10.123,0.0923,0
7.742,-4.2621,0.1211,10.1982,0.0135,-0.0116,0.013,-4.1836,0.1374,10.0735,0.1482,-4.2908,0.1225,10.1152,0.0878,0.0,0.0,0.0,0.0,0.0,17.849,-4.2908,0.1225,10.1152,0.0878,0
7.783,-4.2615,0.1205,10.1987,0.0136,-0.0142,0.0133,-4.1836,0.1374,10.0735,0.1485,-4.2893,0.1214,10.1156,0.0876,-0.0,-0.0,-0.0001,0.0001,0.0,17.848,-4.2893,0.1214,10.1156,0.0876,0
7.825,-4.2611,0.1199,10.1993,0.0069,-0.0148,0.0136,-4.118,0.0395,10.2848,0.185,-4.2609,0.1072,10.1454,0.0554,-0.0001,-0.0,-0.0001,0.0001,0.0,17.839,-4.2609,0.1072,10.1454,0.0554,0
7.867,-4.261,0.1193,10.1996,-0.0027,-0.0112,0.0053,-4.118,0.0395,10.2848,0.1846,-4.2603,0.1063,10.146,0.0552,0.0001,-0.0001,0.0002,0.0002,0.0,17.839,-4.2603,0.1063,10.146,0.0552,0
7.908,-4.2614,0.1189,10.1997,-0.0127,-0.0085,0.0014,-4.118,0.0395,10.2848,0.1846,-4.2598,0.105,10.1468,0.0547,0.0002,-0.0001,-0.0,0.0002,0.0,17.839,-4.2598,0.105,10.1468,0.0547,0
7.95,-4.2621,0.1187,10.1998,-0.0219,-0.0058,0.0001,-4.3503,0.1091,10.2881,0.1252,-4.2783,0.1073,10.1709,0.035,-0.0001,-0.0002,-0.0001,0.0003,0.0,17.866,-4.2783,0.1073,10.1709,0.035,0
7.991,-4.2632,0.1184,10.1998,-0.0303,-0.0044,-0.0004,-4.3503,0.1091,10.2881,0.1244,-4.2803,0.1073,10.1715,0.0349,-0.0002,-0.0,-0.0,0.0002,0.0,17.868,-4.2803,0.1073,10.1715,0.0349,0
8.033,-4.2646,0.1182,10.1997,-0.0349,-0.0063,-0.0004,-4.3503,0.1091,10.2881,0.1234,-4.2818,0.1074,10.1719,0.0345,0.0001,0.0001,0.0,0.0001,0.0,17.87,-4.2818,0.1074,10.1719,0.0345,0
8.075,-4.2661,0.1179,10.1999,-0.0355,-0.0076,0.0069,-4.276,-0.0137,10.0949,0.1687,-4.2776,0.085,10.1585,0.0541,0.0,-0.0,-0.0001,0.0001,0.0,17.862,-4.2776,0.085,10.1585,0.0541,0
8.116,-4.2676,0.1176,10.2003,-0.036,-0.0086,0.0106,-4.276,-0.0137,10.0949,0.1686,-4.278,0.0845,10.1588,0.0541,0.0,0.0001,0.0001,0.0001,0.0,17.862,-4.278,0.0845,10.1588,0.0541,0
8.158,-4.2691,0.1172,10.2007,-0.0367,-0.0098,0.0121,-4.3884,0.0233,10.0747,0.1973,-4.2991,0.0727,10.1467,0.0762,-0.0,0.0001,0.0,0.0001,0.0,20.056,-4.2991,0.0727,10.1467,0.0762,0
8.199,-4.2706,0.1168,10.201,-0.0354,-0.0102,0.0029,-4.3884,0.0233,10.0747,0.1964,-4.3001,0.0719,10.1474,0.0759,-0.0001,-0.0001,-0.0001,0.0002,0.0,20.057,-4.3001,0.0719,10.1474,0.0759,0
8.241,-4.2721,0.1163,10.201,-0.0351,-0.0108,0.0,-4.3884,0.0233,10.0747,0.1953,-4.3015,0.0707,10.1482,0.0758,0.0,0.0,0.0,0.0,0.0,20.059,-4.3015,0.0707,10.1482,0.0758,0
8.283,-4.2735,0.1159,10.201,-0.0331,-0.0102,0.0011,-4.2491,0.0886,10.1379,0.073,-4.2914,0.0785,10.1456,0.0692,0.0001,-0.0002,-0.0001,0.0003,0.0,20.048,-4.2914,0.0785,10.1456,0.0692,0
8.324,-4.2748,0.1154,10.2012,-0.0302,-0.0128,0.0073,-4.2491,0.0886,10.1379,0.0734,-4.2918,0.0795,10.146,0.0681,-0.0,-0.0,-0.0001,0.0001,0.0,20.048,-4.2918,0.0795,10.146,0.0681,0
8.366,-4.276,0.1148,10.2016,-0.0298,-0.0169,0.0078,-4.2491,0.0886,10.1379,0.0739,-4.292,0.08,10.1464,0.0672,-0.0,0.0001,0.0,0.0001,0.0,20.049,-4.292,0.08,10.1464,0.0672,0
8.407,-4.2772,0.114,10.2018,-0.0278,-0.0213,0.005,-4.2884,0.0739,10.2539,0.0666,-4.2922,0.0766,10.1655,0.0542,0.0,0.0,0.0004,0.0004,0.0,20.058,-4.2922,0.0766,10.1655,0.0542,0
8.449,-4.2783,0.1131,10.202,-0.0258,-0.0232,0.004,-4.2884,0.0739,10.2539,0.0658,-4.2924,0.0761,10.166,0.0535,0.0,0.0001,0.0,0.0001,0.0,20.058,-4.2924,0.0761,10.166,0.0535,0
8.491,-4.2794,0.1121,10.2022,-0.0246,-0.0238,0.0057,-4.3939,0.1267,9.9062,0.3177,-4.3077,0.0835,10.1228,0.089,-0.0001,-0.0,-0.0001,0.0001,0.0,20.052,-4.3077,0.0835,10.1228,0.089,0
8.532,-4.2804,0.111,10.2025,-0.0242,-0.0262,0.0098,-4.3939,0.1267,9.9062,0.3177,-4.3074,0.083,10.1231,0.0885,-0.0,-0.0001,-0.0002,0.0002,0.0,20.052,-4.3074,0.083,10.1231,0.0885,0
8.574,-4.2815,0.1099,10.203,-0.0266,-0.0275,0.0118,-4.3939,0.1267,9.9062,0.3178,-4.3069,0.082,10.1236,0.0879,-0.0001,0.0,0.0001,0.0002,0.0,20.052,-4.3069,0.082,10.1236,0.0879,0
8.615,-4.2826,0.1088,10.2038,-0.0285,-0.0272,0.0291,-4.2863,0.1457,10.1262,0.086,-4.3096,0.0877,10.1203,0.0902,-0.0001,0.0,0.0001,0.0001,0.0,20.053,-4.3096,0.0877,10.1203,0.0902,0
8.657,-4.2838,0.1077,10.2053,-0.0291,-0.0233,0.0405,-4.2863,0.1457,10.1262,0.0878,-4.3118,0.0852,10.1204,0.0922,-0.0001,-0.0,-0.0001,0.0002,0.0,20.055,-4.3118,0.0852,10.1204,0.0922,0
8.699,-4.285,0.1069,10.2071,-0.0286,-0.0163,0.0406,-4.2341,-0.0194,10.3751,0.2163,-4.3013,0.0646,10.1651,0.0618,-0.0,-0.0,0.0,0.0,0.0,20.067,-4.3013,0.0646,10.1651,0.0618,0
8.74,-4.2861,0.1064,10.2085,-0.0221,-0.007,0.0311,-4.2341,-0.0194,10.3751,0.2152,-4.304,0.0618,10.1662,0.0641,-0.0001,-0.0001,-0.0003,0.0003,0.0,20.07,-4.304,0.0618,10.1662,0.0641,0
8.782,-4.2868,0.1064,10.2097,-0.0138,0.0037,0.0275,-4.2341,-0.0194,10.3751,0.2144,-4.3055,0.0603,10.1667,0.0658,-0.0,0.0,-0.0001,0.0001,0.0,20.072,-4.3055,0.0603,10.1667,0.0658,0
8.823,-4.2872,0.1068,10.2108,-0.0051,0.0167,0.0281,-4.3662,0.1117,10.191,0.0816,-4.3135,0.0718,10.1707,0.0594,-0.0001,-0.0,-0.0,0.0001,0.0,20.079,-4.3135,0.0718,10.1707,0.0594,0
8.865,-4.2872,0.1078,10.212,0.0037,0.0275,0.0304,-4.3662,0.1117,10.191,0.0819,-4.3134,0.0722,10.171,0.0603,0.0,0.0001,-0.0,0.0001,0.0,20.079,-4.3134,0.0722,10.171,0.0603,0
8.907,-4.2869,0.1091,10.2133,0.01,0.0347,0.031,-4.3662,0.1117,10.191,0.0825,-4.313,0.0732,10.1716,0.0609,0.0,0.0001,0.0001,0.0001,0.0,20.079,-4.313,0.0732,10.1716,0.0609,0
8.948,-4.2864,0.1106,10.2147,0.0139,0.0367,0.0388,-4.4659,0.1769,10.4043,0.2693,-4.3437,0.0921,10.2095,0.0605,-0.0001,0.0,0.0,0.0001,0.0,20.121,-4.3437,0.0921,10.2095,0.0605,0
8.99,-4.2857,0.1121,10.2165,0.0166,0.0343,0.0439,-4.4659,0.1769,10.4043,0.2682,-4.3447,0.0936,10.2098,0.0622,0.0001,-0.0001,0.0001,0.0001,0.0,20.122,-4.3447,0.0936,10.2098,0.0622,0
9.031,-4.285,0.1134,10.2184,0.0199,0.0304,0.0394,-4.3565,0.0293,10.159,0.1254,-4.3411,0.0844,10.2054,0.0645,-0.0,-0.0,-0.0001,0.0001,0.0,20.118,-4.3411,0.0844,10.2054,0.0645,0
9.073,-4.2841,0.1145,10.2195,0.0194,0.0223,0.0216,-4.3565,0.0293,10.159,0.1271,-4.3394,0.0859,10.2068,0.0636,-0.0,0.0001,0.0,0.0001,0.0,20.117,-4.3394,0.0859,10.2068,0.0636,0
9.115,-4.2834,0.1152,10.2203,0.0154,0.0126,0.0179,-4.3565,0.0293,10.159,0.1284,-4.3384,0.0866,10.2073,0.0633,0.0,0.0002,0.0001,0.0002,0.0,20.116,-4.3384,0.0866,10.2073,0.0633,0
9.156,-4.2829,0.1155,10.221,0.0075,0.0019,0.0156,-4.2585,0.1976,10.1444,0.1149,-4.327,0.1101,10.1978,0.0501,0.0,0.0001,0.0001,0.0001,0.0,22.219,-4.327,0.1101,10.1978,0.0501,0
9.198,-4.2828,0.1153,10.2216,0.0004,-0.0112,0.0144,-4.2585,0.1976,10.1444,0.1155,-4.3271,0.1112,10.1983,0.0503,-0.0001,0.0,0.0,0.0001,0.0,22.219,-4.3271,0.1112,10.1983,0.0503,0
9.239,-4.283,0.1145,10.2222,-0.009,-0.0259,0.012,-4.3179,0.2697,10.1377,0.1801,-4.3251,0.1347,10.189,0.0573,0.0,0.0001,0.0003,0.0004,0.0,22.21,-4.3251,0.1347,10.189,0.0573,0
9.281,-4.2836,0.1131,10.2226,-0.0182,-0.038,0.0094,-4.3179,0.2697,10.1377,0.1814,-4.3254,0.134,10.1895,0.0573,-0.0001,-0.0002,0.0001,0.0002,0.0,22.211,-4.3254,0.134,10.1895,0.0573,0
9.323,-4.2845,0.1113,10.223,-0.0266,-0.0465,0.0076,-4.2695,0.2219,10.1303,0.145,-4.3168,0.1463,10.1811,0.0634,0.0001,0.0001,-0.0001,0.0002,0.0,22.198,-4.3168,0.1463,10.1811,0.0634,0
9.36,-4.2857,0.1095,10.2232,-0.0348,-0.0502,0.0063,-4.2695,0.2219,10.1303,0.1467,-4.3176,0.145,10.1816,0.0633,-0.0,-0.0,-0.0001,0.0001,0.0,22.199,-4.3176,0.145,10.1816,0.0633,0
9.402,-4.2873,0.1074,10.2235,-0.0411,-0.0498,0.0056,-4.2695,0.2219,10.1303,0.1487,-4.3186,0.1436,10.182,0.0633,-0.0001,0.0001,0.0,0.0002,0.0,22.2,-4.3186,0.1436,10.182,0.0633,0
9.443,-4.2891,0.1053,10.2237,-0.0462,-0.0492,0.0058,-4.1686,0.1213,10.2737,0.1315,-4.2945,0.138,10.1975,0.0422,-0.0001,0.0,0.0002,0.0002,0.0,22.185,-4.2945,0.138,10.1975,0.0422,0
9.485,-4.2911,0.1034,10.224,-0.0495,-0.0468,0.0089,-4.1686,0.1213,10.2737,0.1335,-4.2956,0.1367,10.1978,0.0426,0.0001,0.0001,0.0,0.0001,0.0,22.187,-4.2956,0.1367,10.1978,0.0426,0
9.526,-4.2932,0.1015,10.2244,-0.0507,-0.041,0.0111,-4.1686,0.1213,10.2737,0.1355,-4.2975,0.135,10.1984,0.0426,-0.0,-0.0001,0.0002,0.0002,0.0,22.189,-4.2975,0.135,10.1984,0.0426,0
9.568,-4.2954,0.0999,10.2248,-0.0519,-0.0375,0.0027,-4.2583,0.1949,10.1396,0.1329,-4.2898,0.1479,10.1921,0.0584,-0.0,-0.0,-0.0001,0.0001,0.0,22.177,-4.2898,0.1479,10.1921,0.0584,0
9.61,-4.2975,0.0984,10.2245,-0.0502,-0.0346,-0.0127,-4.2583,0.1949,10.1396,0.1344,-4.2909,0.1481,10.1935,0.059,-0.0001,0.0001,-0.0002,0.0002,0.0,22.179,-4.2909,0.1481,10.1935,0.059,0
9.651,-4.2995,0.097,10.2242,-0.0478,-0.034,-0.0003,-4.2675,-0.0048,10.2915,0.1262,-4.2871,0.1201,10.2061,0.0319,0.0001,-0.0001,-0.0001,0.0002,0.0,22.184,-4.2871,0.1201,10.2061,0.0319,0
9.693,-4.3015,0.0956,10.2244,-0.0472,-0.0331,0.0068,-4.2675,-0.0048,10.2915,0.1255,-4.2878,0.119,10.2064,0.0325,-0.0,0.0001,-0.0001,0.0001,0.0,22.185,-4.2878,0.119,10.2064,0.0325,0
9.734,-4.3035,0.0943,10.2247,-0.0466,-0.0298,0.008,-4.2675,-0.0048,10.2915,0.1248,-4.2882,0.1183,10.2068,0.0336,-0.0,0.0001,0.0001,0.0001,0.0,22.186,-4.2882,0.1183,10.2068,0.0336,0
9.776,-4.3055,0.0931,10.225,-0.0496,-0.0292,0.0065,-4.2099,-0.0518,10.1397,0.1934,-4.2776,0.0894,10.1967,0.0399,0.0001,-0.0,-0.0,0.0001,0.0,22.176,-4.2776,0.0894,10.1967,0.0399,0
9.818,-4.3076,0.0919,10.2253,-0.0514,-0.0288,0.0054,-4.2099,-0.0518,10.1397,0.1937,-4.2786,0.089,10.1971,0.0405,-0.0,0.0,-0.0001,0.0001,0.0,22.177,-4.2786,0.089,10.1971,0.0405,0
9.859,-4.3097,0.0907,10.2255,-0.0491,-0.0278,0.0058,-4.2909,0.0646,10.3123,0.0925,-4.2817,0.0846,10.2175,0.0297,-0.0002,-0.0001,0.0,0.0002,0.0,22.189,-4.2817,0.0846,10.2175,0.0297,0
9.901,-4.3117,0.0896,10.2256,-0.046,-0.026,0.0011,-4.2909,0.0646,10.3123,0.0925,-4.2826,0.0844,10.2181,0.0305,0.0,-0.0,0.0,0.0,0.0,22.19,-4.2826,0.0844,10.2181,0.0305,0
9.942,-4.3135,0.0885,10.2256,-0.0415,-0.025,-0.0008,-4.2909,0.0646,10.3123,0.0927,-4.2836,0.0842,10.2188,0.0309,-0.0001,0.0001,0.0,0.0001,0.0,22.191,-4.2836,0.0842,10.2188,0.0309,0
9.984,-4.3151,0.0875,10.2257,-0.0365,-0.0246,0.0076,-4.2318,0.1362,10.2862,0.1139,-4.2774,0.0889,10.2283,0.0379,0.0,0.0001,0.0,0.0001,0.0,22.188,-4.2774,0.0889,10.2283,0.0379,0
10.026,-4.3165,0.0865,10.2262,-0.032,-0.0228,0.014,-4.2318,0.1362,10.2862,0.1151,-4.2786,0.0873,10.2286,0.038,0.0,-0.0001,0.0,0.0001,0.0,22.19,-4.2786,0.0873,10.2286,0.038,0
10.067,-4.3177,0.0856,10.2269,-0.0252,-0.0186,0.0136,-4.5551,-0.0089,10.2559,0.2572,-4.3264,0.0744,10.2348,0.0162,-0.0001,0.0,-0.0,0.0001,0.0,22.237,-4.3264,0.0744,10.2348,0.0162,0
10.109,-4.3186,0.0849,10.2273,-0.0194,-0.0159,0.0075,-4.5551,-0.0089,10.2559,0.256,-4.3278,0.0747,10.2358,0.0162,-0.0,0.0,0.0001,0.0001,0.0,22.239,-4.3278,0.0747,10.2358,0.0162,0
10.15,-4.3193,0.0843,10.2275,-0.0133,-0.0133,0.0063,-4.5551,-0.0089,10.2559,0.2552,-4.3286,0.0749,10.2362,0.0158,-0.0,0.0,-0.0003,0.0003,0.0,22.24,-4.3286,0.0749,10.2362,0.0158,0
10.192,-4.3197,0.0837,10.2281,-0.006,-0.0152,0.0183,-4.4393,0.0566,10.3156,0.1507,-4.348,0.0716,10.2476,0.0365,-0.0001,0.0,-0.0001,0.0001,0.0,24.504,-4.348,0.0716,10.2476,0.0365,0
10.234,-4.3198,0.083,10.229,-0.0008,-0.0178,0.0221,-4.4393,0.0566,10.3156,0.1499,-4.3485,0.0717,10.2479,0.0362,0.0001,-0.0001,0.0002,0.0002,0.0,24.505,-4.3485,0.0717,10.2479,0.0362,0
10.275,-4.3197,0.0822,10.2299,0.0043,-0.021,0.0208,-4.1856,0.0546,10.1769,0.1468,-4.3226,0.0655,10.2382,0.0189,-0.0,0.0,-0.0,0.0,0.0,24.478,-4.3226,0.0655,10.2382,0.0189,0
10.317,-4.3195,0.0813,10.2305,0.0073,-0.0211,0.0114,-4.1856,0.0546,10.1769,0.1466,-4.3231,0.0646,10.2389,0.019,-0.0001,0.0001,-0.0001,0.0002,0.0,24.479,-4.3231,0.0646,10.2389,0.019,0
10.358,-4.3192,0.0805,10.2309,0.0068,-0.0205,0.0068,-4.1856,0.0546,10.1769,0.1463,-4.3235,0.0633,10.2397,0.0198,-0.0,-0.0,-0.0,0.0,0.0,24.48,-4.3235,0.0633,10.2397,0.0198,0
10.4,-4.3189,0.0797,10.2311,0.0056,-0.0178,0.0068,-4.2798,0.0218,10.3883,0.172,-4.3182,0.0605,10.2642,0.0382,-0.0001,-0.0001,-0.0003,0.0003,0.0,24.484,-4.3182,0.0605,10.2642,0.0382,0
10.442,-4.3187,0.0789,10.2315,0.0049,-0.0169,0.0096,-4.2798,0.0218,10.3883,0.1714,-4.3195,0.0614,10.2647,0.0376,0.0,-0.0,0.0,0.0001,0.0,24.485,-4.3195,0.0614,10.2647,0.0376,0
10.483,-4.3185,0.0782,10.2319,0.0042,-0.0177,0.0104,-4.2798,0.0218,10.3883,0.1707,-4.3205,0.062,10.2651,0.037,-0.0001,-0.0001,0.0,0.0001,0.0,24.486,-4.3205,0.062,10.2651,0.037,0
10.525,-4.3183,0.0775,10.2321,0.0052,-0.02,-0.0092,-4.0402,0.1502,10.1349,0.3035,-4.2795,0.0767,10.2491,0.0424,0.0001,-0.0001,0.0001,0.0001,0.0,24.441,-4.2795,0.0767,10.2491,0.0424,0
10.566,-4.318,0.0765,10.2312,0.0106,-0.0234,-0.0259,-4.0402,0.1502,10.1349,0.3031,-4.2816,0.0768,10.2501,0.041,0.0,0.0,-0.0001,0.0001,0.0,24.443,-4.2816,0.0768,10.2501,0.041,0
10.608,-4.3174,0.0755,10.2301,0.0192,-0.0283,-0.0222,-4.3421,0.1166,10.3583,0.1369,-4.2857,0.0802,10.266,0.048,-0.0001,-0.0001,-0.0,0.0001,0.0,24.452,-4.2857,0.0802,10.266,0.048,0
10.65,-4.3163,0.0743,10.2294,0.028,-0.0295,-0.0143,-4.3421,0.1166,10.3583,0.1381,-4.2851,0.0792,10.2661,0.0485,0.0,0.0,0.0001,0.0001,0.0,24.451,-4.2851,0.0792,10.2661,0.0485,0
10.691,-4.3151,0.073,10.2289,0.0311,-0.0291,-0.011,-4.3421,0.1166,10.3583,0.1392,-4.2838,0.0777,10.2666,0.0492,-0.0002,0.0001,0.0001,0.0002,0.0,24.45,-4.2838,0.0777,10.2666,0.0492,0
10.733,-4.3138,0.0719,10.2284,0.0308,-0.0262,-0.0111,-4.1387,0.2106,10.2082,0.2243,-4.2571,0.1013,10.2573,0.0701,-0.0001,0.0001,0.0,0.0001,0.0,24.419,-4.2571,0.1013,10.2573,0.0701,0
10.774,-4.3125,0.0709,10.2279,0.0282,-0.0224,-0.0123,-4.1387,0.2106,10.2082,0.2239,-4.2554,0.1009,10.258,0.0712,-0.0001,-0.0001,-0.0001,0.0002,0.0,24.418,-4.2554,0.1009,10.258,0.0712,0
10.816,-4.3115,0.07,10.2274,0.021,-0.02,-0.0123,-4.1387,0.2106,10.2082,0.2236,-4.2544,0.1006,10.2584,0.0719,0.0,-0.0001,0.0,0.0001,0.0,24.417,-4.2544,0.1006,10.2584,0.0719,0
10.858,-4.3108,0.0692,10.227,0.0126,-0.0176,-0.0025,-4.3774,0.163,10.1585,0.1339,-4.272,0.1107,10.2393,0.0581,-0.0,0.0,0.0,0.0001,0.0,24.425,-4.272,0.1107,10.2393,0.0581,0
10.899,-4.3105,0.0685,10.2272,0.0031,-0.0149,0.0066,-4.3774,0.163,10.1585,0.1346,-4.2709,0.1105,10.2394,0.059,0.0,-0.0,0.0004,0.0004,0.0,24.424,-4.2709,0.1105,10.2394,0.059,0
10.941,-4.3106,0.068,10.2275,-0.0079,-0.0124,0.01,-4.0649,0.1449,10.1161,0.2806,-4.2373,0.1173,10.2184,0.0889,-0.0,-0.0001,0.0001,0.0001,0.0,24.385,-4.2373,0.1173,10.2184,0.0889,0
10.982,-4.3112,0.0674,10.2281,-0.0179,-0.014,0.0149,-4.0649,0.1449,10.1161,0.2814,-4.2373,0.1176,10.2187,0.0898,-0.0001,-0.0,-0.0001,0.0001,0.0,24.385,-4.2373,0.1176,10.2187,0.0898,0
11.024,-4.3122,0.0668,10.2288,-0.029,-0.0162,0.0175,-4.0649,0.1449,10.1161,0.2828,-4.2379,0.1181,10.2192,0.0908,-0.0001,0.0001,0.0,0.0001,0.0,24.386,-4.2379,0.1181,10.2192,0.0908,0
11.066,-4.3136,0.066,10.2295,-0.0387,-0.0205,0.0174,-4.3615,0.0851,10.1757,0.0745,-4.2633,0.1093,10.2124,0.0686,-0.0,-0.0,0.0001,0.0001,0.0,24.408,-4.2633,0.1093,10.2124,0.0686,0
11.107,-4.3154,0.0651,10.2302,-0.0439,-0.0217,0.017,-4.3615,0.0851,10.1757,0.0741,-4.2665,0.1081,10.213,0.0673,0.0001,-0.0,0.0001,0.0001,0.0,24.411,-4.2665,0.1081,10.213,0.0673,0
11.149,-4.3173,0.0642,10.2309,-0.0452,-0.0219,0.0173,-4.3615,0.0851,10.1757,0.0737,-4.2687,0.1072,10.2134,0.0672,-0.0001,0.0001,-0.0001,0.0002,0.0,24.414,-4.2687,0.1072,10.2134,0.0672,0
11.19,-4.3191,0.0634,10.232,-0.0421,-0.0196,0.0323,-4.1988,-0.0382,10.1996,0.1607,-4.2601,0.0835,10.2088,0.0665,0.0001,-0.0,0.0001,0.0001,0.0,26.58,-4.2601,0.0835,10.2088,0.0665,0
11.232,-4.3207,0.0626,10.2335,-0.0366,-0.018,0.0368,-4.1988,-0.0382,10.1996,0.1618,-4.2622,0.0832,10.2091,0.0666,0.0,0.0,0.0,0.0001,0.0,26.582,-4.2622,0.0832,10.2091,0.0666,0
11.274,-4.3221,0.0619,10.2351,-0.031,-0.0139,0.0396,-4.1988,-0.0382,10.1996,0.1628,-4.265,0.0828,10.2096,0.0659,-0.0,-0.0003,-0.0002,0.0004,0.0,26.584,-4.265,0.0828,10.2096,0.0659,0
11.315,-4.3232,0.0614,10.237,-0.0234,-0.0088,0.0558,-4.3348,0.0134,10.3392,0.1135,-4.272,0.0678,10.229,0.0522,-0.0,-0.0001,0.0001,0.0001,0.0,26.599,-4.272,0.0678,10.229,0.0522,0
11.357,-4.3241,0.0612,10.2396,-0.0185,-0.0043,0.0643,-4.3348,0.0134,10.3392,0.111,-4.2718,0.0668,10.2292,0.0536,-0.0001,0.0001,-0.0001,0.0001,0.0,26.599,-4.2718,0.0668,10.2292,0.0536,0
11.398,-4.3248,0.0612,10.2423,-0.0162,0.0022,0.0638,-4.3154,0.0176,10.137,0.1143,-4.2819,0.0577,10.2151,0.051,-0.0001,0.0002,-0.0002,0.0003,0.0,26.605,-4.2819,0.0577,10.2151,0.051,0
11.44,-4.3255,0.0614,10.2448,-0.0161,0.0079,0.06,-4.3154,0.0176,10.137,0.1168,-4.2826,0.0571,10.2159,0.0519,-0.0001,0.0001,0.0002,0.0002,0.0,26.606,-4.2826,0.0571,10.2159,0.0519,0
11.482,-4.3261,0.0618,10.2474,-0.0161,0.0142,0.061,-4.3154,0.0176,10.137,0.1194,-4.2832,0.057,10.2162,0.0533,-0.0,-0.0,0.0001,0.0002,0.0,26.607,-4.2832,0.057,10.2162,0.0533,0
11.523,-4.3268,0.0626,10.25,-0.0164,0.0202,0.0687,-4.1878,-0.0156,10.1802,0.1741,-4.266,0.0417,10.2088,0.0764,-0.0,-0.0001,-0.0,0.0001,0.0,26.591,-4.266,0.0417,10.2088,0.0764,0
11.565,-4.3276,0.0636,10.253,-0.0185,0.0267,0.0742,-4.1878,-0.0156,10.1802,0.1764,-4.2661,0.0412,10.209,0.0788,0.0001,0.0001,0.0,0.0001,0.0,26.591,-4.2661,0.0412,10.209,0.0788,0
11.606,-4.3283,0.0648,10.2562,-0.0183,0.0321,0.075,-4.1878,-0.0156,10.1802,0.1788,-4.2665,0.0406,10.2096,0.0811,0.0,-0.0,0.0,0.0,0.0,26.591,-4.2665,0.0406,10.2096,0.0811,0
11.648,-4.3291,0.0662,10.2592,-0.0188,0.0355,0.0671,-4.2517,0.0734,10.3895,0.1517,-4.2685,0.0534,10.2442,0.0637,-0.0001,0.0,0.0,0.0001,0.0,26.603,-4.2685,0.0534,10.2442,0.0637,0
11.69,-4.3299,0.0677,10.2617,-0.0172,0.0333,0.0554,-4.2517,0.0734,10.3895,0.1499,-4.2706,0.0561,10.2454,0.0626,0.0,0.0,-0.0001,0.0001,0.0,26.605,-4.2706,0.0561,10.2454,0.0626,0
11.731,-4.3305,0.0689,10.2639,-0.0139,0.025,0.0521,-4.5033,0.0345,10.2459,0.1771,-4.3124,0.0504,10.2462,0.0313,-0.0,0.0002,0.0,0.0002,0.0,26.645,-4.3124,0.0504,10.2462,0.0313,0
11.773,-4.331,0.0697,10.266,-0.0088,0.0169,0.049,-4.5033,0.0345,10.2459,0.177,-4.3149,0.051,10.247,0.0311,0.0001,-0.0003,-0.0001,0.0003,0.0,26.647,-4.3149,0.051,10.247,0.0311,0
11.814,-4.3312,0.0703,10.268,-0.0029,0.0095,0.048,-4.5033,0.0345,10.2459,0.1772,-4.3165,0.0511,10.2474,0.0317,0.0001,-0.0001,-0.0001,0.0002,0.0,26.649,-4.3165,0.0511,10.2474,0.0317,0
11.856,-4.3312,0.0705,10.2698,0.0033,0.0029,0.0311,-4.3471,0.223,10.2564,0.1539,-4.3232,0.0849,10.2544,0.0226,-0.0,-0.0001,0.0001,0.0002,0.0,26.653,-4.3232,0.0849,10.2544,0.0226,0
11.898,-4.3309,0.0704,10.2707,0.0076,-0.0066,0.0181,-4.3471,0.223,10.2564,0.1541,-4.3243,0.0858,10.2552,0.0229,-0.0001,-0.0001,0.0,0.0001,0.0,26.654,-4.3243,0.0858,10.2552,0.0229,0
11.939,-4.3305,0.0699,10.2714,0.0127,-0.017,0.0155,-4.4174,0.0904,10.3483,0.1178,-4.339,0.0838,10.2705,0.0163,0.0,0.0001,-0.0001,0.0001,0.0,26.673,-4.339,0.0838,10.2705,0.0163,0
11.981,-4.3299,0.069,10.2722,0.0164,-0.0254,0.0214,-4.4174,0.0904,10.3483,0.1179,-4.3392,0.0829,10.2707,0.0168,-0.0002,-0.0,0.0001,0.0002,0.0,26.674,-4.3392,0.0829,10.2707,0.0168,0
12.022,-4.3292,0.0678,10.2731,0.0162,-0.0324,0.0234,-4.4174,0.0904,10.3483,0.118,-4.3395,0.0813,10.2712,0.0171,0.0001,0.0001,-0.0,0.0001,0.0,26.674,-4.3395,0.0813,10.2712,0.0171,0
12.064,-4.3285,0.0664,10.2742,0.0148,-0.0355,0.0277,-4.3534,0.0923,10.2834,0.0371,-4.3387,0.0815,10.2722,0.0183,-0.0001,-0.0,0.0002,0.0002,0.0,26.674,-4.3387,0.0815,10.2722,0.0183,0
12.106,-4.328,0.0648,10.2755,0.0111,-0.0351,0.0361,-4.3534,0.0923,10.2834,0.0382,-4.3378,0.0793,10.2724,0.0177,-0.0,-0.0,0.0001,0.0001,0.0,26.673,-4.3378,0.0793,10.2724,0.0177,0
12.147,-4.3276,0.0635,10.2771,0.0066,-0.029,0.0375,-4.3534,0.0923,10.2834,0.0391,-4.3373,0.0778,10.2728,0.0178,-0.0,0.0001,0.0,0.0001,0.0,26.673,-4.3373,0.0778,10.2728,0.0178,0
12.189,-4.3275,0.0625,10.2786,0.0004,-0.021,0.0371,-4.3595,0.1042,10.1974,0.0968,-4.3368,0.0815,10.2607,0.0277,-0.0001,-0.0,0.0,0.0001,0.0,29.61,-4.3368,0.0815,10.2607,0.0277,0
12.23,-4.3277,0.0618,10.2802,-0.0099,-0.0121,0.0374,-4.3595,0.1042,10.1974,0.0983,-4.3358,0.0809,10.2611,0.0281,-0.0001,-0.0001,0.0001,0.0002,0.0,29.609,-4.3358,0.0809,10.2611,0.0281,0
12.272,-4.3284,0.0615,10.2817,-0.022,-0.0065,0.0368,-4.3595,0.1042,10.1974,0.0996,-4.3347,0.0805,10.2618,0.0283,0.0,0.0,-0.0,0.0001,0.0,29.609,-4.3347,0.0805,10.2618,0.0283,0
12.314,-4.3296,0.0613,10.2829,-0.0349,-0.0017,0.0181,-4.2831,0.0411,10.2901,0.0512,-4.3264,0.0754,10.2711,0.0187,0.0,-0.0001,-0.0001,0.0002,0.0,29.604,-4.3264,0.0754,10.2711,0.0187,0
12.355,-4.3313,0.0613,10.2834,-0.0456,-0.0004,0.0074,-4.2831,0.0411,10.2901,0.0527,-4.3268,0.0761,10.2722,0.0191,0.0,0.0001,0.0001,0.0001,0.0,29.605,-4.3268,0.0761,10.2722,0.0191,0
12.397,-4.3334,0.0613,10.2837,-0.055,-0.0013,0.0059,-4.2831,0.0411,10.2901,0.0546,-4.3273,0.0767,10.2727,0.0199,0.0001,-0.0001,-0.0,0.0001,0.0,29.605,-4.3273,0.0767,10.2727,0.0199,0
12.438,-4.3359,0.0612,10.284,-0.0643,-0.0027,0.0083,-4.3793,0.082,10.3454,0.078,-4.339,0.074,10.2853,0.0133,-0.0001,-0.0001,0.0001,0.0002,0.0,29.621,-4.339,0.074,10.2853,0.0133,0
12.48,-4.3387,0.061,10.2843,-0.0699,-0.0037,0.0091,-4.3793,0.082,10.3454,0.0762,-4.3404,0.0736,10.2856,0.0128,-0.0,-0.0001,0.0,0.0001,0.0,29.622,-4.3404,0.0736,10.2856,0.0128,0
12.522,-4.3418,0.0608,10.2845,-0.0728,-0.0045,-0.0047,-4.3865,0.2726,10.281,0.2164,-4.3499,0.109,10.2892,0.0491,0.0001,0.0001,0.0,0.0001,0.0,29.628,-4.3499,0.109,10.2892,0.0491,0
12.563,-4.3448,0.0606,10.284,-0.0715,-0.0074,-0.0164,-4.3865,0.2726,10.281,0.2161,-4.3514,0.1092,10.29,0.0494,-0.0001,0.0,-0.0001,0.0001,0.0,29.63,-4.3514,0.1092,10.29,0.0494,0
12.605,-4.3476,0.0602,10.2833,-0.066,-0.0108,-0.019,-4.3865,0.2726,10.281,0.2159,-4.3536,0.1094,10.2908,0.0501,0.0001,0.0,0.0001,0.0002,0.0,29.632,-4.3536,0.1094,10.2908,0.0501,0
12.646,-4.3503,0.0596,10.2834,-0.0603,-0.0168,0.0312,-4.1824,0.212,10.2908,0.2268,-4.3237,0.1269,10.2801,0.0724,0.0,0.0,0.0,0.0001,0.0,29.599,-4.3237,0.1269,10.2801,0.0724,0
12.688,-4.3526,0.0589,10.2855,-0.0522,-0.0207,0.0597,-4.1824,0.212,10.2908,0.229,-4.3246,0.1267,10.2793,0.0736,0.0,0.0,-0.0001,0.0001,0.0,29.599,-4.3246,0.1267,10.2793,0.0736,0
12.73,-4.3546,0.0579,10.2881,-0.045,-0.024,0.0677,-4.1824,0.212,10.2908,0.2311,-4.325,0.1264,10.2794,0.0752,0.0,-0.0003,0.0001,0.0003,0.0,29.6,-4.325,0.1264,10.2794,0.0752,0
12.771,-4.3564,0.0568,10.2903,-0.0426,-0.0277,0.0397,-4.3167,0.0055,10.345,0.0849,-4.3228,0.1041,10.2973,0.0584,0.0,0.0001,0.0002,0.0002,0.0,29.606,-4.3228,0.1041,10.2973,0.0584,0
12.813,-4.3581,0.0556,10.2917,-0.0417,-0.0295,0.03,-4.3167,0.0055,10.345,0.0841,-4.3228,0.1034,10.298,0.0597,0.0,0.0001,0.0001,0.0001,0.0,29.606,-4.3228,0.1034,10.298,0.0597,0
12.854,-4.3599,0.0544,10.2931,-0.0429,-0.0304,0.0356,-4.5255,0.0604,10.2758,0.1666,-4.3589,0.0903,10.2937,0.0359,-0.0,-0.0001,-0.0002,0.0002,0.0,29.64,-4.3589,0.0903,10.2937,0.0359,0
12.896,-4.3617,0.0531,10.2946,-0.0443,-0.0282,0.0387,-4.5255,0.0604,10.2758,0.165,-4.3595,0.0884,10.294,0.0353,0.0001,0.0001,0.0,0.0001,0.0,29.641,-4.3595,0.0884,10.294,0.0353,0
12.938,-4.3636,0.0521,10.2963,-0.0449,-0.0205,0.0396,-4.5255,0.0604,10.2758,0.1634,-4.3606,0.0856,10.2946,0.0337,0.0002,-0.0001,0.0,0.0002,0.0,29.643,-4.3606,0.0856,10.2946,0.0337,0
12.979,-4.3655,0.0515,10.2978,-0.0475,-0.0106,0.0339,-4.2217,0.1202,10.1567,0.2129,-4.3422,0.0903,10.2728,0.0517,0.0,0.0,0.0002,0.0002,0.0,29.618,-4.3422,0.0903,10.2728,0.0517,0
13.021,-4.3675,0.0513,10.2992,-0.0462,0.0009,0.0309,-4.2217,0.1202,10.1567,0.2152,-4.345,0.0886,10.2736,0.0505,-0.0001,-0.0001,-0.0001,0.0002,0.0,29.621,-4.345,0.0886,10.2736,0.0505,0
13.062,-4.3693,0.0516,10.3003,-0.0411,0.0113,0.0155,-4.376,0.1623,10.3111,0.1114,-4.3506,0.1018,10.2856,0.0555,0.0,-0.0001,0.0,0.0001,0.0,29.629,-4.3506,0.1018,10.2856,0.0555,0
13.104,-4.3709,0.0523,10.3003,-0.0366,0.02,-0.0073,-4.376,0.1623,10.3111,0.1107,-4.3526,0.1016,10.2874,0.0542,-0.0002,-0.0001,-0.0,0.0002,0.0,29.631,-4.3526,0.1016,10.2874,0.0542,0
13.146,-4.3722,0.0533,10.2998,-0.0291,0.0288,-0.0144,-4.376,0.1623,10.3111,0.1096,-4.3538,0.1018,10.2881,0.0532,-0.0,-0.0001,0.0001,0.0001,0.0,29.632,-4.3538,0.1018,10.2881,0.0532,0
13.187,-4.3733,0.0546,10.2993,-0.0229,0.0342,-0.0109,-4.2737,-0.0547,10.4061,0.1825,-4.3383,0.0748,10.3072,0.0412,0.0001,0.0,0.0002,0.0002,0.0,32.302,-4.3383,0.0748,10.3072,0.0412,0
13.229,-4.3742,0.0561,10.2988,-0.0184,0.0368,-0.0108,-4.2737,-0.0547,10.4061,0.1841,-4.3383,0.0751,10.3076,0.0415,-0.0,0.0,-0.0,0.0,0.0,32.302,-4.3383,0.0751,10.3076,0.0415,0
13.27,-4.3749,0.0577,10.2983,-0.0161,0.0368,-0.0185,-4.3859,-0.0167,10.344,0.088,-4.3472,0.0626,10.316,0.0332,-0.0,0.0001,-0.0,0.0001,0.0,32.315,-4.3472,0.0626,10.316,0.0332,0
13.312,-4.3756,0.0591,10.2973,-0.0174,0.0304,-0.0256,-4.3859,-0.0167,10.344,0.0896,-4.3474,0.0634,10.3167,0.0344,-0.0001,0.0001,-0.0,0.0001,0.0,32.315,-4.3474,0.0634,10.3167,0.0344,0
13.354,-4.3763,0.0602,10.2962,-0.0198,0.0224,-0.0265,-4.3281,0.0552,10.1469,0.157,-4.3444,0.0647,10.2883,0.0332,0.0,0.0,0.0001,0.0001,0.0,32.304,-4.3444,0.0647,10.2883,0.0332,0
13.395,-4.3772,0.0609,10.2953,-0.0235,0.0135,-0.0201,-4.3281,0.0552,10.1469,0.1564,-4.3447,0.0658,10.2885,0.0336,0.0,0.0001,0.0,0.0001,0.0,32.304,-4.3447,0.0658,10.2885,0.0336,0
13.437,-4.3783,0.0612,10.2945,-0.0252,0.0033,-0.0188,-4.3281,0.0552,10.1469,0.156,-4.3451,0.0669,10.2891,0.034,-0.0002,-0.0,0.0003,0.0003,0.0,32.305,-4.3452,0.0669,10.2891,0.034,0
13.478,-4.3794,0.0611,10.2937,-0.0284,-0.0075,-0.0163,-4.5763,0.1738,10.3527,0.2344,-4.3842,0.0845,10.2987,0.0244,-0.0,-0.0001,0.0001,0.0002,0.0,32.343,-4.3842,0.0845,10.2987,0.0244,0
13.52,-4.3806,0.0606,10.2932,-0.0312,-0.0145,-0.008,-4.5763,0.1738,10.3527,0.2338,-4.3849,0.0845,10.2989,0.0249,0.0,0.0,0.0001,0.0001,0.0,32.344,-4.3849,0.0845,10.2989,0.0249,0
13.562,-4.382,0.0599,10.293,-0.0361,-0.0204,-0.0043,-4.5763,0.1738,10.3527,0.233,-4.3855,0.0844,10.2992,0.0255,0.0,-0.0,0.0,0.0001,0.0,32.345,-4.3855,0.0844,10.2992,0.0255,0
13.603,-4.3836,0.059,10.2927,-0.0401,-0.0224,-0.0097,-4.3876,0.0715,10.2795,0.0186,-4.3912,0.08,10.2978,0.0229,0.0,-0.0,0.0,0.0,0.0,32.35,-4.3912,0.08,10.2978,0.0229,0
13.645,-4.3853,0.058,10.2922,-0.0386,-0.022,-0.0111,-4.3876,0.0715,10.2795,0.0187,-4.3929,0.0791,10.2983,0.0232,0.0,0.0,-0.0001,0.0001,0.0,32.352,-4.3929,0.0791,10.2983,0.0232,0
13.686,-4.3868,0.0572,10.2919,-0.0355,-0.0201,-0.0007,-4.4334,0.0811,10.2927,0.0523,-4.4015,0.0762,10.2953,0.0243,0.0001,-0.0001,0.0001,0.0002,0.0,32.36,-4.4015,0.0762,10.2953,0.0243,0
13.728,-4.3882,0.0565,10.2921,-0.0312,-0.0138,0.0083,-4.4334,0.0811,10.2927,0.0514,-4.4029,0.0751,10.2954,0.0239,-0.0002,-0.0002,-0.0001,0.0002,0.0,32.361,-4.4029,0.0751,10.2954,0.0239,0
13.77,-4.3894,0.056,10.2925,-0.0261,-0.0064,0.003,-4.2464,0.1329,10.3605,0.176,-4.3787,0.0811,10.3085,0.0316,0.0,-0.0,-0.0001,0.0001,0.0,32.341,-4.3787,0.0811,10.3085,0.0316,0
13.811,-4.3904,0.056,10.2924,-0.0241,0.0036,-0.0052,-4.2464,0.1329,10.3605,0.1769,-4.3796,0.08,10.3092,0.0312,-0.0,-0.0001,-0.0001,0.0002,0.0,32.342,-4.3796,0.08,10.3092,0.0312,0
13.853,-4.3914,0.0564,10.292,-0.0219,0.0155,-0.0097,-4.2464,0.1329,10.3605,0.1776,-4.3808,0.0787,10.3101,0.0305,-0.0001,0.0,-0.0002,0.0002,0.0,32.343,-4.3808,0.0787,10.3101,0.0305,0
13.894,-4.3923,0.0573,10.2916,-0.02,0.0251,-0.0123,-4.2464,0.1329,10.3605,0.1782,-4.3815,0.0781,10.3106,0.0302,0.0001,0.0001,-0.0,0.0001,0.0,32.344,-4.3815,0.0781,10.3106,0.0302,0
13.936,-4.393,0.0586,10.2911,-0.0173,0.0358,-0.0096,-4.3749,0.0696,10.3017,0.0237,-4.3779,0.0788,10.3087,0.0308,-0.0,0.0001,0.0,0.0001,0.0,32.34,-4.3779,0.0788,10.3087,0.0308,0
13.978,-4.3938,0.0603,10.2907,-0.0189,0.0432,-0.0091,-4.3749,0.0696,10.3017,0.0237,-4.3778,0.0795,10.3091,0.031,-0.0,0.0,0.0001,0.0001,0.0,32.34,-4.3778,0.0795,10.3091,0.031,0
14.019,-4.3946,0.0622,10.2904,-0.0221,0.0472,-0.0062,-4.5405,0.0868,10.2307,0.1595,-4.4044,0.0807,10.293,0.0211,-0.0,0.0,-0.0001,0.0001,0.0,32.361,-4.4044,0.0807,10.293,0.0211,0
14.061,-4.3956,0.0642,10.2906,-0.0257,0.0486,0.01,-4.5405,0.0868,10.2307,0.1583,-4.4042,0.0813,10.2929,0.0193,-0.0002,-0.0001,-0.0001,0.0003,0.0,32.361,-4.4042,0.0813,10.2929,0.0193,0
14.102,-4.3968,0.0662,10.2911,-0.0296,0.0483,0.0139,-4.5405,0.0868,10.2307,0.1572,-4.4042,0.0822,10.2933,0.0177,-0.0001,-0.0,0.0002,0.0002,0.0,32.361,-4.4042,0.0822,10.2933,0.0177,0
14.144,-4.398,0.0682,10.2914,-0.0303,0.047,-0.0032,-4.367,0.1571,10.214,0.1219,-4.4036,0.0918,10.284,0.0254,-0.0,0.0002,-0.0001,0.0002,0.0,32.357,-4.4036,0.0918,10.284,0.0254,0
14.186,-4.3993,0.0701,10.291,-0.0306,0.047,-0.0137,-4.367,0.1571,10.214,0.1205,-4.4057,0.0913,10.2852,0.0228,-0.0,-0.0001,0.0002,0.0002,0.0,34.8,-4.4057,0.0913,10.2852,0.0228,0
14.227,-4.4006,0.0721,10.2903,-0.0294,0.0484,-0.0182,-4.367,0.1571,10.214,0.119,-4.4071,0.0909,10.2857,0.0204,0.0001,-0.0001,-0.0,0.0001,0.0,34.802,-4.4071,0.0909,10.2857,0.0204,0
14.269,-4.4017,0.0742,10.2902,-0.0253,0.0489,0.0121,-4.3597,-0.0801,10.2753,0.1606,-4.3985,0.0631,10.2785,0.0165,0.0001,-0.0001,0.0001,0.0002,0.0,34.797,-4.3985,0.0631,10.2785,0.0165,0
14.31,-4.4027,0.0762,10.2911,-0.0215,0.0478,0.0242,-4.3597,-0.0801,10.2753,0.1629,-4.3992,0.0632,10.2785,0.0184,0.0001,-0.0,0.0001,0.0001,0.0,34.798,-4.3992,0.0632,10.2785,0.0184,0
14.352,-4.4035,0.0782,10.2919,-0.0167,0.047,0.009,-4.304,0.0744,10.4519,0.1884,-4.3851,0.0694,10.3131,0.0294,-0.0,0.0001,-0.0,0.0001,0.0,34.792,-4.3851,0.0694,10.3131,0.0294,0
14.394,-4.4041,0.08,10.2919,-0.012,0.0418,-0.0061,-4.304,0.0744,10.4519,0.1888,-4.3857,0.0706,10.314,0.0303,0.0,0.0,0.0003,0.0003,0.0,34.793,-4.3857,0.0706,10.314,0.0303,0
14.435,-4.4045,0.0816,10.2915,-0.0074,0.0346,-0.012,-4.304,0.0744,10.4519,0.1894,-4.3864,0.0722,10.315,0.0311,-0.0,0.0,-0.0001,0.0002,0.0,34.793,-4.3864,0.0722,10.315,0.0311,0
14.477,-4.4047,0.0828,10.2909,-0.0031,0.0241,-0.0162,-4.2105,-0.0077,10.2076,0.2299,-4.3571,0.0613,10.2977,0.0527,-0.0,-0.0,-0.0001,0.0001,0.0,34.763,-4.3571,0.0613,10.2977,0.0527,0
14.518,-4.4047,0.0835,10.2901,0.0004,0.0108,-0.0187,-4.2105,-0.0077,10.2076,0.2299,-4.3573,0.0627,10.2985,0.0524,-0.0,-0.0001,-0.0001,0.0002,0.0,34.763,-4.3573,0.0627,10.2985,0.0524,0
14.56,-4.4047,0.0837,10.2893,0.0001,-0.0011,-0.02,-4.2105,-0.0077,10.2076,0.2297,-4.3574,0.0632,10.2989,0.0524,0.0,0.0,0.0,0.0001,0.0,34.764,-4.3574,0.0632,10.2989,0.0524,0
14.602,-4.4047,0.0833,10.2886,-0.0002,-0.0152,-0.0143,-4.4167,0.0362,10.2042,0.0974,-4.3678,0.0578,10.282,0.0453,0.0,0.0001,0.0001,0.0001,0.0,34.77,-4.3678,0.0578,10.282,0.0453,0
14.643,-4.4047,0.0824,10.2881,-0.0005,-0.0265,-0.0121,-4.4167,0.0362,10.2042,0.0965,-4.3679,0.0573,10.2823,0.0449,-0.0,-0.0001,-0.0001,0.0001,0.0,34.77,-4.3679,0.0573,10.2823,0.0449,0
14.685,-4.4047,0.0811,10.2876,-0.0013,-0.0347,-0.0104,-4.3524,0.1473,10.2498,0.0925,-4.3669,0.0702,10.2761,0.041,0.0001,-0.0,0.0001,0.0001,0.0,34.765,-4.3669,0.0702,10.2761,0.041,0
14.726,-4.4048,0.0795,10.2874,-0.0002,-0.0393,-0.0044,-4.3524,0.1473,10.2498,0.0935,-4.3674,0.0686,10.2763,0.0405,0.0001,-0.0002,-0.0001,0.0003,0.0,34.766,-4.3674,0.0686,10.2763,0.0405,0
14.768,-4.4048,0.0778,10.2872,-0.0007,-0.042,-0.0032,-4.3524,0.1473,10.2498,0.0947,-4.3681,0.0662,10.2769,0.0399,-0.0,0.0,0.0001,0.0001,0.0,34.767,-4.3681,0.0662,10.2769,0.0399,0
14.81,-4.4048,0.0761,10.287,-0.0014,-0.041,-0.0146,-4.3325,0.239,10.2903,0.1783,-4.3605,0.096,10.2841,0.0487,-0.0,0.0,-0.0,0.0,0.0,34.756,-4.3605,0.096,10.2841,0.0487,0
14.851,-4.4049,0.0745,10.2859,-0.0019,-0.038,-0.0334,-4.3325,0.239,10.2903,0.1799,-4.3604,0.0943,10.2857,0.0488,-0.0001,0.0001,-0.0,0.0002,0.0,34.757,-4.3604,0.0943,10.2857,0.0488,0
14.893,-4.4051,0.073,10.2843,-0.0053,-0.0343,-0.039,-4.3325,0.239,10.2903,0.1813,-4.3603,0.0934,10.2863,0.0492,0.0,0.0,-0.0001,0.0001,0.0,34.757,-4.3603,0.0934,10.2863,0.0492,0
14.934,-4.4054,0.0717,10.2832,-0.0092,-0.0276,-0.0159,-4.294,-0.1633,10.3484,0.2681,-4.3506,0.0463,10.2926,0.0611,0.0,0.0001,-0.0001,0.0001,0.0,34.759,-4.3506,0.0463,10.2926,0.0611,0
14.976,-4.4059,0.0706,10.2828,-0.0144,-0.0229,-0.0065,-4.294,-0.1633,10.3484,0.2675,-4.351,0.0452,10.2927,0.0613,-0.0,0.0001,0.0002,0.0002,0.0,34.759,-4.351,0.0452,10.2927,0.0613,0
15.018,-4.4066,0.0698,10.2827,-0.0202,-0.0176,-0.0033,-4.294,-0.1633,10.3484,0.2671,-4.3519,0.0436,10.2932,0.0616,-0.0001,-0.0001,0.0001,0.0002,0.0,34.761,-4.3519,0.0436,10.2932,0.0616,0
15.059,-4.4075,0.0692,10.2829,-0.0224,-0.0102,0.0167,-4.423,0.2364,10.3111,0.1702,-4.369,0.0747,10.2925,0.0401,-0.0001,0.0001,0.0001,0.0002,0.0,34.771,-4.369,0.0747,10.2925,0.0401,0
15.101,-4.4085,0.069,10.2838,-0.024,-0.0036,0.0263,-4.423,0.2364,10.3111,0.1703,-4.3717,0.0733,10.2926,0.0381,0.0,0.0,-0.0,0.0001,0.0,34.773,-4.3717,0.0733,10.2926,0.0381,0
15.142,-4.4095,0.069,10.285,-0.0234,0.0037,0.0278,-4.2528,-0.0771,10.3986,0.2425,-4.3532,0.047,10.3117,0.0661,-0.0001,-0.0001,-0.0,0.0001,0.0,34.766,-4.3532,0.047,10.3117,0.0661,0
15.184,-4.4104,0.0692,10.2861,-0.0196,0.0075,0.0255,-4.2528,-0.0771,10.3986,0.2427,-4.3558,0.0462,10.3125,0.0648,-0.0,0.0001,0.0002,0.0003,0.0,36.265,-4.3558,0.0462,10.3125,0.0648,0
15.226,-4.4111,0.0696,10.2872,-0.0154,0.0109,0.025,-4.2528,-0.0771,10.3986,0.2429,-4.3576,0.0458,10.3129,0.064,0.0001,-0.0001,-0.0002,0.0002,0.0,36.266,-4.3576,0.0458,10.3129,0.064,0
15.267,-4.4116,0.0701,10.2883,-0.0088,0.0127,0.0285,-4.6673,-0.023,10.222,0.2801,-4.4056,0.0349,10.2977,0.0369,-0.0,-0.0001,0.0001,0.0002,0.0,36.31,-4.4056,0.0349,10.2977,0.0369,0
15.309,-4.4118,0.0707,10.2895,-0.0039,0.0137,0.0303,-4.6673,-0.023,10.222,0.2803,-4.4056,0.035,10.298,0.0372,-0.0001,0.0,0.0001,0.0001,0.0,36.31,-4.4056,0.035,10.298,0.0372,0
15.35,-4.4119,0.0713,10.2906,-0.001,0.0141,0.0134,-4.4613,0.1252,10.385,0.1194,-4.415,0.0492,10.3178,0.0352,0.0,-0.0001,-0.0001,0.0002,0.0,36.32,-4.415,0.0492,10.3178,0.0352,0
15.392,-4.4119,0.0718,10.2907,-0.001,0.0137,-0.0019,-4.4613,0.1252,10.385,0.1191,-4.415,0.0492,10.3187,0.0362,-0.0,-0.0001,0.0,0.0001,0.0,36.321,-4.415,0.0492,10.3187,0.0362,0
15.434,-4.412,0.0724,10.2905,-0.002,0.0134,-0.0054,-4.3749,0.05,10.2996,0.0442,-4.4108,0.0514,10.3151,0.0323,0.0,-0.0,0.0,0.0001,0.0,36.315,-4.4108,0.0514,10.3151,0.0323,0
15.475,-4.4122,0.073,10.2905,-0.0063,0.0119,0.0015,-4.3749,0.05,10.2996,0.0447,-4.4116,0.052,10.3153,0.0325,0.0,-0.0,0.0001,0.0001,0.0,36.316,-4.4116,0.052,10.3153,0.0325,0
15.517,-4.4125,0.0733,10.2906,-0.0092,0.0076,0.0042,-4.3749,0.05,10.2996,0.0451,-4.413,0.0526,10.3158,0.0326,0.0,0.0002,-0.0001,0.0003,0.0,36.317,-4.413,0.0526,10.3158,0.0326,0
15.558,-4.4129,0.0736,10.2909,-0.0101,0.0022,0.0109,-4.4489,-0.1173,10.4941,0.2811,-4.4189,0.0214,10.3437,0.0745,0.0,-0.0001,0.0001,0.0002,0.0,36.338,-4.4189,0.0214,10.3437,0.0745,0
15.6,-4.4134,0.0735,10.2916,-0.0109,-0.0022,0.0201,-4.4489,-0.1173,10.4941,0.2805,-4.4199,0.0202,10.3439,0.075,-0.0,0.0001,0.0001,0.0001,0.0,36.339,-4.4199,0.0202,10.3439,0.075,0
15.642,-4.4138,0.0734,10.2925,-0.0121,-0.0048,0.0217,-4.4489,-0.1173,10.4941,0.2797,-4.4206,0.0193,10.3443,0.0752,0.0001,-0.0001,0.0001,0.0002,0.0,36.34,-4.4206,0.0193,10.3443,0.0752,0
15.683,-4.4143,0.0732,10.2935,-0.0103,-0.0041,0.032,-4.103,0.1003,10.2246,0.32,-4.3644,0.0263,10.3215,0.0739,-0.0001,-0.0,0.0,0.0001,0.0,36.28,-4.3644,0.0263,10.3215,0.0739,0
15.725,-4.4147,0.0731,10.2951,-0.0099,0.0026,0.0425,-4.103,0.1003,10.2246,0.3207,-4.3643,0.0241,10.3216,0.0752,-0.0,0.0001,0.0,0.0001,0.0,36.281,-4.3643,0.0241,10.3216,0.0752,0
15.766,-4.4151,0.0735,10.297,-0.0105,0.0127,0.0467,-4.3921,0.1035,10.3408,0.0579,-4.369,0.0382,10.3247,0.0644,-0.0,0.0,0.0001,0.0001,0.0,36.282,-4.369,0.0382,10.3247,0.0644,0
15.808,-4.4157,0.0743,10.299,-0.0146,0.0256,0.0496,-4.3921,0.1035,10.3408,0.0561,-4.3689,0.0376,10.325,0.0649,-0.0,-0.0002,0.0001,0.0003,0.0,36.282,-4.3689,0.0376,10.325,0.0649,0
15.85,-4.4164,0.0756,10.3011,-0.0197,0.0377,0.05,-4.3921,0.1035,10.3408,0.0542,-4.3689,0.0373,10.3256,0.0658,0.0,0.0001,0.0001,0.0002,0.0,36.282,-4.3689,0.0373,10.3256,0.0658,0
15.891,-4.4174,0.0774,10.3031,-0.0253,0.0448,0.0414,-4.4792,0.0891,10.194,0.1259,-4.388,0.056,10.3071,0.0366,-0.0,-0.0,0.0001,0.0001,0.0,36.291,-4.388,0.056,10.3071,0.0366,0
15.933,-4.4185,0.0794,10.3044,-0.0303,0.0489,0.0259,-4.4792,0.0891,10.194,0.1263,-4.3886,0.0607,10.3085,0.0356,0.0,-0.0001,-0.0,0.0001,0.0,36.29,-4.3886,0.0607,10.3085,0.0356,0
15.974,-4.4199,0.0813,10.3054,-0.0345,0.0427,0.0228,-4.4792,0.0891,10.194,0.1264,-4.3892,0.0638,10.309,0.0355,0.0001,-0.0,-0.0002,0.0002,0.0,36.29,-4.3892,0.0638,10.309,0.0355,0
16.016,-4.4214,0.0828,10.306,-0.037,0.0324,0.0099,-4.2526,-0.016,10.4413,0.2378,-4.3679,0.0499,10.334,0.0688,0.0,-0.0002,-0.0,0.0002,0.0,36.28,-4.3679,0.0499,10.334,0.0688,0
16.058,-4.4229,0.0839,10.3063,-0.0373,0.0196,0.005,-4.2526,-0.016,10.4413,0.2392,-4.3688,0.0512,10.3346,0.0693,0.0,0.0,0.0,0.0,0.0,36.281,-4.3688,0.0512,10.3346,0.0693,0
16.099,-4.4244,0.0844,10.3065,-0.0349,0.0061,0.0016,-4.2945,0.0441,10.2145,0.1642,-4.3611,0.0509,10.3162,0.0723,0.0,-0.0,-0.0004,0.0004,0.0,36.269,-4.3611,0.0509,10.3162,0.0723,0
16.141,-4.4259,0.0844,10.3065,-0.033,-0.0058,-0.0002,-4.2945,0.0441,10.2145,0.1653,-4.3628,0.0513,10.3167,0.0719,0.0002,0.0001,0.0001,0.0002,0.0,36.271,-4.3628,0.0513,10.3167,0.0719,0
16.182,-4.4271,0.0839,10.3065,-0.0284,-0.0157,0.0005,-4.2945,0.0441,10.2145,0.1662,-4.3652,0.0513,10.3173,0.0709,0.0,0.0002,-0.0001,0.0002,0.0,38.0,-4.3652,0.0513,10.3173,0.0709,0
16.224,-4.4282,0.0831,10.3065,-0.0215,-0.0219,-0.0019,-4.3184,0.0828,10.3924,0.1394,-4.3561,0.0542,10.3314,0.0815,-0.0001,-0.0002,0.0004,0.0004,0.0,37.994,-4.3561,0.0542,10.3314,0.0815,0
16.266,-4.4289,0.0821,10.3064,-0.0135,-0.0254,-0.0021,-4.3184,0.0828,10.3924,0.14,-4.357,0.0527,10.332,0.0818,0.0,0.0,0.0,0.0001,0.0,37.995,-4.357,0.0527,10.332,0.0818,0
16.307,-4.4293,0.081,10.3063,-0.0063,-0.0248,-0.0026,-4.3184,0.0828,10.3924,0.1404,-4.3573,0.0515,10.3325,0.0821,0.0,-0.0,0.0003,0.0003,0.0,37.996,-4.3573,0.0515,10.3325,0.0821,0
16.349,-4.4294,0.0801,10.3063,-0.0021,-0.0193,0.0051,-4.6953,0.0523,10.3026,0.2674,-4.4136,0.046,10.3267,0.0428,0.0,0.0001,-0.0001,0.0001,0.0,38.049,-4.4136,0.046,10.3267,0.0428,0
16.39,-4.4294,0.0794,10.3067,0.0014,-0.0131,0.0092,-4.6953,0.0523,10.3026,0.2673,-4.4132,0.0442,10.327,0.0438,0.0,-0.0002,-0.0001,0.0002,0.0,38.049,-4.4132,0.0442,10.327,0.0438,0
16.432,-4.4293,0.0791,10.3071,0.003,-0.003,0.0089,-4.5119,0.064,10.3577,0.0981,-4.4299,0.0495,10.3333,0.0396,0.0,0.0,-0.0003,0.0003,0.0,38.065,-4.4299,0.0495,10.3333,0.0396,0
16.474,-4.4292,0.0792,10.3074,0.0033,0.006,0.0065,-4.5119,0.064,10.3577,0.0981,-4.4297,0.0492,10.3338,0.04,-0.0002,-0.0001,0.0001,0.0002,0.0,38.065,-4.4297,0.0492,10.3338,0.04,0
16.515,-4.4291,0.0796,10.3076,0.0025,0.0133,0.008,-4.2998,-0.0257,10.1852,0.2069,-4.4097,0.0379,10.3078,0.046,0.0,0.0001,-0.0001,0.0001,0.0,38.043,-4.4097,0.0379,10.3078,0.046,0
16.557,-4.429,0.0803,10.3083,0.0018,0.016,0.0207,-4.2998,-0.0257,10.1852,0.2076,-4.4102,0.0384,10.3078,0.0459,-0.0001,-0.0,0.0001,0.0002,0.0,38.043,-4.4102,0.0384,10.3078,0.0459,0
16.598,-4.4289,0.0809,10.3093,0.0009,0.0146,0.0239,-4.2998,-0.0257,10.1852,0.2084,-4.4109,0.0394,10.3083,0.0453,-0.0,-0.0,-0.0002,0.0002,0.0,38.044,-4.4109,0.0394,10.3083,0.0453,0
16.64,-4.4289,0.0814,10.3102,0.0011,0.0109,0.0231,-4.5016,0.0611,10.2939,0.0773,-4.4229,0.043,10.3064,0.0391,-0.0001,-0.0001,0.0,0.0001,0.0,38.054,-4.4229,0.043,10.3064,0.0391,0
16.682,-4.4289,0.0818,10.3112,-0.0012,0.0067,0.0224,-4.5016,0.0611,10.2939,0.0776,-4.4221,0.0436,10.307,0.039,0.0001,0.0002,0.0001,0.0003,0.0,38.053,-4.4221,0.0436,10.307,0.039,0
16.723,-4.429,0.082,10.3121,-0.0054,0.001,0.0219,-4.5016,0.0611,10.2939,0.0777,-4.4216,0.0438,10.3075,0.0391,-0.0,0.0001,-0.0,0.0001,0.0,38.052,-4.4216,0.0438,10.3075,0.0391,0
16.765,-4.4294,0.0819,10.313,-0.0118,-0.0044,0.0233,-4.4413,0.1107,10.2526,0.068,-4.426,0.0585,10.2982,0.0279,0.0001,0.0001,-0.0002,0.0002,0.0,38.051,-4.426,0.0585,10.2982,0.0279,0
16.806,-4.43,0.0815,10.314,-0.016,-0.0128,0.0247,-4.4413,0.1107,10.2526,0.069,-4.4263,0.0592,10.2986,0.0274,-0.0,0.0,-0.0002,0.0002,0.0,38.051,-4.4263,0.0592,10.2986,0.0274,0
16.848,-4.4308,0.0808,10.3151,-0.0214,-0.0209,0.0242,-4.3257,-0.0056,10.2015,0.1772,-4.4103,0.0446,10.2838,0.052,-0.0,-0.0001,0.0001,0.0001,0.0,38.036,-4.4103,0.0446,10.2838,0.052,0
16.89,-4.4318,0.0797,10.3159,-0.0268,-0.0289,0.0168,-4.3257,-0.0056,10.2015,0.1778,-4.411,0.0435,10.2845,0.0523,0.0,0.0001,0.0,0.0001,0.0,38.037,-4.411,0.0435,10.2845,0.0523,0
16.931,-4.433,0.0784,10.3165,-0.031,-0.0321,0.013,-4.3257,-0.0056,10.2015,0.1783,-4.4122,0.0414,10.2852,0.0527,-0.0001,-0.0001,0.0,0.0001,0.0,38.039,-4.4122,0.0414,10.2852,0.0527,0
16.973,-4.4344,0.0771,10.3171,-0.0345,-0.0309,0.0195,-4.3853,0.0674,10.1492,0.1752,-4.4107,0.0511,10.2597,0.0673,0.0,0.0,0.0,0.0001,0.0,38.029,-4.4107,0.0511,10.2597,0.0673,0
17.014,-4.4358,0.0758,10.3183,-0.0343,-0.031,0.0337,-4.3853,0.0674,10.1492,0.1766,-4.4131,0.0518,10.2596,0.0673,-0.0,-0.0,-0.0001,0.0001,0.0,38.031,-4.4131,0.0518,10.2596,0.0673,0
17.056,-4.4372,0.0745,10.3198,-0.0322,-0.0313,0.0382,-4.3853,0.0674,10.1492,0.1785,-4.4146,0.0522,10.2599,0.0678,0.0001,0.0,-0.0002,0.0002,0.0,38.033,-4.4146,0.0522,10.2599,0.0678,0
17.098,-4.4385,0.0732,10.3215,-0.0294,-0.0325,0.0445,-4.2406,0.2148,10.5489,0.3331,-4.3887,0.0764,10.3067,0.052,-0.0,-0.0001,-0.0,0.0001,0.0,38.013,-4.3887,0.0764,10.3067,0.052,0
17.139,-4.4396,0.0719,10.3239,-0.023,-0.032,0.0664,-4.2406,0.2148,10.5489,0.3326,-4.3907,0.0757,10.3064,0.052,0.0001,0.0001,0.0,0.0002,0.0,38.015,-4.3907,0.0757,10.3064,0.052,0
17.181,-4.4404,0.0705,10.3268,-0.0167,-0.0308,0.0705,-4.2406,0.2148,10.5489,0.3318,-4.3936,0.0745,10.3068,0.0511,0.0,0.0,0.0002,0.0002,0.0,38.018,-4.3936,0.0745,10.3068,0.0511,0
17.222,-4.4409,0.0693,10.3297,-0.0095,-0.0275,0.054,-4.359,0.0474,10.3012,0.0895,-4.3848,0.0621,10.3137,0.0588,-0.0002,0.0002,0.0001,0.0003,0.0,38.015,-4.3848,0.0621,10.3137,0.0588,0
17.264,-4.4412,0.0683,10.331,-0.0037,-0.021,0.0208,-4.359,0.0474,10.3012,0.0899,-4.3853,0.0583,10.316,0.0588,0.0001,0.0001,-0.0,0.0001,0.0,38.017,-4.3853,0.0583,10.316,0.0588,0
17.306,-4.4412,0.0676,10.3316,0.0014,-0.0109,0.0105,-4.359,0.0474,10.3012,0.09,-4.3855,0.056,10.3168,0.0589,-0.0,0.0,-0.0002,0.0002,0.0,38.017,-4.3855,0.056,10.3168,0.0589,0
17.347,-4.4411,0.0675,10.3318,0.003,-0.0,0.0014,-4.3394,0.1134,10.3222,0.112,-4.3757,0.0679,10.3198,0.0665,0.0001,-0.0,0.0002,0.0002,0.0,38.006,-4.3757,0.0679,10.3198,0.0665,0
17.389,-4.441,0.0677,10.3318,0.0031,0.0094,-0.0003,-4.3394,0.1134,10.3222,0.1118,-4.3753,0.0674,10.3203,0.0667,0.0001,0.0002,-0.0001,0.0002,0.0,38.006,-4.3753,0.0674,10.3203,0.0667,0
17.43,-4.4409,0.0682,10.3317,0.0001,0.0149,-0.0084,-4.4542,0.1709,10.3222,0.1039,-4.3859,0.0867,10.3236,0.0586,0.0,-0.0,-0.0,0.0,0.0,38.011,-4.3859,0.0867,10.3236,0.0586,0
17.472,-4.441,0.0689,10.3311,-0.0042,0.0181,-0.018,-4.4542,0.1709,10.3222,0.1032,-4.3851,0.0871,10.3244,0.0592,-0.0,-0.0001,0.0001,0.0001,0.0,38.011,-4.3851,0.0871,10.3244,0.0592,0
17.514,-4.4413,0.0696,10.3302,-0.0088,0.0155,-0.0231,-4.3592,0.0562,10.2253,0.1339,-4.382,0.083,10.3101,0.064,0.0001,0.0001,0.0,0.0001,0.0,38.006,-4.382,0.083,10.3101,0.064,0
17.555,-4.4418,0.0702,10.329,-0.0164,0.0111,-0.0332,-4.3592,0.0562,10.2253,0.1333,-4.3821,0.0835,10.3109,0.0639,0.0001,-0.0002,0.0001,0.0002,0.0,38.006,-4.3821,0.0835,10.3109,0.0639,0
17.597,-4.4427,0.0705,10.3275,-0.0237,0.0059,-0.0369,-4.3592,0.0562,10.2253,0.1327,-4.3825,0.0841,10.3117,0.0637,0.0,0.0,0.0001,0.0001,0.0,38.006,-4.3825,0.0841,10.3117,0.0637,0
17.638,-4.4438,0.0706,10.3259,-0.0289,-0.0002,-0.0428,-4.4472,-0.042,10.3188,0.1129,-4.398,0.0669,10.3142,0.0474,-0.0,-0.0002,-0.0001,0.0002,0.0,38.026,-4.398,0.0669,10.3142,0.0474,0
17.68,-4.445,0.0704,10.324,-0.0304,-0.0097,-0.0463,-4.4472,-0.042,10.3188,0.1125,-4.4007,0.0682,10.315,0.0453,0.0001,-0.0001,-0.0,0.0001,0.0,38.028,-4.4007,0.0682,10.315,0.0453,0
17.722,-4.4463,0.0698,10.3222,-0.028,-0.0211,-0.0357,-4.519,0.1331,10.1387,0.2073,-4.4202,0.0779,10.2849,0.0462,-0.0001,-0.0,0.0,0.0001,0.0,38.037,-4.4202,0.0779,10.2849,0.0462,0
17.763,-4.4473,0.0686,10.3209,-0.0241,-0.0314,-0.029,-4.519,0.1331,10.1387,0.2061,-4.4223,0.0777,10.2853,0.0445,-0.0,-0.0,-0.0,0.0,0.0,38.039,-4.4223,0.0777,10.2853,0.0445,0
17.805,-4.4482,0.0671,10.3198,-0.0199,-0.0403,-0.0268,-4.519,0.1331,10.1387,0.2053,-4.4236,0.0772,10.2856,0.0433,-0.0001,0.0001,-0.0,0.0001,0.0,38.04,-4.4236,0.0772,10.2856,0.0433,0
17.846,-4.4489,0.0653,10.3187,-0.0142,-0.0461,-0.0249,-4.2421,0.1458,10.2472,0.2332,-4.3955,0.0926,10.2794,0.0717,-0.0001,-0.0001,-0.0002,0.0002,0.0,38.009,-4.3955,0.0926,10.2794,0.0717,0
17.888,-4.4494,0.0633,10.3177,-0.0068,-0.0507,-0.0245,-4.2421,0.1458,10.2472,0.234,-4.3967,0.0929,10.2798,0.0713,-0.0001,-0.0,-0.0,0.0001,0.0,38.01,-4.3967,0.0929,10.2798,0.0713,0
17.93,-4.4495,0.0611,10.3166,-0.0002,-0.0549,-0.0248,-4.2421,0.1458,10.2472,0.2346,-4.3982,0.0932,10.2805,0.0705,0.0001,0.0,-0.0001,0.0001,0.0,38.011,-4.3982,0.0932,10.2805,0.0705,0
17.971,-4.4494,0.0588,10.3159,0.0053,-0.0549,-0.0104,-4.6151,-0.0763,10.3711,0.2208,-4.4326,0.0629,10.2929,0.0287,0.0001,0.0,0.0001,0.0001,0.0,38.054,-4.4326,0.0629,10.2929,0.0287,0
18.013,-4.4491,0.0565,10.3157,0.0096,-0.0538,-0.0023,-4.6151,-0.0763,10.3711,0.2198,-4.4323,0.0623,10.2931,0.0287,-0.0,-0.0,-0.0003,0.0003,0.0,38.054,-4.4323,0.0623,10.2931,0.0287,0
18.054,-4.4486,0.0543,10.3156,0.0103,-0.0532,-0.001,-4.6151,-0.0763,10.3711,0.2188,-4.4321,0.0621,10.2935,0.0287,0.0,-0.0001,0.0,0.0001,0.0,38.054,-4.4321,0.0621,10.2935,0.0287,0
18.096,-4.4482,0.0521,10.3162,0.0077,-0.0514,0.0257,-4.2629,0.1594,10.4304,0.2428,-4.3987,0.0733,10.3121,0.054,0.0,0.0,-0.0,0.0,0.0,38.024,-4.3987,0.0733,10.3121,0.054,0
18.138,-4.4481,0.05,10.3175,0.0006,-0.0481,0.0354,-4.2629,0.1594,10.4304,0.243,-4.3976,0.0719,10.3122,0.0553,-0.0001,-0.0001,0.0,0.0002,0.0,38.024,-4.3976,0.0719,10.3122,0.0553,0
18.179,-4.4483,0.0481,10.3191,-0.0106,-0.042,0.0338,-4.4986,-0.241,10.2215,0.3092,-4.4163,0.0144,10.3037,0.049,-0.0,0.0001,-0.0,0.0001,0.0,38.054,-4.4163,0.0144,10.3037,0.049,0
18.221,-4.449,0.0466,10.3195,-0.0205,-0.034,-0.0005,-4.4986,-0.241,10.2215,0.3078,-4.4165,0.0127,10.3052,0.049,0.0001,0.0002,-0.0001,0.0002,0.0,38.055,-4.4165,0.0127,10.3052,0.049,0
18.262,-4.45,0.0454,10.3192,-0.0293,-0.024,-0.0111,-4.4986,-0.241,10.2215,0.3064,-4.4172,0.0107,10.3063,0.0495,-0.0001,0.0001,-0.0001,0.0002,0.0,38.057,-4.4172,0.0107,10.3063,0.0495,0
18.304,-4.4514,0.0447,10.3187,-0.0365,-0.0108,-0.016,-4.4637,0.2026,10.35,0.1615,-4.4236,0.0463,10.3144,0.0281,0.0,-0.0001,0.0001,0.0001,0.0,38.055,-4.4236,0.0463,10.3144,0.0281,0
18.346,-4.453,0.0445,10.318,-0.0411,-0.0009,-0.0172,-4.4637,0.2026,10.35,0.1617,-4.4241,0.0468,10.3151,0.0292,-0.0,0.0002,0.0002,0.0003,0.0,38.056,-4.4241,0.0468,10.3151,0.0292,0
18.387,-4.4549,0.0446,10.3172,-0.046,0.0062,-0.017,-4.4637,0.2026,10.35,0.1616,-4.4246,0.0474,10.3155,0.0305,-0.0001,0.0,0.0,0.0001,0.0,38.056,-4.4246,0.0474,10.3155,0.0305,0
18.429,-4.4569,0.0449,10.3166,-0.0491,0.0082,-0.0126,-4.4754,0.0572,10.376,0.0634,-4.4357,0.0528,10.3257,0.0243,0.0,0.0001,-0.0001,0.0002,0.0,38.067,-4.4357,0.0528,10.3257,0.0243,0
18.47,-4.459,0.0452,10.3162,-0.052,0.0061,-0.0097,-4.4754,0.0572,10.376,0.0632,-4.4368,0.0541,10.326,0.0258,-0.0,-0.0,0.0003,0.0003,0.0,38.068,-4.4368,0.0541,10.326,0.0258,0
18.512,-4.4612,0.0454,10.3158,-0.0537,0.0011,-0.0097,-4.3996,0.1713,10.3457,0.1434,-4.4291,0.0767,10.331,0.0474,-0.0,-0.0001,0.0001,0.0002,0.0,38.056,-4.4291,0.0767,10.331,0.0474,0
18.554,-4.4634,0.0452,10.3153,-0.0521,-0.008,-0.0141,-4.3996,0.1713,10.3457,0.1446,-4.4294,0.078,10.3316,0.05,-0.0001,-0.0001,-0.0,0.0001,0.0,38.056,-4.4294,0.078,10.3316,0.05,0
18.595,-4.4656,0.0447,10.3146,-0.0514,-0.0183,-0.017,-4.3996,0.1713,10.3457,0.1462,-4.4298,0.0795,10.3323,0.053,0.0001,-0.0002,-0.0,0.0002,0.0,38.056,-4.4298,0.0795,10.3323,0.053,0
18.637,-4.4677,0.0436,10.314,-0.0509,-0.0313,-0.0083,-4.5491,0.0546,10.2296,0.1178,-4.4567,0.0756,10.3115,0.034,-0.0001,-0.0001,-0.0,0.0001,0.0,38.078,-4.4567,0.0756,10.3115,0.034,0
18.678,-4.4698,0.042,10.3141,-0.0489,-0.0434,0.009,-4.5491,0.0546,10.2296,0.1166,-4.4597,0.076,10.3112,0.0356,0.0001,-0.0,0.0001,0.0001,0.0,38.08,-4.4597,0.076,10.3112,0.0356,0
18.72,-4.4717,0.04,10.3146,-0.044,-0.0538,0.014,-4.5491,0.0546,10.2296,0.1159,-4.4615,0.076,10.3114,0.0376,0.0001,-0.0,0.0,0.0001,0.0,38.082,-4.4615,0.076,10.3114,0.0376,0
18.762,-4.4734,0.0375,10.3151,-0.0388,-0.0642,0.0073,-4.4938,0.0046,10.3365,0.0442,-4.4695,0.0581,10.3183,0.0212,-0.0,0.0002,0.0002,0.0003,0.0,38.096,-4.4695,0.0581,10.3183,0.0212,0
18.803,-4.4748,0.0347,10.3153,-0.0294,-0.0688,0.0008,-4.4938,0.0046,10.3365,0.0414,-4.4709,0.0562,10.3189,0.0222,-0.0,-0.0001,0.0,0.0001,0.0,38.098,-4.4709,0.0562,10.3189,0.0222,0
18.845,-4.4758,0.0318,10.3153,-0.0199,-0.07,-0.0015,-4.4549,-0.0317,10.3515,0.076,-4.4698,0.0413,10.3273,0.0165,0.0001,-0.0,0.0001,0.0001,0.0,38.103,-4.4698,0.0413,10.3273,0.0165,0
18.886,-4.4764,0.029,10.3148,-0.0107,-0.0643,-0.015,-4.4549,-0.0317,10.3515,0.0741,-4.4707,0.0401,10.3282,0.0183,0.0,0.0001,-0.0002,0.0002,0.0,38.104,-4.4707,0.0401,10.3282,0.0183,0
18.928,-4.4767,0.0265,10.3141,-0.003,-0.0564,-0.0177,-4.4549,-0.0317,10.3515,0.0725,-4.4715,0.0385,10.3289,0.0198,0.0,0.0,-0.0002,0.0002,0.0,38.105,-4.4715,0.0385,10.3289,0.0198,0
18.97,-4.4767,0.0243,10.3135,0.0025,-0.0492,-0.0095,-4.5557,-0.0426,10.3557,0.1118,-4.4854,0.022,10.3308,0.0195,-0.0,-0.0,0.0002,0.0002,0.0,38.123,-4.4854,0.022,10.3308,0.0195,0
19.011,-4.4765,0.0224,10.3134,0.0046,-0.0411,0.0034,-4.5557,-0.0426,10.3557,0.1108,-4.4853,0.0203,10.3308,0.0196,0.0,-0.0002,-0.0003,0.0004,0.0,38.124,-4.4853,0.0203,10.3308,0.0196,0
19.053,-4.4763,0.0208,10.3137,0.006,-0.0352,0.0069,-4.5557,-0.0426,10.3557,0.11,-4.4851,0.0193,10.3311,0.0196,0.0,0.0,0.0001,0.0001,0.0,38.124,-4.4851,0.0193,10.3311,0.0196,0
19.094,-4.4761,0.0195,10.3146,0.0041,-0.0279,0.0356,-4.3472,0.1285,10.1878,0.2111,-4.462,0.0384,10.3022,0.0266,0.0,0.0001,-0.0001,0.0001,0.0,38.091,-4.462,0.0384,10.3022,0.0266,0
19.136,-4.476,0.0185,10.3164,0.0001,-0.0212,0.046,-4.3472,0.1285,10.1878,0.2127,-4.4619,0.0383,10.3023,0.028,-0.0001,0.0,-0.0001,0.0001,0.0,38.09,-4.4619,0.0383,10.3023,0.028,0
19.178,-4.4761,0.0178,10.3184,-0.0045,-0.0162,0.0444,-4.4993,-0.0642,10.2947,0.0884,-4.4684,0.0226,10.3029,0.0179,0.0001,-0.0001,-0.0,0.0002,0.0,38.101,-4.4684,0.0226,10.3029,0.0179,0
19.219,-4.4764,0.0172,10.3201,-0.0108,-0.0126,0.0415,-4.4993,-0.0642,10.2947,0.0883,-4.4687,0.0232,10.3034,0.0193,-0.0001,0.0001,-0.0001,0.0001,0.0,38.101,-4.4687,0.0232,10.3034,0.0193,0
19.261,-4.477,0.0167,10.3218,-0.015,-0.012,0.0404,-4.5972,0.0818,10.3957,0.1555,-4.4919,0.0332,10.3187,0.0225,-0.0,-0.0001,0.0001,0.0001,0.0,38.124,-4.4919,0.0332,10.3187,0.0225,0
19.302,-4.4777,0.0162,10.3236,-0.0181,-0.0125,0.0428,-4.5972,0.0818,10.3957,0.1543,-4.493,0.0338,10.319,0.0238,0.0,-0.0001,0.0001,0.0002,0.0,38.125,-4.493,0.0338,10.319,0.0238,0
19.344,-4.4785,0.0156,10.3254,-0.0212,-0.0126,0.0439,-4.5972,0.0818,10.3957,0.1531,-4.4947,0.0346,10.3196,0.0256,-0.0001,0.0002,0.0001,0.0002,0.0,38.126,-4.4947,0.0346,10.3196,0.0256,0
19.386,-4.4794,0.0151,10.3272,-0.0215,-0.0154,0.0361,-4.3798,0.0235,10.4601,0.1663,-4.4751,0.0318,10.3468,0.0262,0.0001,-0.0,0.0,0.0001,0.0,38.115,-4.4751,0.0318,10.3468,0.0262,0
19.427,-4.4803,0.0144,10.3283,-0.022,-0.0176,0.0213,-4.3798,0.0235,10.4601,0.1661,-4.4764,0.032,10.3482,0.0269,-0.0,-0.0001,-0.0,0.0001,0.0,38.116,-4.4764,0.032,10.3482,0.0269,0
19.473,-4.4813,0.0135,10.3291,-0.0218,-0.0201,0.0161,-4.3798,0.0235,10.4601,0.1661,-4.4775,0.032,10.349,0.0275,-0.0,-0.0001,0.0001,0.0001,0.0,38.117,-4.4775,0.032,10.349,0.0275,0
19.515,-4.4822,0.0126,10.3296,-0.0195,-0.0245,0.0068,-4.4659,-0.0061,10.2126,0.1195,-4.4741,0.0328,10.3283,0.0218,0.0,-0.0,-0.0,0.0,0.0,38.109,-4.4741,0.0328,10.3283,0.0218,0
19.556,-4.483,0.0113,10.3297,-0.0183,-0.0339,0.0018,-4.4659,-0.0061,10.2126,0.1196,-4.4743,0.0351,10.3292,0.0253,0.0001,-0.0,-0.0001,0.0001,0.0,38.109,-4.4743,0.0351,10.3292,0.0253,0
19.598,-4.4837,0.0097,10.3298,-0.0179,-0.0448,0.0008,-4.4659,-0.0061,10.2126,0.1195,-4.4744,0.0363,10.3296,0.0282,-0.0002,0.0001,-0.0001,0.0002,0.0,38.109,-4.4744,0.0363,10.3296,0.0282,0
19.639,-4.4844,0.0075,10.33,-0.0178,-0.0591,0.01,-4.6387,0.0797,10.4827,0.2288,-4.5031,0.0396,10.3542,0.0443,0.0,0.0,0.0,0.0,0.0,38.141,-4.5031,0.0396,10.3542,0.0443,0
19.681,-4.4852,0.0048,10.3306,-0.0177,-0.0701,0.0152,-4.6387,0.0797,10.4827,0.2288,-4.5034,0.0389,10.3545,0.0455,-0.0001,-0.0,0.0002,0.0003,0.0,38.141,-4.5034,0.0389,10.3545,0.0454,0
19.723,-4.486,0.0017,10.3312,-0.0196,-0.0758,0.0167,-4.4781,0.1345,10.3145,0.134,-4.5015,0.054,10.3487,0.0573,0.0,-0.0001,0.0001,0.0002,0.0,38.134,-4.5015,0.054,10.3487,0.0573,0
19.764,-4.4868,-0.0016,10.3319,-0.0201,-0.0802,0.0144,-4.4781,0.1345,10.3145,0.1374,-4.5025,0.0529,10.3492,0.0593,-0.0,0.0001,0.0,0.0001,0.0,38.135,-4.5025,0.0529,10.3492,0.0593,0
19.806,-4.4877,-0.0049,10.3325,-0.0208,-0.0812,0.0144,-4.4781,0.1345,10.3145,0.1409,-4.504,0.0511,10.3498,0.0608,-0.0,0.0001,-0.0002,0.0002,0.0,38.137,-4.504,0.0511,10.3498,0.0608,0
19.847,-4.4885,-0.0083,10.3328,-0.0187,-0.0802,-0.0006,-4.6417,-0.0207,10.3863,0.1628,-4.5272,0.0339,10.3601,0.0634,0.0001,-0.0,0.0,0.0001,0.0,38.166,-4.5272,0.0339,10.3601,0.0634,0
19.889,-4.4892,-0.0116,10.3325,-0.0157,-0.0751,-0.0116,-4.6417,-0.0207,10.3863,0.162,-4.5281,0.0307,10.3612,0.0642,-0.0,-0.0,-0.0001,0.0001,0.0,38.168,-4.5281,0.0307,10.3612,0.0642,0
19.931,-4.4898,-0.0145,10.332,-0.0126,-0.067,-0.0124,-4.5797,-0.0915,10.3457,0.1192,-4.5374,0.0104,10.3577,0.0596,-0.0,-0.0,0.0,0.0,0.0,38.181,-4.5374,0.0104,10.3577,0.0596,0
19.972,-4.4903,-0.0171,10.3316,-0.0119,-0.0566,-0.0059,-4.5797,-0.0915,10.3457,0.1172,-4.5382,0.0088,10.3581,0.0605,0.0001,-0.0,-0.0003,0.0003,0.0,38.183,-4.5382,0.0088,10.3581,0.0605,0
20.014,-4.4908,-0.0192,10.3314,-0.0115,-0.0474,-0.0028,-4.5797,-0.0915,10.3457,0.1155,-4.5386,0.008,10.3584,0.0613,0.0,0.0,0.0,0.0,0.0,38.183,-4.5386,0.008,10.3584,0.0613,0
20.055,-4.4913,-0.021,10.3314,-0.0131,-0.0389,0.0023,-4.4035,-0.109,10.3188,0.125,-4.5197,-0.0102,10.3516,0.0365,0.0002,0.0,0.0,0.0002,0.0,38.169,-4.5197,-0.0102,10.3516,0.0365,0
20.097,-4.4918,-0.0224,10.3316,-0.0136,-0.032,0.0064,-4.4035,-0.109,10.3188,0.1244,-4.5208,-0.0099,10.3519,0.0376,-0.0001,-0.0001,-0.0003,0.0003,0.0,38.17,-4.5208,-0.0099,10.3519,0.0376,0
20.139,-4.4924,-0.0236,10.3319,-0.011,-0.0271,0.0077,-4.3989,0.0052,10.405,0.1221,-4.5004,-0.0097,10.3607,0.033,0.0001,-0.0,0.0,0.0001,0.0,38.153,-4.5004,-0.0097,10.3607,0.033,0
20.18,-4.4927,-0.0248,10.3324,-0.0079,-0.0279,0.0109,-4.3989,0.0052,10.405,0.1224,-4.5009,-0.0099,10.3611,0.0333,0.0001,-0.0001,-0.0001,0.0002,0.0,38.153,-4.5009,-0.0099,10.3611,0.0333,0
20.222,-4.493,-0.026,10.3329,-0.0049,-0.0288,0.0131,-4.3989,0.0052,10.405,0.1226,-4.5015,-0.0104,10.3616,0.0338,0.0001,0.0001,-0.0001,0.0001,0.0,38.154,-4.5015,-0.0104,10.3616,0.0338,0
20.263,-4.4931,-0.0272,10.3337,-0.001,-0.028,0.0288,-4.3811,0.0305,10.3029,0.1297,-4.4804,-0.0036,10.3489,0.0307,0.0001,-0.0001,-0.0,0.0001,0.0,38.13,-4.4804,-0.0036,10.3489,0.0307,0
20.305,-4.4931,-0.0282,10.3352,-0.0008,-0.0245,0.0398,-4.3811,0.0305,10.3029,0.1306,-4.4802,-0.004,10.349,0.0308,-0.0,0.0,0.0001,0.0001,0.0,38.129,-4.4802,-0.004,10.349,0.0308,0
20.347,-4.4932,-0.0292,10.3369,-0.0014,-0.0216,0.0384,-4.5703,0.0317,10.2276,0.147,-4.4931,-0.0016,10.3316,0.0281,-0.0,0.0001,0.0002,0.0002,0.0,38.137,-4.4931,-0.0016,10.3316,0.0281,0
20.388,-4.4933,-0.03,10.3382,-0.0029,-0.0153,0.0276,-4.5703,0.0317,10.2276,0.1482,-4.4922,-0.003,10.3327,0.0276,0.0001,-0.0001,0.0,0.0001,0.0,38.137,-4.4922,-0.003,10.3327,0.0276,0
20.43,-4.4935,-0.0304,10.3393,-0.008,-0.0074,0.0245,-4.5703,0.0317,10.2276,0.1491,-4.4916,-0.0036,10.3332,0.0276,-0.0001,0.0,0.0004,0.0004,0.0,38.136,-4.4916,-0.0036,10.3332,0.0276,0
20.471,-4.4939,-0.0306,10.3403,-0.0131,0.0001,0.0292,-4.4304,-0.0497,10.6157,0.2832,-4.482,-0.0096,10.3792,0.0458,0.0,-0.0,0.0001,0.0001,0.0,38.14,-4.482,-0.0096,10.3792,0.0458,0
20.513,-4.4946,-0.0304,10.3417,-0.0204,0.0049,0.0356,-4.4304,-0.0497,10.6157,0.2821,-4.4822,-0.0092,10.3794,0.045,0.0,-0.0001,0.0002,0.0003,0.0,38.14,-4.4822,-0.0092,10.3794,0.045,0
20.555,-4.4957,-0.0301,10.3432,-0.0276,0.0079,0.0375,-4.4569,-0.1118,10.4417,0.1337,-4.4766,-0.0255,10.3907,0.0514,-0.0,-0.0001,-0.0001,0.0001,0.0,38.141,-4.4766,-0.0255,10.3907,0.0514,0
20.596,-4.4969,-0.0298,10.3448,-0.0324,0.009,0.0369,-4.4569,-0.1118,10.4417,0.1332,-4.4767,-0.0249,10.3912,0.0509,-0.0001,0.0001,0.0,0.0002,0.0,38.141,-4.4767,-0.0249,10.3912,0.0509,0
20.638,-4.4984,-0.0294,10.3463,-0.0395,0.0084,0.0375,-4.4569,-0.1118,10.4417,0.1328,-4.4771,-0.0238,10.3918,0.0505,-0.0001,-0.0001,-0.0001,0.0002,0.0,38.142,-4.4771,-0.0238,10.3918,0.0505,0
20.679,-4.5002,-0.0291,10.3478,-0.0458,0.0064,0.0277,-4.6373,-0.0197,10.414,0.1525,-4.5059,-0.0254,10.4009,0.0535,-0.0,-0.0,-0.0001,0.0001,0.0,38.171,-4.5059,-0.0254,10.4009,0.0535,0
20.721,-4.5023,-0.0289,10.3482,-0.051,0.005,0.0016,-4.6373,-0.0197,10.414,0.1505,-4.5076,-0.0257,10.4027,0.0548,0.0,-0.0001,0.0001,0.0001,0.0,38.173,-4.5076,-0.0257,10.4027,0.0548,0
20.763,-4.5045,-0.0287,10.3481,-0.0542,0.0044,-0.0068,-4.6373,-0.0197,10.414,0.1486,-4.5088,-0.0259,10.4034,0.0555,-0.0,-0.0,0.0001,0.0001,0.0,38.175,-4.5088,-0.0259,10.4034,0.0555,0
20.804,-4.5068,-0.0285,10.3478,-0.0548,0.0046,-0.0042,-4.453,-0.1089,10.3346,0.0976,-4.4979,-0.0349,10.3904,0.0439,0.0001,0.0002,-0.0005,0.0005,0.0,38.164,-4.4979,-0.0349,10.3904,0.0439,0
20.846,-4.509,-0.0284,10.3478,-0.0552,0.0014,0.0022,-4.453,-0.1089,10.3346,0.099,-4.4985,-0.0338,10.3906,0.0444,-0.0001,0.0,0.0001,0.0001,0.0,38.164,-4.4985,-0.0338,10.3906,0.0444,0
20.887,-4.5114,-0.0284,10.3479,-0.0559,-0.0043,0.0048,-4.453,-0.1089,10.3346,0.1003,-4.4993,-0.0324,10.3911,0.045,0.0001,0.0001,0.0,0.0001,0.0,38.165,-4.4993,-0.0324,10.3911,0.045,0
20.929,-4.5138,-0.0288,10.3482,-0.059,-0.0107,0.0111,-4.594,0.1294,10.4829,0.2227,-4.5195,-0.007,10.4056,0.0616,-0.0001,0.0001,-0.0001,0.0002,0.0,38.18,-4.5195,-0.007,10.4056,0.0616,0
20.971,-4.5162,-0.0294,10.3488,-0.0599,-0.0177,0.014,-4.594,0.1294,10.4829,0.2219,-4.5218,-0.0074,10.4061,0.0616,0.0,0.0001,-0.0002,0.0002,0.0,38.183,-4.5218,-0.0074,10.4061,0.0616,0
21.012,-4.5187,-0.0302,10.3494,-0.0582,-0.0225,0.012,-4.5874,-0.2263,10.5298,0.2751,-4.5319,-0.0446,10.4295,0.0825,0.0,-0.0002,0.0001,0.0002,0.0,38.207,-4.5319,-0.0446,10.4295,0.0825,0
21.054,-4.5211,-0.0313,10.3496,-0.056,-0.0283,0.0012,-4.5874,-0.2263,10.5298,0.2736,-4.5331,-0.0455,10.4306,0.0831,0.0001,0.0001,0.0,0.0001,0.0,38.209,-4.5331,-0.0455,10.4306,0.0831,0
21.095,-4.5233,-0.0326,10.3496,-0.0524,-0.0327,-0.0012,-4.5874,-0.2263,10.5298,0.2722,-4.5338,-0.0462,10.4311,0.0833,-0.0,-0.0,-0.0001,0.0001,0.0,38.21,-4.5338,-0.0462,10.4311,0.0833,0
21.137,-4.5254,-0.034,10.3495,-0.0473,-0.033,-0.0018,-4.5156,0.0949,10.5318,0.2235,-4.5334,-0.0278,10.4488,0.0998,-0.0001,0.0001,-0.0003,0.0003,0.0,38.209,-4.5334,-0.0278,10.4488,0.0998,0
21.179,-4.5273,-0.0353,10.3494,-0.043,-0.0313,-0.001,-4.5156,0.0949,10.5318,0.2244,-4.5343,-0.0297,10.4492,0.1002,-0.0,0.0001,-0.0001,0.0001,0.0,38.21,-4.5343,-0.0297,10.4492,0.1002,0
21.22,-4.5289,-0.0365,10.3494,-0.0362,-0.0246,0.0005,-4.5217,0.1521,10.4196,0.2014,-4.5364,-0.0007,10.4414,0.099,0.0001,0.0,-0.0001,0.0001,0.0,38.203,-4.5364,-0.0007,10.4414,0.099,0
21.262,-4.5303,-0.0373,10.35,-0.0287,-0.0153,0.0223,-4.5217,0.1521,10.4196,0.202,-4.5378,-0.0019,10.4412,0.0981,0.0001,0.0,-0.0002,0.0002,0.0,38.204,-4.5378,-0.0019,10.4412,0.0981,0
21.303,-4.5313,-0.0377,10.3511,-0.021,-0.006,0.0282,-4.5217,0.1521,10.4196,0.2021,-4.5395,-0.0031,10.4416,0.0972,-0.0001,0.0001,-0.0001,0.0001,0.0,38.206,-4.5395,-0.0031,10.4416,0.0972,0
21.345,-4.5319,-0.0377,10.3525,-0.0104,0.0059,0.042,-4.4227,-0.1973,10.3004,0.2003,-4.518,-0.0416,10.4155,0.0646,-0.0001,-0.0001,-0.0003,0.0003,0.0,38.19,-4.518,-0.0416,10.4155,0.0646,0
21.387,-4.5322,-0.0372,10.3546,-0.0026,0.0168,0.0527,-4.4227,-0.1973,10.3004,0.2013,-4.5177,-0.044,10.4156,0.0631,-0.0001,-0.0001,-0.0001,0.0002,0.0,38.191,-4.5177,-0.044,10.4156,0.0631,0
21.428,-4.5322,-0.0362,10.3569,0.0018,0.029,0.0562,-4.4024,-0.1243,10.392,0.1607,-4.4961,-0.0574,10.4132,0.0702,0.0001,-0.0002,-0.0,0.0002,0.0,38.173,-4.4961,-0.0574,10.4132,0.0702,0
21.47,-4.5321,-0.0347,10.3591,0.0014,0.0417,0.052,-4.4024,-0.1243,10.392,0.161,-4.4942,-0.0582,10.414,0.0707,0.0,0.0001,0.0002,0.0002,0.0,38.172,-4.4942,-0.0582,10.414,0.0707,0
21.511,-4.5321,-0.0327,10.3613,-0.0046,0.0521,0.0514,-4.4024,-0.1243,10.392,0.1617,-4.4931,-0.0584,10.4144,0.0708,0.0,0.0,0.0001,0.0001,0.0,38.171,-4.4931,-0.0584,10.4144,0.0708,0
21.553,-4.5325,-0.0303,10.363,-0.0144,0.0616,0.0314,-4.5661,-0.0921,10.3024,0.0928,-4.5086,-0.0576,10.401,0.0525,-0.0,0.0,0.0001,0.0001,0.0,38.182,-4.5086,-0.0576,10.401,0.0525,0
21.595,-4.5334,-0.0277,10.3641,-0.0239,0.0657,0.0224,-4.5661,-0.0921,10.3024,0.095,-4.5092,-0.0559,10.4016,0.0529,0.0002,-0.0002,-0.0001,0.0003,0.0,38.183,-4.5092,-0.0559,10.4016,0.0529,0
21.636,-4.5345,-0.025,10.3649,-0.0304,0.0637,0.0181,-4.5661,-0.0921,10.3024,0.097,-4.5105,-0.0533,10.4024,0.0528,-0.0001,0.0,-0.0001,0.0001,0.0,38.183,-4.5105,-0.0533,10.4024,0.0528,0
21.678,-4.5359,-0.0224,10.3657,-0.0343,0.0585,0.0209,-4.4453,0.0405,10.4691,0.1512,-4.5005,-0.0358,10.4131,0.0607,-0.0001,0.0,-0.0001,0.0001,0.0,38.172,-4.5005,-0.0358,10.4131,0.0607,0
21.719,-4.5374,-0.0201,10.3666,-0.0361,0.0504,0.0245,-4.4453,0.0405,10.4691,0.1506,-4.502,-0.0335,10.4135,0.0603,-0.0001,-0.0,0.0,0.0001,0.0,38.173,-4.502,-0.0335,10.4135,0.0603,0
21.761,-4.5389,-0.0183,10.3677,-0.0363,0.039,0.026,-4.4286,0.11,10.3719,0.1693,-4.4858,-0.0058,10.4076,0.0676,0.0001,-0.0,0.0,0.0001,0.0,38.149,-4.4858,-0.0058,10.4076,0.0676,0
21.803,-4.5404,-0.0169,10.3687,-0.0389,0.0294,0.0221,-4.4286,0.11,10.3719,0.1692,-4.4852,-0.0035,10.4084,0.0693,-0.0001,0.0,-0.0001,0.0002,0.0,38.148,-4.4852,-0.0035,10.4084,0.0693,0
21.844,-4.5421,-0.0159,10.3696,-0.041,0.0188,0.022,-4.4286,0.11,10.3719,0.1696,-4.4849,-0.0023,10.4088,0.0706,-0.0002,0.0001,-0.0001,0.0002,0.0,38.147,-4.4849,-0.0023,10.4088,0.0706,0
21.886,-4.5439,-0.0154,10.3707,-0.0445,0.0063,0.0282,-4.7095,-0.0217,10.3577,0.1662,-4.5246,-0.0029,10.3998,0.0371,-0.0,0.0001,0.0001,0.0001,0.0,38.182,-4.5246,-0.0029,10.3998,0.0371,0
21.927,-4.5458,-0.0154,10.3719,-0.0458,-0.0058,0.0315,-4.7095,-0.0217,10.3577,0.1644,-4.5251,-0.0022,10.4001,0.0374,0.0,0.0001,-0.0002,0.0002,0.0,38.183,-4.5251,-0.0022,10.4001,0.0374,0
21.969,-4.5477,-0.016,10.3733,-0.045,-0.0206,0.034,-4.4035,0.0261,10.3123,0.1621,-4.5006,-0.001,10.3858,0.051,0.0001,0.0001,0.0,0.0001,0.0,38.156,-4.5006,-0.001,10.3858,0.051,0
22.011,-4.5496,-0.0171,10.3747,-0.0456,-0.0295,0.0357,-4.4035,0.0261,10.3123,0.1646,-4.4998,-0.0022,10.3861,0.0532,-0.0001,0.0001,-0.0,0.0001,0.0,38.156,-4.4998,-0.0022,10.3861,0.0532,0
22.052,-4.5515,-0.0184,10.3762,-0.0484,-0.0345,0.0358,-4.4035,0.0261,10.3123,0.1673,-4.4988,-0.0042,10.3867,0.0556,0.0,-0.0001,-0.0002,0.0002,0.0,38.156,-4.4988,-0.0042,10.3867,0.0556,0
22.094,-4.5536,-0.02,10.3777,-0.0518,-0.0369,0.0259,-4.3823,-0.1568,10.1751,0.2985,-4.4828,-0.0314,10.3565,0.0748,-0.0001,0.0,0.0001,0.0001,0.0,38.141,-4.4828,-0.0314,10.3565,0.0748,0
22.135,-4.5559,-0.0214,10.378,-0.0583,-0.0336,-0.002,-4.3823,-0.1568,10.1751,0.2994,-4.4839,-0.0335,10.3584,0.0756,-0.0,-0.0,0.0001,0.0001,0.0,38.143,-4.4839,-0.0335,10.3584,0.0756,0
22.177,-4.5585,-0.0227,10.3777,-0.0634,-0.028,-0.0098,-4.3823,-0.1568,10.1751,0.3001,-4.4849,-0.0348,10.359,0.0768,-0.0002,0.0001,-0.0002,0.0003,0.0,38.144,-4.4849,-0.0348,10.359,0.0768,0
22.219,-4.5611,-0.0237,10.3777,-0.0639,-0.021,0.0123,-4.561,-0.1472,10.2182,0.2018,-4.4958,-0.0565,10.3309,0.0869,0.0,0.0001,-0.0001,0.0002,0.0,38.154,-4.4958,-0.0565,10.3309,0.0868,0
22.26,-4.5638,-0.0244,10.3785,-0.0633,-0.0117,0.0218,-4.561,-0.1472,10.2182,0.202,-4.4959,-0.0575,10.331,0.0892,0.0002,0.0001,-0.0001,0.0002,0.0,38.154,-4.4959,-0.0575,10.331,0.0892,0
22.302,-4.5664,-0.0247,10.3795,-0.0637,-0.004,0.0241,-4.5223,-0.1628,10.3741,0.145,-4.5054,-0.0719,10.3417,0.0859,0.0,-0.0001,-0.0001,0.0001,0.0,38.169,-4.5054,-0.0719,10.3417,0.0859,0
22.343,-4.5691,-0.0247,10.38,-0.0621,0.0031,0.0081,-4.5223,-0.1628,10.3741,0.1459,-4.5069,-0.0711,10.3426,0.0861,-0.0,0.0001,0.0001,0.0002,0.0,38.171,-4.5069,-0.0711,10.3426,0.0861,0
22.385,-4.5715,-0.0244,10.3802,-0.057,0.0074,0.0022,-4.5223,-0.1628,10.3741,0.147,-4.5091,-0.0697,10.3435,0.0854,-0.0,0.0001,0.0001,0.0001,0.0,38.173,-4.5091,-0.0697,10.3435,0.0854,0
22.427,-4.5737,-0.0242,10.3802,-0.0499,0.0065,-0.0064,-4.5458,-0.2366,10.13,0.3294,-4.5112,-0.1002,10.3109,0.1205,-0.0001,-0.0,-0.0002,0.0002,0.0,38.175,-4.5112,-0.1002,10.3109,0.1205,0
22.468,-4.5757,-0.0239,10.3794,-0.0454,0.0058,-0.025,-4.5458,-0.2366,10.13,0.3292,-4.5106,-0.1,10.3123,0.1206,-0.0001,-0.0,0.0003,0.0003,0.0,38.175,-4.5106,-0.1,10.3123,0.1206,0
22.51,-4.5775,-0.0237,10.3783,-0.0435,0.004,-0.029,-4.5458,-0.2366,10.13,0.3286,-4.5102,-0.1,10.3129,0.121,-0.0,0.0,0.0001,0.0001,0.0,38.175,-4.5102,-0.1,10.3129,0.121,0
22.551,-4.5794,-0.0236,10.3774,-0.0447,0.0007,-0.0129,-4.6422,-0.0142,10.3513,0.0687,-4.5318,-0.0836,10.3164,0.0979,-0.0001,-0.0,-0.0001,0.0001,0.0,38.192,-4.5318,-0.0836,10.3164,0.0979,0
22.593,-4.5813,-0.0236,10.377,-0.0474,-0.0018,-0.0061,-4.6422,-0.0142,10.3513,0.0668,-4.5314,-0.0833,10.3166,0.0985,-0.0,0.0001,-0.0001,0.0001,0.0,38.191,-4.5314,-0.0833,10.3166,0.0985,0
22.635,-4.5833,-0.0238,10.3768,-0.0508,-0.0072,-0.0038,-4.6649,-0.1343,10.459,0.1601,-4.5559,-0.0888,10.3428,0.0783,0.0,-0.0001,0.0,0.0001,0.0,38.222,-4.5559,-0.0888,10.3428,0.0783,0
22.676,-4.5855,-0.0243,10.3765,-0.0527,-0.0142,-0.0119,-4.6649,-0.1343,10.459,0.1588,-4.5564,-0.0879,10.3435,0.0774,0.0,-0.0001,0.0001,0.0001,0.0,38.222,-4.5564,-0.0879,10.3435,0.0774,0
22.718,-4.5877,-0.0251,10.3759,-0.0529,-0.024,-0.0158,-4.6649,-0.1343,10.459,0.1575,-4.5572,-0.087,10.3443,0.0759,-0.0,-0.0002,0.0,0.0002,0.0,38.223,-4.5572,-0.087,10.3443,0.0759,0
22.759,-4.5899,-0.0263,10.3755,-0.0514,-0.0333,0.0003,-4.7077,-0.0567,10.5476,0.2108,-4.5862,-0.0844,10.3746,0.0582,-0.0,0.0,-0.0,0.0001,0.0,38.256,-4.5862,-0.0844,10.3746,0.0582,0
22.801,-4.592,-0.0279,10.3758,-0.0481,-0.0398,0.0123,-4.7077,-0.0567,10.5476,0.2092,-4.588,-0.0854,10.3747,0.0576,0.0,-0.0,-0.0001,0.0001,0.0,38.258,-4.588,-0.0854,10.3747,0.0576,0
22.843,-4.5939,-0.0296,10.3764,-0.043,-0.0437,0.0186,-4.6626,0.0127,10.5214,0.1659,-4.6003,-0.0693,10.398,0.0456,0.0001,0.0003,0.0,0.0003,0.0,38.271,-4.6003,-0.0693,10.398,0.0456,0
22.884,-4.5956,-0.0314,10.3774,-0.0399,-0.0438,0.0264,-4.6626,0.0127,10.5214,0.1648,-4.6015,-0.0703,10.3983,0.0445,0.0001,0.0001,0.0001,0.0002,0.0,38.272,-4.6015,-0.0703,10.3983,0.0445,0
22.926,-4.5972,-0.0332,10.3786,-0.0376,-0.0416,0.0295,-4.6626,0.0127,10.5214,0.1637,-4.6021,-0.0709,10.3986,0.0429,0.0,-0.0002,-0.0002,0.0002,0.0,38.273,-4.6021,-0.0709,10.3986,0.0429,0
22.967,-4.5987,-0.0349,10.3799,-0.0359,-0.0393,0.0314,-4.6496,0.0258,10.514,0.1558,-4.6161,-0.0551,10.4205,0.0486,-0.0001,-0.0,0.0002,0.0002,0.0,38.287,-4.6161,-0.0551,10.4205,0.0486,0
23.009,-4.6002,-0.0364,10.3809,-0.0342,-0.035,0.022,-4.6496,0.0258,10.514,0.155,-4.618,-0.0556,10.4212,0.048,-0.0001,-0.0001,0.0002,0.0002,0.0,38.289,-4.618,-0.0556,10.4212,0.048,0
23.051,-4.6014,-0.0379,10.3818,-0.0264,-0.0327,0.019,-4.6496,0.0258,10.514,0.1545,-4.6206,-0.0562,10.422,0.0482,-0.0,-0.0,-0.0002,0.0002,0.0,38.292,-4.6206,-0.0562,10.422,0.0482,0
23.092,-4.6023,-0.0391,10.3825,-0.0171,-0.0303,0.0178,-4.753,-0.1934,10.4587,0.2287,-4.6437,-0.0881,10.4289,0.0792,0.0001,-0.0001,0.0,0.0002,0.0,38.323,-4.6437,-0.0881,10.4289,0.0792,0
23.134,-4.6028,-0.0403,10.3832,-0.008,-0.0263,0.017,-4.753,-0.1934,10.4587,0.2273,-4.6452,-0.0918,10.4296,0.0812,-0.0,0.0001,0.0002,0.0003,0.0,38.326,-4.6452,-0.0918,10.4296,0.0812,0
23.175,-4.603,-0.0412,10.3839,-0.0006,-0.0161,0.0168,-4.753,-0.1934,10.4587,0.2264,-4.6459,-0.094,10.43,0.0822,-0.0001,0.0001,-0.0,0.0001,0.0,38.327,-4.6459,-0.094,10.43,0.0822,0
23.217,-4.6029,-0.0416,10.3844,0.0046,-0.0018,0.0041,-4.5999,0.0761,10.3476,0.1233,-4.6394,-0.0619,10.4194,0.0546,-0.0,-0.0002,-0.0002,0.0003,0.0,38.31,-4.6394,-0.0619,10.4194,0.0546,0
23.259,-4.6026,-0.0413,10.3844,0.0081,0.0113,-0.0018,-4.5999,0.0761,10.3476,0.1231,-4.64,-0.062,10.42,0.0556,0.0001,0.0,0.0002,0.0002,0.0,38.311,-4.64,-0.062,10.42,0.0556,0
23.3,-4.6022,-0.0406,10.3843,0.0109,0.0221,0.0027,-4.5415,-0.1092,10.2414,0.1698,-4.6212,-0.0719,10.3892,0.0369,0.0,0.0001,0.0001,0.0001,0.0,38.289,-4.6212,-0.0719,10.3892,0.0369,0
23.342,-4.6017,-0.0395,10.3846,0.0107,0.0317,0.0082,-4.5415,-0.1092,10.2414,0.1703,-4.6208,-0.072,10.3894,0.0381,-0.0,0.0,0.0,0.0,0.0,38.289,-4.6208,-0.072,10.3894,0.0381,0
23.383,-4.6013,-0.038,10.385,0.0081,0.0378,0.0101,-4.6107,-0.1238,10.4648,0.1176,-4.6195,-0.0782,10.4003,0.0468,0.0001,0.0001,0.0001,0.0002,0.0,38.291,-4.6195,-0.0782,10.4003,0.0468,0
23.425,-4.6011,-0.0363,10.3858,0.0046,0.0432,0.0243,-4.6107,-0.1238,10.4648,0.1183,-4.6196,-0.0773,10.4003,0.0473,-0.0001,-0.0001,0.0002,0.0002,0.0,38.291,-4.6196,-0.0773,10.4003,0.0473,0
23.467,-4.601,-0.0345,10.3869,0.0013,0.0421,0.0287,-4.6107,-0.1238,10.4648,0.1189,-4.6199,-0.0758,10.4008,0.0475,0.0,0.0001,0.0002,0.0002,0.0,38.291,-4.6199,-0.0758,10.4008,0.0475,0
23.508,-4.601,-0.0328,10.3879,-0.0019,0.038,0.0126,-4.5702,-0.0929,10.4085,0.0706,-4.6095,-0.0776,10.4063,0.0492,-0.0002,0.0,-0.0,0.0002,0.0,38.283,-4.6095,-0.0776,10.4063,0.0492,0
23.55,-4.6011,-0.0314,10.3881,-0.0062,0.0325,0.0009,-4.5702,-0.0929,10.4085,0.0719,-4.6091,-0.0763,10.4075,0.0496,-0.0001,0.0,0.0001,0.0001,0.0,38.283,-4.6091,-0.0763,10.4075,0.0496,0
23.591,-4.6015,-0.0301,10.388,-0.0113,0.0265,-0.0016,-4.6527,0.0201,10.2523,0.1535,-4.6178,-0.0587,10.3821,0.0334,0.0001,0.0002,-0.0,0.0002,0.0,38.28,-4.6178,-0.0587,10.3821,0.0334,0
23.633,-4.6021,-0.0292,10.388,-0.015,0.0184,0.0009,-4.6527,0.0201,10.2523,0.153,-4.6186,-0.0574,10.3827,0.0331,-0.0001,0.0001,-0.0001,0.0002,0.0,38.281,-4.6186,-0.0574,10.3827,0.0331,0
23.675,-4.6028,-0.0286,10.3881,-0.0179,0.0116,0.0013,-4.6527,0.0201,10.2523,0.1526,-4.6193,-0.0568,10.3831,0.0331,0.0001,-0.0,0.0001,0.0002,0.0,38.282,-4.6193,-0.0568,10.3831,0.0331,0
23.716,-4.6036,-0.0283,10.3878,-0.0182,0.0043,-0.0162,-4.6651,0.2194,10.453,0.2634,-4.631,-0.0143,10.3986,0.0327,0.0001,-0.0,-0.0,0.0001,0.0,38.285,-4.631,-0.0143,10.3986,0.0327,0
23.758,-4.6043,-0.0282,10.3869,-0.0174,-0.0005,-0.0234,-4.6651,0.2194,10.453,0.2634,-4.6324,-0.0148,10.3992,0.0335,-0.0,-0.0002,0.0002,0.0003,0.0,38.286,-4.6324,-0.0148,10.3992,0.0335,0
23.799,-4.6049,-0.0283,10.3859,-0.0123,-0.0014,-0.0189,-4.276,-0.1198,10.3519,0.3431,-4.5716,-0.0313,10.3903,0.0337,-0.0001,-0.0,0.0001,0.0001,0.0,38.232,-4.5716,-0.0313,10.3903,0.0337,0
23.841,-4.6053,-0.0283,10.3853,-0.0085,-0.0004,-0.0131,-4.276,-0.1198,10.3519,0.3435,-4.5716,-0.0316,10.3905,0.0343,-0.0,0.0001,0.0002,0.0002,0.0,38.232,-4.5716,-0.0316,10.3905,0.0343,0
23.883,-4.6057,-0.0283,10.3848,-0.0084,0.0017,-0.0177,-4.4871,-0.0502,10.3397,0.1287,-4.5582,-0.0308,10.3851,0.0475,-0.0,0.0,0.0,0.0001,0.0,38.218,-4.5582,-0.0308,10.3851,0.0475,0
23.924,-4.606,-0.0282,10.3838,-0.0098,0.0017,-0.0242,-4.4871,-0.0502,10.3397,0.1287,-4.5581,-0.03,10.3858,0.048,0.0,-0.0,0.0001,0.0001,0.0,38.218,-4.5581,-0.03,10.3858,0.048,0
23.966,-4.6066,-0.0282,10.3828,-0.0145,-0.0014,-0.026,-4.4871,-0.0502,10.3397,0.1288,-4.5581,-0.0288,10.3865,0.0486,0.0,0.0001,-0.0,0.0001,0.0,38.218,-4.5581,-0.0288,10.3865,0.0486,0
24.007,-4.6073,-0.0283,10.3817,-0.0198,-0.0044,-0.0293,-4.7258,-0.1372,10.4425,0.1721,-4.5865,-0.0479,10.3979,0.0328,0.0,-0.0001,-0.0001,0.0001,0.0,38.252,-4.5865,-0.0479,10.3979,0.0328,0
24.049,-4.6082,-0.0286,10.3803,-0.0258,-0.0091,-0.0364,-4.7258,-0.1372,10.4425,0.1717,-4.5871,-0.0476,10.3989,0.034,-0.0,0.0001,-0.0,0.0001,0.0,38.253,-4.5871,-0.0476,10.3989,0.034,0
24.091,-4.6094,-0.0291,10.3787,-0.0314,-0.0124,-0.0393,-4.7258,-0.1372,10.4425,0.1712,-4.5877,-0.0475,10.3994,0.0353,-0.0001,-0.0,0.0001,0.0001,0.0,38.253,-4.5877,-0.0475,10.3994,0.0353,0
24.132,-4.6108,-0.0296,10.377,-0.0346,-0.0135,-0.0384,-4.686,0.0582,10.3426,0.1206,-4.6113,-0.0314,10.39,0.0131,0.0,-0.0001,-0.0,0.0001,0.0,38.269,-4.6113,-0.0314,10.39,0.0131,0
24.174,-4.6123,-0.0302,10.3755,-0.0331,-0.0138,-0.0366,-4.686,0.0582,10.3426,0.1197,-4.6136,-0.0318,10.3904,0.0151,0.0001,0.0001,0.0001,0.0002,0.0,38.271,-4.6136,-0.0318,10.3904,0.0151,0
24.215,-4.6135,-0.0307,10.374,-0.026,-0.0109,-0.0363,-4.686,0.0582,10.3426,0.1189,-4.6169,-0.0323,10.3911,0.0175,0.0,0.0002,0.0001,0.0002,0.0,38.275,-4.6169,-0.0323,10.3911,0.0175,0
24.257,-4.6143,-0.0311,10.3726,-0.0162,-0.007,-0.027,-4.4355,0.0287,10.5317,0.2467,-4.5782,-0.0196,10.4132,0.0556,0.0,0.0002,-0.0004,0.0004,0.0,38.24,-4.5782,-0.0196,10.4132,0.0556,0
24.299,-4.6149,-0.0313,10.3717,-0.0107,-0.0038,-0.0202,-4.4355,0.0287,10.5317,0.2478,-4.5772,-0.0188,10.4135,0.0577,0.0001,-0.0001,0.0001,0.0002,0.0,38.239,-4.5772,-0.0188,10.4135,0.0577,0
24.34,-4.6152,-0.0314,10.3709,-0.0071,-0.0019,-0.0167,-4.5139,-0.0613,10.4267,0.1195,-4.5683,-0.027,10.415,0.0646,0.0,-0.0002,0.0001,0.0002,0.0,38.233,-4.5683,-0.027,10.415,0.0646,0
24.382,-4.6155,-0.0315,10.3704,-0.0046,-0.0021,-0.0092,-4.5139,-0.0613,10.4267,0.1199,-4.5681,-0.0268,10.4154,0.0655,-0.0,-0.0,0.0,0.0001,0.0,38.233,-4.5681,-0.0268,10.4154,0.0655,0
24.423,-4.6157,-0.0316,10.3701,-0.0047,-0.0026,-0.0057,-4.5139,-0.0613,10.4267,0.1202,-4.5679,-0.0267,10.4157,0.0662,0.0001,-0.0001,0.0001,0.0002,0.0,38.233,-4.5679,-0.0267,10.4157,0.0662,0
24.465,-4.6158,-0.0317,10.3699,-0.0038,-0.0039,0.0006,-4.7836,-0.0916,10.3056,0.1894,-4.6045,-0.0349,10.396,0.0286,-0.0,0.0001,-0.0,0.0001,0.0,38.265,-4.6045,-0.0349,10.396,0.0286,0
24.507,-4.616,-0.0319,10.3701,-0.0038,-0.0065,0.005,-4.7836,-0.0916,10.3056,0.1892,-4.6044,-0.0343,10.3963,0.0288,0.0,-0.0001,0.0002,0.0002,0.0,38.265,-4.6044,-0.0343,10.3963,0.0288,0
24.548,-4.6162,-0.0323,10.3703,-0.007,-0.0107,0.0052,-4.6999,-0.0582,10.3699,0.0876,-4.6217,-0.0393,10.3934,0.0248,0.0001,-0.0,0.0,0.0001,0.0,38.282,-4.6217,-0.0393,10.3934,0.0248,0
24.59,-4.6166,-0.0329,10.3704,-0.0111,-0.0162,0.0007,-4.6999,-0.0582,10.3699,0.0871,-4.6222,-0.0395,10.394,0.0251,0.0001,0.0001,-0.0,0.0001,0.0,38.282,-4.6222,-0.0395,10.394,0.0251,0
24.631,-4.6172,-0.0336,10.3704,-0.0146,-0.0184,-0.0001,-4.6999,-0.0582,10.3699,0.0863,-4.6231,-0.0398,10.3947,0.0257,0.0001,0.0001,0.0001,0.0002,0.0,38.283,-4.6231,-0.0398,10.3947,0.0257,0
24.673,-4.6178,-0.0344,10.3706,-0.0173,-0.019,0.0118,-4.7101,-0.0434,10.3483,0.0954,-4.6446,-0.0389,10.3844,0.0305,-0.0001,0.0002,0.0001,0.0002,0.0,38.301,-4.6446,-0.0389,10.3844,0.0305,0
24.715,-4.6185,-0.0352,10.3713,-0.0155,-0.0186,0.0202,-4.7101,-0.0434,10.3483,0.0948,-4.6481,-0.0387,10.3847,0.0327,-0.0001,-0.0001,-0.0002,0.0002,0.0,38.304,-4.6481,-0.0387,10.3847,0.0327,0
24.756,-4.6191,-0.0359,10.3722,-0.012,-0.0176,0.0245,-4.7101,-0.0434,10.3483,0.0944,-4.6504,-0.0385,10.3849,0.0339,0.0001,-0.0,-0.0001,0.0002,0.0,38.306,-4.6504,-0.0385,10.3849,0.0339,0
24.798,-4.6194,-0.0367,10.3731,-0.005,-0.0186,0.0185,-4.5776,-0.0702,10.3009,0.09,-4.6332,-0.042,10.3728,0.0147,0.0001,0.0,-0.0001,0.0001,0.0,38.288,-4.6332,-0.042,10.3728,0.0147,0
24.839,-4.6195,-0.0375,10.3738,0.0012,-0.0221,0.0149,-4.5776,-0.0702,10.3009,0.0903,-4.6335,-0.0415,10.3733,0.0145,0.0001,0.0001,-0.0003,0.0003,0.0,38.289,-4.6335,-0.0415,10.3733,0.0145,0
24.881,-4.6194,-0.0385,10.3743,0.0042,-0.0254,0.0059,-4.4889,-0.0902,10.4809,0.1762,-4.6092,-0.0517,10.3944,0.0261,-0.0,0.0,-0.0001,0.0001,0.0,38.273,-4.6092,-0.0517,10.3944,0.0261,0
24.923,-4.6191,-0.0396,10.3743,0.008,-0.0278,-0.0046,-4.4889,-0.0902,10.4809,0.1757,-4.6092,-0.052,10.3951,0.0262,0.0001,0.0,0.0001,0.0001,0.0,38.274,-4.6092,-0.052,10.3951,0.0262,0
24.964,-4.6187,-0.0408,10.374,0.0097,-0.0298,-0.0088,-4.6113,-0.2895,10.1829,0.3137,-4.6097,-0.0909,10.3595,0.0529,-0.0,0.0,-0.0,0.0,0.0,38.276,-4.6097,-0.0909,10.3595,0.0529,0
25.006,-4.6183,-0.0421,10.3739,0.0093,-0.0303,-0.0003,-4.6113,-0.2895,10.1829,0.3126,-4.6096,-0.0912,10.3597,0.0518,-0.0,-0.0001,0.0,0.0001,0.0,38.276,-4.6096,-0.0912,10.3597,0.0518,0
25.047,-4.618,-0.0433,10.3739,0.0069,-0.0294,0.0025,-4.6113,-0.2895,10.1829,0.3117,-4.6093,-0.0917,10.3602,0.051,0.0001,0.0,-0.0,0.0001,0.0,38.276,-4.6093,-0.0917,10.3602,0.051,0
25.089,-4.6178,-0.0445,10.3741,0.0012,-0.0271,0.0058,-4.6289,0.0148,10.5159,0.1541,-4.6124,-0.0745,10.3855,0.0325,0.0,0.0001,-0.0,0.0001,0.0,38.28,-4.6124,-0.0745,10.3855,0.0325,0
25.131,-4.6179,-0.0456,10.3744,-0.0047,-0.0253,0.0074,-4.6289,0.0148,10.5159,0.1543,-4.6125,-0.0747,10.386,0.0318,-0.0,-0.0,-0.0,0.0,0.0,38.281,-4.6125,-0.0747,10.386,0.0318,0
25.172,-4.6183,-0.0466,10.3747,-0.012,-0.0202,0.009,-4.3622,-0.1021,10.35,0.2632,-4.5689,-0.0833,10.3803,0.0618,0.0001,0.0,0.0001,0.0001,0.0,38.241,-4.5689,-0.0833,10.3803,0.0618,0
25.214,-4.619,-0.0473,10.3751,-0.0206,-0.0137,0.0107,-4.3622,-0.1021,10.35,0.2638,-4.5682,-0.0849,10.3809,0.0634,-0.0,0.0,0.0002,0.0002,0.0,38.241,-4.5682,-0.0849,10.3809,0.0634,0
25.255,-4.62,-0.0476,10.3756,-0.0284,-0.0034,0.0105,-4.3622,-0.1021,10.35,0.2648,-4.5681,-0.0857,10.3813,0.0646,-0.0,0.0001,0.0,0.0001,0.0,38.241,-4.5681,-0.0857,10.3813,0.0646,0
25.297,-4.6214,-0.0475,10.3762,-0.0385,0.0077,0.0191,-4.6094,-0.015,10.369,0.0354,-4.5831,-0.0728,10.3782,0.046,-0.0001,0.0001,-0.0002,0.0002,0.0,38.251,-4.5831,-0.0728,10.3782,0.046,0
25.339,-4.6231,-0.047,10.3771,-0.04,0.0133,0.0236,-4.6094,-0.015,10.369,0.0357,-4.5853,-0.0725,10.3785,0.0456,-0.0001,-0.0,0.0001,0.0001,0.0,38.253,-4.5853,-0.0725,10.3785,0.0456,0
25.38,-4.6247,-0.0464,10.3781,-0.037,0.0168,0.0238,-4.6949,-0.0013,10.485,0.1356,-4.6011,-0.063,10.4004,0.0365,0.0,-0.0,-0.0003,0.0003,0.0,38.27,-4.6011,-0.063,10.4004,0.0365,0
25.422,-4.6261,-0.0457,10.3785,-0.03,0.0162,0.0001,-4.6949,-0.0013,10.485,0.1344,-4.6016,-0.0633,10.4015,0.0379,0.0,0.0,-0.0001,0.0001,0.0,38.271,-4.6016,-0.0633,10.4015,0.0379,0
25.463,-4.6272,-0.045,10.3782,-0.0249,0.0155,-0.0075,-4.6949,-0.0013,10.485,0.1338,-4.6021,-0.0636,10.4024,0.0395,-0.0001,0.0002,0.0001,0.0003,0.0,38.272,-4.6021,-0.0636,10.4024,0.0395,0
25.505,-4.6282,-0.0444,10.3779,-0.0225,0.0147,-0.0116,-4.6338,-0.1758,10.381,0.1316,-4.6109,-0.0853,10.4,0.0496,0.0001,0.0,-0.0001,0.0002,0.0,38.285,-4.6109,-0.0853,10.4,0.0496,0
25.547,-4.629,-0.0437,10.3773,-0.0189,0.0166,-0.0145,-4.6338,-0.1758,10.381,0.1322,-4.6124,-0.0868,10.4007,0.0518,0.0001,0.0,0.0,0.0001,0.0,38.287,-4.6124,-0.0868,10.4007,0.0518,0
25.588,-4.6298,-0.043,10.3767,-0.0168,0.0199,-0.0151,-4.6338,-0.1758,10.381,0.133,-4.6132,-0.0877,10.4012,0.0536,0.0,0.0,-0.0001,0.0001,0.0,38.288,-4.6132,-0.0877,10.4012,0.0536,0
25.63,-4.6305,-0.0421,10.3766,-0.016,0.0231,0.0111,-4.6122,-0.1222,10.4114,0.0893,-4.6125,-0.0896,10.3981,0.0551,0.0,0.0,-0.0001,0.0001,0.0,38.287,-4.6125,-0.0896,10.3981,0.0551,0
25.671,-4.631,-0.0411,10.3774,-0.0125,0.0236,0.0225,-4.6122,-0.1222,10.4114,0.09,-4.6129,-0.0891,10.3981,0.0554,0.0001,-0.0001,0.0,0.0001,0.0,38.288,-4.6129,-0.0891,10.3981,0.0554,0
25.713,-4.6315,-0.0401,10.3784,-0.0097,0.0221,0.0265,-4.4565,0.0299,10.5949,0.287,-4.5881,-0.0673,10.4318,0.074,-0.0001,0.0,-0.0002,0.0002,0.0,38.266,-4.5881,-0.0673,10.4318,0.074,0
25.755,-4.6319,-0.0393,10.3795,-0.008,0.0186,0.0268,-4.4565,0.0299,10.5949,0.2862,-4.5885,-0.0666,10.4322,0.0735,-0.0001,0.0001,0.0002,0.0003,0.0,38.267,-4.5885,-0.0666,10.4322,0.0735,0
25.796,-4.6322,-0.0386,10.3806,-0.0058,0.0129,0.0262,-4.5515,0.0196,10.5169,0.1688,-4.5825,-0.0517,10.449,0.0856,-0.0002,-0.0001,-0.0001,0.0002,0.0,38.261,-4.5825,-0.0517,10.449,0.0856,0
25.838,-4.6324,-0.0382,10.3813,-0.0072,0.008,0.0094,-4.5515,0.0196,10.5169,0.1682,-4.5826,-0.0514,10.45,0.0859,-0.0001,-0.0001,0.0001,0.0002,0.0,38.261,-4.5826,-0.0514,10.45,0.0859,0
25.879,-4.6328,-0.038,10.3815,-0.0097,0.0034,0.0034,-4.5515,0.0196,10.5169,0.1681,-4.583,-0.0512,10.4509,0.0864,-0.0001,0.0,0.0001,0.0002,0.0,38.262,-4.583,-0.0512,10.4509,0.0864,0
25.921,-4.6332,-0.038,10.3816,-0.0126,-0.0024,0.002,-4.6546,-0.0355,10.4662,0.0872,-4.5964,-0.0478,10.4538,0.0816,0.0001,-0.0,-0.0,0.0001,0.0,38.274,-4.5964,-0.0478,10.4538,0.0816,0
25.963,-4.6338,-0.0381,10.3817,-0.0148,-0.0055,0.0015,-4.6546,-0.0355,10.4662,0.087,-4.5977,-0.0477,10.4545,0.0818,-0.0001,0.0001,-0.0001,0.0001,0.0,38.275,-4.5977,-0.0477,10.4545,0.0818,0
26.004,-4.6345,-0.0384,10.3818,-0.0161,-0.0077,0.0018,-4.6546,-0.0355,10.4662,0.0868,-4.5986,-0.0479,10.4549,0.082,0.0,0.0,0.0,0.0,0.0,38.276,-4.5986,-0.0479,10.4549,0.082,0
26.046,-4.6351,-0.0388,10.3818,-0.0144,-0.0089,0.0014,-4.6995,-0.0553,10.1566,0.2348,-4.6149,-0.052,10.4038,0.0327,-0.0,-0.0,0.0,0.0,0.0,38.281,-4.6149,-0.052,10.4038,0.0327,0
26.087,-4.6357,-0.0391,10.3819,-0.0132,-0.0068,0.0024,-4.6995,-0.0553,10.1566,0.2347,-4.615,-0.0529,10.4042,0.0334,-0.0001,0.0,0.0,0.0001,0.0,38.281,-4.615,-0.0529,10.4042,0.0334,0
26.129,-4.6362,-0.0394,10.382,-0.0139,-0.0043,0.003,-4.6995,-0.0553,10.1566,0.2347,-4.6152,-0.0542,10.4048,0.0343,-0.0,0.0001,0.0001,0.0002,0.0,38.282,-4.6152,-0.0542,10.4048,0.0343,0
26.171,-4.6368,-0.0394,10.3822,-0.0153,0.0007,0.0092,-4.6145,-0.1627,10.4113,0.1286,-4.6131,-0.0716,10.4028,0.045,0.0,0.0,0.0001,0.0001,0.0,38.284,-4.6131,-0.0716,10.4028,0.045,0
26.212,-4.6376,-0.0393,10.383,-0.0187,0.0056,0.0254,-4.6145,-0.1627,10.4113,0.1287,-4.6127,-0.0716,10.4027,0.0453,-0.0,-0.0001,0.0001,0.0001,0.0,38.284,-4.6127,-0.0716,10.4027,0.0453,0
26.254,-4.6384,-0.039,10.3842,-0.0233,0.0089,0.0315,-4.6145,-0.1627,10.4113,0.1289,-4.6127,-0.0716,10.4029,0.0456,-0.0,-0.0001,0.0,0.0001,0.0,38.284,-4.6127,-0.0716,10.4029,0.0456,0
26.295,-4.6395,-0.0386,10.3855,-0.0284,0.0103,0.0244,-4.5244,0.0388,10.3297,0.1495,-4.6003,-0.0547,10.3946,0.0434,-0.0,-0.0001,-0.0001,0.0001,0.0,38.266,-4.6003,-0.0547,10.3946,0.0434,0
26.337,-4.6408,-0.0381,10.3863,-0.0322,0.0133,0.0131,-4.5244,0.0388,10.3297,0.1505,-4.6012,-0.055,10.3953,0.044,-0.0001,0.0001,-0.0,0.0001,0.0,38.267,-4.6012,-0.055,10.3953,0.044,0
26.379,-4.6422,-0.0375,10.3867,-0.0344,0.0134,0.0095,-4.7057,-0.038,10.2671,0.1355,-4.6232,-0.0519,10.3723,0.0279,-0.0002,0.0001,0.0,0.0002,0.0,38.281,-4.6232,-0.0519,10.3723,0.0279,0
26.42,-4.6436,-0.0369,10.3874,-0.0327,0.0128,0.0206,-4.7057,-0.038,10.2671,0.1354,-4.6251,-0.0521,10.3724,0.0282,0.0,-0.0001,-0.0002,0.0003,0.0,38.283,-4.6251,-0.0521,10.3724,0.0282,0
26.462,-4.6449,-0.0364,10.3884,-0.0285,0.0137,0.0249,-4.7057,-0.038,10.2671,0.1357,-4.6278,-0.0525,10.3728,0.0282,0.0001,0.0001,-0.0002,0.0002,0.0,38.286,-4.6278,-0.0525,10.3728,0.0282,0
26.503,-4.646,-0.0358,10.3895,-0.0232,0.0142,0.0251,-4.6658,-0.0309,10.285,0.1064,-4.6361,-0.0451,10.3594,0.033,0.0,-0.0001,-0.0001,0.0001,0.0,38.289,-4.6361,-0.0451,10.3594,0.033,0
26.545,-4.6467,-0.0351,10.3904,-0.0156,0.0177,0.0204,-4.6658,-0.0309,10.285,0.1071,-4.6384,-0.0438,10.3602,0.0325,0.0002,0.0001,-0.0001,0.0002,0.0,38.291,-4.6384,-0.0438,10.3602,0.0325,0
26.587,-4.6472,-0.0344,10.3912,-0.0069,0.0176,0.0213,-4.6658,-0.0309,10.285,0.1079,-4.6397,-0.0428,10.3606,0.0327,-0.0001,-0.0001,0.0002,0.0002,0.0,38.292,-4.6397,-0.0428,10.3606,0.0327,0
26.628,-4.6473,-0.0337,10.3922,0.0014,0.0144,0.0226,-4.6013,0.0498,10.3748,0.097,-4.6339,-0.0304,10.3634,0.0318,-0.0001,0.0001,0.0001,0.0002,0.0,38.284,-4.6339,-0.0304,10.3634,0.0318,0
26.67,-4.647,-0.0332,10.3931,0.0113,0.0134,0.0246,-4.6013,0.0498,10.3748,0.0965,-4.6345,-0.0306,10.3638,0.032,-0.0001,-0.0,-0.0002,0.0002,0.0,38.284,-4.6345,-0.0306,10.3638,0.032,0
26.711,-4.6464,-0.0327,10.3943,0.0191,0.0102,0.0325,-4.5901,-0.002,10.4258,0.0714,-4.6215,-0.0254,10.3722,0.034,0.0001,0.0001,-0.0004,0.0004,0.0,38.273,-4.6215,-0.0254,10.3722,0.034,0
26.753,-4.6454,-0.0323,10.3958,0.0252,0.0067,0.0409,-4.5901,-0.002,10.4258,0.0698,-4.62,-0.0255,10.3724,0.0353,0.0002,-0.0001,-0.0001,0.0003,0.0,38.271,-4.62,-0.0255,10.3724,0.0353,0
26.795,-4.6443,-0.0321,10.3976,0.026,0.003,0.0446,-4.5901,-0.002,10.4258,0.0681,-4.6175,-0.0258,10.3728,0.0371,0.0,0.0001,0.0002,0.0003,0.0,38.269,-4.6175,-0.0258,10.3728,0.0371,0
26.836,-4.6434,-0.0321,10.3997,0.0191,-0.0019,0.0559,-4.6688,0.0512,10.3426,0.1041,-4.6286,-0.0096,10.3657,0.0434,-0.0,0.0,0.0,0.0,0.0,38.274,-4.6286,-0.0096,10.3657,0.0434,0
26.878,-4.6428,-0.0323,10.4022,0.0108,-0.0052,0.0616,-4.6688,0.0512,10.3426,0.1058,-4.6281,-0.009,10.366,0.0454,-0.0001,0.0,0.0,0.0001,0.0,38.273,-4.6281,-0.009,10.366,0.0454,0
26.919,-4.6425,-0.0326,10.4048,0.0021,-0.009,0.0633,-4.6688,0.0512,10.3426,0.1076,-4.6279,-0.0087,10.3664,0.0475,0.0001,-0.0001,0.0,0.0001,0.0,38.273,-4.6279,-0.0087,10.3664,0.0475,0
26.961,-4.6426,-0.033,10.4074,-0.0058,-0.0126,0.0609,-4.6385,-0.0171,10.5457,0.1393,-4.6318,-0.0108,10.3981,0.0264,0.0,0.0,0.0,0.0001,0.0,38.285,-4.6318,-0.0108,10.3981,0.0264,0
27.003,-4.643,-0.0336,10.4099,-0.0107,-0.0127,0.0586,-4.6385,-0.0171,10.5457,0.1369,-4.6325,-0.0109,10.3986,0.0274,-0.0,-0.0001,0.0001,0.0001,0.0,38.285,-4.6325,-0.0109,10.3986,0.0274,0
27.044,-4.6435,-0.0341,10.4123,-0.0131,-0.0124,0.059,-4.7259,-0.1155,10.3198,0.1482,-4.6473,-0.03,10.3824,0.0304,0.0001,0.0001,0.0,0.0001,0.0,38.301,-4.6474,-0.03,10.3824,0.0304,0
27.086,-4.6441,-0.0346,10.4153,-0.0149,-0.0111,0.0801,-4.7259,-0.1155,10.3198,0.1495,-4.6476,-0.0304,10.3822,0.0336,-0.0001,0.0,0.0002,0.0002,0.0,38.301,-4.6476,-0.0304,10.3822,0.0336,0
27.127,-4.6447,-0.0351,10.4188,-0.0162,-0.0108,0.0855,-4.7259,-0.1155,10.3198,0.1512,-4.648,-0.031,10.3826,0.0366,0.0001,-0.0,0.0002,0.0002,0.0,38.301,-4.648,-0.031,10.3826,0.0366,0
27.169,-4.6454,-0.0354,10.4221,-0.0164,-0.0081,0.0664,-4.6464,-0.0199,10.3382,0.0854,-4.6463,-0.0285,10.3801,0.0426,-0.0001,0.0002,-0.0,0.0002,0.0,38.299,-4.6463,-0.0285,10.3801,0.0426,0
27.211,-4.6462,-0.0357,10.4245,-0.0196,-0.0056,0.0522,-4.6464,-0.0199,10.3382,0.0878,-4.646,-0.0286,10.3813,0.0438,-0.0,0.0001,0.0001,0.0002,0.0,38.299,-4.646,-0.0286,10.3813,0.0438,0
27.252,-4.6471,-0.0359,10.4266,-0.024,-0.0037,0.045,-4.6529,-0.0327,10.4211,0.0086,-4.653,-0.0283,10.3911,0.0368,-0.0,0.0002,0.0002,0.0003,0.0,38.307,-4.653,-0.0283,10.3911,0.0368,0
27.294,-4.6482,-0.036,10.428,-0.0274,-0.0026,0.0284,-4.6529,-0.0327,10.4211,0.009,-4.6556,-0.0277,10.3924,0.0373,-0.0,-0.0001,-0.0001,0.0001,0.0,38.31,-4.6556,-0.0277,10.3924,0.0373,0
27.335,-4.6493,-0.0362,10.429,-0.0274,-0.0038,0.0233,-4.6529,-0.0327,10.4211,0.0094,-4.6575,-0.0272,10.393,0.0381,-0.0,-0.0,-0.0,0.0,0.0,38.312,-4.6575,-0.0272,10.393,0.038,0
27.377,-4.6504,-0.0363,10.4301,-0.0231,-0.0042,0.0312,-4.8158,-0.0919,10.5955,0.2405,-4.6884,-0.0364,10.4246,0.0384,0.0,-0.0,0.0001,0.0001,0.0,38.35,-4.6884,-0.0364,10.4246,0.0384,0
27.419,-4.6512,-0.0366,10.4316,-0.0162,-0.0057,0.0408,-4.8158,-0.0919,10.5955,0.2388,-4.6904,-0.0359,10.4248,0.0398,-0.0001,0.0,-0.0001,0.0002,0.0,38.352,-4.6904,-0.0359,10.4248,0.0398,0
27.46,-4.6516,-0.0368,10.4334,-0.0044,-0.0085,0.0436,-4.8158,-0.0919,10.5955,0.2372,-4.6929,-0.0351,10.4253,0.0421,0.0,0.0001,-0.0001,0.0001,0.0,38.354,-4.6929,-0.0351,10.4253,0.0421,0
27.502,-4.6515,-0.0372,10.4351,0.0078,-0.01,0.0383,-4.7721,0.0106,10.2447,0.2304,-4.7025,-0.0281,10.3962,0.0648,0.0,0.0,0.0001,0.0001,0.0,38.355,-4.7025,-0.0281,10.3962,0.0648,0
27.543,-4.651,-0.0377,10.4366,0.0153,-0.0124,0.0346,-4.7721,0.0106,10.2447,0.232,-4.702,-0.0282,10.3969,0.0653,-0.0,-0.0001,-0.0002,0.0002,0.0,38.355,-4.702,-0.0282,10.3969,0.0653,0
27.585,-4.6502,-0.0382,10.4381,0.0214,-0.0137,0.0369,-4.5223,0.0632,10.4418,0.1632,-4.6762,-0.0173,10.4037,0.0479,0.0001,0.0,0.0002,0.0002,0.0,38.329,-4.6762,-0.0173,10.4037,0.0479,0
27.627,-4.6493,-0.0388,10.4398,0.0229,-0.0135,0.0433,-4.5223,0.0632,10.4418,0.1628,-4.6771,-0.0195,10.404,0.0493,0.0,-0.0,0.0001,0.0001,0.0,38.331,-4.6771,-0.0195,10.404,0.0493,0
27.668,-4.6483,-0.0393,10.4417,0.0235,-0.0109,0.0461,-4.5223,0.0632,10.4418,0.1624,-4.6777,-0.0209,10.4044,0.051,-0.0001,-0.0001,0.0001,0.0001,0.0,38.332,-4.6777,-0.0209,10.4044,0.051,0
27.71,-4.6473,-0.0397,10.4434,0.0241,-0.0064,0.0384,-4.6931,-0.2595,10.4785,0.2272,-4.6805,-0.0625,10.419,0.0471,-0.0,-0.0,-0.0001,0.0001,0.0,38.349,-4.6805,-0.0625,10.419,0.0471,0
27.751,-4.6463,-0.0398,10.4449,0.0229,0.0018,0.0338,-4.6931,-0.2595,10.4785,0.2271,-4.6809,-0.0636,10.4195,0.0491,0.0001,-0.0001,0.0003,0.0004,0.0,38.349,-4.6809,-0.0636,10.4195,0.0491,0
27.793,-4.6454,-0.0395,10.4463,0.0225,0.0094,0.0323,-4.6931,-0.2595,10.4785,0.2273,-4.6815,-0.0649,10.4202,0.0513,0.0,0.0001,0.0002,0.0002,0.0,38.351,-4.6815,-0.0649,10.4202,0.0513,0
27.835,-4.6445,-0.0389,10.4476,0.0209,0.0184,0.033,-4.5532,-0.1333,10.5029,0.1424,-4.6572,-0.0774,10.4344,0.0426,-0.0001,-0.0,0.0001,0.0002,0.0,38.334,-4.6572,-0.0774,10.4344,0.0426,0
27.876,-4.6437,-0.0379,10.449,0.018,0.0286,0.0337,-4.5532,-0.1333,10.5029,0.142,-4.6568,-0.078,10.4349,0.0445,-0.0,0.0,-0.0002,0.0002,0.0,38.334,-4.6568,-0.078,10.4349,0.0445,0
27.918,-4.643,-0.0366,10.4504,0.0157,0.0371,0.0338,-4.5532,-0.1333,10.5029,0.142,-4.6567,-0.0782,10.4354,0.0463,-0.0001,-0.0002,0.0,0.0002,0.0,38.334,-4.6567,-0.0782,10.4354,0.0463,0
27.959,-4.6424,-0.0348,10.4516,0.0112,0.0449,0.0144,-4.538,0.0594,10.522,0.1572,-4.6332,-0.0552,10.4573,0.023,-0.0,0.0,-0.0,0.0001,0.0,38.311,-4.6332,-0.0552,10.4573,0.023,0
28.001,-4.642,-0.0329,10.4517,0.0066,0.0491,-0.0049,-4.538,0.0594,10.522,0.1558,-4.6328,-0.0552,10.4583,0.0251,0.0001,0.0,0.0,0.0001,0.0,38.311,-4.6328,-0.0552,10.4583,0.0251,0
28.043,-4.6419,-0.0308,10.4513,0.0019,0.0501,-0.0114,-4.538,0.0594,10.522,0.1546,-4.6323,-0.0551,10.4592,0.0273,0.0,-0.0,0.0,0.0001,0.0,38.311,-4.6323,-0.0551,10.4592,0.0273,0
28.084,-4.642,-0.0287,10.4509,-0.0051,0.0505,-0.006,-4.5928,0.0695,10.4191,0.1143,-4.621,-0.0325,10.4505,0.0213,0.0,-0.0,-0.0001,0.0001,0.0,38.292,-4.621,-0.0325,10.4505,0.0213,0
28.126,-4.6423,-0.0266,10.4508,-0.0137,0.0473,0.0001,-4.5928,0.0695,10.4191,0.1127,-4.6195,-0.0321,10.4509,0.0234,-0.0001,0.0,-0.0001,0.0001,0.0,38.291,-4.6195,-0.0321,10.4509,0.0234,0
28.167,-4.6432,-0.0247,10.4509,-0.0261,0.0431,0.0026,-4.5928,0.0695,10.4191,0.1115,-4.6189,-0.032,10.4512,0.0254,-0.0,0.0001,-0.0003,0.0003,0.0,38.29,-4.6189,-0.032,10.4512,0.0254,0
28.209,-4.6446,-0.0231,10.4508,-0.0386,0.038,-0.009,-4.7318,-0.026,10.5224,0.1129,-4.6444,-0.0268,10.4669,0.0165,0.0001,-0.0,-0.0001,0.0002,0.0,38.316,-4.6444,-0.0268,10.4669,0.0165,0
28.251,-4.6464,-0.0217,10.4502,-0.0454,0.0296,-0.0146,-4.7318,-0.026,10.5224,0.112,-4.6457,-0.0261,10.4675,0.0178,0.0001,0.0,-0.0,0.0001,0.0,38.318,-4.6457,-0.0261,10.4675,0.0178,0
28.292,-4.6484,-0.0206,10.4496,-0.0491,0.0212,-0.0158,-4.5714,-0.1055,10.6433,0.225,-4.6329,-0.0427,10.4998,0.0569,0.0001,-0.0,-0.0001,0.0002,0.0,38.318,-4.6329,-0.0427,10.4998,0.0569,0
28.334,-4.6504,-0.02,10.4488,-0.0478,0.0111,-0.0228,-4.5714,-0.1055,10.6433,0.2266,-4.634,-0.0435,10.5004,0.059,-0.0001,-0.0001,0.0,0.0001,0.0,38.319,-4.634,-0.0435,10.5004,0.059,0
28.375,-4.6523,-0.0197,10.4478,-0.0447,0.0053,-0.0243,-4.5714,-0.1055,10.6433,0.2283,-4.6355,-0.045,10.5011,0.0614,-0.0,-0.0001,0.0,0.0001,0.0,38.321,-4.6355,-0.045,10.5011,0.0614,0
28.417,-4.6541,-0.0195,10.4468,-0.0408,0.0039,-0.0241,-4.4898,-0.0644,10.4319,0.171,-4.611,-0.0459,10.4899,0.0664,-0.0001,-0.0001,0.0,0.0001,0.0,38.296,-4.611,-0.0459,10.4899,0.0664,0
28.459,-4.6557,-0.0194,10.4458,-0.0367,0.0026,-0.0233,-4.4898,-0.0644,10.4319,0.1725,-4.612,-0.0464,10.4905,0.0682,-0.0001,-0.0,-0.0001,0.0002,0.0,38.297,-4.612,-0.0464,10.4905,0.0682,0
28.5,-4.6571,-0.0192,10.4448,-0.0334,0.0034,-0.0229,-4.4898,-0.0644,10.4319,0.1738,-4.6125,-0.0467,10.491,0.0698,0.0,0.0001,-0.0001,0.0001,0.0,38.297,-4.6125,-0.0467,10.491,0.0698,0
28.542,-4.6584,-0.019,10.4441,-0.029,0.0061,-0.0097,-4.6731,-0.168,10.3951,0.1575,-4.6261,-0.0685,10.4723,0.0655,0.0,-0.0,-0.0,0.0,0.0,38.312,-4.6261,-0.0685,10.4723,0.0655,0
28.583,-4.6596,-0.0187,10.4439,-0.0274,0.0082,-0.0036,-4.6731,-0.168,10.3951,0.1576,-4.6269,-0.0688,10.4726,0.0663,-0.0,0.0,0.0001,0.0001,0.0,38.313,-4.6269,-0.0688,10.4726,0.0663,0
28.625,-4.6607,-0.0183,10.4438,-0.0252,0.0127,-0.0012,-4.6296,0.0136,10.5217,0.0897,-4.6297,-0.0555,10.4803,0.0606,0.0001,-0.0002,0.0,0.0002,0.0,38.313,-4.6297,-0.0555,10.4803,0.0606,0
28.667,-4.6617,-0.0177,10.4439,-0.0247,0.0178,0.0053,-4.6296,0.0136,10.5217,0.0897,-4.6308,-0.0557,10.4805,0.0612,-0.0,0.0,-0.0001,0.0001,0.0,38.315,-4.6308,-0.0557,10.4805,0.0612,0
28.708,-4.6627,-0.0168,10.4442,-0.0235,0.0229,0.0063,-4.6296,0.0136,10.5217,0.0896,-4.6326,-0.0557,10.4811,0.0615,0.0001,0.0001,0.0,0.0001,0.0,38.316,-4.6326,-0.0557,10.4811,0.0615,0
28.75,-4.6636,-0.0157,10.4446,-0.0201,0.0281,0.0186,-4.5344,-0.0475,10.3496,0.1635,-4.6153,-0.0526,10.4562,0.0619,-0.0001,-0.0002,0.0001,0.0002,0.0,38.294,-4.6153,-0.0526,10.4562,0.0619,0
28.791,-4.6644,-0.0145,10.4457,-0.0177,0.0284,0.0281,-4.5344,-0.0475,10.3496,0.165,-4.6162,-0.0517,10.4564,0.0618,-0.0,-0.0001,-0.0,0.0001,0.0,38.294,-4.6162,-0.0517,10.4564,0.0618,0
28.833,-4.6651,-0.0134,10.447,-0.0155,0.0258,0.0334,-4.8943,-0.1455,10.5329,0.2782,-4.6637,-0.0647,10.4688,0.0558,0.0,0.0001,-0.0001,0.0001,0.0,38.345,-4.6637,-0.0647,10.4688,0.0558,0
28.875,-4.6657,-0.0124,10.4485,-0.0141,0.0208,0.0382,-4.8943,-0.1455,10.5329,0.2777,-4.6647,-0.063,10.4692,0.0547,-0.0,0.0,-0.0001,0.0001,0.0,38.346,-4.6647,-0.063,10.4692,0.0547,0
28.916,-4.6663,-0.0117,10.4501,-0.0147,0.0115,0.0392,-4.8943,-0.1455,10.5329,0.277,-4.6654,-0.0621,10.4697,0.054,0.0002,-0.0001,0.0,0.0002,0.0,38.346,-4.6654,-0.0621,10.4696,0.054,0
28.958,-4.6669,-0.0115,10.4517,-0.0133,0.0016,0.0388,-4.7165,-0.0127,10.424,0.0568,-4.674,-0.055,10.4602,0.0449,0.0001,-0.0,0.0,0.0001,0.0,38.35,-4.674,-0.055,10.4602,0.0449,0
28.999,-4.6674,-0.0116,10.4537,-0.0123,-0.0062,0.0521,-4.7165,-0.0127,10.424,0.0574,-4.6743,-0.0554,10.4602,0.0447,-0.0001,-0.0002,-0.0,0.0002,0.0,38.35,-4.6743,-0.0554,10.4602,0.0447,0
29.041,-4.6679,-0.012,10.456,-0.0118,-0.0113,0.0559,-4.7165,-0.0127,10.424,0.0581,-4.6747,-0.0563,10.4607,0.045,-0.0,0.0001,0.0001,0.0001,0.0,38.351,-4.6747,-0.0563,10.4607,0.045,0
29.083,-4.6684,-0.0125,10.4583,-0.0095,-0.0121,0.0553,-4.7805,0.1284,10.5968,0.2272,-4.6939,-0.0244,10.4847,0.0387,-0.0001,-0.0,0.0001,0.0001,0.0,38.366,-4.6939,-0.0244,10.4847,0.0387,0
29.124,-4.6688,-0.013,10.4605,-0.0087,-0.0115,0.0532,-4.7805,0.1284,10.5968,0.2259,-4.6945,-0.0253,10.4854,0.0378,0.0001,-0.0001,-0.0001,0.0001,0.0,38.367,-4.6945,-0.0253,10.4854,0.0378,0
29.166,-4.6691,-0.0134,10.4628,-0.0073,-0.0081,0.0541,-4.7805,0.1284,10.5968,0.2247,-4.6948,-0.0258,10.4858,0.0367,0.0001,0.0,-0.0001,0.0001,0.0,38.368,-4.6948,-0.0258,10.4858,0.0367,0
29.207,-4.6693,-0.0136,10.465,-0.0053,-0.0027,0.0508,-4.7956,0.0827,10.4973,0.162,-4.7148,-0.0115,10.4893,0.0516,0.0,-0.0001,-0.0002,0.0002,0.0,38.383,-4.7148,-0.0115,10.4893,0.0516,0
29.249,-4.6695,-0.0136,10.4671,-0.005,0.003,0.049,-4.7956,0.0827,10.4973,0.1614,-4.7155,-0.0128,10.4898,0.0513,0.0001,0.0,-0.0003,0.0003,0.0,38.385,-4.7155,-0.0128,10.4898,0.0513,0
29.291,-4.6697,-0.0133,10.4691,-0.0032,0.0128,0.0479,-4.7956,0.0827,10.4973,0.1607,-4.7166,-0.0143,10.4904,0.0516,-0.0,0.0,0.0004,0.0004,0.0,38.386,-4.7166,-0.0143,10.4904,0.0516,0
29.332,-4.6698,-0.0125,10.4712,-0.0026,0.0232,0.054,-4.7258,-0.0269,10.3425,0.141,-4.7167,-0.0107,10.4633,0.0476,-0.0001,-0.0,-0.0001,0.0002,0.0,38.379,-4.7167,-0.0107,10.4633,0.0476,0
29.374,-4.6699,-0.0114,10.4735,-0.0036,0.0293,0.0576,-4.7258,-0.0269,10.3425,0.1432,-4.7169,-0.009,10.4638,0.048,0.0001,0.0,-0.0001,0.0001,0.0,38.379,-4.7169,-0.009,10.4638,0.048,0
29.415,-4.6701,-0.0101,10.4759,-0.0043,0.0329,0.0584,-4.7258,-0.0269,10.3425,0.1455,-4.717,-0.0077,10.4642,0.0484,0.0,0.0001,0.0,0.0001,0.0,38.379,-4.717,-0.0077,10.4642,0.0484,0
29.457,-4.6704,-0.0087,10.4782,-0.0076,0.0312,0.0486,-4.5028,-0.0348,10.4479,0.1723,-4.6841,-0.0102,10.4642,0.0196,-0.0001,-0.0,0.0,0.0001,0.0,38.349,-4.6841,-0.0102,10.4642,0.0196,0
29.499,-4.6707,-0.0075,10.4801,-0.0092,0.026,0.0458,-4.5028,-0.0348,10.4479,0.1731,-4.6852,-0.0088,10.4647,0.0212,-0.0,0.0001,-0.0001,0.0001,0.0,38.349,-4.6852,-0.0088,10.4647,0.0212,0
29.54,-4.6711,-0.0066,10.482,-0.009,0.0169,0.0449,-4.6565,-0.0381,10.4125,0.0776,-4.6847,-0.0143,10.4583,0.0284,-0.0,-0.0,-0.0,0.0,0.0,38.349,-4.6847,-0.0143,10.4583,0.0284,0
29.582,-4.6715,-0.0062,10.4836,-0.0076,0.007,0.0332,-4.6565,-0.0381,10.4125,0.0793,-4.6867,-0.014,10.459,0.03,-0.0001,0.0,0.0,0.0001,0.0,38.351,-4.6867,-0.014,10.459,0.03,0
29.623,-4.6717,-0.0061,10.4849,-0.005,-0.0027,0.0296,-4.6565,-0.0381,10.4125,0.0805,-4.6897,-0.0141,10.4598,0.0319,0.0001,-0.0001,-0.0001,0.0001,0.0,38.354,-4.6897,-0.0141,10.4598,0.0319,0
29.665,-4.6718,-0.0064,10.486,0.0006,-0.0089,0.0246,-4.6649,-0.0985,10.5634,0.1205,-4.6803,-0.0278,10.4787,0.0243,-0.0001,0.0002,-0.0002,0.0003,0.0,38.353,-4.6803,-0.0278,10.4787,0.0243,0
29.707,-4.6717,-0.0069,10.4869,0.0042,-0.0167,0.0207,-4.6649,-0.0985,10.5634,0.1195,-4.6802,-0.0283,10.4795,0.0242,-0.0,0.0001,0.0001,0.0002,0.0,38.353,-4.6802,-0.0283,10.4795,0.0242,0
29.748,-4.6715,-0.0078,10.4878,0.0055,-0.0228,0.0224,-4.7859,-0.0319,10.481,0.1172,-4.6999,-0.0286,10.4786,0.0365,-0.0,0.0001,-0.0,0.0001,0.0,38.372,-4.6999,-0.0286,10.4786,0.0364,0
29.79,-4.6712,-0.0088,10.4889,0.0074,-0.0276,0.0302,-4.7859,-0.0319,10.481,0.1173,-4.7005,-0.0293,10.4788,0.0372,-0.0,0.0001,0.0001,0.0001,0.0,38.372,-4.7005,-0.0293,10.4788,0.0372,0
29.831,-4.6709,-0.01,10.4902,0.0065,-0.0306,0.0328,-4.7859,-0.0319,10.481,0.1174,-4.7008,-0.03,10.4792,0.0376,0.0,-0.0,0.0002,0.0002,0.0,38.373,-4.7008,-0.03,10.4792,0.0376,0
29.873,-4.6706,-0.0114,10.4916,0.0071,-0.0325,0.0327,-4.7411,-0.1271,10.6788,0.231,-4.7057,-0.0494,10.5137,0.0563,-0.0,-0.0,0.0001,0.0001,0.0,38.391,-4.7057,-0.0494,10.5137,0.0563,0
29.915,-4.6704,-0.0127,10.493,0.0062,-0.0323,0.0323,-4.7411,-0.1271,10.6788,0.2294,-4.7054,-0.0507,10.5141,0.0558,-0.0001,0.0,0.0002,0.0002,0.0,38.391,-4.7054,-0.0507,10.5141,0.0558,0
29.956,-4.6702,-0.014,10.4943,0.0032,-0.028,0.0334,-4.7411,-0.1271,10.6788,0.2277,-4.7051,-0.0524,10.5146,0.0558,-0.0,-0.0001,0.0,0.0001,0.0,38.391,-4.7051,-0.0524,10.5146,0.0558,0
29.998,-4.6701,-0.015,10.4957,-0.0015,-0.0228,0.0314,-4.6052,-0.0587,10.4352,0.0989,-4.6836,-0.0517,10.5023,0.0396,-0.0,-0.0,-0.0001,0.0001,0.0,38.368,-4.6836,-0.0517,10.5023,0.0396,0
30.039,-4.6703,-0.0158,10.4969,-0.0089,-0.0166,0.0284,-4.6052,-0.0587,10.4352,0.0994,-4.6821,-0.0519,10.5031,0.0385,-0.0,-0.0,0.0,0.0,0.0,38.367,-4.6821,-0.0519,10.5031,0.0385,0
30.081,-4.6709,-0.0164,10.4981,-0.0175,-0.0107,0.0274,-4.6052,-0.0587,10.4352,0.1003,-4.6815,-0.052,10.5035,0.0375,-0.0,-0.0001,-0.0002,0.0003,0.0,38.366,-4.6815,-0.052,10.5035,0.0375,0
30.123,-4.6719,-0.0167,10.4989,-0.0272,-0.007,0.0123,-4.4024,-0.2709,10.3957,0.3845,-4.6348,-0.088,10.489,0.0809,0.0002,0.0001,0.0,0.0002,0.0,38.329,-4.6348,-0.088,10.489,0.0809,0
30.164,-4.6732,-0.017,10.4993,-0.034,-0.0063,0.0059,-4.4024,-0.2709,10.3957,0.3853,-4.635,-0.0875,10.4896,0.0808,-0.0001,0.0002,0.0,0.0002,0.0,38.329,-4.635,-0.0875,10.4896,0.0808,0
30.206,-4.6748,-0.0173,10.4995,-0.0417,-0.0072,0.0033,-4.7595,0.0459,10.5071,0.106,-4.6582,-0.0603,10.4921,0.0467,-0.0,0.0,0.0001,0.0001,0.0,38.344,-4.6582,-0.0603,10.4921,0.0467,0
30.247,-4.6766,-0.0176,10.4998,-0.048,-0.008,0.011,-4.7595,0.0459,10.5071,0.1047,-4.6591,-0.0589,10.4922,0.0455,0.0001,0.0001,0.0,0.0001,0.0,38.345,-4.6591,-0.0589,10.4922,0.0455,0
30.289,-4.6788,-0.0181,10.5003,-0.0521,-0.0128,0.0137,-4.7595,0.0459,10.5071,0.1032,-4.6607,-0.0569,10.4928,0.0435,0.0,0.0002,0.0001,0.0002,0.0,38.346,-4.6607,-0.0569,10.4928,0.0435,0
30.331,-4.681,-0.0187,10.501,-0.0562,-0.018,0.0196,-4.6758,-0.0089,10.4454,0.0567,-4.6657,-0.0514,10.4839,0.04,-0.0001,0.0001,0.0,0.0001,0.0,38.347,-4.6657,-0.0514,10.4839,0.04,0
30.372,-4.6834,-0.0196,10.5019,-0.0568,-0.0223,0.0239,-4.6758,-0.0089,10.4454,0.0581,-4.668,-0.0513,10.4844,0.0394,-0.0001,-0.0,0.0,0.0001,0.0,38.349,-4.668,-0.0513,10.4844,0.0394,0
30.414,-4.6857,-0.0206,10.503,-0.0558,-0.0264,0.0251,-4.6758,-0.0089,10.4454,0.0596,-4.6697,-0.0514,10.4848,0.0392,-0.0001,-0.0001,0.0,0.0001,0.0,38.351,-4.6697,-0.0514,10.4848,0.0392,0
30.455,-4.688,-0.0217,10.5038,-0.053,-0.0257,0.0151,-4.7841,-0.2369,10.5487,0.2399,-4.6908,-0.0917,10.4986,0.0703,0.0,-0.0,0.0,0.0001,0.0,38.384,-4.6908,-0.0917,10.4986,0.0703,0
30.497,-4.6901,-0.0226,10.5043,-0.0462,-0.0201,0.01,-4.7841,-0.2369,10.5487,0.2381,-4.692,-0.0936,10.4992,0.0712,0.0,-0.0001,-0.0,0.0001,0.0,38.386,-4.692,-0.0936,10.4992,0.0712,0
30.539,-4.6918,-0.0233,10.5046,-0.0388,-0.0105,0.0071,-4.5176,0.0112,10.5234,0.1786,-4.6614,-0.0714,10.5071,0.057,-0.0001,0.0,0.0003,0.0003,0.0,38.354,-4.6614,-0.0714,10.5071,0.057,0
30.58,-4.6933,-0.0234,10.5044,-0.0323,0.0004,-0.0124,-4.5176,0.0112,10.5234,0.18,-4.6616,-0.0709,10.508,0.0572,0.0,-0.0,-0.0,0.0,0.0,38.354,-4.6616,-0.0709,10.508,0.0572,0
30.622,-4.6945,-0.0233,10.5037,-0.0267,0.0076,-0.0187,-4.5176,0.0112,10.5234,0.1813,-4.6616,-0.0698,10.5089,0.0572,0.0,-0.0002,-0.0001,0.0002,0.0,38.354,-4.6616,-0.0698,10.5089,0.0572,0
30.663,-4.6955,-0.0228,10.5032,-0.024,0.0115,-0.004,-4.6197,0.2529,10.4271,0.2959,-4.6578,-0.0099,10.4916,0.0415,0.0001,-0.0,0.0002,0.0002,0.0,38.33,-4.6578,-0.0099,10.4916,0.0415,0
30.705,-4.6965,-0.0224,10.5033,-0.021,0.0105,0.0096,-4.6197,0.2529,10.4271,0.2958,-4.6587,-0.0066,10.4916,0.0426,-0.0,-0.0,-0.0002,0.0002,0.0,38.33,-4.6587,-0.0066,10.4916,0.0426,0
30.747,-4.6973,-0.0221,10.5039,-0.0197,0.0031,0.0142,-4.7519,-0.0328,10.483,0.0594,-4.6751,-0.0158,10.4908,0.0265,-0.0001,0.0001,-0.0001,0.0001,0.0,38.348,-4.6751,-0.0158,10.4908,0.0265,0
30.788,-4.6981,-0.0221,10.5045,-0.0194,-0.0037,0.0142,-4.7519,-0.0328,10.483,0.0589,-4.6761,-0.0158,10.4914,0.0264,-0.0001,-0.0,-0.0,0.0001,0.0,38.349,-4.6761,-0.0158,10.4914,0.0264,0
30.83,-4.6989,-0.0224,10.5051,-0.0177,-0.0092,0.0154,-4.7519,-0.0328,10.483,0.0584,-4.6766,-0.0161,10.4918,0.0267,-0.0001,0.0,-0.0002,0.0002,0.0,38.35,-4.6766,-0.0161,10.4918,0.0267,0
30.871,-4.6996,-0.0229,10.5058,-0.0166,-0.0133,0.0203,-4.5265,-0.1597,10.6682,0.2739,-4.6535,-0.0381,10.5206,0.0508,-0.0001,-0.0,-0.0001,0.0001,0.0,38.34,-4.6535,-0.0381,10.5206,0.0508,0
30.913,-4.7002,-0.0235,10.5068,-0.013,-0.0144,0.0253,-4.5265,-0.1597,10.6682,0.2734,-4.6542,-0.0379,10.5209,0.0502,-0.0001,-0.0,-0.0,0.0001,0.0,38.341,-4.6542,-0.0379,10.5209,0.0502,0
30.955,-4.7007,-0.0241,10.5079,-0.0084,-0.0155,0.0272,-4.5265,-0.1597,10.6682,0.2728,-4.6552,-0.0376,10.5214,0.0493,-0.0001,0.0001,-0.0001,0.0001,0.0,38.342,-4.6552,-0.0376,10.5214,0.0493,0
30.996,-4.701,-0.0248,10.5087,-0.0061,-0.0165,0.0048,-4.8436,0.0115,10.4106,0.1769,-4.6872,-0.0318,10.5084,0.0155,-0.0,-0.0001,0.0002,0.0002,0.0,38.367,-4.6872,-0.0318,10.5084,0.0155,0
31.038,-4.7011,-0.0254,10.5084,-0.0023,-0.0159,-0.0106,-4.8436,0.0115,10.4106,0.1768,-4.6878,-0.0326,10.5097,0.0151,-0.0,0.0001,-0.0001,0.0001,0.0,38.369,-4.6878,-0.0326,10.5097,0.0151,0
31.079,-4.7012,-0.0261,10.5079,0.0008,-0.016,-0.0148,-4.8436,0.0115,10.4106,0.1766,-4.6881,-0.0331,10.5103,0.015,-0.0,0.0001,0.0002,0.0002,0.0,38.369,-4.6881,-0.0331,10.5102,0.015,0
31.121,-4.701,-0.0267,10.5075,0.0036,-0.0114,-0.0039,-4.7509,-0.2401,10.4418,0.2288,-4.7008,-0.0674,10.4967,0.0422,0.0001,0.0,-0.0001,0.0001,0.0,38.387,-4.7008,-0.0674,10.4967,0.0422,0
31.163,-4.7008,-0.0271,10.5075,0.0078,-0.0069,0.0018,-4.7509,-0.2401,10.4418,0.2285,-4.7012,-0.0675,10.4969,0.0418,-0.0001,-0.0,-0.0,0.0001,0.0,38.387,-4.7012,-0.0675,10.4969,0.0418,0
31.204,-4.7004,-0.0273,10.5076,0.0104,-0.004,0.0043,-4.6863,0.0454,10.6833,0.1906,-4.697,-0.049,10.5262,0.0288,-0.0001,-0.0001,0.0,0.0001,0.0,38.385,-4.697,-0.049,10.5262,0.0288,0
31.246,-4.6999,-0.0273,10.5083,0.0138,0.0008,0.0245,-4.6863,0.0454,10.6833,0.1899,-4.6967,-0.0491,10.526,0.0283,-0.0001,0.0001,-0.0,0.0001,0.0,38.385,-4.6967,-0.0491,10.526,0.0283,0
31.287,-4.6993,-0.0272,10.5095,0.0157,0.0043,0.0301,-4.6863,0.0454,10.6833,0.1888,-4.696,-0.0489,10.5264,0.0277,0.0001,0.0,0.0,0.0001,0.0,38.384,-4.696,-0.0489,10.5264,0.0277,0
31.329,-4.6987,-0.027,10.5107,0.012,0.0061,0.0257,-4.8087,-0.2278,10.4889,0.23,-4.7123,-0.0816,10.5219,0.0574,0.0,0.0001,0.0002,0.0002,0.0,38.407,-4.7123,-0.0816,10.5219,0.0574,0
31.371,-4.6983,-0.0267,10.5117,0.0061,0.0067,0.0225,-4.8087,-0.2278,10.4889,0.2305,-4.711,-0.0821,10.5227,0.0579,0.0001,0.0,0.0001,0.0001,0.0,38.406,-4.711,-0.0821,10.5227,0.0579,0
31.412,-4.6983,-0.0265,10.5126,-0.0043,0.0057,0.0247,-4.6965,-0.2378,10.638,0.2457,-4.709,-0.1075,10.5408,0.0864,0.0,-0.0,0.0,0.0001,0.0,38.416,-4.709,-0.1075,10.5408,0.0864,0
31.454,-4.6987,-0.0262,10.5139,-0.0137,0.0066,0.0324,-4.6965,-0.2378,10.638,0.2453,-4.7091,-0.1076,10.5411,0.0865,0.0,0.0,0.0,0.0001,0.0,38.416,-4.7091,-0.1076,10.5411,0.0865,0
31.495,-4.6994,-0.0259,10.5153,-0.022,0.0074,0.034,-4.6965,-0.2378,10.638,0.2449,-4.7095,-0.1077,10.5415,0.0865,-0.0001,-0.0,-0.0,0.0001,0.0,38.416,-4.7095,-0.1077,10.5415,0.0865,0
31.537,-4.7005,-0.0256,10.5166,-0.0291,0.0082,0.0283,-4.8173,-0.2718,10.4334,0.2849,-4.7288,-0.1357,10.526,0.114,0.0,0.0001,-0.0001,0.0001,0.0,38.438,-4.7288,-0.1357,10.526,0.114,0
31.579,-4.7019,-0.0252,10.5176,-0.0362,0.0112,0.0206,-4.8173,-0.2718,10.4334,0.285,-4.7297,-0.1358,10.5266,0.1144,-0.0,-0.0001,0.0003,0.0003,0.0,38.439,-4.7297,-0.1358,10.5266,0.1144,0
31.62,-4.7035,-0.0247,10.5184,-0.0398,0.0131,0.0189,-4.718,0.0782,10.5423,0.1067,-4.728,-0.1007,10.5308,0.0808,-0.0,0.0001,0.0,0.0001,0.0,38.429,-4.728,-0.1007,10.5308,0.0808,0
31.662,-4.7052,-0.0241,10.5191,-0.0418,0.0163,0.0143,-4.718,0.0782,10.5423,0.1057,-4.7288,-0.1008,10.5314,0.0812,0.0,-0.0,0.0001,0.0001,0.0,38.43,-4.7288,-0.1008,10.5314,0.0812,0
31.703,-4.707,-0.0233,10.5197,-0.0423,0.0205,0.0141,-4.718,0.0782,10.5423,0.1046,-4.7302,-0.1007,10.532,0.0817,-0.0001,0.0001,-0.0,0.0002,0.0,38.432,-4.7302,-0.1007,10.532,0.0817,0
31.745,-4.7087,-0.0224,10.5204,-0.0391,0.0229,0.0248,-4.7285,-0.2576,10.4799,0.2395,-4.7275,-0.1239,10.5214,0.1033,0.0,-0.0001,-0.0,0.0001,0.0,38.433,-4.7275,-0.1239,10.5214,0.1033,0
31.787,-4.7103,-0.0214,10.5216,-0.0367,0.0226,0.0322,-4.7285,-0.2576,10.4799,0.2405,-4.7275,-0.1227,10.5217,0.1027,-0.0001,-0.0,-0.0001,0.0001,0.0,38.432,-4.7275,-0.1227,10.5217,0.1027,0
31.828,-4.7118,-0.0205,10.5228,-0.0355,0.0211,0.0197,-4.6623,-0.1097,10.6315,0.149,-4.7164,-0.1208,10.5431,0.1024,-0.0,0.0,0.0002,0.0002,0.0,38.426,-4.7164,-0.1208,10.5431,0.1024,0
31.87,-4.7133,-0.0197,10.5234,-0.0369,0.0186,0.0109,-4.6623,-0.1097,10.6315,0.1496,-4.7161,-0.1202,10.5441,0.1026,0.0,-0.0,0.0002,0.0002,0.0,38.426,-4.7161,-0.1202,10.5441,0.1026,0
31.911,-4.7148,-0.019,10.5238,-0.0371,0.0135,0.008,-4.6623,-0.1097,10.6315,0.1503,-4.7159,-0.1199,10.5446,0.103,0.0,-0.0001,0.0002,0.0002,0.0,38.426,-4.7159,-0.1199,10.5446,0.103,0
31.953,-4.7164,-0.0185,10.524,-0.0393,0.0107,0.0027,-4.8469,-0.0193,10.7272,0.2416,-4.7347,-0.1028,10.5762,0.1008,0.0001,-0.0001,-0.0001,0.0001,0.0,38.447,-4.7347,-0.1028,10.5762,0.1008,0
31.995,-4.7181,-0.0181,10.5241,-0.044,0.0082,0.0015,-4.8469,-0.0193,10.7272,0.2406,-4.7341,-0.1027,10.5767,0.1009,-0.0,-0.0001,-0.0001,0.0002,0.0,38.446,-4.7341,-0.1027,10.5767,0.1009,0
32.036,-4.7201,-0.0178,10.5241,-0.0494,0.006,0.0006,-4.5789,-0.0784,10.463,0.1653,-4.7113,-0.0954,10.5585,0.0853,-0.0,-0.0003,0.0001,0.0003,0.0,38.419,-4.7113,-0.0954,10.5585,0.0853,0
32.078,-4.7223,-0.0176,10.5241,-0.0554,0.0032,0.0008,-4.5789,-0.0784,10.463,0.1673,-4.7118,-0.0947,10.5589,0.0851,-0.0002,-0.0,-0.0002,0.0002,0.0,38.419,-4.7118,-0.0947,10.5589,0.0851,0
32.119,-4.7247,-0.0176,10.5242,-0.0583,-0.0019,0.0025,-4.5789,-0.0784,10.463,0.1693,-4.7129,-0.0936,10.5595,0.0846,-0.0001,-0.0,0.0002,0.0002,0.0,38.42,-4.7129,-0.0936,10.5595,0.0846,0
32.161,-4.7272,-0.0179,10.5242,-0.0605,-0.0088,-0.0043,-4.7807,-0.1237,10.5014,0.1208,-4.7305,-0.1011,10.5521,0.0879,-0.0001,0.0,0.0003,0.0003,0.0,38.437,-4.7305,-0.1011,10.5521,0.0879,0
32.203,-4.7297,-0.0183,10.5239,-0.0592,-0.0139,-0.0083,-4.7807,-0.1237,10.5014,0.1192,-4.7339,-0.1016,10.5529,0.0883,0.0,-0.0001,-0.0002,0.0002,0.0,38.44,-4.7339,-0.1016,10.5529,0.0883,0
32.244,-4.732,-0.019,10.5235,-0.0518,-0.0174,-0.0092,-4.7807,-0.1237,10.5014,0.1176,-4.736,-0.1022,10.5534,0.0884,0.0001,0.0001,0.0,0.0002,0.0,38.442,-4.736,-0.1022,10.5534,0.0884,0
32.286,-4.7339,-0.0198,10.523,-0.0432,-0.0189,-0.0181,-4.7228,-0.0237,10.6571,0.1346,-4.734,-0.0852,10.5733,0.0826,-0.0002,-0.0,0.0001,0.0002,0.0,38.44,-4.734,-0.0852,10.5733,0.0826,0
32.327,-4.7355,-0.0206,10.5221,-0.0335,-0.0203,-0.0222,-4.7228,-0.0237,10.6571,0.1356,-4.7351,-0.0849,10.5739,0.0825,-0.0,-0.0,-0.0,0.0001,0.0,38.442,-4.7351,-0.0849,10.5739,0.0825,0
32.369,-4.7367,-0.0215,10.5212,-0.024,-0.0232,-0.0221,-4.8221,0.0975,10.4123,0.1825,-4.75,-0.0562,10.5496,0.0468,0.0001,0.0,-0.0001,0.0001,0.0,38.442,-4.75,-0.0562,10.5496,0.0468,0
32.411,-4.7375,-0.0225,10.5199,-0.0177,-0.0243,-0.0373,-4.8221,0.0975,10.4123,0.182,-4.7503,-0.0567,10.5505,0.0477,-0.0001,0.0001,-0.0002,0.0002,0.0,38.443,-4.7503,-0.0567,10.5505,0.0477,0
32.452,-4.7381,-0.0235,10.5182,-0.0119,-0.0233,-0.0425,-4.8221,0.0975,10.4123,0.1814,-4.7505,-0.0576,10.5514,0.0492,-0.0,-0.0001,0.0,0.0001,0.0,38.443,-4.7505,-0.0576,10.5514,0.0492,0
32.494,-4.7386,-0.0245,10.5163,-0.0087,-0.0223,-0.0441,-4.7131,-0.1966,10.5449,0.1763,-4.7399,-0.0805,10.5502,0.0655,-0.0,-0.0,-0.0,0.0001,0.0,38.439,-4.7399,-0.0805,10.5502,0.0655,0
32.535,-4.7389,-0.0254,10.5145,-0.0082,-0.0216,-0.0433,-4.7131,-0.1966,10.5449,0.1758,-4.7381,-0.0807,10.5508,0.0662,0.0001,0.0,0.0001,0.0001,0.0,38.438,-4.7381,-0.0807,10.5508,0.0662,0
32.577,-4.7393,-0.0262,10.5127,-0.0104,-0.0189,-0.043,-4.7131,-0.1966,10.5449,0.1754,-4.7369,-0.0808,10.5513,0.0669,-0.0001,-0.0001,-0.0001,0.0002,0.0,38.437,-4.7369,-0.0808,10.5513,0.0669,0
32.619,-4.7399,-0.027,10.5108,-0.0181,-0.0171,-0.0475,-4.6921,0.0866,10.7127,0.2365,-4.7363,-0.0517,10.5799,0.0735,0.0,-0.0,0.0,0.0001,0.0,38.435,-4.7363,-0.0517,10.5799,0.0735,0
32.66,-4.7407,-0.0276,10.5088,-0.0217,-0.0162,-0.0495,-4.6921,0.0866,10.7127,0.2387,-4.7373,-0.0515,10.5804,0.0756,0.0001,-0.0,-0.0001,0.0001,0.0,38.436,-4.7373,-0.0515,10.5804,0.0756,0
32.702,-4.7417,-0.0283,10.5069,-0.0259,-0.0171,-0.033,-4.7352,-0.1643,10.5932,0.1611,-4.7341,-0.072,10.5777,0.0836,-0.0,-0.0,0.0001,0.0001,0.0,38.438,-4.7341,-0.072,10.5777,0.0836,0
32.743,-4.7429,-0.0291,10.506,-0.0282,-0.0169,-0.0131,-4.7352,-0.1643,10.5932,0.161,-4.7341,-0.0723,10.5776,0.084,-0.0,-0.0001,0.0001,0.0001,0.0,38.438,-4.7341,-0.0723,10.5776,0.084,0
32.785,-4.7441,-0.0298,10.5057,-0.0293,-0.0189,-0.0066,-4.7352,-0.1643,10.5932,0.1607,-4.7342,-0.0728,10.5779,0.0847,-0.0001,-0.0002,0.0,0.0002,0.0,38.439,-4.7342,-0.0728,10.5779,0.0847,0
32.827,-4.7454,-0.0306,10.5052,-0.0326,-0.0214,-0.0219,-4.7967,-0.0466,10.5299,0.0592,-4.7464,-0.066,10.5744,0.0778,-0.0,0.0001,-0.0,0.0001,0.0,38.447,-4.7464,-0.066,10.5744,0.0778,0
32.868,-4.7468,-0.0316,10.504,-0.0344,-0.0269,-0.0333,-4.7967,-0.0466,10.5299,0.0582,-4.7472,-0.0659,10.5756,0.0794,-0.0001,-0.0,-0.0001,0.0001,0.0,38.448,-4.7472,-0.0659,10.5756,0.0794,0
32.91,-4.7482,-0.0329,10.5025,-0.0353,-0.0324,-0.0374,-4.7967,-0.0466,10.5299,0.0573,-4.7478,-0.0659,10.5761,0.0807,0.0,-0.0001,-0.0001,0.0001,0.0,38.449,-4.7478,-0.0659,10.5761,0.0807,0
32.951,-4.7497,-0.0343,10.5009,-0.0352,-0.0369,-0.0364,-4.591,0.0895,10.3969,0.2266,-4.7181,-0.0419,10.5454,0.0551,0.0,-0.0001,-0.0,0.0001,0.0,38.408,-4.7181,-0.0419,10.5454,0.0551,0
32.993,-4.7512,-0.0359,10.4994,-0.0363,-0.0383,-0.037,-4.591,0.0895,10.3969,0.2278,-4.7178,-0.0427,10.5459,0.0576,0.0001,0.0001,0.0001,0.0001,0.0,38.408,-4.7178,-0.0427,10.5459,0.0576,0
33.035,-4.7527,-0.0375,10.4979,-0.0385,-0.0377,-0.034,-5.0118,0.0666,10.6373,0.312,-4.7687,-0.0283,10.5605,0.0653,0.0002,-0.0001,-0.0002,0.0003,0.0,38.455,-4.7687,-0.0283,10.5605,0.0653,0
33.076,-4.7544,-0.039,10.4966,-0.0412,-0.0333,-0.032,-5.0118,0.0666,10.6373,0.3118,-4.7691,-0.0296,10.5609,0.0667,-0.0,-0.0001,-0.0,0.0001,0.0,38.456,-4.7691,-0.0296,10.5609,0.0667,0
33.118,-4.7561,-0.0403,10.4952,-0.0409,-0.0286,-0.0314,-4.6338,-0.0324,10.5003,0.1227,-4.7457,-0.0261,10.5512,0.0587,0.0001,-0.0,-0.0001,0.0001,0.0,38.431,-4.7457,-0.0261,10.5512,0.0587,0
33.159,-4.7578,-0.0413,10.494,-0.0408,-0.0217,-0.0305,-4.6338,-0.0324,10.5003,0.1245,-4.7456,-0.0255,10.5516,0.061,-0.0,0.0001,-0.0,0.0001,0.0,38.431,-4.7456,-0.0255,10.5516,0.061,0
33.201,-4.7596,-0.0421,10.4927,-0.0431,-0.0187,-0.0311,-4.6338,-0.0324,10.5003,0.1264,-4.7456,-0.0242,10.5523,0.0638,0.0001,0.0,-0.0002,0.0002,0.0,38.43,-4.7456,-0.0242,10.5523,0.0638,0
33.243,-4.7614,-0.0429,10.4916,-0.0442,-0.0205,-0.0139,-4.8004,0.0233,10.609,0.1403,-4.7581,-0.0189,10.5577,0.0703,-0.0,-0.0,0.0002,0.0002,0.0,38.442,-4.7581,-0.0189,10.5577,0.0703,0
33.284,-4.7633,-0.0438,10.4914,-0.0466,-0.0222,-0.0,-4.8004,0.0233,10.609,0.1404,-4.7598,-0.0189,10.5577,0.0709,0.0001,-0.0001,-0.0,0.0001,0.0,38.443,-4.7598,-0.0189,10.5577,0.0709,0
33.326,-4.7653,-0.0448,10.4916,-0.0478,-0.0263,0.0113,-4.8908,-0.1539,10.6589,0.2358,-4.783,-0.0404,10.5704,0.0809,-0.0001,0.0002,0.0001,0.0002,0.0,38.474,-4.783,-0.0404,10.5704,0.0809,0
33.367,-4.7673,-0.0461,10.4927,-0.0478,-0.0318,0.0343,-4.8908,-0.1539,10.6589,0.2334,-4.785,-0.0405,10.57,0.0795,0.0001,-0.0002,-0.0,0.0002,0.0,38.476,-4.785,-0.0405,10.57,0.0795,0
33.409,-4.7693,-0.0475,10.4943,-0.0486,-0.0346,0.0414,-4.8908,-0.1539,10.6589,0.2306,-4.7863,-0.0408,10.5702,0.0781,-0.0,0.0001,-0.0,0.0001,0.0,38.477,-4.7863,-0.0408,10.5702,0.0781,0
33.451,-4.7713,-0.049,10.4959,-0.0473,-0.038,0.0328,-4.7881,-0.2033,10.3613,0.2055,-4.7919,-0.0693,10.5393,0.0521,0.0001,0.0001,-0.0,0.0001,0.0,38.483,-4.7919,-0.0693,10.5393,0.0521,0
33.492,-4.7732,-0.0506,10.4971,-0.0462,-0.0396,0.0241,-4.7881,-0.2033,10.3613,0.2049,-4.7939,-0.0699,10.54,0.0514,-0.0001,-0.0,0.0,0.0001,0.0,38.485,-4.7939,-0.0699,10.54,0.0514,0
33.534,-4.7751,-0.0523,10.498,-0.0423,-0.0396,0.0207,-4.714,-0.2573,10.4649,0.2165,-4.7837,-0.1025,10.5313,0.0609,0.0,0.0001,-0.0001,0.0001,0.0,38.482,-4.7837,-0.1025,10.5313,0.0609,0
33.575,-4.7767,-0.0539,10.4983,-0.0365,-0.0393,0.0008,-4.714,-0.2573,10.4649,0.2154,-4.7855,-0.1034,10.5323,0.0606,-0.0,-0.0,-0.0001,0.0001,0.0,38.484,-4.7855,-0.1034,10.5323,0.0606,0
33.617,-4.778,-0.0555,10.4982,-0.0282,-0.0353,-0.0058,-4.714,-0.2573,10.4649,0.2144,-4.788,-0.1045,10.5332,0.0611,0.0,-0.0001,-0.0002,0.0002,0.0,38.487,-4.788,-0.1045,10.5332,0.0611,0
33.659,-4.779,-0.0568,10.4978,-0.0185,-0.0302,-0.0104,-4.8476,0.0454,10.5195,0.125,-4.7971,-0.0788,10.5321,0.0446,-0.0001,-0.0,-0.0001,0.0002,0.0,38.488,-4.7971,-0.0788,10.5321,0.0446,0
33.7,-4.7796,-0.058,10.4973,-0.0096,-0.0273,-0.0125,-4.8476,0.0454,10.5195,0.1258,-4.798,-0.0788,10.5329,0.0451,0.0,-0.0001,0.0,0.0001,0.0,38.489,-4.798,-0.0788,10.5329,0.0451,0
33.742,-4.7798,-0.0591,10.4968,-0.0031,-0.0252,-0.0132,-4.8476,0.0454,10.5195,0.1266,-4.7984,-0.0787,10.5333,0.0455,-0.0002,-0.0001,-0.0001,0.0002,0.0,38.49,-4.7984,-0.0787,10.5333,0.0455,0
33.783,-4.7798,-0.0602,10.4965,0.0013,-0.0268,-0.0035,-4.7403,0.0408,10.4821,0.1094,-4.7889,-0.0621,10.5234,0.0285,0.0,-0.0001,0.0001,0.0001,0.0,38.474,-4.7889,-0.0621,10.5234,0.0285,0
33.825,-4.7797,-0.0613,10.4964,0.0012,-0.0272,0.0009,-4.7403,0.0408,10.4821,0.1104,-4.789,-0.0628,10.5237,0.0289,-0.0001,0.0001,0.0001,0.0001,0.0,38.475,-4.789,-0.0628,10.5237,0.0289,0
33.867,-4.7797,-0.0624,10.4964,0.001,-0.026,-0.0031,-4.9345,-0.1384,10.5177,0.1737,-4.8152,-0.0781,10.5245,0.048,-0.0,-0.0001,-0.0002,0.0002,0.0,38.503,-4.8152,-0.0781,10.5245,0.048,0
33.908,-4.7796,-0.0634,10.4962,0.0024,-0.0224,-0.0031,-4.9345,-0.1384,10.5177,0.1734,-4.816,-0.0792,10.5249,0.0489,-0.0,0.0001,0.0,0.0001,0.0,38.504,-4.816,-0.0792,10.5249,0.0489,0
33.95,-4.7795,-0.0642,10.4961,0.0022,-0.017,-0.0014,-4.9345,-0.1384,10.5177,0.1731,-4.8171,-0.0807,10.5255,0.0504,0.0001,-0.0001,-0.0,0.0002,0.0,38.506,-4.8171,-0.0807,10.5255,0.0504,0
33.991,-4.7794,-0.0648,10.4962,0.0036,-0.0128,0.0028,-4.8507,0.0675,10.5627,0.1644,-4.823,-0.0542,10.5316,0.0571,0.0,-0.0001,0.0001,0.0001,0.0,38.506,-4.823,-0.0542,10.5316,0.0571,0
34.033,-4.7792,-0.0652,10.4964,0.007,-0.0078,0.0053,-4.8507,0.0675,10.5627,0.1647,-4.8237,-0.0545,10.5321,0.0581,-0.0,0.0001,-0.0001,0.0001,0.0,38.507,-4.8237,-0.0545,10.5321,0.0581,0
34.075,-4.7788,-0.0655,10.4966,0.0101,-0.0046,0.0065,-4.8507,0.0675,10.5627,0.165,-4.8241,-0.0547,10.5325,0.0588,-0.0001,0.0001,0.0,0.0001,0.0,38.507,-4.8241,-0.0547,10.5325,0.0588,0
34.116,-4.7783,-0.0657,10.4973,0.0126,-0.003,0.024,-4.8206,-0.1262,10.4524,0.0864,-4.8182,-0.0626,10.5155,0.044,-0.0001,0.0,0.0,0.0001,0.0,38.5,-4.8182,-0.0626,10.5155,0.044,0
34.158,-4.7778,-0.0658,10.4985,0.0119,-0.0024,0.0319,-4.8206,-0.1262,10.4524,0.0872,-4.8174,-0.0618,10.5157,0.0433,-0.0001,0.0001,-0.0001,0.0001,0.0,38.499,-4.8174,-0.0618,10.5157,0.0433,0
34.199,-4.7774,-0.066,10.5,0.0089,-0.0073,0.0444,-4.5705,-0.1057,10.3854,0.2398,-4.779,-0.0713,10.491,0.0106,-0.0,-0.0,0.0001,0.0001,0.0,38.46,-4.779,-0.0713,10.491,0.0106,0
34.241,-4.7771,-0.0664,10.5022,0.0075,-0.0123,0.057,-4.5705,-0.1057,10.3854,0.2405,-4.7793,-0.0715,10.491,0.0124,-0.0,0.0,-0.0001,0.0001,0.0,38.46,-4.7793,-0.0715,10.491,0.0124,0
34.283,-4.7768,-0.067,10.5046,0.0057,-0.0148,0.0616,-4.5705,-0.1057,10.3854,0.2414,-4.7798,-0.0719,10.4915,0.0144,0.0001,-0.0001,0.0,0.0001,0.0,38.461,-4.7798,-0.0719,10.4915,0.0144,0
34.324,-4.7765,-0.0676,10.5075,0.007,-0.0172,0.081,-4.7272,-0.0364,10.4417,0.088,-4.7713,-0.0679,10.4788,0.0292,-0.0002,-0.0,-0.0,0.0002,0.0,38.449,-4.7713,-0.0679,10.4788,0.0292,0
34.366,-4.7762,-0.0683,10.5113,0.0083,-0.0158,0.0938,-4.7272,-0.0364,10.4417,0.0908,-4.772,-0.0692,10.4789,0.0327,0.0,-0.0002,-0.0002,0.0003,0.0,38.45,-4.772,-0.0692,10.4789,0.0327,0
34.407,-4.7758,-0.0689,10.5152,0.0098,-0.0121,0.0943,-4.7437,-0.1112,10.5823,0.0856,-4.7677,-0.0773,10.4976,0.0211,-0.0,0.0001,0.0,0.0001,0.0,38.452,-4.7677,-0.0773,10.4976,0.0211,0
34.449,-4.7754,-0.0693,10.519,0.0095,-0.0054,0.0887,-4.7437,-0.1112,10.5823,0.0823,-4.7682,-0.0785,10.4985,0.0236,0.0,-0.0001,0.0001,0.0001,0.0,38.453,-4.7682,-0.0785,10.4985,0.0236,0
34.491,-4.775,-0.0693,10.5227,0.0104,0.0013,0.0877,-4.7437,-0.1112,10.5823,0.0793,-4.7686,-0.0791,10.4989,0.0265,0.0,0.0001,-0.0,0.0001,0.0,38.454,-4.7686,-0.0791,10.4989,0.0265,0
34.532,-4.7746,-0.0691,10.5261,0.0093,0.0083,0.0768,-4.738,-0.2159,10.4815,0.1577,-4.762,-0.0978,10.4986,0.0417,-0.0001,-0.0002,0.0001,0.0002,0.0,38.453,-4.762,-0.0978,10.4986,0.0417,0
34.574,-4.7742,-0.0687,10.5292,0.0078,0.0105,0.0738,-4.738,-0.2159,10.4815,0.1589,-4.762,-0.0971,10.4991,0.0432,-0.0,-0.0002,-0.0001,0.0002,0.0,38.453,-4.762,-0.0971,10.4991,0.0432,0
34.615,-4.7739,-0.0682,10.5323,0.0062,0.0121,0.0737,-4.9136,0.15,10.6827,0.2996,-4.7918,-0.0569,10.533,0.0212,-0.0001,0.0,-0.0,0.0001,0.0,38.478,-4.7918,-0.0569,10.533,0.0212,0
34.657,-4.7738,-0.0677,10.5349,0.0023,0.0124,0.056,-4.9136,0.15,10.6827,0.298,-4.7932,-0.0567,10.5339,0.0223,0.0002,0.0001,0.0,0.0002,0.0,38.479,-4.7932,-0.0567,10.5339,0.0223,0
34.699,-4.7737,-0.0672,10.5371,0.0004,0.0123,0.051,-4.9136,0.15,10.6827,0.2965,-4.7952,-0.0564,10.5347,0.0242,-0.0,-0.0001,-0.0002,0.0002,0.0,38.481,-4.7952,-0.0564,10.5347,0.0242,0
34.74,-4.7737,-0.0666,10.5391,0.0012,0.0139,0.0451,-4.6856,0.0745,10.5017,0.1706,-4.7746,-0.0312,10.5318,0.0362,-0.0001,-0.0001,0.0,0.0001,0.0,38.455,-4.7746,-0.0312,10.5318,0.0362,0
34.782,-4.7736,-0.0661,10.5407,0.004,0.013,0.0327,-4.6856,0.0745,10.5017,0.1704,-4.7752,-0.0297,10.5329,0.0372,-0.0001,-0.0,0.0,0.0001,0.0,38.455,-4.7752,-0.0297,10.5329,0.0372,0
34.823,-4.7733,-0.0656,10.5419,0.007,0.01,0.0286,-4.6856,0.0745,10.5017,0.1702,-4.7756,-0.0288,10.5335,0.0378,0.0001,-0.0001,-0.0002,0.0003,0.0,38.455,-4.7756,-0.0288,10.5335,0.0378,0
34.865,-4.773,-0.0653,10.5434,0.0083,0.0062,0.0419,-4.6161,0.0472,10.3892,0.2471,-4.7477,-0.013,10.5069,0.0685,-0.0,-0.0001,0.0002,0.0002,0.0,38.419,-4.7477,-0.013,10.5069,0.0685,0
34.907,-4.7727,-0.0652,10.5453,0.0074,-0.0009,0.0475,-4.6161,0.0472,10.3892,0.2481,-4.7477,-0.0119,10.5072,0.0701,-0.0,-0.0001,-0.0,0.0001,0.0,38.419,-4.7477,-0.0119,10.5072,0.0701,0
34.948,-4.7724,-0.0654,10.5473,0.0051,-0.0112,0.0492,-5.0064,0.0151,10.5765,0.2491,-4.7939,-0.0092,10.5202,0.066,-0.0,-0.0001,-0.0002,0.0002,0.0,38.464,-4.7939,-0.0092,10.5202,0.066,0
34.99,-4.7723,-0.0661,10.5492,0.0033,-0.0206,0.0455,-5.0064,0.0151,10.5765,0.2493,-4.7947,-0.0095,10.5207,0.0672,-0.0001,0.0,0.0002,0.0002,0.0,38.465,-4.7947,-0.0095,10.5207,0.0672,0
35.031,-4.7722,-0.0671,10.5512,0.0024,-0.0276,0.047,-5.0064,0.0151,10.5765,0.2496,-4.7958,-0.0105,10.5213,0.0683,-0.0001,-0.0,-0.0002,0.0002,0.0,38.467,-4.7958,-0.0105,10.5213,0.0683,0
35.073,-4.7721,-0.0684,10.553,0.0015,-0.0318,0.0389,-4.8656,-0.0453,10.6884,0.1662,-4.8054,-0.0139,10.5515,0.0638,-0.0,-0.0,0.0001,0.0001,0.0,38.483,-4.8054,-0.0139,10.5515,0.0638,0
35.115,-4.7721,-0.0698,10.5545,-0.0024,-0.0359,0.034,-4.8656,-0.0453,10.6884,0.1652,-4.8054,-0.0142,10.5524,0.0649,0.0,0.0,-0.0002,0.0002,0.0,38.484,-4.8054,-0.0142,10.5524,0.0649,0
35.156,-4.7723,-0.0714,10.5559,-0.0069,-0.0396,0.0332,-4.8656,-0.0453,10.6884,0.1642,-4.8056,-0.0145,10.5528,0.066,0.0002,0.0,0.0001,0.0002,0.0,38.484,-4.8056,-0.0145,10.5528,0.066,0
35.198,-4.7727,-0.0731,10.5571,-0.0119,-0.041,0.0217,-4.837,-0.0858,10.6408,0.1063,-4.8114,-0.0315,10.5724,0.0588,0.0001,-0.0001,-0.0,0.0001,0.0,38.498,-4.8114,-0.0315,10.5724,0.0588,0
35.239,-4.7733,-0.0748,10.5577,-0.0184,-0.0385,0.0102,-4.837,-0.0858,10.6408,0.1053,-4.8118,-0.0328,10.5731,0.0589,0.0,-0.0001,0.0001,0.0002,0.0,38.499,-4.8118,-0.0328,10.5731,0.0589,0
35.281,-4.7742,-0.0763,10.5581,-0.0231,-0.0345,0.0072,-4.837,-0.0858,10.6408,0.1043,-4.8128,-0.0348,10.5739,0.0588,0.0,-0.0,-0.0002,0.0002,0.0,38.501,-4.8128,-0.0348,10.5739,0.0588,0
35.323,-4.7753,-0.0775,10.5585,-0.0292,-0.027,0.0169,-4.6279,-0.1773,10.5104,0.1844,-4.779,-0.0598,10.5608,0.0183,-0.0001,-0.0001,0.0,0.0002,0.0,38.473,-4.779,-0.0598,10.5608,0.0183,0
35.364,-4.7767,-0.0785,10.5594,-0.0364,-0.0213,0.0239,-4.6279,-0.1773,10.5104,0.1852,-4.7796,-0.0608,10.5612,0.018,-0.0,0.0,-0.0002,0.0002,0.0,38.474,-4.7796,-0.0608,10.5612,0.018,0
35.406,-4.7783,-0.0793,10.5604,-0.0417,-0.0154,0.025,-4.6279,-0.1773,10.5104,0.1864,-4.7803,-0.0613,10.5616,0.0181,0.0,-0.0001,0.0001,0.0002,0.0,38.475,-4.7803,-0.0613,10.5616,0.0181,0
35.447,-4.7802,-0.0798,10.5617,-0.0487,-0.0091,0.0359,-4.667,0.0518,10.5621,0.1736,-4.7652,-0.0414,10.5597,0.0413,-0.0001,0.0001,-0.0,0.0002,0.0,38.455,-4.7652,-0.0414,10.5597,0.0413,0
35.489,-4.7823,-0.0801,10.5633,-0.0519,-0.0048,0.0413,-4.667,0.0518,10.5621,0.1752,-4.767,-0.0414,10.56,0.0418,-0.0,-0.0002,0.0002,0.0003,0.0,38.457,-4.767,-0.0414,10.56,0.0418,0
35.531,-4.7845,-0.0801,10.5651,-0.0497,0.0007,0.0428,-4.6759,0.0234,10.4928,0.1665,-4.7517,-0.033,10.5504,0.0593,0.0,0.0,0.0,0.0,0.0,38.438,-4.7517,-0.033,10.5504,0.0593,0
35.572,-4.7865,-0.08,10.5667,-0.0457,0.0054,0.0349,-4.6759,0.0234,10.4928,0.1684,-4.753,-0.0336,10.5511,0.0593,0.0,0.0001,-0.0001,0.0002,0.0,38.439,-4.753,-0.0336,10.5511,0.0593,0
35.614,-4.7882,-0.0797,10.5681,-0.0385,0.0094,0.0336,-4.6759,0.0234,10.4928,0.17,-4.7546,-0.0343,10.5518,0.0588,0.0,-0.0,0.0001,0.0001,0.0,38.441,-4.7546,-0.0343,10.5518,0.0588,0
35.655,-4.7897,-0.0792,10.5694,-0.0317,0.015,0.0267,-4.7142,-0.1778,10.6188,0.1337,-4.7483,-0.0543,10.5667,0.0484,-0.0,0.0001,-0.0001,0.0001,0.0,38.444,-4.7483,-0.0543,10.5667,0.0484,0
35.697,-4.7909,-0.0785,10.5701,-0.0264,0.0171,0.0105,-4.7142,-0.1778,10.6188,0.1346,-4.7492,-0.0526,10.568,0.0491,0.0001,-0.0001,0.0001,0.0001,0.0,38.445,-4.7492,-0.0526,10.568,0.0491,0
35.739,-4.7918,-0.0778,10.5704,-0.0215,0.0147,0.0063,-4.7142,-0.1778,10.6188,0.1356,-4.7497,-0.0514,10.5686,0.0498,-0.0,-0.0001,-0.0001,0.0002,0.0,38.445,-4.7497,-0.0514,10.5686,0.0498,0
35.78,-4.7927,-0.0773,10.5705,-0.0212,0.0083,-0.0012,-4.7179,0.0063,10.6233,0.124,-4.7519,-0.0407,10.58,0.0557,-0.0,0.0001,0.0,0.0001,0.0,38.447,-4.7519,-0.0407,10.58,0.0557,0
35.822,-4.7935,-0.0772,10.5704,-0.015,0.0009,-0.0054,-4.7179,0.0063,10.6233,0.1244,-4.7537,-0.04,10.5806,0.0553,-0.0,-0.0001,0.0001,0.0001,0.0,38.449,-4.7537,-0.04,10.5806,0.0553,0
35.863,-4.7939,-0.0773,10.5701,-0.0068,-0.0082,-0.006,-4.8553,-0.1475,10.4435,0.1573,-4.7657,-0.058,10.5592,0.0359,0.0001,0.0,0.0001,0.0002,0.0,38.46,-4.7657,-0.058,10.5592,0.0359,0
35.905,-4.794,-0.0778,10.5696,-0.0007,-0.0137,-0.0146,-4.8553,-0.1475,10.4435,0.1566,-4.7649,-0.0579,10.5599,0.0366,0.0,0.0001,0.0,0.0001,0.0,38.459,-4.7649,-0.0579,10.5599,0.0366,0
35.947,-4.794,-0.0785,10.5689,0.0026,-0.018,-0.017,-4.8553,-0.1475,10.4435,0.1558,-4.7637,-0.0581,10.5606,0.0375,0.0,0.0001,0.0001,0.0001,0.0,38.458,-4.7637,-0.0581,10.5606,0.0375,0
35.988,-4.7939,-0.0793,10.5682,0.0011,-0.0218,-0.016,-4.8662,-0.1202,10.3844,0.2017,-4.7803,-0.0707,10.5292,0.0422,0.0,-0.0002,-0.0001,0.0002,0.0,38.47,-4.7803,-0.0707,10.5292,0.0422,0
36.03,-4.7939,-0.0803,10.5677,-0.0021,-0.0234,-0.0083,-4.8662,-0.1202,10.3844,0.2011,-4.7791,-0.0719,10.5295,0.0419,-0.0,-0.0,0.0001,0.0001,0.0,38.469,-4.7791,-0.0719,10.5295,0.0419,0
36.071,-4.7942,-0.0813,10.5674,-0.0091,-0.0234,-0.0074,-4.8662,-0.1202,10.3844,0.2005,-4.7785,-0.0727,10.5299,0.0416,0.0001,0.0001,-0.0001,0.0002,0.0,38.469,-4.7785,-0.0727,10.5299,0.0416,0
36.113,-4.7948,-0.0821,10.5677,-0.0194,-0.0186,0.0203,-4.7291,-0.106,10.6036,0.0785,-4.7717,-0.0836,10.5371,0.0383,0.0001,-0.0002,0.0001,0.0002,0.0,38.467,-4.7717,-0.0836,10.5371,0.0383,0
36.155,-4.7958,-0.0828,10.5688,-0.0278,-0.011,0.0316,-4.7291,-0.106,10.6036,0.0787,-4.7722,-0.0851,10.5372,0.0396,0.0001,-0.0001,-0.0001,0.0001,0.0,38.468,-4.7722,-0.0851,10.5372,0.0396,0
36.196,-4.7971,-0.083,10.5703,-0.0361,0.0002,0.035,-4.8533,-0.0652,10.4498,0.134,-4.7842,-0.0819,10.527,0.0451,0.0001,0.0002,-0.0,0.0002,0.0,38.476,-4.7842,-0.0819,10.527,0.0451,0
36.238,-4.7987,-0.0827,10.571,-0.0409,0.0106,0.0084,-4.8533,-0.0652,10.4498,0.134,-4.7843,-0.0823,10.5282,0.0452,0.0001,0.0001,-0.0,0.0001,0.0,38.476,-4.7843,-0.0823,10.5282,0.0452,0
36.279,-4.8005,-0.082,10.5711,-0.0446,0.02,0.0002,-4.8533,-0.0652,10.4498,0.1333,-4.7847,-0.0826,10.5292,0.0449,0.0001,0.0001,0.0,0.0001,0.0,38.477,-4.7847,-0.0826,10.5292,0.0449,0
36.321,-4.8025,-0.081,10.5711,-0.0492,0.0279,-0.0008,-4.9846,-0.0451,10.4726,0.2101,-4.8206,-0.0734,10.5195,0.0552,-0.0001,0.0001,-0.0001,0.0002,0.0,38.506,-4.8206,-0.0734,10.5195,0.0552,0
36.363,-4.8046,-0.0798,10.5711,-0.0508,0.0314,0.002,-4.9846,-0.0451,10.4726,0.2081,-4.8219,-0.0719,10.52,0.0545,0.0001,-0.0,0.0,0.0001,0.0,38.507,-4.8219,-0.0719,10.52,0.0545,0
36.404,-4.8068,-0.0785,10.5712,-0.0526,0.0308,0.0035,-4.9846,-0.0451,10.4726,0.206,-4.8228,-0.0708,10.5204,0.0538,0.0001,0.0,-0.0004,0.0004,0.0,38.507,-4.8228,-0.0708,10.5204,0.0538,0
36.446,-4.809,-0.0772,10.5713,-0.0549,0.0273,-0.0051,-4.8976,0.1075,10.521,0.211,-4.8339,-0.0382,10.5241,0.0661,0.0001,0.0001,-0.0,0.0001,0.0,38.51,-4.8339,-0.0382,10.5241,0.0661,0
36.487,-4.8113,-0.0762,10.5708,-0.0555,0.0215,-0.0149,-4.8976,0.1075,10.521,0.209,-4.8341,-0.0371,10.5249,0.0645,0.0,0.0001,-0.0001,0.0001,0.0,38.51,-4.8341,-0.0371,10.5249,0.0645,0
36.529,-4.8137,-0.0755,10.5701,-0.0566,0.0144,-0.0164,-4.9152,0.0576,10.6775,0.1989,-4.851,-0.0203,10.5505,0.0695,-0.0001,0.0,-0.0,0.0001,0.0,38.528,-4.851,-0.0203,10.5505,0.0695,0
36.571,-4.816,-0.0751,10.5696,-0.0552,0.006,-0.0111,-4.9152,0.0576,10.6775,0.1978,-4.852,-0.0198,10.5508,0.0686,-0.0,-0.0001,0.0001,0.0002,0.0,38.528,-4.852,-0.0198,10.5508,0.0686,0
36.612,-4.8182,-0.075,10.5692,-0.0504,-0.0022,-0.01,-4.9152,0.0576,10.6775,0.1969,-4.8535,-0.0195,10.5514,0.0682,0.0001,-0.0,-0.0,0.0001,0.0,38.53,-4.8535,-0.0195,10.5514,0.0682,0
36.654,-4.8201,-0.0753,10.5688,-0.0443,-0.0112,-0.0055,-4.8367,-0.1452,10.6013,0.0788,-4.8511,-0.041,10.5576,0.0476,-0.0001,0.0001,-0.0,0.0001,0.0,38.535,-4.8511,-0.041,10.5576,0.0476,0
36.695,-4.8219,-0.0759,10.5689,-0.0391,-0.0174,0.0087,-4.8367,-0.1452,10.6013,0.0779,-4.8519,-0.0416,10.5576,0.047,0.0001,-0.0002,-0.0001,0.0002,0.0,38.536,-4.8519,-0.0416,10.5576,0.047,0
36.737,-4.8234,-0.0768,10.5694,-0.0338,-0.0231,0.0125,-4.8367,-0.1452,10.6013,0.0766,-4.8523,-0.0421,10.5579,0.0467,-0.0001,0.0001,-0.0001,0.0002,0.0,38.536,-4.8523,-0.0421,10.5579,0.0467,0
36.779,-4.8247,-0.0779,10.5699,-0.0304,-0.0285,0.0083,-4.8451,-0.27,10.5182,0.2,-4.8536,-0.0799,10.5531,0.0335,0.0001,-0.0,-0.0002,0.0002,0.0,38.546,-4.8536,-0.0799,10.5531,0.0335,0
36.82,-4.8259,-0.0792,10.5701,-0.0268,-0.0323,0.0031,-4.8451,-0.27,10.5182,0.1987,-4.8543,-0.0801,10.5537,0.0328,0.0001,0.0001,0.0,0.0001,0.0,38.547,-4.8543,-0.0801,10.5537,0.0328,0
36.862,-4.8269,-0.0806,10.5702,-0.0231,-0.0376,0.0013,-4.8451,-0.27,10.5182,0.1972,-4.8551,-0.0808,10.5544,0.0323,0.0001,-0.0,0.0001,0.0001,0.0,38.548,-4.8551,-0.0808,10.5544,0.0323,0
36.903,-4.8278,-0.0823,10.5701,-0.0192,-0.0416,-0.0051,-4.8119,0.0343,10.5737,0.1177,-4.8488,-0.0596,10.5596,0.0327,-0.0001,-0.0,-0.0002,0.0002,0.0,38.538,-4.8488,-0.0596,10.5596,0.0327,0
36.945,-4.8285,-0.0841,10.5698,-0.0148,-0.0432,-0.0089,-4.8119,0.0343,10.5737,0.1196,-4.8495,-0.0599,10.5604,0.0334,-0.0001,-0.0,0.0,0.0001,0.0,38.539,-4.8495,-0.0599,10.5604,0.0334,0
36.987,-4.8291,-0.0859,10.5694,-0.0125,-0.044,-0.0056,-4.8872,-0.2446,10.3646,0.2656,-4.8564,-0.0967,10.5256,0.0528,-0.0001,-0.0001,-0.0002,0.0002,0.0,38.547,-4.8564,-0.0967,10.5256,0.0528,0
37.028,-4.8295,-0.0877,10.5695,-0.0096,-0.0412,0.0067,-4.8872,-0.2446,10.3646,0.2645,-4.857,-0.0993,10.5257,0.0531,-0.0001,0.0,0.0001,0.0001,0.0,38.548,-4.857,-0.0993,10.5257,0.0531,0
37.07,-4.8299,-0.0893,10.5699,-0.0094,-0.0352,0.0093,-4.8872,-0.2446,10.3646,0.2637,-4.8575,-0.1008,10.526,0.0531,-0.0,0.0002,-0.0002,0.0002,0.0,38.549,-4.8575,-0.1008,10.526,0.0531,0
37.111,-4.8303,-0.0905,10.57,-0.0104,-0.027,-0.0023,-4.8279,-0.2252,10.494,0.1546,-4.8557,-0.1246,10.5237,0.0628,-0.0001,-0.0002,0.0001,0.0002,0.0,38.553,-4.8557,-0.1246,10.5237,0.0628,0
37.153,-4.8307,-0.0914,10.5698,-0.0076,-0.0174,-0.0081,-4.8279,-0.2252,10.494,0.1537,-4.8568,-0.1259,10.5243,0.0627,0.0001,-0.0001,-0.0,0.0001,0.0,38.555,-4.8568,-0.1259,10.5243,0.0627,0
37.195,-4.8309,-0.092,10.5694,-0.0038,-0.0077,-0.0103,-4.9919,0.0596,10.5644,0.2212,-4.8786,-0.0935,10.5293,0.0623,0.0001,-0.0003,-0.0002,0.0003,0.0,38.568,-4.8786,-0.0935,10.5293,0.0623,0
37.236,-4.831,-0.0921,10.5694,-0.0004,0.0004,0.0049,-4.9919,0.0596,10.5644,0.2212,-4.8788,-0.0934,10.5292,0.0624,-0.0001,-0.0002,-0.0001,0.0002,0.0,38.568,-4.8788,-0.0934,10.5292,0.0624,0
37.278,-4.8309,-0.0919,10.5697,0.0026,0.0078,0.0098,-4.9919,0.0596,10.5644,0.2211,-4.8789,-0.0929,10.5296,0.0625,-0.0,0.0001,0.0,0.0001,0.0,38.568,-4.8789,-0.0929,10.5296,0.0625,0
37.319,-4.8308,-0.0914,10.5702,0.0041,0.0125,0.0125,-4.8754,-0.1165,10.4438,0.1364,-4.8773,-0.0928,10.5144,0.0726,0.0,-0.0,-0.0003,0.0003,0.0,38.563,-4.8773,-0.0928,10.5144,0.0726,0
37.361,-4.8306,-0.0908,10.5708,0.0067,0.0155,0.0169,-4.8754,-0.1165,10.4438,0.1372,-4.8768,-0.0904,10.5148,0.0726,0.0001,0.0001,-0.0,0.0002,0.0,38.562,-4.8768,-0.0904,10.5148,0.0726,0
37.403,-4.8303,-0.0902,10.5715,0.0079,0.0145,0.0176,-4.8754,-0.1165,10.4438,0.138,-4.8765,-0.0888,10.5152,0.0729,0.0001,0.0002,-0.0002,0.0003,0.0,38.561,-4.8765,-0.0888,10.5152,0.0729,0
37.444,-4.8299,-0.0897,10.5724,0.0065,0.0097,0.0272,-4.907,-0.006,10.6869,0.1615,-4.8825,-0.074,10.5424,0.0625,-0.0001,0.0,-0.0001,0.0001,0.0,38.569,-4.8825,-0.074,10.5424,0.0625,0
37.486,-4.8297,-0.0894,10.5738,0.0062,0.0045,0.0381,-4.907,-0.006,10.6869,0.1605,-4.8825,-0.073,10.5425,0.0635,0.0,0.0001,-0.0001,0.0001,0.0,38.569,-4.8825,-0.073,10.5425,0.0635,0
37.527,-4.8295,-0.0894,10.5755,0.005,-0.0026,0.0406,-4.907,-0.006,10.6869,0.1594,-4.8825,-0.0719,10.543,0.0646,-0.0,0.0002,-0.0001,0.0002,0.0,38.569,-4.8825,-0.0719,10.543,0.0646,0
37.569,-4.8292,-0.0896,10.5771,0.0054,-0.0083,0.0385,-4.9499,0.1398,10.6008,0.2603,-4.8967,-0.0344,10.5541,0.0902,0.0,0.0001,0.0,0.0001,0.0,38.575,-4.8967,-0.0344,10.5541,0.0902,0
37.611,-4.829,-0.0901,10.5787,0.0085,-0.0133,0.035,-4.9499,0.1398,10.6008,0.2607,-4.8976,-0.0335,10.5548,0.0921,-0.0001,-0.0001,-0.0,0.0001,0.0,38.576,-4.8976,-0.0335,10.5548,0.0921,0
37.652,-4.8285,-0.0908,10.5801,0.0122,-0.0207,0.03,-4.8144,-0.0794,10.6032,0.0294,-4.8861,-0.0409,10.566,0.0774,-0.0,-0.0,0.0002,0.0002,0.0,38.569,-4.8861,-0.0409,10.566,0.0774,0
37.694,-4.8279,-0.0918,10.581,0.0165,-0.0267,0.0167,-4.8144,-0.0794,10.6032,0.0289,-4.8876,-0.0407,10.5672,0.0798,0.0,0.0002,0.0,0.0002,0.0,38.571,-4.8876,-0.0407,10.5672,0.0798,0
37.735,-4.8271,-0.0931,10.5816,0.0203,-0.0341,0.0135,-4.8144,-0.0794,10.6032,0.0286,-4.8883,-0.0407,10.5677,0.0817,0.0001,-0.0001,-0.0,0.0002,0.0,38.572,-4.8883,-0.0407,10.5677,0.0817,0
37.777,-4.8262,-0.0947,10.5821,0.0248,-0.0412,0.0185,-4.9845,-0.1416,10.4482,0.2126,-4.9051,-0.0586,10.5457,0.0941,-0.0001,-0.0001,0.0,0.0001,0.0,38.587,-4.9051,-0.0586,10.5457,0.0941,0
37.819,-4.8251,-0.0965,10.5831,0.0269,-0.0453,0.0247,-4.9845,-0.1416,10.4482,0.2136,-4.9055,-0.0591,10.5459,0.0961,-0.0,-0.0,0.0002,0.0002,0.0,38.588,-4.9055,-0.0591,10.5459,0.0961,0
37.86,-4.8239,-0.0985,10.5842,0.0313,-0.0484,0.0272,-4.9845,-0.1416,10.4482,0.2148,-4.9059,-0.06,10.5464,0.0981,0.0002,-0.0002,0.0001,0.0002,0.0,38.588,-4.9059,-0.06,10.5464,0.0981,0
37.902,-4.8225,-0.1005,10.5849,0.0345,-0.0502,0.0005,-4.8419,-0.2594,10.7159,0.2068,-4.8922,-0.0965,10.5827,0.0699,-0.0002,0.0,-0.0001,0.0002,0.0,38.594,-4.8922,-0.0965,10.5827,0.0699,0
37.943,-4.8211,-0.1026,10.5844,0.0338,-0.0478,-0.0183,-4.8419,-0.2594,10.7159,0.2057,-4.8913,-0.0982,10.5842,0.0704,0.0001,0.0001,-0.0,0.0001,0.0,38.594,-4.8913,-0.0982,10.5842,0.0704,0
37.985,-4.8197,-0.1045,10.5835,0.031,-0.0446,-0.0236,-4.8525,-0.1945,10.6184,0.1019,-4.8873,-0.1127,10.5903,0.0684,-0.0,0.0,0.0004,0.0004,0.0,38.595,-4.8873,-0.1127,10.5903,0.0684,0
38.027,-4.8186,-0.1063,10.5825,0.023,-0.0418,-0.0249,-4.8525,-0.1945,10.6184,0.1011,-4.888,-0.113,10.591,0.0703,-0.0001,0.0,0.0001,0.0002,0.0,38.596,-4.888,-0.113,10.591,0.0703,0
38.068,-4.8178,-0.108,10.5814,0.0175,-0.0386,-0.0235,-4.8076,-0.2233,10.5927,0.1163,-4.8725,-0.1332,10.5905,0.0609,0.0001,-0.0001,0.0,0.0001,0.0,38.587,-4.8725,-0.1332,10.5905,0.0609,0
38.11,-4.8172,-0.1096,10.5806,0.0114,-0.0385,-0.0171,-4.8076,-0.2233,10.5927,0.1148,-4.8722,-0.1345,10.5908,0.0613,0.0,-0.0,0.0002,0.0002,0.0,38.587,-4.8722,-0.1345,10.5908,0.0613,0
38.151,-4.8168,-0.1111,10.58,0.0051,-0.0374,-0.0147,-4.8076,-0.2233,10.5927,0.1132,-4.8722,-0.1353,10.5912,0.0615,-0.0001,0.0,-0.0002,0.0002,0.0,38.587,-4.8722,-0.1353,10.5912,0.0615,0
38.193,-4.8167,-0.1126,10.5794,-0.0002,-0.0343,-0.0136,-4.7745,-0.169,10.7739,0.2069,-4.8512,-0.1485,10.6213,0.065,0.0001,0.0002,-0.0,0.0002,0.0,38.578,-4.8512,-0.1485,10.6213,0.065,0
38.235,-4.8169,-0.114,10.5791,-0.0073,-0.0307,-0.0045,-4.7745,-0.169,10.7739,0.2068,-4.8501,-0.1509,10.6214,0.0653,0.0001,-0.0,-0.0001,0.0002,0.0,38.578,-4.8501,-0.1509,10.6214,0.0653,0
38.276,-4.8174,-0.115,10.579,-0.0149,-0.0203,-0.0021,-4.7745,-0.169,10.7739,0.2068,-4.8489,-0.1545,10.622,0.0663,0.0002,-0.0001,-0.0,0.0002,0.0,38.578,-4.8489,-0.1545,10.622,0.0663,0
38.318,-4.8183,-0.1156,10.579,-0.0274,-0.0061,0.0034,-4.792,-0.2688,10.5309,0.1627,-4.8432,-0.1735,10.6057,0.0685,-0.0002,-0.0,0.0,0.0002,0.0,38.574,-4.8432,-0.1735,10.6057,0.0685,0
38.359,-4.8196,-0.1155,10.5792,-0.0358,0.0064,0.0068,-4.792,-0.2688,10.5309,0.163,-4.8446,-0.1751,10.6062,0.07,0.0,0.0,0.0001,0.0001,0.0,38.576,-4.8446,-0.1751,10.6062,0.07,0
38.401,-4.8213,-0.1149,10.5795,-0.0421,0.0214,0.0077,-4.792,-0.2688,10.5309,0.164,-4.8458,-0.1758,10.6066,0.071,0.0,0.0001,0.0001,0.0002,0.0,38.577,-4.8458,-0.1758,10.6066,0.071,0
38.443,-4.8231,-0.1137,10.5797,-0.0439,0.0348,0.0025,-4.8182,-0.2303,10.6008,0.1185,-4.8412,-0.1869,10.6076,0.0804,-0.0001,0.0,-0.0,0.0001,0.0,38.576,-4.8412,-0.1869,10.6076,0.0804,0
38.484,-4.8249,-0.112,10.5798,-0.0435,0.0456,0.0005,-4.8182,-0.2303,10.6008,0.1203,-4.8421,-0.1872,10.608,0.0821,0.0,0.0,-0.0,0.0,0.0,38.577,-4.8421,-0.1872,10.608,0.0821,0
38.526,-4.8267,-0.1099,10.5798,-0.0412,0.0529,-0.0014,-4.8937,-0.1473,10.658,0.1096,-4.8512,-0.1803,10.6179,0.0837,-0.0001,-0.0,0.0001,0.0001,0.0,38.586,-4.8512,-0.1803,10.6179,0.0837,0
38.567,-4.8283,-0.1077,10.5796,-0.0373,0.0552,-0.0067,-4.8937,-0.1473,10.658,0.1095,-4.8517,-0.1801,10.6185,0.0855,0.0,0.0001,0.0001,0.0001,0.0,38.586,-4.8517,-0.1801,10.6185,0.0855,0
38.609,-4.8298,-0.1053,10.5792,-0.0364,0.0561,-0.0082,-4.8937,-0.1473,10.658,0.1097,-4.8523,-0.1797,10.6192,0.0874,-0.0001,0.0,-0.0,0.0001,0.0,38.587,-4.8523,-0.1797,10.6192,0.0874,0
38.651,-4.8313,-0.1031,10.5789,-0.0364,0.054,-0.005,-4.9447,-0.1043,10.5617,0.1147,-4.8693,-0.1605,10.6067,0.0743,-0.0002,-0.0,0.0003,0.0003,0.0,38.595,-4.8693,-0.1605,10.6067,0.0743,0
38.692,-4.8329,-0.1009,10.5791,-0.0374,0.0487,0.0098,-4.9447,-0.1043,10.5617,0.1132,-4.8703,-0.1577,10.6067,0.0733,-0.0,-0.0001,0.0001,0.0001,0.0,38.595,-4.8703,-0.1577,10.6067,0.0733,0
38.734,-4.8345,-0.099,10.5796,-0.0393,0.0425,0.014,-4.9447,-0.1043,10.5617,0.1118,-4.871,-0.1559,10.607,0.073,0.0001,-0.0001,-0.0001,0.0002,0.0,38.595,-4.871,-0.1559,10.607,0.073,0
38.775,-4.8361,-0.0975,10.5802,-0.0381,0.0321,0.0158,-4.9204,-0.2458,10.6728,0.1941,-4.8814,-0.1689,10.6187,0.0929,-0.0,-0.0001,-0.0001,0.0001,0.0,38.611,-4.8814,-0.1689,10.6187,0.0929,0
38.817,-4.8377,-0.0964,10.5809,-0.036,0.0195,0.0171,-4.9204,-0.2458,10.6728,0.1939,-4.8823,-0.1678,10.6191,0.0924,0.0001,-0.0001,-0.0002,0.0003,0.0,38.612,-4.8823,-0.1678,10.6191,0.0924,0
38.859,-4.8391,-0.0959,10.5816,-0.0329,0.005,0.0171,-4.8454,-0.0667,10.5298,0.0598,-4.8745,-0.1503,10.6047,0.0689,0.0001,-0.0001,0.0002,0.0002,0.0,38.597,-4.8745,-0.1503,10.6047,0.0689,0
38.9,-4.8403,-0.096,10.5823,-0.0271,-0.0086,0.0164,-4.8454,-0.0667,10.5298,0.0604,-4.8745,-0.1501,10.6051,0.0679,-0.0001,-0.0001,0.0,0.0001,0.0,38.597,-4.8745,-0.1501,10.6051,0.0679,0
38.942,-4.8414,-0.0967,10.583,-0.0231,-0.0202,0.0164,-4.8454,-0.0667,10.5298,0.0612,-4.8742,-0.1504,10.6057,0.0669,-0.0,-0.0,-0.0001,0.0001,0.0,38.597,-4.8742,-0.1504,10.6057,0.0669,0
38.983,-4.8423,-0.0977,10.5837,-0.022,-0.0298,0.017,-4.8454,-0.0667,10.5298,0.0623,-4.8739,-0.1508,10.6061,0.0657,-0.0001,-0.0,0.0001,0.0002,0.0,38.596,-4.8739,-0.1508,10.6061,0.0657,0
39.025,-4.8432,-0.0991,10.5846,-0.0219,-0.0345,0.0249,-4.8748,-0.202,10.7239,0.1761,-4.8762,-0.1624,10.6258,0.0824,0.0001,-0.0001,-0.0003,0.0003,0.0,38.606,-4.8762,-0.1624,10.6258,0.0824,0
39.067,-4.8441,-0.1006,10.5857,-0.0225,-0.036,0.0283,-4.8748,-0.202,10.7239,0.1741,-4.8764,-0.1636,10.6261,0.0815,-0.0,0.0,0.0,0.0001,0.0,38.607,-4.8764,-0.1636,10.6261,0.0815,0
39.108,-4.8451,-0.102,10.5869,-0.0245,-0.0319,0.0301,-4.9766,0.0408,10.5734,0.1946,-4.8957,-0.1272,10.6177,0.0643,0.0001,-0.0001,0.0002,0.0002,0.0,38.613,-4.8957,-0.1272,10.6177,0.0643,0
39.15,-4.8461,-0.1032,10.5881,-0.0251,-0.0277,0.029,-4.9766,0.0408,10.5734,0.1949,-4.8964,-0.1275,10.6182,0.0633,-0.0,-0.0,0.0,0.0,0.0,38.614,-4.8964,-0.1275,10.6182,0.0633,0
39.191,-4.8472,-0.1044,10.5894,-0.0253,-0.0249,0.0296,-4.8636,-0.2123,10.6648,0.1327,-4.8922,-0.1446,10.6263,0.0708,-0.0,0.0001,-0.0,0.0001,0.0,38.617,-4.8922,-0.1446,10.6263,0.0708,0
39.233,-4.8482,-0.1053,10.5906,-0.0251,-0.0211,0.0298,-4.8636,-0.2123,10.6648,0.1311,-4.893,-0.1454,10.6267,0.0702,0.0001,0.0001,-0.0001,0.0002,0.0,38.618,-4.893,-0.1454,10.6267,0.0702,0
39.275,-4.8493,-0.1061,10.5918,-0.0248,-0.017,0.0273,-4.8636,-0.2123,10.6648,0.1297,-4.8944,-0.1466,10.6275,0.0703,0.0001,-0.0001,-0.0001,0.0002,0.0,38.619,-4.8944,-0.1466,10.6275,0.0703,0
39.316,-4.8503,-0.1067,10.5928,-0.0225,-0.0153,0.0176,-4.9833,-0.1086,10.5239,0.1499,-4.9093,-0.1395,10.6149,0.0711,-0.0001,0.0,-0.0002,0.0002,0.0,38.629,-4.9093,-0.1395,10.6149,0.0711,0
39.358,-4.8512,-0.1073,10.5929,-0.0209,-0.0134,-0.0066,-4.9833,-0.1086,10.5239,0.1491,-4.9101,-0.1398,10.6166,0.0713,-0.0001,-0.0,-0.0,0.0001,0.0,38.63,-4.9101,-0.1398,10.6166,0.0713,0
39.399,-4.852,-0.1079,10.5924,-0.0172,-0.0142,-0.0138,-4.9833,-0.1086,10.5239,0.1482,-4.9105,-0.14,10.6173,0.0712,-0.0001,0.0,0.0,0.0001,0.0,38.63,-4.9105,-0.14,10.6173,0.0712,0
39.441,-4.8526,-0.1085,10.592,-0.0143,-0.0154,0.0062,-5.0037,0.034,10.6204,0.2096,-4.9302,-0.1162,10.6111,0.0802,0.0002,-0.0,-0.0001,0.0002,0.0,38.641,-4.9302,-0.1162,10.6111,0.0802,0
39.483,-4.8531,-0.1091,10.593,-0.0093,-0.0099,0.032,-5.0037,0.034,10.6204,0.2095,-4.9312,-0.1178,10.6108,0.0806,-0.0001,-0.0,0.0001,0.0001,0.0,38.642,-4.9312,-0.1178,10.6108,0.0806,0
39.524,-4.8533,-0.1093,10.5946,-0.0017,-0.0023,0.0424,-5.0037,0.034,10.6204,0.2093,-4.9324,-0.1198,10.611,0.0815,-0.0,-0.0002,0.0001,0.0002,0.0,38.644,-4.9324,-0.1198,10.611,0.0815,0
39.566,-4.8532,-0.1092,10.5963,0.0059,0.006,0.0402,-5.1089,-0.0853,10.5867,0.257,-4.9642,-0.1118,10.6085,0.1117,0.0,0.0,0.0001,0.0001,0.0,38.671,-4.9642,-0.1118,10.6085,0.1117,0
39.607,-4.8528,-0.1088,10.5979,0.0119,0.0127,0.0371,-5.1089,-0.0853,10.5867,0.2574,-4.9652,-0.1119,10.6092,0.113,0.0001,-0.0001,0.0,0.0002,0.0,38.672,-4.9652,-0.1119,10.6092,0.113,0
39.649,-4.8522,-0.1081,10.5994,0.0162,0.0189,0.0299,-4.7645,-0.163,10.528,0.1257,-4.9292,-0.1207,10.5992,0.078,0.0,-0.0,0.0001,0.0001,0.0,38.639,-4.9292,-0.1207,10.5992,0.078,0
39.691,-4.8514,-0.1073,10.6002,0.0215,0.0211,0.0121,-4.7645,-0.163,10.528,0.126,-4.9286,-0.1204,10.6006,0.0783,-0.0001,-0.0,-0.0001,0.0001,0.0,38.638,-4.9286,-0.1204,10.6006,0.0783,0
39.732,-4.8505,-0.1063,10.6005,0.0243,0.0228,0.0077,-4.7645,-0.163,10.528,0.1259,-4.928,-0.12,10.6012,0.0787,-0.0001,-0.0001,-0.0001,0.0002,0.0,38.638,-4.928,-0.12,10.6012,0.0787,0
39.774,-4.8495,-0.1054,10.6006,0.0224,0.0251,-0.0041,-4.8479,-0.0704,10.5065,0.1004,-4.9109,-0.1131,10.5886,0.063,0.0,0.0001,-0.0003,0.0003,0.0,38.617,-4.9109,-0.1131,10.5886,0.063,0
39.815,-4.8486,-0.1043,10.6003,0.0187,0.0269,-0.009,-4.8479,-0.0704,10.5065,0.0997,-4.9098,-0.1132,10.5891,0.0628,-0.0001,-0.0,-0.0001,0.0001,0.0,38.616,-4.9098,-0.1132,10.5891,0.0628,0
39.857,-4.848,-0.1031,10.5999,0.0094,0.029,-0.0099,-4.8976,-0.0661,10.4429,0.1687,-4.9081,-0.1016,10.5611,0.0715,-0.0001,0.0,-0.0,0.0001,0.0,38.605,-4.9081,-0.1016,10.5611,0.0715,0
39.899,-4.8479,-0.1019,10.6001,-0.0012,0.0284,0.0147,-4.8976,-0.0661,10.4429,0.1687,-4.9079,-0.1005,10.5608,0.0718,-0.0,0.0,-0.0001,0.0001,0.0,38.604,-4.9079,-0.1005,10.5608,0.0718,0
39.94,-4.8482,-0.1008,10.601,-0.01,0.0232,0.0213,-4.8976,-0.0661,10.4429,0.1692,-4.9081,-0.0989,10.5611,0.072,0.0,0.0001,0.0003,0.0003,0.0,38.604,-4.9081,-0.0989,10.5611,0.072,0
39.982,-4.8487,-0.1,10.6018,-0.016,0.0155,0.0191,-4.6955,-0.1956,10.5085,0.2033,-4.877,-0.1167,10.5537,0.0583,0.0,0.0,0.0001,0.0001,0.0,38.578,-4.877,-0.1167,10.5537,0.0583,0
40.023,-4.8494,-0.0995,10.6026,-0.0168,0.0092,0.0174,-4.6955,-0.1956,10.5085,0.2044,-4.8794,-0.1168,10.5544,0.0594,-0.0,-0.0001,0.0001,0.0001,0.0,38.581,-4.8794,-0.1168,10.5544,0.0594,0
40.065,-4.8501,-0.0992,10.6033,-0.0155,0.0048,0.0175,-4.6955,-0.1956,10.5085,0.2053,-4.881,-0.117,10.5548,0.0602,0.0,0.0001,-0.0,0.0001,0.0,38.582,-4.881,-0.117,10.5548,0.0602,0
40.107,-4.8506,-0.0991,10.6042,-0.0085,0.0004,0.0234,-4.6964,-0.1435,10.6684,0.1728,-4.8519,-0.1158,10.5733,0.0351,0.0,0.0001,-0.0003,0.0003,0.0,38.559,-4.8519,-0.1158,10.5733,0.0351,0
40.148,-4.8508,-0.0993,10.6052,-0.0004,-0.0054,0.0266,-4.6964,-0.1435,10.6684,0.1725,-4.8531,-0.115,10.5736,0.0354,-0.0001,0.0001,-0.0,0.0001,0.0,38.56,-4.8531,-0.115,10.5736,0.0354,0
40.19,-4.8506,-0.0997,10.6063,0.0063,-0.0134,0.0267,-4.8254,-0.127,10.4231,0.187,-4.8474,-0.121,10.5484,0.0618,0.0,-0.0001,-0.0001,0.0001,0.0,38.55,-4.8474,-0.121,10.5484,0.0618,0
40.231,-4.8502,-0.1004,10.6075,0.0146,-0.0193,0.0272,-4.8254,-0.127,10.4231,0.188,-4.8475,-0.1221,10.5488,0.0626,-0.0,0.0002,-0.0001,0.0003,0.0,38.551,-4.8475,-0.1221,10.5488,0.0626,0
40.273,-4.8494,-0.1013,10.6086,0.0202,-0.0222,0.0275,-4.8254,-0.127,10.4231,0.1889,-4.8473,-0.124,10.5494,0.0634,-0.0001,0.0,-0.0001,0.0001,0.0,38.551,-4.8473,-0.124,10.5494,0.0634,0
40.315,-4.8485,-0.1022,10.6099,0.0228,-0.0223,0.0396,-4.9716,-0.0411,10.529,0.1595,-4.8655,-0.1081,10.5436,0.0687,-0.0001,-0.0002,0.0,0.0002,0.0,38.563,-4.8655,-0.1081,10.5436,0.0687,0
40.356,-4.8476,-0.1031,10.6118,0.022,-0.0221,0.0471,-4.9716,-0.0411,10.529,0.1615,-4.864,-0.1089,10.5439,0.0701,0.0001,0.0,0.0002,0.0002,0.0,38.562,-4.864,-0.1089,10.5439,0.0701,0
40.398,-4.8468,-0.104,10.6138,0.0151,-0.0214,0.0422,-4.8468,-0.0766,10.8091,0.1972,-4.8582,-0.104,10.5926,0.024,0.0,-0.0,0.0001,0.0001,0.0,38.566,-4.8582,-0.104,10.5926,0.024,0
40.439,-4.8464,-0.1049,10.6149,0.0053,-0.0204,0.0171,-4.8468,-0.0766,10.8091,0.1963,-4.856,-0.1046,10.5944,0.0227,0.0001,-0.0001,0.0002,0.0003,0.0,38.565,-4.856,-0.1046,10.5944,0.0227,0
40.481,-4.8465,-0.1057,10.6154,-0.0095,-0.0192,0.0093,-4.8468,-0.0766,10.8091,0.1959,-4.855,-0.1051,10.595,0.0221,0.0,-0.0001,0.0001,0.0002,0.0,38.564,-4.855,-0.1051,10.595,0.0221,0
40.523,-4.8473,-0.1065,10.6158,-0.025,-0.018,0.0169,-5.1156,-0.1888,10.6251,0.2808,-4.9055,-0.1234,10.5978,0.0633,0.0,0.0002,0.0002,0.0003,0.0,38.617,-4.9055,-0.1234,10.5978,0.0633,0
40.564,-4.8485,-0.1072,10.6168,-0.0317,-0.0149,0.028,-5.1156,-0.1888,10.6251,0.2794,-4.9073,-0.1246,10.5979,0.0641,0.0,0.0001,0.0001,0.0001,0.0,38.619,-4.9073,-0.1246,10.5979,0.0641,0
40.606,-4.8498,-0.1077,10.6181,-0.0331,-0.0099,0.0315,-4.9151,-0.2349,10.7237,0.1778,-4.9103,-0.1445,10.6225,0.0709,-0.0,0.0001,-0.0001,0.0001,0.0,38.633,-4.9103,-0.1445,10.6225,0.0709,0
40.647,-4.8512,-0.108,10.6188,-0.0316,-0.0045,0.0114,-4.9151,-0.2349,10.7237,0.1766,-4.912,-0.1454,10.6235,0.0715,0.0001,0.0001,-0.0001,0.0002,0.0,38.635,-4.912,-0.1454,10.6235,0.0715,0
40.689,-4.8524,-0.1079,10.6192,-0.0252,0.0055,0.007,-4.9151,-0.2349,10.7237,0.176,-4.9144,-0.1465,10.6244,0.0732,-0.0,0.0001,-0.0002,0.0003,0.0,38.637,-4.9144,-0.1465,10.6244,0.0732,0
40.731,-4.8533,-0.1075,10.6194,-0.0168,0.0152,0.0043,-4.852,-0.0617,10.4968,0.1309,-4.9052,-0.1299,10.6042,0.0586,0.0001,0.0001,0.0001,0.0002,0.0,38.62,-4.9052,-0.1299,10.6042,0.0586,0
40.772,-4.8538,-0.1067,10.6196,-0.0082,0.0215,0.0036,-4.852,-0.0617,10.4968,0.1308,-4.9067,-0.129,10.6048,0.0593,-0.0,-0.0,-0.0,0.0,0.0,38.621,-4.9067,-0.129,10.6048,0.0593,0
40.814,-4.8539,-0.1057,10.6197,0.0023,0.0275,0.0046,-4.852,-0.0617,10.4968,0.1306,-4.9073,-0.1282,10.6052,0.0598,-0.0001,0.0001,-0.0002,0.0002,0.0,38.621,-4.9073,-0.1282,10.6052,0.0598,0
40.855,-4.8536,-0.1044,10.6203,0.0098,0.0312,0.0213,-4.8305,-0.2377,10.5824,0.1404,-4.8909,-0.1474,10.5984,0.061,-0.0001,-0.0001,-0.0001,0.0002,0.0,38.61,-4.8909,-0.1474,10.5984,0.061,0
40.897,-4.8531,-0.1031,10.6214,0.0118,0.0324,0.0288,-4.8305,-0.2377,10.5824,0.1419,-4.8902,-0.1469,10.5986,0.0618,0.0,0.0,0.0001,0.0001,0.0,38.609,-4.8902,-0.1469,10.5986,0.0618,0
40.939,-4.8526,-0.1018,10.6225,0.0138,0.0305,0.0162,-4.9555,-0.2313,10.6274,0.1656,-4.9029,-0.1625,10.6085,0.0801,0.0,0.0001,-0.0001,0.0001,0.0,38.627,-4.9029,-0.1625,10.6085,0.0801,0
40.98,-4.852,-0.1005,10.6227,0.0144,0.0293,-0.0012,-4.9555,-0.2313,10.6274,0.1669,-4.9029,-0.1627,10.6095,0.0814,0.0001,-0.0001,0.0,0.0001,0.0,38.628,-4.9029,-0.1627,10.6095,0.0814,0
41.022,-4.8514,-0.0994,10.6225,0.0134,0.0265,-0.0077,-4.8683,-0.0808,10.9501,0.3285,-4.9,-0.1467,10.6648,0.0799,0.0,0.0,-0.0001,0.0001,0.0,38.634,-4.9,-0.1467,10.6648,0.0799,0
41.063,-4.8508,-0.0983,10.6224,0.0133,0.0246,0.0005,-4.8683,-0.0808,10.9501,0.3286,-4.9008,-0.1461,10.665,0.0812,0.0001,0.0001,0.0,0.0002,0.0,38.634,-4.9008,-0.1461,10.665,0.0812,0
41.105,-4.8503,-0.0974,10.6225,0.0119,0.0205,0.0023,-4.8683,-0.0808,10.9501,0.3285,-4.9021,-0.1454,10.6655,0.0827,-0.0,0.0,0.0002,0.0002,0.0,38.635,-4.9021,-0.1454,10.6655,0.0827,0
41.147,-4.8498,-0.0966,10.6225,0.0121,0.0165,-0.0019,-4.8203,-0.0221,10.6076,0.0815,-4.8882,-0.1223,10.6573,0.0578,-0.0,-0.0,-0.0,0.0,0.0,38.614,-4.8882,-0.1223,10.6573,0.0578,0
41.188,-4.8493,-0.096,10.6223,0.0138,0.0124,-0.0061,-4.8203,-0.0221,10.6076,0.0807,-4.889,-0.121,10.6581,0.059,-0.0002,0.0,-0.0001,0.0002,0.0,38.615,-4.889,-0.121,10.6581,0.059,0
41.23,-4.8487,-0.0957,10.622,0.0147,0.0063,-0.007,-4.8203,-0.0221,10.6076,0.0801,-4.8895,-0.1203,10.6586,0.0601,-0.0,0.0001,-0.0004,0.0004,0.0,38.615,-4.8895,-0.1203,10.6586,0.0601,0
41.271,-4.848,-0.0955,10.622,0.0179,0.001,0.0046,-4.8398,-0.0798,10.506,0.1173,-4.8741,-0.1096,10.6311,0.031,-0.0,-0.0,-0.0001,0.0001,0.0,38.592,-4.8741,-0.1096,10.6311,0.031,0
41.313,-4.8473,-0.0956,10.6223,0.0152,-0.0052,0.0093,-4.8398,-0.0798,10.506,0.1176,-4.8727,-0.1085,10.6314,0.0299,-0.0001,-0.0001,0.0,0.0001,0.0,38.59,-4.8727,-0.1085,10.6314,0.0299,0
41.355,-4.8468,-0.096,10.6227,0.0078,-0.0131,0.0099,-4.8398,-0.0798,10.506,0.118,-4.8707,-0.1071,10.6321,0.028,-0.0,-0.0001,-0.0001,0.0001,0.0,38.588,-4.8707,-0.1071,10.6321,0.028,0
41.396,-4.8467,-0.0967,10.6231,-0.0001,-0.0203,0.0095,-4.7553,-0.1407,10.4914,0.1662,-4.8531,-0.1149,10.6083,0.0243,0.0001,0.0001,0.0001,0.0002,0.0,38.568,-4.8531,-0.1149,10.6083,0.0243,0
41.438,-4.8469,-0.0977,10.6235,-0.0099,-0.0275,0.0089,-4.7553,-0.1407,10.4914,0.1664,-4.8531,-0.1152,10.6089,0.0236,-0.0,-0.0,-0.0002,0.0002,0.0,38.568,-4.8531,-0.1152,10.6089,0.0236,0
41.479,-4.8475,-0.099,10.6239,-0.0187,-0.0315,0.01,-4.768,-0.0569,10.7426,0.1489,-4.8402,-0.1071,10.6304,0.0127,0.0001,0.0,-0.0001,0.0001,0.0,38.559,-4.8402,-0.1071,10.6304,0.0127,0
41.521,-4.8485,-0.1003,10.6245,-0.0264,-0.0322,0.0168,-4.768,-0.0569,10.7426,0.1494,-4.8417,-0.1084,10.6307,0.0123,0.0001,0.0001,-0.0001,0.0001,0.0,38.561,-4.8417,-0.1084,10.6307,0.0123,0
41.563,-4.8497,-0.1017,10.6252,-0.0319,-0.0321,0.0169,-4.768,-0.0569,10.7426,0.1499,-4.8429,-0.1094,10.6311,0.0119,0.0002,-0.0001,-0.0001,0.0002,0.0,38.562,-4.8429,-0.1094,10.6311,0.0119,0
41.604,-4.8511,-0.1029,10.6257,-0.0345,-0.0287,0.0099,-4.6517,0.0333,10.4661,0.2895,-4.8102,-0.086,10.6058,0.0486,0.0,0.0002,-0.0001,0.0002,0.0,38.52,-4.8102,-0.086,10.6058,0.0486,0
41.646,-4.8526,-0.104,10.626,-0.0361,-0.0246,0.0062,-4.6517,0.0333,10.4661,0.2912,-4.8109,-0.0866,10.6063,0.0493,-0.0001,0.0001,-0.0001,0.0002,0.0,38.521,-4.8109,-0.0866,10.6063,0.0493,0
41.687,-4.8541,-0.105,10.6263,-0.0367,-0.0208,0.0057,-4.8831,-0.2099,10.6503,0.1115,-4.8207,-0.1088,10.6128,0.0362,0.0001,-0.0001,-0.0001,0.0002,0.0,38.537,-4.8207,-0.1088,10.6128,0.0362,0
41.729,-4.8557,-0.1057,10.6267,-0.0376,-0.0161,0.0142,-4.8831,-0.2099,10.6503,0.1103,-4.8206,-0.1092,10.613,0.0378,0.0,-0.0,0.0004,0.0004,0.0,38.537,-4.8206,-0.1092,10.613,0.0378,0
41.771,-4.8573,-0.1064,10.6274,-0.0397,-0.0151,0.0178,-4.8831,-0.2099,10.6503,0.1091,-4.8205,-0.1098,10.6135,0.0395,-0.0001,0.0001,0.0002,0.0002,0.0,38.537,-4.8205,-0.1098,10.6135,0.0395,0
41.812,-4.859,-0.107,10.6283,-0.0453,-0.0142,0.0239,-4.8555,-0.1415,10.5798,0.0597,-4.8276,-0.1193,10.6069,0.0399,-0.0,-0.0001,0.0,0.0001,0.0,38.545,-4.8276,-0.1193,10.6069,0.0399,0
41.854,-4.8611,-0.1075,10.6294,-0.0505,-0.0103,0.0285,-4.8555,-0.1415,10.5798,0.0604,-4.8284,-0.1212,10.6073,0.0417,-0.0001,-0.0001,0.0,0.0001,0.0,38.546,-4.8284,-0.1212,10.6073,0.0417,0
41.895,-4.8633,-0.1078,10.6306,-0.0546,-0.0049,0.03,-4.8555,-0.1415,10.5798,0.0615,-4.8291,-0.1223,10.6077,0.0436,0.0001,-0.0,-0.0001,0.0001,0.0,38.547,-4.8291,-0.1223,10.6077,0.0436,0
41.937,-4.8656,-0.1079,10.6318,-0.0576,0.0002,0.0223,-4.7949,0.0451,10.522,0.2011,-4.828,-0.0921,10.5956,0.0545,0.0,-0.0,-0.0001,0.0001,0.0,38.535,-4.828,-0.0921,10.5956,0.0545,0
41.979,-4.868,-0.1078,10.6325,-0.0569,0.005,0.0139,-4.7949,0.0451,10.522,0.2023,-4.8296,-0.0923,10.5963,0.055,0.0001,-0.0002,-0.0,0.0002,0.0,38.537,-4.8296,-0.0923,10.5963,0.055,0
42.02,-4.8703,-0.1075,10.633,-0.0534,0.0089,0.0112,-4.9141,-0.2106,10.7262,0.1457,-4.8449,-0.1111,10.6162,0.0307,-0.0001,-0.0,-0.0001,0.0001,0.0,38.561,-4.8449,-0.1111,10.6162,0.0307,0
42.062,-4.8724,-0.107,10.6339,-0.0489,0.0114,0.0282,-4.9141,-0.2106,10.7262,0.1448,-4.846,-0.1107,10.6161,0.0321,0.0,-0.0001,0.0001,0.0002,0.0,38.562,-4.846,-0.1107,10.6161,0.0321,0
42.103,-4.8744,-0.1065,10.6352,-0.045,0.0122,0.0317,-4.9132,-0.168,10.5914,0.0849,-4.8561,-0.1212,10.6136,0.0319,0.0,0.0002,-0.0001,0.0002,0.0,38.574,-4.8561,-0.1212,10.6136,0.0319,0
42.145,-4.8761,-0.106,10.6363,-0.0389,0.013,0.024,-4.9132,-0.168,10.5914,0.0851,-4.8563,-0.1214,10.6142,0.0334,0.0001,0.0001,-0.0002,0.0002,0.0,38.574,-4.8563,-0.1214,10.6142,0.0334,0
42.187,-4.8777,-0.1054,10.6372,-0.0354,0.0154,0.0207,-4.9132,-0.168,10.5914,0.0853,-4.8563,-0.1216,10.615,0.0348,0.0001,0.0001,-0.0,0.0001,0.0,38.574,-4.8563,-0.1216,10.615,0.0348,0
42.228,-4.8791,-0.1047,10.638,-0.0337,0.0182,0.0199,-4.8861,-0.0699,10.6326,0.0359,-4.8619,-0.1096,10.6174,0.0273,-0.0001,-0.0,0.0001,0.0001,0.0,38.577,-4.8619,-0.1096,10.6174,0.0273,0
42.27,-4.8805,-0.1039,10.639,-0.0348,0.021,0.0248,-4.8861,-0.0699,10.6326,0.035,-4.8619,-0.1081,10.6178,0.0285,-0.0,0.0,0.0001,0.0001,0.0,38.577,-4.8619,-0.1081,10.6178,0.0285,0
42.311,-4.882,-0.103,10.6401,-0.0375,0.0208,0.028,-4.8861,-0.0699,10.6326,0.0342,-4.8621,-0.107,10.6181,0.03,-0.0,0.0,0.0001,0.0001,0.0,38.577,-4.8621,-0.107,10.6181,0.03,0
42.353,-4.8836,-0.1022,10.6412,-0.0411,0.0158,0.0213,-4.7817,-0.1483,10.6095,0.1163,-4.8493,-0.1092,10.6189,0.0415,-0.0002,0.0001,0.0002,0.0003,0.0,38.565,-4.8493,-0.1092,10.6189,0.0415,0
42.395,-4.8854,-0.1017,10.6419,-0.0418,0.008,0.017,-4.7817,-0.1483,10.6095,0.1182,-4.8496,-0.1079,10.6195,0.0427,-0.0,0.0,0.0001,0.0001,0.0,38.565,-4.8496,-0.1079,10.6195,0.0427,0
42.436,-4.8872,-0.1017,10.6426,-0.0428,-0.0035,0.0144,-4.8898,-0.081,10.7938,0.1527,-4.8614,-0.102,10.6484,0.0264,0.0,-0.0001,0.0002,0.0002,0.0,38.582,-4.8614,-0.102,10.6484,0.0264,0
42.478,-4.8889,-0.1021,10.6433,-0.0414,-0.0161,0.0204,-4.8898,-0.081,10.7938,0.1519,-4.8631,-0.1013,10.6486,0.0263,-0.0,0.0001,-0.0,0.0001,0.0,38.583,-4.8631,-0.1013,10.6486,0.0263,0
42.519,-4.8905,-0.1031,10.6442,-0.0359,-0.0291,0.0211,-4.8898,-0.081,10.7938,0.1512,-4.8657,-0.1009,10.6492,0.0255,-0.0001,-0.0001,-0.0001,0.0001,0.0,38.586,-4.8657,-0.1009,10.6492,0.0255,0
42.561,-4.8919,-0.1045,10.6451,-0.0289,-0.0404,0.0167,-5.0945,-0.1636,10.5632,0.2264,-4.9047,-0.1139,10.6379,0.0174,-0.0,0.0001,-0.0001,0.0001,0.0,38.623,-4.9047,-0.1139,10.6379,0.0174,0
42.603,-4.8929,-0.1064,10.6454,-0.0195,-0.0474,0.0027,-5.0945,-0.1636,10.5632,0.2252,-4.9062,-0.1154,10.6391,0.0173,0.0001,-0.0001,-0.0002,0.0002,0.0,38.625,-4.9062,-0.1154,10.6391,0.0173,0
42.644,-4.8935,-0.1085,10.6454,-0.0103,-0.0513,-0.0024,-5.0945,-0.1636,10.5632,0.2241,-4.9069,-0.1166,10.6397,0.0167,-0.0001,-0.0001,-0.0001,0.0001,0.0,38.626,-4.9069,-0.1166,10.6397,0.0167,0
42.686,-4.8937,-0.1106,10.6455,-0.0014,-0.0495,0.0095,-4.8215,-0.0599,10.6431,0.0882,-4.8938,-0.1082,10.6381,0.0078,0.0,-0.0002,0.0,0.0002,0.0,38.611,-4.8938,-0.1082,10.6381,0.0078,0
42.727,-4.8935,-0.1126,10.6461,0.008,-0.0448,0.0146,-4.8215,-0.0599,10.6431,0.0893,-4.8939,-0.1092,10.6384,0.0084,-0.0001,0.0,-0.0001,0.0001,0.0,38.612,-4.8939,-0.1092,10.6384,0.0084,0
42.769,-4.893,-0.1143,10.6467,0.0145,-0.0384,0.0162,-4.9411,-0.0048,10.8212,0.2115,-4.9032,-0.0962,10.6681,0.0298,0.0,0.0001,0.0,0.0001,0.0,38.624,-4.9032,-0.0962,10.6681,0.0298,0
42.811,-4.8923,-0.1157,10.6477,0.0213,-0.0302,0.0277,-4.9411,-0.0048,10.8212,0.2116,-4.9033,-0.0979,10.6682,0.0294,0.0,-0.0,0.0,0.0001,0.0,38.624,-4.9033,-0.0979,10.6682,0.0294,0
42.852,-4.8912,-0.1168,10.649,0.0269,-0.0217,0.0321,-4.9411,-0.0048,10.8212,0.2114,-4.9032,-0.0999,10.6686,0.0286,0.0,-0.0001,-0.0,0.0001,0.0,38.625,-4.9032,-0.0999,10.6686,0.0286,0
42.894,-4.8901,-0.1174,10.6501,0.0276,-0.0105,0.0193,-4.9706,-0.0513,10.6297,0.1061,-4.9126,-0.0919,10.6657,0.0374,0.0,-0.0,0.0001,0.0001,0.0,38.631,-4.9126,-0.0919,10.6657,0.0374,0
42.935,-4.8889,-0.1176,10.6507,0.0272,0.0001,0.0106,-4.9706,-0.0513,10.6297,0.1072,-4.9116,-0.0926,10.6667,0.0374,-0.0,-0.0001,-0.0002,0.0002,0.0,38.63,-4.9116,-0.0926,10.6667,0.0374,0
42.977,-4.8879,-0.1174,10.651,0.0241,0.0098,0.0064,-4.8254,-0.0559,10.5713,0.1185,-4.9017,-0.0843,10.6524,0.0359,0.0001,0.0002,-0.0,0.0002,0.0,38.616,-4.9017,-0.0843,10.6524,0.0359,0
43.019,-4.8869,-0.1168,10.6511,0.0223,0.0149,-0.0014,-4.8254,-0.0559,10.5713,0.1178,-4.9031,-0.083,10.6534,0.0376,0.0,-0.0001,0.0001,0.0001,0.0,38.617,-4.9031,-0.083,10.6534,0.0376,0
43.06,-4.886,-0.1161,10.651,0.021,0.0166,-0.0038,-4.8254,-0.0559,10.5713,0.1169,-4.904,-0.082,10.6539,0.0387,-0.0,0.0001,-0.0,0.0001,0.0,38.618,-4.904,-0.082,10.6539,0.0387,0
43.102,-4.8851,-0.1155,10.6511,0.0228,0.0125,0.0083,-4.7427,0.0019,10.6222,0.1868,-4.8766,-0.0678,10.6467,0.0487,0.0001,0.0,0.0,0.0001,0.0,38.586,-4.8766,-0.0678,10.6467,0.0487,0
43.143,-4.8841,-0.1152,10.6515,0.0246,0.0068,0.0137,-4.7427,0.0019,10.6222,0.1859,-4.8768,-0.0673,10.6469,0.0486,0.0002,-0.0001,0.0002,0.0003,0.0,38.587,-4.8768,-0.0673,10.6469,0.0486,0
43.185,-4.8831,-0.115,10.6521,0.0259,0.0007,0.0141,-5.064,0.0012,10.4166,0.3189,-4.907,-0.0573,10.6107,0.0749,-0.0001,0.0,-0.0001,0.0001,0.0,38.604,-4.907,-0.0573,10.6107,0.0749,0
43.227,-4.882,-0.1151,10.6524,0.027,-0.0042,0.0032,-5.064,0.0012,10.4166,0.3198,-4.9067,-0.0577,10.6115,0.0747,-0.0,-0.0001,0.0001,0.0002,0.0,38.604,-4.9067,-0.0577,10.6115,0.0747,0
43.268,-4.8809,-0.1154,10.6525,0.0236,-0.0079,-0.0005,-5.064,0.0012,10.4166,0.3205,-4.9064,-0.0585,10.6123,0.0742,0.0,-0.0001,0.0001,0.0001,0.0,38.604,-4.9064,-0.0585,10.6123,0.0742,0
43.31,-4.88,-0.1158,10.6523,0.0187,-0.0106,-0.0099,-4.7772,-0.296,10.5336,0.239,-4.8829,-0.1005,10.6016,0.053,0.0,-0.0001,-0.0001,0.0001,0.0,38.591,-4.8829,-0.1005,10.6016,0.053,0
43.351,-4.8794,-0.1161,10.6517,0.0135,-0.0084,-0.0151,-4.7772,-0.296,10.5336,0.2382,-4.8822,-0.1023,10.6025,0.0512,-0.0001,-0.0001,-0.0003,0.0003,0.0,38.591,-4.8822,-0.1023,10.6025,0.0512,0
43.393,-4.879,-0.1164,10.6511,0.0069,-0.0034,-0.0161,-4.8252,-0.1867,10.5886,0.1083,-4.8734,-0.1121,10.6005,0.0511,-0.0,0.0,-0.0,0.0,0.0,38.584,-4.8734,-0.1121,10.6005,0.0511,0
43.435,-4.8788,-0.1164,10.6504,0.003,0.0023,-0.0162,-4.8252,-0.1867,10.5886,0.1078,-4.8734,-0.1114,10.6011,0.0498,-0.0,0.0001,-0.0002,0.0002,0.0,38.584,-4.8734,-0.1114,10.6011,0.0498,0
43.476,-4.8787,-0.1162,10.6497,0.0,0.0054,-0.017,-4.8252,-0.1867,10.5886,0.1075,-4.8736,-0.1107,10.6016,0.0487,-0.0,0.0002,-0.0002,0.0003,0.0,38.585,-4.8736,-0.1107,10.6016,0.0487,0
43.518,-4.8788,-0.116,10.649,-0.003,0.0047,-0.0174,-4.9421,-0.101,10.6946,0.0795,-4.8852,-0.107,10.6204,0.0306,-0.0001,-0.0,0.0,0.0001,0.0,38.599,-4.8852,-0.107,10.6204,0.0306,0
43.559,-4.8789,-0.1159,10.6479,-0.0037,0.0023,-0.0322,-4.9421,-0.101,10.6946,0.08,-4.8854,-0.1061,10.6213,0.029,0.0,0.0,0.0002,0.0002,0.0,38.599,-4.8854,-0.1061,10.6213,0.029,0
43.601,-4.8791,-0.1159,10.6464,-0.005,-0.0047,-0.0369,-4.9421,-0.101,10.6946,0.0807,-4.8857,-0.1049,10.6222,0.0274,-0.0001,0.0001,0.0002,0.0003,0.0,38.599,-4.8857,-0.1049,10.6222,0.0274,0
43.643,-4.8793,-0.1163,10.6449,-0.0048,-0.0132,-0.0329,-4.862,-0.0365,10.5648,0.1143,-4.8751,-0.0934,10.6103,0.0417,-0.0,0.0,0.0003,0.0003,0.0,38.583,-4.8751,-0.0934,10.6103,0.0417,0
43.684,-4.8796,-0.117,10.6438,-0.0088,-0.0189,-0.0213,-4.862,-0.0365,10.5648,0.1141,-4.8727,-0.0932,10.6105,0.0415,-0.0,-0.0001,0.0,0.0001,0.0,38.581,-4.8727,-0.0932,10.6105,0.0415,0
43.726,-4.8801,-0.1179,10.643,-0.0167,-0.0228,-0.0181,-4.862,-0.0365,10.5648,0.1143,-4.8713,-0.0932,10.6108,0.0415,-0.0001,-0.0002,0.0001,0.0003,0.0,38.58,-4.8713,-0.0932,10.6108,0.0415,0
43.767,-4.8811,-0.1189,10.6426,-0.0266,-0.0248,0.0002,-4.9484,-0.0541,10.577,0.1142,-4.8883,-0.092,10.6023,0.049,0.0,0.0002,0.0,0.0002,0.0,38.593,-4.8883,-0.092,10.6023,0.049,0
43.809,-4.8824,-0.1199,10.6429,-0.0354,-0.0213,0.0086,-4.9484,-0.0541,10.577,0.1142,-4.8887,-0.0933,10.6025,0.0488,-0.0001,0.0001,0.0003,0.0003,0.0,38.594,-4.8887,-0.0933,10.6025,0.0488,0
43.851,-4.884,-0.1207,10.6434,-0.0399,-0.0165,0.018,-4.7828,-0.1431,10.6733,0.1079,-4.8754,-0.1003,10.613,0.0376,0.0,0.0001,-0.0,0.0001,0.0,38.586,-4.8754,-0.1003,10.613,0.0376,0
43.892,-4.8857,-0.1212,10.6443,-0.041,-0.0085,0.0254,-4.7828,-0.1431,10.6733,0.1091,-4.877,-0.1006,10.6132,0.0383,0.0,0.0,0.0001,0.0001,0.0,38.588,-4.877,-0.1006,10.6132,0.0383,0
43.934,-4.8872,-0.1213,10.6455,-0.0349,-0.0019,0.0285,-4.7828,-0.1431,10.6733,0.1103,-4.8794,-0.1007,10.6137,0.0387,-0.0,-0.0,-0.0002,0.0002,0.0,38.59,-4.8794,-0.1007,10.6137,0.0387,0
43.975,-4.8885,-0.1213,10.6468,-0.0266,0.0032,0.0401,-4.8381,-0.126,10.5666,0.0949,-4.8773,-0.1055,10.6033,0.0476,0.0,-0.0002,0.0,0.0002,0.0,38.587,-4.8773,-0.1055,10.6033,0.0476,0
44.017,-4.8894,-0.1211,10.6487,-0.0165,0.0062,0.0479,-4.8381,-0.126,10.5666,0.0969,-4.8802,-0.1053,10.6036,0.0487,0.0001,-0.0,0.0002,0.0002,0.0,38.59,-4.8802,-0.1053,10.6036,0.0487,0
44.059,-4.8898,-0.1208,10.6508,-0.0063,0.0086,0.0509,-4.8381,-0.126,10.5666,0.0989,-4.8818,-0.1051,10.6039,0.05,-0.0001,-0.0002,-0.0002,0.0003,0.0,38.591,-4.8818,-0.1051,10.6039,0.05,0
44.1,-4.8899,-0.1204,10.653,0.003,0.0094,0.0572,-4.7424,-0.1669,10.7384,0.1767,-4.8552,-0.1159,10.6259,0.0443,0.0001,0.0001,0.0001,0.0002,0.0,38.574,-4.8552,-0.1159,10.6259,0.0443,0
44.142,-4.8897,-0.1201,10.6556,0.0078,0.0065,0.0661,-4.7424,-0.1669,10.7384,0.1753,-4.8553,-0.1158,10.626,0.0456,0.0,-0.0,0.0,0.0,0.0,38.574,-4.8553,-0.1158,10.626,0.0456,0
44.183,-4.8892,-0.1199,10.6584,0.0107,0.0035,0.0696,-4.8466,-0.1598,10.8085,0.1611,-4.8541,-0.1224,10.6599,0.0353,0.0,0.0001,-0.0001,0.0001,0.0,38.583,-4.854,-0.1224,10.6599,0.0353,0
44.225,-4.8888,-0.1198,10.661,0.0096,-0.0003,0.057,-4.8466,-0.1598,10.8085,0.1586,-4.8541,-0.1223,10.6607,0.0348,-0.0,-0.0,0.0,0.0,0.0,38.583,-4.8541,-0.1223,10.6607,0.0348,0
44.267,-4.8885,-0.1199,10.6633,0.0068,-0.0061,0.0535,-4.7695,-0.2566,10.6266,0.1849,-4.8387,-0.1457,10.6564,0.0564,0.0,-0.0002,-0.0001,0.0002,0.0,38.574,-4.8387,-0.1457,10.6564,0.0564,0
44.308,-4.8883,-0.1203,10.6654,0.0036,-0.0112,0.0487,-4.7695,-0.2566,10.6266,0.1849,-4.8384,-0.1463,10.657,0.0568,0.0001,0.0002,0.0002,0.0003,0.0,38.574,-4.8384,-0.1463,10.657,0.0568,0
44.35,-4.8882,-0.1209,10.6673,0.0003,-0.0144,0.0456,-4.7695,-0.2566,10.6266,0.1849,-4.8382,-0.1474,10.6577,0.0574,-0.0001,0.0,-0.0001,0.0002,0.0,38.574,-4.8382,-0.1474,10.6577,0.0574,0
44.391,-4.8883,-0.1215,10.6692,-0.0049,-0.0154,0.0439,-4.7695,-0.2566,10.6266,0.1849,-4.8382,-0.1482,10.6582,0.0578,-0.0,-0.0,0.0001,0.0001,0.0,38.575,-4.8382,-0.1482,10.6582,0.0578,0
44.433,-4.8886,-0.1221,10.671,-0.0083,-0.0156,0.044,-4.9303,-0.1506,10.6361,0.0614,-4.8534,-0.1452,10.6547,0.0452,-0.0001,0.0002,0.0001,0.0002,0.0,38.587,-4.8534,-0.1452,10.6547,0.0452,0
44.475,-4.889,-0.1229,10.6728,-0.0125,-0.0187,0.0432,-4.9303,-0.1506,10.6361,0.0619,-4.8534,-0.1451,10.6551,0.0456,-0.0001,0.0,0.0002,0.0003,0.0,38.587,-4.8534,-0.1451,10.6551,0.0456,0
44.516,-4.8897,-0.1237,10.6744,-0.0172,-0.0226,0.0217,-4.7496,-0.1215,10.696,0.1418,-4.8399,-0.1404,10.6691,0.0527,0.0,-0.0001,0.0001,0.0002,0.0,38.577,-4.8399,-0.1404,10.6691,0.0527,0
44.558,-4.8904,-0.1247,10.6747,-0.0202,-0.0249,-0.0005,-4.7496,-0.1215,10.696,0.1425,-4.8411,-0.1402,10.6702,0.0519,0.0001,0.0001,0.0,0.0001,0.0,38.578,-4.8411,-0.1402,10.6702,0.0519,0
44.599,-4.8913,-0.1259,10.6745,-0.0213,-0.029,-0.0071,-4.7496,-0.1215,10.696,0.1434,-4.8432,-0.1402,10.6711,0.0503,-0.0002,-0.0,0.0,0.0002,0.0,38.58,-4.8432,-0.1402,10.6711,0.0503,0
44.641,-4.8922,-0.1271,10.6741,-0.0211,-0.0319,-0.0097,-4.8746,-0.246,10.5293,0.1882,-4.8484,-0.1568,10.6482,0.0589,-0.0001,-0.0,0.0,0.0001,0.0,38.584,-4.8484,-0.1568,10.6482,0.0589,0
44.683,-4.893,-0.1285,10.6737,-0.0188,-0.0327,-0.0101,-4.8746,-0.246,10.5293,0.1871,-4.85,-0.1565,10.6489,0.0571,0.0,0.0001,-0.0001,0.0001,0.0,38.586,-4.85,-0.1565,10.6489,0.0571,0
44.724,-4.8937,-0.1299,10.6733,-0.0141,-0.0336,-0.0082,-5.0312,-0.1227,10.5965,0.1576,-4.8819,-0.151,10.6396,0.0415,-0.0001,0.0,-0.0001,0.0001,0.0,38.612,-4.8819,-0.151,10.6396,0.0415,0
44.766,-4.8942,-0.1313,10.6731,-0.0107,-0.0341,-0.0021,-5.0312,-0.1227,10.5965,0.1571,-4.8833,-0.1508,10.64,0.04,-0.0001,-0.0,0.0001,0.0002,0.0,38.613,-4.8833,-0.1508,10.64,0.04,0
44.807,-4.8946,-0.1328,10.6731,-0.0063,-0.0367,0.0005,-5.0312,-0.1227,10.5965,0.1569,-4.8841,-0.1508,10.6403,0.0389,-0.0,0.0,-0.0001,0.0001,0.0,38.614,-4.8841,-0.1508,10.6403,0.0389,0
44.849,-4.8947,-0.1344,10.6733,-0.0009,-0.0415,0.0132,-4.8372,-0.3155,10.5914,0.207,-4.8716,-0.1854,10.629,0.0715,0.0,-0.0,-0.0002,0.0002,0.0,38.609,-4.8716,-0.1854,10.629,0.0715,0
44.891,-4.8947,-0.1362,10.6742,0.0021,-0.0426,0.0264,-4.8372,-0.3155,10.5914,0.2057,-4.8708,-0.1873,10.629,0.0723,0.0001,0.0,-0.0001,0.0001,0.0,38.609,-4.8708,-0.1873,10.629,0.0723,0
44.932,-4.8946,-0.1379,10.6754,0.0015,-0.0406,0.0311,-4.8372,-0.3155,10.5914,0.2047,-4.8696,-0.19,10.6294,0.0739,-0.0001,-0.0002,-0.0001,0.0002,0.0,38.608,-4.8696,-0.19,10.6294,0.0739,0
44.974,-4.8947,-0.1394,10.6768,-0.0041,-0.0319,0.0335,-4.8605,-0.0998,10.7013,0.0578,-4.8779,-0.177,10.6417,0.054,-0.0001,-0.0001,0.0001,0.0002,0.0,38.616,-4.8779,-0.177,10.6417,0.054,0
45.015,-4.8949,-0.1405,10.6782,-0.0053,-0.0208,0.0346,-4.8605,-0.0998,10.7013,0.0581,-4.881,-0.1792,10.6423,0.0546,0.0001,-0.0,-0.0001,0.0001,0.0,38.619,-4.881,-0.1792,10.6423,0.0546,0
45.057,-4.895,-0.1411,10.6799,-0.0018,-0.0086,0.0519,-4.9777,-0.2041,10.5558,0.1619,-4.8921,-0.1882,10.6247,0.0726,-0.0,-0.0002,-0.0001,0.0002,0.0,38.628,-4.8921,-0.1882,10.6247,0.0726,0
45.099,-4.8949,-0.141,10.6824,0.0042,0.009,0.0622,-4.9777,-0.2041,10.5558,0.1638,-4.8923,-0.1908,10.6249,0.076,-0.0001,0.0001,0.0002,0.0003,0.0,38.629,-4.8923,-0.1908,10.6249,0.076,0
45.14,-4.8947,-0.1403,10.685,0.0079,0.0266,0.0642,-4.9777,-0.2041,10.5558,0.1663,-4.8923,-0.192,10.6252,0.0791,0.0001,0.0,-0.0003,0.0003,0.0,38.629,-4.8923,-0.192,10.6252,0.0791,0
45.182,-4.8944,-0.1388,10.6876,0.0076,0.0404,0.0564,-4.9349,-0.1918,10.8108,0.1401,-4.8977,-0.1914,10.6603,0.0594,-0.0,0.0001,0.0001,0.0001,0.0,38.642,-4.8977,-0.1914,10.6603,0.0594,0
45.223,-4.8941,-0.1369,10.6897,0.0056,0.0524,0.0481,-4.9349,-0.1918,10.8108,0.1391,-4.8973,-0.1914,10.6609,0.0617,0.0,0.0,-0.0002,0.0002,0.0,38.642,-4.8973,-0.1914,10.6609,0.0617,0
45.265,-4.894,-0.1345,10.6917,-0.0009,0.0601,0.0454,-4.9349,-0.1918,10.8108,0.1384,-4.8969,-0.1907,10.6616,0.0638,-0.0001,-0.0,0.0001,0.0001,0.0,38.642,-4.8969,-0.1907,10.6616,0.0638,0
45.307,-4.8942,-0.1318,10.6935,-0.0082,0.0651,0.04,-5.0108,-0.0201,10.9087,0.2691,-4.9159,-0.1546,10.7055,0.0337,-0.0001,-0.0001,0.0001,0.0002,0.0,38.66,-4.9159,-0.1546,10.7055,0.0337,0
45.348,-4.8947,-0.1291,10.695,-0.0134,0.0642,0.0364,-5.0108,-0.0201,10.9087,0.2665,-4.916,-0.1514,10.7063,0.0328,-0.0001,0.0001,0.0001,0.0001,0.0,38.66,-4.916,-0.1514,10.7063,0.0328,0
45.39,-4.8953,-0.1266,10.6966,-0.0187,0.0559,0.0414,-4.921,-0.065,10.7557,0.0892,-4.9215,-0.1402,10.7123,0.0334,0.0,-0.0001,-0.0001,0.0002,0.0,38.663,-4.9215,-0.1402,10.7123,0.0334,0
45.431,-4.8962,-0.1245,10.6987,-0.0206,0.0467,0.057,-4.921,-0.065,10.7557,0.0861,-4.9239,-0.1396,10.7122,0.0343,0.0001,0.0,0.0001,0.0001,0.0,38.665,-4.9239,-0.1396,10.7122,0.0343,0
45.473,-4.8971,-0.1228,10.7012,-0.0212,0.0386,0.0612,-4.921,-0.065,10.7557,0.083,-4.9254,-0.1396,10.7125,0.0348,-0.0001,0.0,-0.0,0.0002,0.0,38.667,-4.9254,-0.1396,10.7125,0.0348,0
45.515,-4.8979,-0.1213,10.7037,-0.0197,0.0323,0.0537,-4.9146,-0.0653,10.8647,0.1713,-4.9224,-0.1232,10.7419,0.0454,0.0,0.0002,0.0,0.0002,0.0,38.666,-4.9224,-0.1232,10.7419,0.0454,0
45.556,-4.8987,-0.1201,10.7057,-0.0169,0.025,0.0456,-4.9146,-0.0653,10.8647,0.1689,-4.923,-0.1225,10.7425,0.0441,0.0,-0.0,0.0,0.0,0.0,38.667,-4.923,-0.1225,10.7425,0.0441,0
45.598,-4.8993,-0.1193,10.7076,-0.0151,0.0162,0.0442,-5.0619,-0.0827,10.7119,0.1667,-4.949,-0.1194,10.7349,0.0567,-0.0,0.0001,0.0001,0.0001,0.0,38.689,-4.949,-0.1194,10.7349,0.0567,0
45.639,-4.8999,-0.1188,10.71,-0.0125,0.0061,0.0641,-5.0619,-0.0827,10.7119,0.166,-4.95,-0.1205,10.7347,0.0559,-0.0001,-0.0001,-0.0002,0.0002,0.0,38.69,-4.95,-0.1205,10.7347,0.0559,0
45.681,-4.9003,-0.1187,10.7128,-0.0098,0.001,0.0707,-5.0619,-0.0827,10.7119,0.1655,-4.9513,-0.1223,10.735,0.0557,-0.0,0.0001,0.0,0.0001,0.0,38.692,-4.9513,-0.1223,10.735,0.0557,0
45.723,-4.9007,-0.1187,10.7158,-0.0065,-0.0005,0.0673,-4.9999,-0.1247,10.6673,0.1105,-4.9544,-0.1199,10.7268,0.0549,-0.0,0.0,0.0001,0.0001,0.0,38.692,-4.9544,-0.1199,10.7268,0.0549,0
45.764,-4.9009,-0.1187,10.7182,-0.0059,0.0013,0.0532,-4.9999,-0.1247,10.6673,0.1114,-4.9531,-0.1203,10.728,0.0531,0.0001,-0.0,0.0001,0.0001,0.0,38.691,-4.9531,-0.1203,10.728,0.0531,0
45.806,-4.9012,-0.1186,10.7203,-0.0061,0.0027,0.0483,-4.9999,-0.1247,10.6673,0.1122,-4.9522,-0.1204,10.7286,0.0517,-0.0002,0.0001,0.0001,0.0002,0.0,38.69,-4.9522,-0.1204,10.7286,0.0517,0
45.847,-4.9015,-0.1185,10.7221,-0.0099,0.0039,0.0384,-4.8647,-0.3072,10.6744,0.1981,-4.9367,-0.1533,10.7219,0.0495,-0.0001,-0.0002,-0.0001,0.0003,0.0,38.683,-4.9367,-0.1533,10.7219,0.0495,0
45.889,-4.902,-0.1183,10.7235,-0.0143,0.0055,0.0338,-4.8647,-0.3072,10.6744,0.1987,-4.9361,-0.1537,10.7225,0.0492,-0.0001,0.0,-0.0,0.0001,0.0,38.683,-4.9361,-0.1537,10.7225,0.0492,0
45.931,-4.9027,-0.118,10.725,-0.0184,0.009,0.044,-5.0325,-0.0849,10.6609,0.1485,-4.9544,-0.142,10.7095,0.0591,-0.0,0.0002,-0.0,0.0002,0.0,38.694,-4.9544,-0.142,10.7095,0.0591,0
45.972,-4.9036,-0.1176,10.7272,-0.0234,0.0111,0.0556,-5.0325,-0.0849,10.6609,0.1486,-4.9548,-0.142,10.7096,0.0594,0.0001,0.0001,0.0001,0.0002,0.0,38.694,-4.9548,-0.142,10.7096,0.0594,0
46.014,-4.9046,-0.117,10.7296,-0.0245,0.0162,0.06,-4.9531,-0.1132,10.7741,0.0659,-4.9545,-0.136,10.7261,0.0535,0.0001,-0.0001,-0.0,0.0001,0.0,38.696,-4.9545,-0.136,10.7261,0.0535,0
46.055,-4.9056,-0.1162,10.7312,-0.0253,0.0187,0.0245,-4.9531,-0.1132,10.7741,0.0641,-4.9548,-0.1354,10.7275,0.0529,0.0,0.0001,-0.0002,0.0002,0.0,38.697,-4.9548,-0.1354,10.7275,0.0529,0
46.097,-4.9067,-0.1154,10.7319,-0.0261,0.0188,0.0126,-4.9531,-0.1132,10.7741,0.0627,-4.9553,-0.1346,10.7286,0.0523,0.0,-0.0,-0.0001,0.0001,0.0,38.697,-4.9553,-0.1346,10.7286,0.0523,0
46.139,-4.9078,-0.1147,10.7324,-0.0274,0.0168,0.0146,-4.8316,0.022,10.7753,0.1623,-4.9332,-0.1121,10.7358,0.0257,0.0001,-0.0,-0.0002,0.0002,0.0,38.672,-4.9332,-0.1121,10.7358,0.0257,0
46.18,-4.909,-0.114,10.7331,-0.0302,0.0181,0.0173,-4.8316,0.022,10.7753,0.1621,-4.933,-0.1126,10.7363,0.0242,0.0,-0.0001,0.0,0.0001,0.0,38.672,-4.933,-0.1126,10.7363,0.0242,0
46.222,-4.9104,-0.1132,10.7338,-0.0338,0.0197,0.0182,-4.8316,0.022,10.7753,0.1619,-4.9328,-0.1129,10.7367,0.0226,0.0001,0.0,0.0001,0.0001,0.0,38.672,-4.9328,-0.1129,10.7367,0.0226,0
46.263,-4.9119,-0.1124,10.7347,-0.039,0.0191,0.0248,-4.8215,-0.2344,10.6077,0.198,-4.9091,-0.123,10.7147,0.0229,0.0001,0.0002,-0.0001,0.0002,0.0,38.648,-4.9091,-0.123,10.7147,0.0229,0
46.305,-4.9137,-0.1117,10.7358,-0.0468,0.0137,0.0278,-4.8215,-0.2344,10.6077,0.1999,-4.9081,-0.1211,10.715,0.0235,-0.0001,0.0,0.0001,0.0001,0.0,38.646,-4.9081,-0.1211,10.715,0.0235,0
46.347,-4.9158,-0.1113,10.737,-0.0557,0.005,0.03,-4.7793,-0.0874,10.5856,0.2052,-4.891,-0.1166,10.6954,0.0488,0.0001,0.0001,0.0002,0.0002,0.0,38.624,-4.891,-0.1166,10.6954,0.0488,0
46.388,-4.9184,-0.1113,10.738,-0.065,-0.0033,0.0194,-4.7793,-0.0874,10.5856,0.2076,-4.8921,-0.1161,10.6961,0.0497,0.0001,0.0001,-0.0001,0.0001,0.0,38.625,-4.8921,-0.1161,10.6961,0.0497,0
46.43,-4.9212,-0.1117,10.7387,-0.0713,-0.0136,0.0149,-4.7793,-0.0874,10.5856,0.2101,-4.8942,-0.1158,10.6969,0.05,0.0001,-0.0,-0.0,0.0001,0.0,38.627,-4.8942,-0.1158,10.6969,0.05,0
46.471,-4.9243,-0.1124,10.7393,-0.0746,-0.0231,0.0203,-4.8468,-0.1528,10.5072,0.248,-4.8913,-0.1259,10.6609,0.0861,-0.0001,-0.0,-0.0001,0.0001,0.0,38.619,-4.8913,-0.1259,10.6609,0.0861,0
46.513,-4.9274,-0.1136,10.7407,-0.072,-0.0312,0.0417,-4.8468,-0.1528,10.5072,0.2501,-4.8954,-0.128,10.6606,0.0875,0.0001,0.0001,0.0,0.0002,0.0,38.623,-4.8954,-0.128,10.6606,0.0875,0
46.555,-4.9302,-0.115,10.7426,-0.0657,-0.0355,0.049,-4.8468,-0.1528,10.5072,0.2526,-4.898,-0.1295,10.6608,0.0892,-0.0,0.0,-0.0,0.0001,0.0,38.626,-4.898,-0.1295,10.6608,0.0892,0
46.596,-4.9327,-0.1165,10.7444,-0.053,-0.0328,0.0358,-5.0918,-0.2104,10.6346,0.215,-4.9322,-0.1454,10.6604,0.0889,-0.0001,0.0001,-0.0001,0.0002,0.0,38.662,-4.9322,-0.1454,10.6604,0.0889,0
46.638,-4.9346,-0.1177,10.7458,-0.0387,-0.0269,0.0294,-5.0918,-0.2104,10.6346,0.2137,-4.9338,-0.1468,10.661,0.0896,-0.0001,-0.0001,-0.0,0.0001,0.0,38.664,-4.9338,-0.1468,10.661,0.0896,0
46.679,-4.9359,-0.1187,10.7467,-0.027,-0.0201,0.0088,-4.9531,-0.1256,10.8461,0.1011,-4.9374,-0.1392,10.6979,0.053,0.0002,-0.0001,0.0002,0.0003,0.0,38.674,-4.9374,-0.1392,10.6979,0.053,0
46.721,-4.9368,-0.1194,10.7466,-0.0154,-0.0156,-0.0107,-4.9531,-0.1256,10.8461,0.1011,-4.9378,-0.1389,10.6989,0.0516,0.0,0.0002,-0.0001,0.0002,0.0,38.675,-4.9378,-0.1389,10.6989,0.0516,0
46.763,-4.9372,-0.12,10.746,-0.0075,-0.013,-0.0161,-4.9531,-0.1256,10.8461,0.1016,-4.938,-0.1383,10.6997,0.0497,0.0,0.0,0.0,0.0,0.0,38.675,-4.938,-0.1383,10.6997,0.0497,0
46.804,-4.9374,-0.1205,10.7455,-0.003,-0.0147,-0.0061,-4.966,-0.1729,10.5589,0.1959,-4.9433,-0.1425,10.6738,0.0752,0.0002,-0.0001,0.0,0.0002,0.0,38.675,-4.9433,-0.1425,10.6738,0.0752,0
46.846,-4.9375,-0.1212,10.7454,-0.0027,-0.0172,0.0011,-4.966,-0.1729,10.5589,0.1956,-4.9433,-0.1415,10.6741,0.0743,0.0001,-0.0001,0.0,0.0001,0.0,38.675,-4.9433,-0.1415,10.6741,0.0743,0
46.887,-4.9377,-0.1221,10.7455,-0.0038,-0.0233,0.0035,-4.966,-0.1729,10.5589,0.1955,-4.9434,-0.141,10.6745,0.0737,-0.0001,0.0,-0.0001,0.0001,0.0,38.675,-4.9434,-0.141,10.6745,0.0737,0
46.929,-4.9379,-0.1232,10.7454,-0.0062,-0.0298,-0.0075,-4.8761,-0.0533,10.9057,0.1854,-4.9316,-0.1261,10.7166,0.0296,-0.0001,0.0,-0.0,0.0001,0.0,38.67,-4.9316,-0.1261,10.7166,0.0296,0
46.971,-4.9382,-0.1245,10.745,-0.0098,-0.0359,-0.0114,-4.8761,-0.0533,10.9057,0.1864,-4.9317,-0.1261,10.7172,0.0286,-0.0001,0.0,-0.0001,0.0001,0.0,38.67,-4.9317,-0.1261,10.7172,0.0286,0
47.012,-4.9387,-0.1261,10.7446,-0.0131,-0.0398,-0.0065,-4.977,0.0342,10.8241,0.183,-4.9353,-0.1004,10.7341,0.028,0.0,-0.0,0.0001,0.0001,0.0,38.671,-4.9353,-0.1004,10.7341,0.028,0
47.054,-4.9394,-0.1279,10.7444,-0.0195,-0.0427,-0.0017,-4.977,0.0342,10.8241,0.1844,-4.9347,-0.101,10.7344,0.0291,0.0001,0.0001,0.0001,0.0002,0.0,38.67,-4.9347,-0.101,10.7344,0.0291,0
47.095,-4.9403,-0.1297,10.7444,-0.026,-0.045,-0.0015,-4.977,0.0342,10.8241,0.1859,-4.9342,-0.1019,10.7351,0.03,-0.0,-0.0,0.0,0.0001,0.0,38.67,-4.9342,-0.1019,10.7351,0.03,0
47.137,-4.9415,-0.1315,10.7447,-0.0317,-0.0422,0.0249,-4.9516,-0.0748,10.5304,0.2219,-4.9351,-0.0983,10.6943,0.0607,-0.0,0.0001,-0.0001,0.0002,0.0,38.66,-4.9351,-0.0983,10.6943,0.0607,0
47.179,-4.9431,-0.1332,10.7463,-0.04,-0.0379,0.0427,-4.9516,-0.0748,10.5304,0.2238,-4.9343,-0.0992,10.6942,0.0628,-0.0,0.0,0.0002,0.0003,0.0,38.66,-4.9343,-0.0992,10.6942,0.0628,0
47.22,-4.9449,-0.1347,10.7481,-0.0476,-0.034,0.0387,-5.1258,-0.2338,10.8444,0.2276,-4.9696,-0.1244,10.7234,0.0364,-0.0001,-0.0,-0.0002,0.0002,0.0,38.706,-4.9696,-0.1244,10.7234,0.0364,0
47.262,-4.947,-0.136,10.7492,-0.0546,-0.0285,0.018,-5.1258,-0.2338,10.8444,0.2249,-4.9711,-0.1258,10.725,0.0356,0.0001,-0.0001,0.0,0.0002,0.0,38.709,-4.9711,-0.1258,10.725,0.0356,0
47.303,-4.9494,-0.137,10.7497,-0.0596,-0.0218,0.0124,-5.1258,-0.2338,10.8444,0.2223,-4.9723,-0.1265,10.7255,0.0349,0.0,0.0001,-0.0,0.0001,0.0,38.71,-4.9723,-0.1265,10.7255,0.0349,0
47.345,-4.952,-0.1378,10.7503,-0.0624,-0.0168,0.0193,-4.8618,-0.2244,10.6587,0.155,-4.9573,-0.1455,10.7119,0.0395,-0.0001,-0.0002,-0.0,0.0002,0.0,38.698,-4.9573,-0.1455,10.7119,0.0395,0
47.387,-4.9545,-0.1384,10.7514,-0.0589,-0.0115,0.0292,-4.8618,-0.2244,10.6587,0.1568,-4.9592,-0.1462,10.712,0.0404,0.0001,-0.0,-0.0001,0.0001,0.0,38.7,-4.9592,-0.1462,10.712,0.0404,0
47.428,-4.9569,-0.1388,10.7526,-0.0528,-0.0085,0.0305,-4.9932,-0.1219,10.9367,0.1884,-4.9678,-0.1384,10.7513,0.011,0.0001,-0.0001,0.0003,0.0003,0.0,38.715,-4.9678,-0.1384,10.7513,0.011,0
47.47,-4.9589,-0.1391,10.7537,-0.0441,-0.0053,0.0218,-4.9932,-0.1219,10.9367,0.187,-4.9694,-0.1376,10.752,0.0108,0.0,0.0,-0.0002,0.0002,0.0,38.717,-4.9694,-0.1376,10.752,0.0108,0
47.511,-4.9605,-0.1393,10.7545,-0.0331,-0.0041,0.0185,-4.9932,-0.1219,10.9367,0.1859,-4.9714,-0.1365,10.7528,0.0114,0.0,0.0001,0.0002,0.0003,0.0,38.718,-4.9714,-0.1365,10.7528,0.0114,0
47.553,-4.9616,-0.1395,10.7553,-0.0226,-0.0052,0.0179,-4.9675,-0.1182,10.8057,0.055,-4.9719,-0.136,10.7623,0.013,0.0001,0.0,-0.0001,0.0002,0.0,38.721,-4.9719,-0.136,10.7623,0.013,0
47.595,-4.9623,-0.1397,10.756,-0.0107,-0.0061,0.0169,-4.9675,-0.1182,10.8057,0.0544,-4.9729,-0.1362,10.763,0.0133,0.0,-0.0001,-0.0001,0.0002,0.0,38.722,-4.9729,-0.1362,10.763,0.0133,0
47.636,-4.9625,-0.14,10.7567,-0.0005,-0.0072,0.0162,-4.9675,-0.1182,10.8057,0.0539,-4.9733,-0.1364,10.7634,0.0133,0.0001,0.0001,0.0001,0.0001,0.0,38.723,-4.9733,-0.1364,10.7634,0.0133,0
47.678,-4.9623,-0.1403,10.7575,0.0065,-0.0091,0.0228,-5.0084,-0.0228,10.9963,0.2701,-4.9786,-0.1173,10.8014,0.0522,0.0,0.0001,-0.0,0.0001,0.0,38.731,-4.9786,-0.1173,10.8014,0.0522,0
47.719,-4.9619,-0.1408,10.7585,0.0123,-0.0133,0.0246,-5.0084,-0.0228,10.9963,0.2695,-4.9784,-0.1174,10.8017,0.0518,0.0,0.0001,-0.0002,0.0002,0.0,38.731,-4.9784,-0.1174,10.8017,0.0518,0
47.761,-4.9614,-0.1414,10.7595,0.0141,-0.0163,0.0254,-5.1219,-0.1712,10.7985,0.1679,-5.002,-0.1289,10.8013,0.0597,-0.0002,-0.0001,-0.0,0.0002,0.0,38.756,-5.002,-0.1289,10.8013,0.0597,0
47.803,-4.9607,-0.1422,10.7606,0.0138,-0.0202,0.0255,-5.1219,-0.1712,10.7985,0.1681,-5.0017,-0.1297,10.8018,0.0594,0.0001,0.0,0.0001,0.0002,0.0,38.756,-5.0017,-0.1297,10.8018,0.0594,0
47.844,-4.9602,-0.1431,10.7616,0.0119,-0.0219,0.0258,-4.8237,-0.0864,10.7685,0.148,-4.9735,-0.1274,10.7995,0.0431,-0.0001,0.0001,0.0003,0.0003,0.0,38.729,-4.9735,-0.1274,10.7995,0.0431,0
47.886,-4.9598,-0.1439,10.7623,0.0068,-0.0194,0.009,-4.8237,-0.0864,10.7685,0.1479,-4.9737,-0.1295,10.8004,0.0431,-0.0,-0.0002,-0.0003,0.0003,0.0,38.73,-4.9737,-0.1295,10.8004,0.0431,0
47.927,-4.9597,-0.1446,10.7625,0.0019,-0.0132,0.0047,-4.8237,-0.0864,10.7685,0.148,-4.9744,-0.1325,10.8012,0.0432,0.0001,-0.0,0.0001,0.0002,0.0,38.732,-4.9744,-0.1325,10.8012,0.0432,0
47.969,-4.9597,-0.145,10.7627,-0.002,-0.0039,0.0028,-5.0221,-0.1325,10.6977,0.091,-4.9836,-0.1312,10.7851,0.0355,-0.0,0.0001,-0.0002,0.0002,0.0,38.736,-4.9836,-0.1312,10.7851,0.0355,0
48.011,-4.9598,-0.1449,10.7628,-0.004,0.0044,0.0018,-5.0221,-0.1325,10.6977,0.0909,-4.985,-0.1322,10.7858,0.0364,0.0001,-0.0001,0.0002,0.0002,0.0,38.738,-4.985,-0.1322,10.7858,0.0364,0
48.052,-4.96,-0.1445,10.7629,-0.0042,0.0136,0.0023,-5.0221,-0.1325,10.6977,0.0908,-4.986,-0.1326,10.7862,0.0369,-0.0001,0.0001,0.0,0.0001,0.0,38.739,-4.986,-0.1326,10.7862,0.0369,0
48.094,-4.9602,-0.1438,10.763,-0.003,0.0232,0.0059,-4.849,-0.2468,10.7682,0.1517,-4.9644,-0.1486,10.7829,0.0209,0.0001,0.0,0.0001,0.0001,0.0,38.722,-4.9644,-0.1486,10.7829,0.0209,0
48.135,-4.9602,-0.1426,10.7633,-0.0002,0.0297,0.0054,-4.849,-0.2468,10.7682,0.1525,-4.9653,-0.1478,10.7833,0.0213,-0.0,0.0,0.0,0.0,0.0,38.723,-4.9653,-0.1478,10.7833,0.0213,0
48.177,-4.9601,-0.1413,10.7635,0.0041,0.0327,0.0057,-4.8244,-0.2048,10.7741,0.1502,-4.9417,-0.1579,10.7833,0.0317,-0.0,-0.0,-0.0001,0.0001,0.0,38.703,-4.9417,-0.1579,10.7833,0.0317,0
48.219,-4.9599,-0.1399,10.7636,0.0067,0.0327,0.0002,-4.8244,-0.2048,10.7741,0.1506,-4.942,-0.1572,10.7838,0.0321,-0.0,-0.0,-0.0,0.0,0.0,38.704,-4.942,-0.1572,10.7838,0.0321,0
48.26,-4.9595,-0.1386,10.7636,0.0117,0.032,-0.0016,-4.8244,-0.2048,10.7741,0.1508,-4.9424,-0.1563,10.7846,0.0324,0.0,-0.0,-0.0,0.0,0.0,38.704,-4.9424,-0.1563,10.7846,0.0324,0
48.302,-4.9589,-0.1374,10.7634,0.0154,0.0268,-0.0097,-4.9248,-0.3144,10.7372,0.1822,-4.933,-0.1828,10.7789,0.0545,0.0,-0.0001,0.0001,0.0001,0.0,38.701,-4.933,-0.1828,10.7789,0.0545,0
48.343,-4.9583,-0.1364,10.7628,0.0125,0.0208,-0.0174,-4.9248,-0.3144,10.7372,0.1829,-4.9307,-0.1823,10.7799,0.0563,0.0001,0.0,0.0001,0.0002,0.0,38.699,-4.9307,-0.1823,10.7799,0.0563,0
48.385,-4.9579,-0.1356,10.7623,0.0055,0.0142,0.0034,-4.8836,-0.1056,10.7623,0.0802,-4.9224,-0.1688,10.7718,0.0495,0.0001,0.0,-0.0,0.0001,0.0,38.686,-4.9224,-0.1688,10.7718,0.0495,0
48.427,-4.9579,-0.1352,10.7629,-0.0043,0.0066,0.0196,-4.8836,-0.1056,10.7623,0.0801,-4.921,-0.1687,10.7717,0.0506,0.0001,-0.0002,-0.0001,0.0002,0.0,38.684,-4.921,-0.1687,10.7717,0.0506,0
48.468,-4.9584,-0.1351,10.7638,-0.0157,0.0006,0.0246,-4.8836,-0.1056,10.7623,0.0804,-4.9204,-0.1688,10.772,0.0515,0.0001,-0.0,0.0,0.0001,0.0,38.684,-4.9204,-0.1688,10.772,0.0515,0
48.51,-4.9592,-0.1352,10.7647,-0.0248,-0.0052,0.0176,-4.9113,-0.1684,10.8505,0.1037,-4.9185,-0.1714,10.7872,0.059,0.0001,-0.0,0.0001,0.0001,0.0,38.686,-4.9185,-0.1714,10.7872,0.059,0
48.551,-4.9605,-0.1355,10.7654,-0.034,-0.009,0.0142,-4.9113,-0.1684,10.8505,0.1037,-4.9184,-0.1724,10.7877,0.0603,0.0,-0.0,0.0002,0.0002,0.0,38.687,-4.9184,-0.1724,10.7877,0.0603,0
48.593,-4.9621,-0.1359,10.7659,-0.0441,-0.0098,0.0137,-5.0875,-0.2187,10.5172,0.2906,-4.9472,-0.1816,10.7434,0.0531,0.0001,-0.0,0.0001,0.0001,0.0,38.705,-4.9472,-0.1816,10.7434,0.0531,0
48.635,-4.9642,-0.1363,10.7666,-0.0531,-0.0072,0.0154,-5.0875,-0.2187,10.5172,0.2901,-4.9478,-0.1827,10.7438,0.0542,-0.0001,-0.0001,-0.0,0.0001,0.0,38.706,-4.9478,-0.1827,10.7438,0.0542,0
48.676,-4.9665,-0.1365,10.7672,-0.0592,-0.0033,0.0157,-4.9431,-0.226,10.7625,0.0926,-4.9506,-0.1906,10.7475,0.0598,-0.0,-0.0,-0.0001,0.0001,0.0,38.712,-4.9506,-0.1906,10.7475,0.0598,0
48.718,-4.9692,-0.1365,10.7678,-0.0654,0.0006,0.0144,-4.9431,-0.226,10.7625,0.0933,-4.9523,-0.1913,10.748,0.0607,0.0001,-0.0001,-0.0001,0.0001,0.0,38.714,-4.9523,-0.1913,10.748,0.0607,0
48.759,-4.9719,-0.1364,10.7684,-0.0676,0.004,0.0126,-4.9431,-0.226,10.7625,0.0942,-4.955,-0.1922,10.7487,0.0615,0.0,-0.0,0.0001,0.0001,0.0,38.717,-4.955,-0.1922,10.7487,0.0615,0
48.801,-4.9747,-0.1361,10.7688,-0.0652,0.0103,0.0014,-5.0155,-0.2527,10.703,0.1398,-4.963,-0.2023,10.7442,0.0715,0.0001,-0.0002,0.0001,0.0002,0.0,38.726,-4.963,-0.2023,10.7442,0.0715,0
48.843,-4.9773,-0.1356,10.7686,-0.059,0.0156,-0.0082,-5.0155,-0.2527,10.703,0.1395,-4.9641,-0.2024,10.7453,0.072,0.0001,-0.0,-0.0,0.0001,0.0,38.727,-4.9641,-0.2024,10.7453,0.072,0
48.884,-4.9797,-0.1348,10.7682,-0.0546,0.0197,-0.01,-5.0155,-0.2527,10.703,0.1393,-4.9646,-0.2024,10.7458,0.0727,0.0,0.0001,0.0001,0.0002,0.0,38.728,-4.9646,-0.2024,10.7458,0.0727,0
48.926,-4.9819,-0.1339,10.7682,-0.0523,0.022,0.0101,-4.9169,-0.0522,10.8967,0.1656,-4.962,-0.1741,10.7673,0.0448,-0.0001,0.0,0.0001,0.0001,0.0,38.723,-4.962,-0.1741,10.7673,0.0448,0
48.967,-4.984,-0.133,10.7688,-0.0496,0.0208,0.0174,-4.9169,-0.0522,10.8967,0.1656,-4.9634,-0.1731,10.7675,0.0451,0.0,0.0,0.0002,0.0002,0.0,38.724,-4.9634,-0.1731,10.7675,0.0451,0
49.009,-4.986,-0.1323,10.7696,-0.0459,0.0168,0.0198,-4.9169,-0.0522,10.8967,0.1654,-4.9655,-0.1719,10.768,0.0446,0.0001,-0.0001,-0.0001,0.0001,0.0,38.726,-4.9655,-0.1719,10.768,0.0446,0
49.051,-4.9878,-0.1317,10.7701,-0.041,0.012,0.003,-5.1677,-0.1779,10.8072,0.1894,-5.0051,-0.1747,10.7793,0.0473,0.0001,-0.0001,0.0001,0.0002,0.0,38.766,-5.0051,-0.1747,10.7793,0.0473,0
49.092,-4.9893,-0.1313,10.7699,-0.034,0.0056,-0.0084,-5.1677,-0.1779,10.8072,0.188,-5.0079,-0.1748,10.7805,0.0485,-0.0,0.0,0.0001,0.0001,0.0,38.769,-5.0079,-0.1748,10.7805,0.0485,0
49.134,-4.9906,-0.1312,10.7695,-0.0251,0.0002,-0.012,-5.1023,-0.1165,10.7985,0.1164,-5.024,-0.1635,10.7848,0.0489,0.0,-0.0001,-0.0002,0.0002,0.0,38.782,-5.024,-0.1635,10.7848,0.0489,0
49.175,-4.9914,-0.1314,10.7689,-0.0181,-0.0069,-0.0178,-5.1023,-0.1165,10.7985,0.1157,-5.0256,-0.1634,10.7857,0.0497,0.0001,0.0,0.0001,0.0001,0.0,38.784,-5.0256,-0.1634,10.7857,0.0497,0
49.217,-4.992,-0.1318,10.7681,-0.011,-0.0136,-0.02,-5.1023,-0.1165,10.7985,0.1154,-5.0265,-0.1635,10.7862,0.0502,0.0,0.0001,0.0002,0.0002,0.0,38.785,-5.0265,-0.1635,10.7862,0.0502,0
49.259,-4.9924,-0.1325,10.7679,-0.0062,-0.0198,0.0127,-5.1236,-0.0646,10.7643,0.1478,-5.0475,-0.1514,10.7762,0.0589,0.0,-0.0,-0.0,0.0001,0.0,38.799,-5.0475,-0.1514,10.7762,0.0589,0
49.3,-4.9925,-0.1334,10.7688,-0.0011,-0.0214,0.0266,-5.1236,-0.0646,10.7643,0.1481,-5.049,-0.1527,10.7763,0.0602,0.0,0.0,0.0,0.0001,0.0,38.801,-5.049,-0.1527,10.7763,0.0602,0
49.342,-4.9924,-0.1343,10.77,0.0055,-0.0188,0.0319,-5.1832,-0.2933,10.7701,0.2484,-5.0676,-0.1777,10.7733,0.0869,0.0,-0.0,-0.0,0.0,0.0,38.824,-5.0676,-0.1777,10.7733,0.0869,0
49.383,-4.9921,-0.1349,10.7718,0.0104,-0.0142,0.0471,-5.1832,-0.2933,10.7701,0.2482,-5.0671,-0.1788,10.7733,0.087,-0.0,-0.0001,-0.0003,0.0003,0.0,38.824,-5.0671,-0.1788,10.7733,0.087,0
49.425,-4.9915,-0.1353,10.7738,0.0127,-0.0061,0.0498,-5.1832,-0.2933,10.7701,0.2484,-5.0661,-0.1803,10.7738,0.0871,-0.0,-0.0001,0.0,0.0001,0.0,38.823,-5.0661,-0.1803,10.7738,0.0871,0
49.467,-4.9911,-0.1354,10.7757,0.0099,0.0026,0.0348,-4.885,-0.3138,10.7044,0.2195,-5.035,-0.2005,10.7664,0.079,0.0,0.0001,-0.0002,0.0002,0.0,38.798,-5.035,-0.2005,10.7664,0.079,0
49.508,-4.9908,-0.1351,10.7768,0.0036,0.0116,0.0228,-4.885,-0.3138,10.7044,0.22,-5.0341,-0.2,10.7675,0.0786,-0.0,0.0,0.0002,0.0002,0.0,38.797,-5.0341,-0.2,10.7675,0.0786,0
49.55,-4.9908,-0.1344,10.7777,-0.0029,0.0178,0.0182,-5.1164,-0.1357,10.831,0.1364,-5.0452,-0.1904,10.7799,0.0781,-0.0,0.0001,-0.0001,0.0001,0.0,38.808,-5.0452,-0.1904,10.7799,0.0781,0
49.591,-4.9911,-0.1337,10.7782,-0.0124,0.0199,0.011,-5.1164,-0.1357,10.831,0.1359,-5.044,-0.1901,10.7809,0.0774,0.0001,-0.0,0.0001,0.0002,0.0,38.807,-5.044,-0.1901,10.7809,0.0774,0
49.633,-4.9919,-0.1328,10.7786,-0.023,0.0206,0.0086,-5.1164,-0.1357,10.831,0.1351,-5.0435,-0.1897,10.7814,0.0769,0.0002,-0.0,-0.0001,0.0002,0.0,38.807,-5.0435,-0.1897,10.7814,0.0769,0
49.675,-4.9931,-0.1319,10.7792,-0.0345,0.02,0.0185,-5.217,-0.0683,10.8502,0.2433,-5.0735,-0.1668,10.7909,0.0884,-0.0,0.0,0.0002,0.0002,0.0,38.831,-5.0735,-0.1668,10.7909,0.0884,0
49.716,-4.9948,-0.1312,10.7801,-0.0438,0.0157,0.0222,-5.217,-0.0683,10.8502,0.2413,-5.0742,-0.1659,10.7912,0.0874,-0.0001,-0.0,-0.0002,0.0002,0.0,38.831,-5.0742,-0.1659,10.7912,0.0874,0
49.758,-4.9968,-0.1306,10.7811,-0.0513,0.012,0.0246,-4.8871,-0.2956,10.806,0.1996,-5.0421,-0.191,10.7953,0.0769,-0.0,-0.0001,-0.0001,0.0001,0.0,38.809,-5.0421,-0.191,10.7953,0.0769,0
49.799,-4.999,-0.1302,10.7819,-0.0553,0.0076,0.0176,-4.8871,-0.2956,10.806,0.2011,-5.0426,-0.1916,10.796,0.0766,0.0001,0.0001,-0.0001,0.0002,0.0,38.81,-5.0426,-0.1916,10.796,0.0766,0
49.841,-5.0014,-0.13,10.7826,-0.059,0.0041,0.0156,-4.8871,-0.2956,10.806,0.2026,-5.0436,-0.1928,10.7967,0.077,0.0,-0.0,-0.0001,0.0001,0.0,38.811,-5.0436,-0.1928,10.7967,0.077,0
49.883,-5.0039,-0.1298,10.7833,-0.0598,0.0061,0.0227,-5.1874,-0.2096,10.7511,0.2027,-5.0682,-0.1921,10.7849,0.0896,-0.0,0.0,-0.0002,0.0002,0.0,38.831,-5.0682,-0.1921,10.7849,0.0896,0
49.924,-5.0063,-0.1295,10.7848,-0.0583,0.0061,0.0456,-5.1874,-0.2096,10.7511,0.2008,-5.0692,-0.1917,10.7846,0.0884,0.0001,0.0,-0.0001,0.0001,0.0,38.832,-5.0692,-0.1917,10.7846,0.0884,0
49.966,-5.0088,-0.1292,10.7869,-0.0576,0.008,0.0511,-5.1874,-0.2096,10.7511,0.1991,-5.0698,-0.1912,10.7848,0.087,0.0001,-0.0,-0.0001,0.0001,0.0,38.832,-5.0698,-0.1912,10.7848,0.087,0
50.007,-5.0111,-0.1289,10.789,-0.0561,0.0084,0.052,-5.0769,-0.0035,10.8934,0.1759,-5.0767,-0.1609,10.8095,0.0758,-0.0001,0.0,-0.0001,0.0001,0.0,38.837,-5.0767,-0.1609,10.8095,0.0758,0
50.049,-5.0135,-0.1285,10.7904,-0.0561,0.0094,0.0224,-5.0769,-0.0035,10.8934,0.174,-5.0784,-0.1613,10.8107,0.0755,-0.0001,-0.0001,-0.0001,0.0001,0.0,38.839,-5.0784,-0.1613,10.8107,0.0755,0
50.091,-5.0157,-0.1281,10.7911,-0.0527,0.0112,0.0142,-5.0769,-0.0035,10.8934,0.1724,-5.0809,-0.1618,10.8117,0.0762,-0.0,0.0,0.0001,0.0001,0.0,38.841,-5.0809,-0.1618,10.8117,0.0762,0
50.132,-5.0178,-0.1276,10.7917,-0.0459,0.0138,0.018,-4.9365,-0.1447,10.6693,0.1479,-5.0569,-0.1599,10.7847,0.0512,-0.0,-0.0002,0.0001,0.0002,0.0,38.812,-5.0569,-0.1599,10.7847,0.0512,0
50.174,-5.0195,-0.1269,10.7928,-0.0386,0.0186,0.0315,-4.9365,-0.1447,10.6693,0.1499,-5.0588,-0.1605,10.7847,0.0523,-0.0,0.0,0.0001,0.0001,0.0,38.814,-5.0588,-0.1605,10.7847,0.0523,0
50.215,-5.0209,-0.126,10.7942,-0.0289,0.0233,0.0345,-4.9365,-0.1447,10.6693,0.1519,-5.0597,-0.1607,10.785,0.0529,-0.0001,-0.0001,-0.0,0.0001,0.0,38.815,-5.0597,-0.1607,10.785,0.0529,0
50.257,-5.0219,-0.1249,10.7956,-0.0201,0.0271,0.0254,-5.2962,-0.2334,11.0044,0.3614,-5.1055,-0.1701,10.8264,0.0999,-0.0,0.0001,-0.0002,0.0002,0.0,38.87,-5.1055,-0.1701,10.8264,0.0999,0
50.299,-5.0225,-0.1238,10.7963,-0.01,0.0276,0.0144,-5.2962,-0.2334,11.0044,0.3608,-5.1067,-0.1693,10.8272,0.1005,0.0001,0.0001,-0.0,0.0001,0.0,38.871,-5.1067,-0.1693,10.8272,0.1005,0
50.34,-5.0227,-0.1227,10.7968,0.0012,0.0252,0.0116,-5.1534,-0.0894,10.8492,0.1447,-5.1141,-0.154,10.8301,0.1022,-0.0001,-0.0001,-0.0002,0.0002,0.0,38.875,-5.1141,-0.154,10.8301,0.1022,0
50.382,-5.0224,-0.1218,10.7975,0.0112,0.02,0.0176,-5.1534,-0.0894,10.8492,0.1445,-5.1142,-0.1531,10.8304,0.1024,-0.0,0.0002,-0.0,0.0002,0.0,38.875,-5.1142,-0.1531,10.8304,0.1024,0
50.423,-5.0218,-0.1211,10.7983,0.0181,0.0128,0.0197,-5.1534,-0.0894,10.8492,0.1447,-5.114,-0.152,10.8309,0.1026,0.0001,0.0001,-0.0,0.0001,0.0,38.874,-5.114,-0.152,10.8309,0.1026,0
50.465,-5.021,-0.1208,10.7992,0.0202,0.0036,0.0243,-4.9766,-0.1156,10.8439,0.0633,-5.0899,-0.1437,10.8317,0.0796,0.0001,0.0,0.0002,0.0002,0.0,38.85,-5.0899,-0.1437,10.8317,0.0796,0
50.507,-5.0201,-0.1209,10.8004,0.0221,-0.0091,0.0344,-4.9766,-0.1156,10.8439,0.0617,-5.0893,-0.1427,10.8319,0.0791,0.0,-0.0001,-0.0,0.0001,0.0,38.849,-5.0893,-0.1427,10.8319,0.0791,0
50.548,-5.0192,-0.1216,10.802,0.0216,-0.022,0.0385,-4.9766,-0.1156,10.8439,0.0601,-5.0889,-0.1424,10.8322,0.0788,-0.0,-0.0,-0.0,0.0,0.0,38.849,-5.0889,-0.1424,10.8322,0.0788,0
50.59,-5.0183,-0.1228,10.8036,0.0184,-0.0342,0.0397,-5.0904,-0.0335,10.6066,0.228,-5.09,-0.1234,10.7935,0.0724,-0.0001,0.0,0.0002,0.0002,0.0,38.835,-5.09,-0.1234,10.7935,0.0724,0
50.631,-5.0176,-0.1244,10.8053,0.0148,-0.0448,0.043,-5.0904,-0.0335,10.6066,0.2304,-5.0902,-0.1237,10.7938,0.0735,-0.0001,0.0,0.0001,0.0002,0.0,38.836,-5.0902,-0.1237,10.7938,0.0735,0
50.673,-5.0172,-0.1265,10.8072,0.0088,-0.0545,0.0454,-5.0904,-0.0335,10.6066,0.233,-5.0908,-0.1246,10.7943,0.0747,0.0,0.0,0.0001,0.0001,0.0,38.837,-5.0908,-0.1246,10.7943,0.0747,0
50.715,-5.0169,-0.129,10.809,0.0035,-0.0608,0.0348,-5.0004,-0.0805,10.8299,0.0553,-5.0782,-0.1156,10.8079,0.0628,-0.0002,0.0,-0.0001,0.0002,0.0,38.826,-5.0782,-0.1156,10.8079,0.0628,0
50.756,-5.0169,-0.1316,10.8096,-0.0005,-0.0658,0.0003,-5.0004,-0.0805,10.8299,0.0574,-5.0803,-0.1165,10.8101,0.0653,0.0,0.0001,-0.0001,0.0001,0.0,38.828,-5.0803,-0.1165,10.8101,0.0653,0
50.798,-5.0169,-0.1344,10.8093,-0.0021,-0.0664,-0.0094,-5.0004,-0.0805,10.8299,0.06,-5.0819,-0.1171,10.8108,0.0673,0.0,-0.0001,0.0001,0.0002,0.0,38.83,-5.0819,-0.1171,10.8108,0.0673,0
50.839,-5.017,-0.1372,10.8088,-0.0003,-0.066,-0.0132,-4.9712,-0.0834,10.6131,0.2081,-5.0542,-0.1138,10.777,0.0542,-0.0,0.0,-0.0002,0.0002,0.0,38.795,-5.0542,-0.1138,10.777,0.0542,0
50.881,-5.017,-0.1398,10.8082,-0.0003,-0.0616,-0.0155,-4.9712,-0.0834,10.6131,0.2082,-5.0532,-0.1147,10.7775,0.0537,0.0,-0.0001,-0.0,0.0001,0.0,38.795,-5.0532,-0.1147,10.7775,0.0537,0
50.923,-5.017,-0.1422,10.8075,-0.0017,-0.0559,-0.0183,-5.1209,-0.0593,10.6417,0.2125,-5.0685,-0.111,10.7555,0.0795,-0.0001,-0.0001,0.0001,0.0002,0.0,38.803,-5.0685,-0.111,10.7555,0.0795,0
50.964,-5.0172,-0.1444,10.8067,-0.006,-0.0483,-0.022,-5.1209,-0.0593,10.6417,0.2126,-5.0691,-0.1129,10.7561,0.079,-0.0001,-0.0,-0.0002,0.0002,0.0,38.804,-5.0691,-0.1129,10.7561,0.079,0
51.006,-5.0175,-0.1462,10.8057,-0.0094,-0.0395,-0.023,-5.1209,-0.0593,10.6417,0.2125,-5.0702,-0.1153,10.7568,0.0782,0.0001,0.0,0.0,0.0001,0.0,38.806,-5.0702,-0.1153,10.7568,0.0782,0
51.047,-5.018,-0.1476,10.805,-0.0111,-0.026,-0.0099,-4.9245,0.029,10.8434,0.2034,-5.0432,-0.0906,10.7685,0.0722,0.0001,0.0002,0.0002,0.0003,0.0,38.777,-5.0432,-0.0906,10.7685,0.0722,0
51.089,-5.0185,-0.1484,10.8048,-0.0137,-0.013,0.0005,-4.9245,0.029,10.8434,0.2043,-5.0432,-0.0914,10.7686,0.0719,0.0001,0.0001,-0.0,0.0001,0.0,38.777,-5.0432,-0.0914,10.7686,0.0719,0
51.131,-5.0191,-0.1486,10.8049,-0.0152,-0.0024,-0.0031,-4.9915,-0.1096,10.8518,0.067,-5.0353,-0.094,10.787,0.0597,-0.0,-0.0001,0.0,0.0001,0.0,38.775,-5.0353,-0.094,10.787,0.0597,0
51.172,-5.0198,-0.1485,10.8042,-0.0187,0.0069,-0.0236,-4.9915,-0.1096,10.8518,0.0677,-5.0358,-0.0935,10.7885,0.0594,0.0001,0.0001,0.0003,0.0003,0.0,38.776,-5.0358,-0.0935,10.7885,0.0594,0
51.214,-5.0206,-0.1481,10.8031,-0.0228,0.0142,-0.0291,-4.9915,-0.1096,10.8518,0.0686,-5.0362,-0.0929,10.7891,0.059,-0.0,0.0001,-0.0001,0.0002,0.0,38.776,-5.0362,-0.0929,10.7891,0.059,0
51.255,-5.0217,-0.1474,10.8018,-0.0281,0.0186,-0.0288,-5.2221,-0.1536,10.9666,0.2595,-5.0646,-0.1017,10.8189,0.0649,-0.0,-0.0002,-0.0,0.0002,0.0,38.812,-5.0646,-0.1017,10.8189,0.0649,0
51.297,-5.0231,-0.1465,10.8007,-0.0374,0.0199,-0.0275,-5.2221,-0.1536,10.9666,0.2592,-5.0644,-0.1007,10.8193,0.0644,0.0001,0.0001,0.0,0.0001,0.0,38.812,-5.0644,-0.1007,10.8193,0.0644,0
51.339,-5.0249,-0.1457,10.7995,-0.0465,0.0194,-0.0266,-5.2221,-0.1536,10.9666,0.2586,-5.0644,-0.0993,10.8199,0.0643,0.0,0.0,-0.0002,0.0002,0.0,38.811,-5.0644,-0.0993,10.8199,0.0643,0
51.38,-5.027,-0.145,10.7988,-0.0551,0.0154,-0.005,-4.9191,-0.0152,10.7205,0.186,-5.041,-0.0858,10.7983,0.0608,-0.0001,-0.0,-0.0,0.0001,0.0,38.781,-5.041,-0.0858,10.7983,0.0608,0
51.422,-5.0294,-0.1444,10.799,-0.0616,0.0133,0.0096,-4.9191,-0.0152,10.7205,0.1871,-5.0423,-0.0852,10.7983,0.0606,-0.0001,0.0001,-0.0001,0.0001,0.0,38.782,-5.0423,-0.0852,10.7983,0.0606,0
51.463,-5.0321,-0.1439,10.7994,-0.0659,0.0101,0.0098,-4.8686,-0.0338,10.6845,0.2282,-5.0186,-0.0753,10.7813,0.0723,0.0002,0.0,-0.0001,0.0002,0.0,38.753,-5.0186,-0.0753,10.7813,0.0723,0
51.505,-5.0349,-0.1436,10.7996,-0.0649,0.0054,0.0018,-4.8686,-0.0338,10.6845,0.2301,-5.0223,-0.0746,10.7823,0.0722,-0.0,0.0002,-0.0001,0.0002,0.0,38.757,-5.0223,-0.0746,10.7823,0.0722,0
51.547,-5.0375,-0.1435,10.7996,-0.0602,0.0015,-0.0029,-4.8686,-0.0338,10.6845,0.2319,-5.0246,-0.0743,10.7829,0.0723,-0.0001,0.0001,-0.0,0.0001,0.0,38.759,-5.0246,-0.0743,10.7829,0.0723,0
51.588,-5.0398,-0.1435,10.799,-0.0528,-0.0048,-0.0241,-5.1174,-0.1598,10.9571,0.1768,-5.0411,-0.0891,10.8163,0.0571,-0.0,0.0,0.0,0.0001,0.0,38.786,-5.0411,-0.0891,10.8163,0.0571,0
51.63,-5.0418,-0.1439,10.7978,-0.0437,-0.0109,-0.0321,-5.1174,-0.1598,10.9571,0.177,-5.0425,-0.0893,10.8169,0.0578,0.0001,-0.0,-0.0001,0.0002,0.0,38.788,-5.0425,-0.0893,10.8169,0.0578,0
51.671,-5.0434,-0.1444,10.7964,-0.0339,-0.0159,-0.0344,-5.2403,-0.104,10.8484,0.2076,-5.0748,-0.0917,10.8241,0.0674,0.0,-0.0,0.0,0.0,0.0,38.82,-5.0748,-0.0917,10.8241,0.0674,0
51.713,-5.0446,-0.1452,10.7948,-0.0263,-0.0192,-0.0408,-5.2403,-0.104,10.8484,0.207,-5.075,-0.092,10.8247,0.0682,0.0,-0.0001,0.0,0.0001,0.0,38.82,-5.075,-0.092,10.8247,0.0682,0
51.755,-5.0456,-0.1461,10.7931,-0.0214,-0.0226,-0.0408,-5.2403,-0.104,10.8484,0.2067,-5.075,-0.0926,10.8254,0.069,0.0,-0.0,-0.0001,0.0001,0.0,38.821,-5.075,-0.0926,10.8254,0.069,0
51.796,-5.0464,-0.147,10.7915,-0.0193,-0.0224,-0.0283,-5.0303,-0.2871,10.7382,0.1507,-5.0679,-0.1282,10.8042,0.0312,0.0001,0.0001,-0.0,0.0001,0.0,38.818,-5.0679,-0.1282,10.8042,0.0312,0
51.838,-5.0473,-0.148,10.7912,-0.0196,-0.0216,0.0058,-5.0303,-0.2871,10.7382,0.1499,-5.0679,-0.1298,10.8033,0.0301,0.0,0.0001,-0.0003,0.0003,0.0,38.819,-5.0679,-0.1298,10.8033,0.0301,0
51.879,-5.0481,-0.1488,10.7917,-0.0195,-0.0174,0.0192,-5.002,-0.0661,10.6359,0.1823,-5.0586,-0.1199,10.7739,0.0355,-0.0,0.0001,-0.0001,0.0001,0.0,38.8,-5.0586,-0.1199,10.7739,0.0355,0
51.921,-5.0489,-0.1493,10.7929,-0.0201,-0.0107,0.0334,-5.002,-0.0661,10.6359,0.1838,-5.0594,-0.1211,10.7738,0.0357,0.0001,0.0001,-0.0,0.0001,0.0,38.801,-5.0594,-0.1211,10.7738,0.0357,0
51.963,-5.0497,-0.1497,10.7944,-0.0203,-0.0052,0.038,-5.002,-0.0661,10.6359,0.1855,-5.06,-0.1216,10.7741,0.0361,0.0001,0.0,0.0001,0.0002,0.0,38.802,-5.06,-0.1216,10.7741,0.0361,0
52.004,-5.0506,-0.1497,10.7961,-0.0191,0.0022,0.04,-4.9337,-0.3485,10.5813,0.3151,-5.0391,-0.1513,10.7441,0.0533,0.0,-0.0,-0.0002,0.0002,0.0,38.783,-5.0391,-0.1513,10.7441,0.0533,0
52.046,-5.0514,-0.1495,10.7974,-0.0198,0.0054,0.0279,-4.9337,-0.3485,10.5813,0.3164,-5.0396,-0.1489,10.7448,0.0539,-0.0,-0.0,0.0003,0.0003,0.0,38.783,-5.0396,-0.1489,10.7448,0.0539,0
52.087,-5.0522,-0.1494,10.7985,-0.0186,-0.0005,0.025,-4.9337,-0.3485,10.5813,0.3175,-5.0402,-0.1455,10.7456,0.0544,0.0001,0.0002,-0.0001,0.0002,0.0,38.783,-5.0402,-0.1455,10.7456,0.0544,0
52.129,-5.0529,-0.1497,10.7995,-0.0178,-0.0115,0.0222,-4.9635,-0.0952,10.7414,0.1198,-5.0289,-0.1418,10.7464,0.0588,-0.0002,-0.0001,-0.0,0.0002,0.0,38.772,-5.0289,-0.1418,10.7464,0.0588,0
52.171,-5.0537,-0.1504,10.8002,-0.0174,-0.0217,0.0146,-4.9635,-0.0952,10.7414,0.121,-5.0301,-0.142,10.7473,0.0585,-0.0001,-0.0,0.0001,0.0001,0.0,38.773,-5.0301,-0.142,10.7473,0.0585,0
52.212,-5.0543,-0.1515,10.8008,-0.0155,-0.0318,0.0109,-4.9635,-0.0952,10.7414,0.1223,-5.0308,-0.1425,10.7478,0.0586,0.0,0.0002,0.0,0.0002,0.0,38.774,-5.0308,-0.1425,10.7478,0.0586,0
52.254,-5.055,-0.153,10.801,-0.0157,-0.0365,0.0021,-5.0309,-0.2641,10.8823,0.1398,-5.0262,-0.1689,10.7727,0.0434,0.0001,0.0,-0.0001,0.0002,0.0,38.783,-5.0262,-0.1689,10.7727,0.0434,0
52.295,-5.0557,-0.1545,10.8011,-0.0182,-0.0365,0.0004,-5.0309,-0.2641,10.8823,0.1386,-5.0257,-0.1708,10.7731,0.0441,-0.0,-0.0001,0.0,0.0001,0.0,38.783,-5.0257,-0.1708,10.7731,0.0441,0
52.337,-5.0565,-0.156,10.8009,-0.0221,-0.0327,-0.0116,-5.3879,0.0433,10.8417,0.3888,-5.0841,-0.1379,10.7886,0.0353,-0.0001,-0.0001,-0.0001,0.0002,0.0,38.833,-5.0841,-0.1379,10.7886,0.0353,0
52.379,-5.0576,-0.1571,10.8001,-0.0297,-0.0224,-0.0248,-5.3879,0.0433,10.8417,0.3886,-5.0836,-0.1396,10.7894,0.0331,-0.0001,-0.0,0.0,0.0001,0.0,38.833,-5.0836,-0.1396,10.7894,0.0331,0
52.42,-5.0591,-0.1577,10.7989,-0.0385,-0.0099,-0.0296,-5.3879,0.0433,10.8417,0.3878,-5.0832,-0.1417,10.7903,0.0303,0.0,-0.0,-0.0001,0.0001,0.0,38.833,-5.0832,-0.1417,10.7903,0.0303,0
52.462,-5.0609,-0.1579,10.7978,-0.048,0.0031,-0.0232,-5.1949,-0.2535,10.8505,0.1729,-5.1048,-0.1578,10.7989,0.044,0.0,0.0001,-0.0002,0.0002,0.0,38.86,-5.1048,-0.1578,10.7989,0.044,0
52.503,-5.063,-0.1575,10.797,-0.0547,0.0127,-0.0178,-5.1949,-0.2535,10.8505,0.1717,-5.1063,-0.1573,10.7993,0.0433,-0.0001,0.0001,-0.0002,0.0002,0.0,38.861,-5.1063,-0.1573,10.7993,0.0433,0
52.545,-5.0655,-0.1568,10.7963,-0.0603,0.021,-0.0161,-5.1949,-0.2535,10.8505,0.1705,-5.1075,-0.1566,10.7996,0.0422,0.0001,0.0001,0.0,0.0002,0.0,38.862,-5.1075,-0.1566,10.7996,0.0422,0
52.587,-5.068,-0.1558,10.7963,-0.0623,0.0255,0.0165,-5.0788,-0.0392,10.7502,0.1258,-5.0986,-0.1356,10.7852,0.0383,-0.0,-0.0,-0.0001,0.0001,0.0,38.845,-5.0986,-0.1356,10.7852,0.0383,0
52.628,-5.0707,-0.1546,10.7973,-0.064,0.0281,0.0288,-5.0788,-0.0392,10.7502,0.1249,-5.0986,-0.1347,10.7853,0.0364,0.0001,0.0,0.0001,0.0001,0.0,38.844,-5.0986,-0.1347,10.7853,0.0364,0
52.67,-5.0734,-0.1535,10.7986,-0.0676,0.0287,0.0319,-5.0624,-0.2534,11.0231,0.246,-5.0926,-0.1521,10.8284,0.0355,0.0,-0.0,-0.0001,0.0001,0.0,38.854,-5.0926,-0.1521,10.8284,0.0355,0
52.711,-5.0762,-0.1523,10.7996,-0.0693,0.0252,0.0192,-5.0624,-0.2534,11.0231,0.2457,-5.0927,-0.1507,10.8292,0.0339,0.0,-0.0,-0.0,0.0,0.0,38.854,-5.0927,-0.1507,10.8292,0.0339,0
52.753,-5.0792,-0.1514,10.8003,-0.0719,0.0204,0.0158,-5.0624,-0.2534,11.0231,0.2456,-5.0931,-0.1487,10.83,0.0329,0.0,0.0002,0.0001,0.0002,0.0,38.854,-5.0931,-0.1487,10.83,0.0329,0
52.795,-5.0822,-0.1507,10.8009,-0.0734,0.0125,0.011,-5.1084,0.0233,10.9029,0.2034,-5.0971,-0.1202,10.8435,0.0545,-0.0,-0.0001,0.0,0.0001,0.0,38.853,-5.0971,-0.1202,10.8435,0.0545,0
52.836,-5.0853,-0.1504,10.8013,-0.0736,0.0029,0.0082,-5.1084,0.0233,10.9029,0.2025,-5.0981,-0.1195,10.8443,0.0545,0.0001,-0.0001,0.0001,0.0001,0.0,38.854,-5.0981,-0.1195,10.8443,0.0545,0
52.878,-5.0884,-0.1504,10.8015,-0.0742,-0.0035,0.0069,-5.1065,-0.229,10.7905,0.0814,-5.1064,-0.1394,10.8349,0.0395,0.0,0.0001,-0.0,0.0001,0.0,38.865,-5.1064,-0.1394,10.8349,0.0395,0
52.919,-5.0914,-0.1508,10.8019,-0.0709,-0.01,0.0111,-5.1065,-0.229,10.7905,0.0805,-5.1101,-0.1403,10.8354,0.0397,0.0,0.0,-0.0,0.0001,0.0,38.868,-5.1101,-0.1403,10.8354,0.0397,0
52.961,-5.0942,-0.1513,10.8025,-0.0635,-0.0144,0.0134,-5.1065,-0.229,10.7905,0.0796,-5.1124,-0.141,10.8357,0.0393,0.0,-0.0001,0.0,0.0001,0.0,38.871,-5.1124,-0.141,10.8357,0.0393,0
53.003,-5.0966,-0.1519,10.8033,-0.0521,-0.0177,0.0422,-5.1198,-0.1301,10.7711,0.0453,-5.1166,-0.1388,10.8166,0.0273,-0.0001,-0.0002,-0.0002,0.0003,0.0,38.87,-5.1166,-0.1388,10.8166,0.0273,0
53.044,-5.0985,-0.1528,10.8059,-0.0392,-0.0232,0.0737,-5.1198,-0.1301,10.7711,0.0467,-5.1183,-0.1394,10.816,0.026,-0.0,-0.0001,-0.0001,0.0001,0.0,38.871,-5.1183,-0.1394,10.816,0.026,0
53.086,-5.0998,-0.1539,10.8093,-0.0256,-0.027,0.0847,-5.1198,-0.1301,10.7711,0.0492,-5.1203,-0.1404,10.8162,0.0255,-0.0,-0.0001,0.0001,0.0001,0.0,38.874,-5.1203,-0.1404,10.8162,0.0255,0
53.127,-5.1006,-0.155,10.8127,-0.0131,-0.0292,0.0742,-5.1871,-0.1731,10.8235,0.089,-5.1359,-0.1447,10.8211,0.0377,-0.0001,0.0001,0.0001,0.0002,0.0,38.89,-5.1359,-0.1447,10.8211,0.0377,0
53.169,-5.1008,-0.1563,10.8155,0.0027,-0.0324,0.0643,-5.1871,-0.1731,10.8235,0.0883,-5.1379,-0.1452,10.8221,0.0394,0.0,-0.0001,0.0001,0.0001,0.0,38.893,-5.1379,-0.1452,10.8221,0.0394,0
53.211,-5.1003,-0.1577,10.8181,0.0177,-0.0352,0.0603,-5.1871,-0.1731,10.8235,0.0883,-5.1388,-0.1456,10.8226,0.0406,0.0001,0.0,0.0005,0.0005,0.0,38.894,-5.1388,-0.1456,10.8226,0.0406,0
53.252,-5.0993,-0.1593,10.8204,0.0293,-0.0369,0.0512,-5.2784,-0.101,10.7211,0.2129,-5.1602,-0.1426,10.8076,0.0644,-0.0,-0.0,0.0001,0.0001,0.0,38.909,-5.1602,-0.1426,10.8076,0.0644,0
53.294,-5.0979,-0.1608,10.8224,0.0368,-0.0365,0.0476,-5.2784,-0.101,10.7211,0.2154,-5.1597,-0.1439,10.8081,0.0657,0.0001,-0.0,0.0001,0.0001,0.0,38.909,-5.1597,-0.1439,10.8081,0.0657,0
53.335,-5.0963,-0.1622,10.8244,0.0392,-0.0329,0.0471,-5.2784,-0.101,10.7211,0.2181,-5.1587,-0.1457,10.8087,0.0664,-0.0,0.0001,0.0,0.0001,0.0,38.909,-5.1587,-0.1457,10.8087,0.0664,0
53.377,-5.0947,-0.1635,10.8259,0.0391,-0.0283,0.0193,-4.9956,-0.1903,10.8196,0.1028,-5.1291,-0.1541,10.8181,0.0366,0.0,-0.0001,-0.0002,0.0002,0.0,38.886,-5.1291,-0.1541,10.8181,0.0366,0
53.419,-5.0931,-0.1646,10.8262,0.0353,-0.0228,-0.0002,-4.9956,-0.1903,10.8196,0.101,-5.128,-0.1553,10.8195,0.0367,-0.0,-0.0,0.0,0.0,0.0,38.885,-5.128,-0.1553,10.8195,0.0367,0
53.46,-5.0918,-0.1654,10.826,0.0295,-0.0175,-0.0056,-4.9956,-0.1903,10.8196,0.0995,-5.1273,-0.1559,10.8201,0.0373,-0.0,-0.0001,0.0002,0.0002,0.0,38.885,-5.1273,-0.1559,10.8201,0.0373,0
53.502,-5.0907,-0.166,10.8255,0.0237,-0.0115,-0.0212,-5.1067,-0.1644,10.8852,0.0618,-5.1241,-0.1656,10.8355,0.0349,-0.0001,-0.0,-0.0002,0.0002,0.0,38.888,-5.1241,-0.1656,10.8355,0.0349,0
53.543,-5.0899,-0.1663,10.8244,0.0159,-0.0019,-0.0275,-5.1067,-0.1644,10.8852,0.0631,-5.124,-0.1674,10.8361,0.0361,-0.0001,0.0,0.0001,0.0001,0.0,38.889,-5.124,-0.1674,10.8361,0.0361,0
53.585,-5.0894,-0.1661,10.8233,0.0064,0.0098,-0.0246,-5.0039,-0.0456,10.7684,0.1576,-5.1054,-0.1441,10.8236,0.0272,-0.0,0.0001,-0.0,0.0001,0.0,38.862,-5.1054,-0.1441,10.8236,0.0272,0
53.627,-5.0893,-0.1654,10.8224,-0.0019,0.0194,-0.0203,-5.0039,-0.0456,10.7684,0.1568,-5.1062,-0.144,10.8239,0.0273,0.0,0.0001,-0.0002,0.0002,0.0,38.863,-5.1062,-0.144,10.8239,0.0273,0
53.668,-5.0895,-0.1645,10.8215,-0.0075,0.0265,-0.02,-5.0039,-0.0456,10.7684,0.1559,-5.1078,-0.1436,10.8245,0.0279,0.0,0.0002,-0.0,0.0002,0.0,38.865,-5.1078,-0.1436,10.8245,0.0279,0
53.71,-5.0899,-0.1632,10.821,-0.0111,0.0305,-0.0022,-4.9665,0.0279,10.8682,0.2323,-5.085,-0.1102,10.8284,0.0538,-0.0001,0.0001,0.0,0.0001,0.0,38.835,-5.085,-0.1102,10.8284,0.0538,0
53.751,-5.0905,-0.1619,10.8212,-0.0121,0.0317,0.0095,-4.9665,0.0279,10.8682,0.2315,-5.087,-0.108,10.8285,0.0545,0.0001,0.0001,0.0001,0.0001,0.0,38.837,-5.087,-0.108,10.8285,0.0545,0
53.793,-5.0909,-0.1607,10.8217,-0.0118,0.0268,0.0118,-4.9665,0.0279,10.8682,0.2307,-5.0884,-0.1065,10.8289,0.0547,-0.0001,-0.0,0.0002,0.0002,0.0,38.838,-5.0884,-0.1065,10.8289,0.0547,0
53.835,-5.0914,-0.1597,10.8218,-0.0093,0.0194,-0.0052,-4.9902,-0.1842,10.7234,0.1432,-5.0688,-0.1181,10.8154,0.0478,0.0,0.0,-0.0002,0.0002,0.0,38.819,-5.0688,-0.1181,10.8154,0.0478,0
53.876,-5.0917,-0.1592,10.8214,-0.0075,0.008,-0.013,-4.9902,-0.1842,10.7234,0.1433,-5.069,-0.1173,10.816,0.048,0.0001,0.0001,-0.0001,0.0001,0.0,38.819,-5.069,-0.1173,10.816,0.048,0
53.918,-5.092,-0.1592,10.8209,-0.0055,-0.0043,-0.0085,-5.2468,-0.2668,10.7425,0.2042,-5.0991,-0.1416,10.8018,0.0269,-0.0,-0.0,-0.0,0.0001,0.0,38.851,-5.0991,-0.1416,10.8018,0.0269,0
53.959,-5.0922,-0.1596,10.8207,-0.0061,-0.0162,-0.0007,-5.2468,-0.2668,10.7425,0.2037,-5.0991,-0.1414,10.802,0.027,-0.0,0.0,0.0001,0.0001,0.0,38.851,-5.0991,-0.1414,10.802,0.027,0
54.001,-5.0925,-0.1605,10.8207,-0.0091,-0.025,0.0005,-5.2468,-0.2668,10.7425,0.203,-5.0993,-0.1416,10.8026,0.027,0.0001,-0.0,-0.0002,0.0002,0.0,38.851,-5.0993,-0.1416,10.8026,0.027,0
54.043,-5.093,-0.1617,10.8211,-0.0127,-0.0335,0.0234,-5.2159,-0.0047,10.9551,0.2402,-5.1182,-0.1225,10.8234,0.0466,-0.0,0.0001,-0.0,0.0001,0.0,38.869,-5.1182,-0.1225,10.8234,0.0466,0
54.084,-5.0937,-0.1632,10.8225,-0.0198,-0.037,0.0393,-5.2159,-0.0047,10.9551,0.2401,-5.1183,-0.1249,10.8234,0.0456,0.0,0.0002,-0.0,0.0002,0.0,38.869,-5.1183,-0.1249,10.8234,0.0456,0
54.126,-5.0947,-0.1648,10.8243,-0.0266,-0.0357,0.0455,-4.8031,-0.1499,11.0177,0.3502,-5.0686,-0.123,10.8544,0.0578,0.0,-0.0,0.0001,0.0001,0.0,38.83,-5.0686,-0.123,10.8544,0.0578,0
54.167,-5.0959,-0.1661,10.8264,-0.0301,-0.0322,0.0552,-4.8031,-0.1499,11.0177,0.3501,-5.0707,-0.1221,10.8546,0.058,-0.0,-0.0002,-0.0,0.0002,0.0,38.832,-5.0707,-0.1221,10.8546,0.058,0
54.209,-5.0972,-0.1675,10.8288,-0.0335,-0.0331,0.0573,-4.8031,-0.1499,11.0177,0.35,-5.0722,-0.1216,10.8549,0.0585,0.0,-0.0001,0.0,0.0001,0.0,38.833,-5.0722,-0.1216,10.8549,0.0585,0
54.251,-5.0986,-0.169,10.8311,-0.0341,-0.0371,0.0536,-4.8972,-0.1775,10.8064,0.2031,-5.0443,-0.1346,10.8488,0.0667,0.0001,0.0,0.0001,0.0001,0.0,38.809,-5.0443,-0.1346,10.8488,0.0667,0
54.292,-5.1,-0.1706,10.8333,-0.0327,-0.0403,0.0489,-4.8972,-0.1775,10.8064,0.2047,-5.0456,-0.1353,10.8493,0.0668,-0.0,0.0001,0.0001,0.0002,0.0,38.81,-5.0456,-0.1353,10.8493,0.0668,0
54.334,-5.1013,-0.1723,10.8352,-0.0289,-0.0414,0.0471,-4.8972,-0.1775,10.8064,0.2062,-5.0476,-0.1364,10.85,0.0662,-0.0001,0.0001,-0.0001,0.0001,0.0,38.813,-5.0476,-0.1364,10.85,0.0662,0
54.375,-5.1024,-0.1741,10.8374,-0.0228,-0.0422,0.059,-5.063,-0.2399,10.8947,0.0957,-5.0546,-0.1551,10.8553,0.0544,-0.0001,0.0,-0.0001,0.0001,0.0,38.825,-5.0546,-0.1551,10.8553,0.0544,0
54.417,-5.1031,-0.1757,10.8401,-0.0141,-0.0393,0.0684,-5.063,-0.2399,10.8947,0.0933,-5.0572,-0.1562,10.8555,0.0522,0.0,0.0001,-0.0001,0.0001,0.0,38.828,-5.0572,-0.1562,10.8555,0.0522,0
54.459,-5.1035,-0.1773,10.843,-0.0053,-0.0365,0.0705,-5.063,-0.2399,10.8947,0.0907,-5.0587,-0.1568,10.8558,0.0509,0.0001,0.0001,0.0001,0.0001,0.0,38.83,-5.0587,-0.1568,10.8558,0.0509,0
54.5,-5.1035,-0.1788,10.8455,0.0062,-0.0352,0.0484,-5.1012,-0.2301,10.8385,0.0518,-5.068,-0.1674,10.8584,0.0394,0.0,-0.0001,0.0002,0.0002,0.0,38.842,-5.068,-0.1674,10.8584,0.0394,0
54.542,-5.103,-0.1802,10.8473,0.0174,-0.0345,0.0392,-5.1012,-0.2301,10.8385,0.0507,-5.0688,-0.1673,10.8591,0.0384,-0.0001,-0.0,-0.0002,0.0003,0.0,38.843,-5.0688,-0.1673,10.8591,0.0384,0
54.583,-5.102,-0.1818,10.8489,0.0273,-0.0373,0.0383,-5.109,-0.3844,10.9501,0.2267,-5.0706,-0.2083,10.8745,0.0485,0.0,-0.0001,0.0003,0.0003,0.0,38.859,-5.0706,-0.2083,10.8745,0.0485,0
54.625,-5.1007,-0.1833,10.8504,0.0344,-0.0374,0.038,-5.109,-0.3844,10.9501,0.2246,-5.0695,-0.2095,10.875,0.0475,-0.0,-0.0001,-0.0001,0.0001,0.0,38.858,-5.0695,-0.2095,10.875,0.0475,0
54.667,-5.0992,-0.1848,10.852,0.0377,-0.0335,0.0391,-5.109,-0.3844,10.9501,0.2226,-5.0675,-0.211,10.8755,0.0473,-0.0001,-0.0001,-0.0001,0.0001,0.0,38.857,-5.0675,-0.211,10.8755,0.0473,0
54.708,-5.0977,-0.1861,10.8539,0.0341,-0.0298,0.0508,-5.1428,0.0069,10.7376,0.2298,-5.0779,-0.1764,10.8501,0.0224,-0.0,-0.0001,-0.0001,0.0002,0.0,38.851,-5.0779,-0.1764,10.8501,0.0224,0
54.75,-5.0964,-0.1872,10.8562,0.0269,-0.0233,0.0578,-5.1428,0.0069,10.7376,0.2321,-5.0756,-0.1779,10.8504,0.0234,-0.0001,-0.0002,0.0001,0.0002,0.0,38.85,-5.0756,-0.1779,10.8504,0.0234,0
54.791,-5.0956,-0.188,10.8586,0.0142,-0.0166,0.0508,-5.1884,-0.2063,10.8145,0.1044,-5.0952,-0.188,10.849,0.0095,-0.0002,-0.0001,-0.0001,0.0002,0.0,38.871,-5.0952,-0.188,10.849,0.0095,0
54.833,-5.0952,-0.1885,10.86,0.0024,-0.0068,0.0267,-5.1884,-0.2063,10.8145,0.1052,-5.0947,-0.1909,10.8507,0.0096,0.0001,0.0,-0.0002,0.0002,0.0,38.871,-5.0947,-0.1909,10.8507,0.0096,0
54.875,-5.0954,-0.1885,10.8609,-0.0094,0.0049,0.0175,-5.1501,-0.1491,10.9332,0.0988,-5.1071,-0.1828,10.8653,0.0137,-0.0,-0.0001,0.0,0.0001,0.0,38.884,-5.1071,-0.1828,10.8653,0.0137,0
54.916,-5.096,-0.188,10.8615,-0.0172,0.0169,0.0113,-5.1501,-0.1491,10.9332,0.0979,-5.1089,-0.1834,10.8662,0.0145,0.0,-0.0001,0.0001,0.0002,0.0,38.886,-5.1089,-0.1834,10.8662,0.0145,0
54.958,-5.0968,-0.1871,10.8619,-0.022,0.0255,0.008,-5.1501,-0.1491,10.9332,0.0968,-5.1104,-0.1834,10.8667,0.0148,0.0001,0.0001,0.0001,0.0002,0.0,38.888,-5.1104,-0.1834,10.8667,0.0148,0
54.999,-5.0977,-0.1859,10.8622,-0.0195,0.0346,0.0136,-5.1775,-0.3748,10.9103,0.2107,-5.1229,-0.2131,10.8722,0.0384,-0.0001,-0.0001,-0.0001,0.0001,0.0,38.908,-5.1229,-0.2131,10.8722,0.0384,0
55.041,-5.0984,-0.1843,10.863,-0.0145,0.0403,0.0218,-5.1775,-0.3748,10.9103,0.2117,-5.1241,-0.2122,10.8723,0.0391,-0.0,-0.0001,0.0,0.0001,0.0,38.909,-5.1241,-0.2122,10.8723,0.0391,0
55.083,-5.0989,-0.1825,10.864,-0.0107,0.0427,0.0256,-5.1775,-0.3748,10.9103,0.2128,-5.1257,-0.2107,10.8728,0.0398,0.0001,-0.0001,-0.0001,0.0002,0.0,38.911,-5.1257,-0.2107,10.8728,0.0398,0
55.124,-5.0993,-0.1808,10.8651,-0.0059,0.0414,0.0227,-5.1811,-0.2966,10.7963,0.1576,-5.1347,-0.225,10.8611,0.0568,0.0,-0.0,0.0001,0.0001,0.0,38.92,-5.1347,-0.225,10.8611,0.0568,0
55.166,-5.0994,-0.1791,10.8659,-0.003,0.0376,0.0208,-5.1811,-0.2966,10.7963,0.1591,-5.1354,-0.2239,10.8619,0.0576,0.0,-0.0001,0.0001,0.0001,0.0,38.921,-5.1354,-0.2239,10.8619,0.0576,0
55.207,-5.0995,-0.1777,10.8669,-0.0001,0.0303,0.0272,-4.798,-0.0303,10.8489,0.3361,-5.0805,-0.1883,10.8565,0.0241,-0.0001,-0.0,-0.0,0.0001,0.0,38.859,-5.0805,-0.1883,10.8565,0.0241,0
55.249,-5.0994,-0.1766,10.8685,0.0033,0.0237,0.0469,-4.798,-0.0303,10.8489,0.3357,-5.0813,-0.1863,10.8563,0.0239,-0.0001,-0.0001,-0.0002,0.0003,0.0,38.859,-5.0813,-0.1863,10.8563,0.0239,0
55.291,-5.0993,-0.1758,10.8706,0.0046,0.016,0.0532,-4.798,-0.0303,10.8489,0.3353,-5.0818,-0.1851,10.8565,0.0243,-0.0001,0.0001,0.0001,0.0001,0.0,38.859,-5.0818,-0.1851,10.8565,0.0243,0
55.332,-5.099,-0.1753,10.873,0.0066,0.0053,0.0644,-5.1468,-0.0959,10.6684,0.2246,-5.094,-0.1697,10.8224,0.0511,0.0001,0.0,-0.0001,0.0001,0.0,38.858,-5.094,-0.1697,10.8224,0.0511,0
55.374,-5.0987,-0.1754,10.8759,0.0075,-0.0047,0.0735,-5.1468,-0.0959,10.6684,0.2274,-5.0944,-0.1693,10.8226,0.0539,0.0001,-0.0001,0.0,0.0001,0.0,38.859,-5.0944,-0.1693,10.8226,0.0539,0
55.415,-5.0984,-0.1758,10.8789,0.0074,-0.0155,0.0625,-4.9624,-0.3899,10.7672,0.2772,-5.0744,-0.2081,10.8177,0.0732,-0.0001,0.0001,0.0,0.0001,0.0,38.849,-5.0744,-0.2081,10.8177,0.0732,0
55.457,-5.0981,-0.1766,10.8811,0.0082,-0.0228,0.0484,-4.9624,-0.3899,10.7672,0.2773,-5.075,-0.2091,10.8185,0.0742,-0.0001,0.0001,0.0001,0.0002,0.0,38.85,-5.075,-0.2091,10.8185,0.0742,0
55.499,-5.0978,-0.1777,10.883,0.0069,-0.0251,0.0428,-4.9624,-0.3899,10.7672,0.2771,-5.0758,-0.2108,10.8194,0.075,-0.0001,0.0001,-0.0001,0.0002,0.0,38.851,-5.0758,-0.2108,10.8194,0.075,0
55.54,-5.0975,-0.1787,10.8846,0.0051,-0.0261,0.0316,-5.0582,-0.1391,11.1125,0.2346,-5.072,-0.1993,10.8707,0.0356,-0.0,0.0001,-0.0001,0.0001,0.0,38.857,-5.072,-0.1993,10.8707,0.0356,0
55.582,-5.0973,-0.1797,10.8857,0.0029,-0.0215,0.0245,-5.0582,-0.1391,11.1125,0.2337,-5.0724,-0.2008,10.8717,0.0355,0.0001,-0.0,0.0,0.0001,0.0,38.858,-5.0724,-0.2008,10.8717,0.0355,0
55.623,-5.0973,-0.1805,10.8867,-0.0025,-0.0155,0.0241,-5.0582,-0.1391,11.1125,0.2328,-5.0728,-0.2015,10.8721,0.0355,-0.0,-0.0001,-0.0002,0.0003,0.0,38.859,-5.0728,-0.2015,10.8721,0.0355,0
55.665,-5.0976,-0.181,10.8877,-0.0086,-0.0096,0.0213,-4.8358,-0.2032,10.8823,0.2628,-5.03,-0.202,10.875,0.0719,-0.0001,0.0001,0.0,0.0001,0.0,38.819,-5.03,-0.202,10.875,0.0719,0
55.707,-5.0981,-0.1813,10.8885,-0.0171,-0.0038,0.0208,-4.8358,-0.2032,10.8823,0.2633,-5.0299,-0.2023,10.8754,0.0726,-0.0,0.0,-0.0001,0.0001,0.0,38.82,-5.0299,-0.2023,10.8754,0.0726,0
55.748,-5.099,-0.1813,10.8893,-0.0256,0.0014,0.0073,-5.1773,-0.1649,10.8801,0.0805,-5.0568,-0.1979,10.8809,0.0461,-0.0001,0.0,0.0001,0.0001,0.0,38.845,-5.0568,-0.1979,10.8809,0.0461,0
55.79,-5.1002,-0.1812,10.8892,-0.0292,0.0041,-0.0069,-5.1773,-0.1649,10.8801,0.0793,-5.0578,-0.1983,10.8818,0.0464,-0.0001,-0.0002,-0.0002,0.0003,0.0,38.846,-5.0578,-0.1983,10.8818,0.0464,0
55.831,-5.1015,-0.181,10.8887,-0.0309,0.0058,-0.0126,-5.1773,-0.1649,10.8801,0.078,-5.0594,-0.1989,10.8827,0.0461,0.0001,0.0,-0.0001,0.0001,0.0,38.848,-5.0594,-0.1989,10.8827,0.0461,0
55.873,-5.1027,-0.1806,10.8885,-0.0287,0.01,0.0091,-5.2491,-0.2822,10.9109,0.1796,-5.0862,-0.213,10.882,0.0369,0.0001,-0.0001,0.0001,0.0002,0.0,38.877,-5.0862,-0.213,10.882,0.0369,0
55.915,-5.1039,-0.1801,10.8893,-0.03,0.0137,0.0231,-5.2491,-0.2822,10.9109,0.1788,-5.0855,-0.2133,10.8821,0.0386,-0.0,0.0,-0.0001,0.0001,0.0,38.876,-5.0855,-0.2133,10.8821,0.0386,0
55.956,-5.1052,-0.1795,10.8903,-0.0324,0.0167,0.0205,-5.1843,-0.2215,10.9704,0.1201,-5.1048,-0.2089,10.8999,0.0309,-0.0001,-0.0,0.0002,0.0003,0.0,38.897,-5.1048,-0.2089,10.8999,0.0309,0
55.998,-5.1067,-0.1788,10.8908,-0.0363,0.0148,0.0059,-5.1843,-0.2215,10.9704,0.1191,-5.1057,-0.2064,10.9011,0.0295,0.0001,-0.0,0.0002,0.0002,0.0,38.898,-5.1057,-0.2064,10.9011,0.0295,0
56.039,-5.1082,-0.1783,10.8909,-0.0396,0.0096,0.0011,-5.1843,-0.2215,10.9704,0.1182,-5.1063,-0.2049,10.9017,0.0287,-0.0,-0.0001,0.0004,0.0004,0.0,38.898,-5.1063,-0.2049,10.9017,0.0287,0
56.081,-5.11,-0.1781,10.8911,-0.0427,0.0016,0.0083,-4.9809,-0.1566,10.8374,0.1414,-5.0852,-0.1997,10.89,0.0329,0.0,-0.0001,-0.0001,0.0002,0.0,38.874,-5.0852,-0.1997,10.89,0.0329,0
56.123,-5.1118,-0.1782,10.8915,-0.0447,-0.0056,0.0105,-4.9809,-0.1566,10.8374,0.1432,-5.0857,-0.1997,10.8904,0.0339,-0.0001,0.0001,-0.0002,0.0002,0.0,38.875,-5.0857,-0.1997,10.8904,0.0339,0
56.164,-5.1137,-0.1786,10.892,-0.0455,-0.0137,0.0159,-5.1171,-0.3186,11.0344,0.1997,-5.0951,-0.2212,10.913,0.051,0.0001,-0.0,0.0001,0.0001,0.0,38.894,-5.0951,-0.2212,10.913,0.051,0
56.206,-5.1155,-0.1793,10.8928,-0.0432,-0.0193,0.021,-5.1171,-0.3186,11.0344,0.1987,-5.0965,-0.2221,10.9132,0.0511,0.0001,-0.0001,0.0002,0.0003,0.0,38.896,-5.0965,-0.2221,10.9132,0.0511,0
56.247,-5.1173,-0.1802,10.8937,-0.0406,-0.0211,0.0228,-5.1171,-0.3186,11.0344,0.1974,-5.0986,-0.2237,10.9138,0.0514,-0.0001,-0.0001,-0.0001,0.0002,0.0,38.899,-5.0986,-0.2237,10.9138,0.0514,0
56.289,-5.1188,-0.181,10.8944,-0.0356,-0.0209,0.002,-4.971,-0.2784,11.0715,0.2504,-5.0778,-0.2308,10.9456,0.0823,-0.0001,0.0,-0.0002,0.0002,0.0,38.889,-5.0778,-0.2308,10.9456,0.0823,0
56.331,-5.1202,-0.1819,10.8941,-0.0307,-0.0224,-0.0122,-4.971,-0.2784,11.0715,0.2511,-5.0792,-0.2312,10.9468,0.0831,-0.0,0.0002,-0.0001,0.0002,0.0,38.89,-5.0792,-0.2312,10.9468,0.0831,0
56.372,-5.1213,-0.1829,10.8935,-0.0236,-0.0239,-0.0093,-5.0859,-0.0525,10.8739,0.1366,-5.0756,-0.1992,10.9322,0.0621,0.0,-0.0001,-0.0001,0.0001,0.0,38.875,-5.0756,-0.1992,10.9322,0.0621,0
56.414,-5.1222,-0.1839,10.8935,-0.0211,-0.0254,0.0064,-5.0859,-0.0525,10.8739,0.1378,-5.074,-0.1986,10.9321,0.0635,-0.0,-0.0001,0.0003,0.0003,0.0,38.873,-5.074,-0.1986,10.9321,0.0635,0
56.455,-5.1232,-0.1851,10.8939,-0.0234,-0.0288,0.0106,-5.0859,-0.0525,10.8739,0.1392,-5.0729,-0.1984,10.9324,0.0647,0.0,-0.0001,-0.0001,0.0002,0.0,38.872,-5.0729,-0.1984,10.9324,0.0647,0
56.497,-5.1243,-0.1863,10.894,-0.0293,-0.0308,-0.0091,-5.1419,-0.1922,10.9847,0.0926,-5.0855,-0.1981,10.9458,0.0658,0.0,-0.0,0.0001,0.0001,0.0,38.887,-5.0855,-0.1981,10.9458,0.0658,0
56.539,-5.1256,-0.1877,10.8934,-0.0365,-0.0326,-0.0175,-5.1419,-0.1922,10.9847,0.0929,-5.0854,-0.1982,10.9465,0.0675,-0.0001,-0.0001,-0.0,0.0001,0.0,38.887,-5.0854,-0.1982,10.9465,0.0675,0
56.58,-5.1273,-0.189,10.8926,-0.0434,-0.0333,-0.0194,-5.1859,-0.0753,10.887,0.1281,-5.1053,-0.1777,10.9335,0.0478,0.0,-0.0002,-0.0001,0.0002,0.0,38.897,-5.1053,-0.1777,10.9335,0.0478,0
56.622,-5.1294,-0.1904,10.8924,-0.0531,-0.0314,0.0037,-5.1859,-0.0753,10.887,0.1283,-5.1065,-0.1779,10.9332,0.0484,-0.0,0.0,0.0001,0.0001,0.0,38.899,-5.1065,-0.1779,10.9332,0.0484,0
56.663,-5.1317,-0.1917,10.8927,-0.0591,-0.0313,0.0102,-5.1859,-0.0753,10.887,0.1285,-5.1087,-0.1782,10.9336,0.0488,-0.0,0.0,0.0001,0.0001,0.0,38.901,-5.1087,-0.1782,10.9336,0.0488,0
56.705,-5.1342,-0.1929,10.8931,-0.0608,-0.0296,0.0045,-5.0952,-0.4231,10.9408,0.2383,-5.106,-0.2235,10.9384,0.0615,0.0001,0.0,-0.0,0.0001,0.0,38.911,-5.106,-0.2235,10.9384,0.0615,0
56.747,-5.1367,-0.1941,10.8928,-0.0592,-0.0253,-0.0133,-5.0952,-0.4231,10.9408,0.2377,-5.1076,-0.2253,10.9399,0.0636,-0.0,-0.0001,0.0001,0.0002,0.0,38.914,-5.1076,-0.2253,10.9399,0.0636,0
56.788,-5.1391,-0.195,10.8921,-0.0549,-0.0192,-0.0185,-5.0952,-0.4231,10.9408,0.2373,-5.1085,-0.2264,10.9405,0.0653,-0.0,0.0,-0.0002,0.0002,0.0,38.915,-5.1085,-0.2264,10.9405,0.0653,0
56.83,-5.1414,-0.1956,10.8915,-0.0527,-0.011,-0.0126,-5.0945,0.0263,10.9524,0.2349,-5.1071,-0.1811,10.9415,0.0624,0.0,-0.0,-0.0001,0.0001,0.0,38.902,-5.1071,-0.1811,10.9415,0.0624,0
56.871,-5.1435,-0.1959,10.891,-0.0511,-0.0044,-0.0096,-5.0945,0.0263,10.9524,0.2357,-5.1078,-0.1809,10.9419,0.0639,-0.0,-0.0,-0.0,0.0001,0.0,38.903,-5.1078,-0.1809,10.9419,0.0639,0
56.913,-5.1456,-0.196,10.8906,-0.0497,-0.0011,-0.008,-5.0755,-0.1412,11.0547,0.1867,-5.1035,-0.1781,10.9633,0.0859,-0.0001,-0.0001,-0.0001,0.0001,0.0,38.903,-5.1035,-0.1781,10.9633,0.0859,0
56.955,-5.1477,-0.196,10.8901,-0.0513,0.0024,-0.0175,-5.0755,-0.1412,11.0547,0.188,-5.1041,-0.1787,10.964,0.0876,0.0,0.0001,-0.0001,0.0001,0.0,38.904,-5.1041,-0.1787,10.964,0.0876,0
56.996,-5.1499,-0.1958,10.8892,-0.0529,0.0051,-0.0215,-5.0755,-0.1412,11.0547,0.1895,-5.1053,-0.1798,10.9649,0.0893,-0.0001,0.0,-0.0,0.0001,0.0,38.905,-5.1053,-0.1798,10.9649,0.0893,0
57.038,-5.1521,-0.1955,10.8883,-0.0531,0.0101,-0.0193,-5.1661,-0.18,10.6666,0.2227,-5.1156,-0.1782,10.9113,0.0465,0.0,-0.0001,-0.0,0.0001,0.0,38.902,-5.1156,-0.1782,10.9113,0.0465,0
57.079,-5.1543,-0.195,10.8879,-0.0535,0.0143,-0.0039,-5.1661,-0.18,10.6666,0.2221,-5.1164,-0.178,10.9113,0.0477,0.0001,-0.0,0.0001,0.0001,0.0,38.903,-5.1164,-0.178,10.9113,0.0477,0
57.121,-5.1565,-0.1943,10.8879,-0.0531,0.0177,0.0058,-5.0208,-0.2363,10.7332,0.2101,-5.1027,-0.1808,10.8796,0.0561,0.0,0.0001,0.0001,0.0001,0.0,38.883,-5.1027,-0.1808,10.8796,0.0561,0
57.163,-5.1587,-0.1936,10.8886,-0.0513,0.0167,0.0231,-5.0208,-0.2363,10.7332,0.2121,-5.1041,-0.1774,10.8795,0.0577,0.0,0.0001,0.0,0.0001,0.0,38.883,-5.1041,-0.1774,10.8795,0.0577,0
57.204,-5.1608,-0.193,10.8897,-0.05,0.012,0.0285,-5.0208,-0.2363,10.7332,0.2144,-5.105,-0.1752,10.8797,0.0594,-0.0,0.0,-0.0001,0.0001,0.0,38.884,-5.105,-0.1752,10.8797,0.0594,0
57.246,-5.1629,-0.1928,10.891,-0.0491,-0.0009,0.0371,-5.2635,-0.3875,10.8794,0.2195,-5.128,-0.2167,10.8779,0.0443,-0.0001,0.0,-0.0002,0.0003,0.0,38.916,-5.128,-0.2167,10.8779,0.0443,0
57.287,-5.1649,-0.193,10.8928,-0.0494,-0.0108,0.0462,-5.2635,-0.3875,10.8794,0.2185,-5.1277,-0.2173,10.878,0.0468,-0.0001,-0.0001,0.0002,0.0002,0.0,38.916,-5.1277,-0.2173,10.878,0.0468,0
57.329,-5.167,-0.1937,10.8948,-0.05,-0.0183,0.0501,-5.2635,-0.3875,10.8794,0.2171,-5.1275,-0.2186,10.8784,0.0495,-0.0,-0.0,-0.0,0.0,0.0,38.916,-5.1275,-0.2186,10.8784,0.0495,0
57.371,-5.1692,-0.1945,10.8968,-0.0552,-0.0202,0.0449,-5.4029,-0.2111,10.8517,0.2386,-5.176,-0.2193,10.8758,0.0333,-0.0001,0.0001,-0.0001,0.0001,0.0,38.961,-5.176,-0.2193,10.8758,0.0333,0
57.412,-5.1716,-0.1953,10.8986,-0.0592,-0.0174,0.0392,-5.4029,-0.2111,10.8517,0.2365,-5.177,-0.2214,10.8767,0.0345,0.0,0.0001,-0.0001,0.0001,0.0,38.962,-5.177,-0.2214,10.8767,0.0345,0
57.454,-5.1741,-0.1959,10.9002,-0.0611,-0.0124,0.0391,-5.4029,-0.2111,10.8517,0.2344,-5.1779,-0.2226,10.8771,0.0355,0.0001,0.0,-0.0,0.0001,0.0,38.964,-5.1779,-0.2226,10.8771,0.0355,0
57.495,-5.1767,-0.1962,10.9017,-0.0629,-0.0042,0.0329,-5.2745,-0.1878,10.8523,0.1099,-5.2021,-0.2182,10.8748,0.0431,-0.0001,-0.0,-0.0,0.0001,0.0,38.985,-5.2021,-0.2182,10.8748,0.0431,0
57.537,-5.1793,-0.1962,10.903,-0.0611,0.0045,0.0308,-5.2745,-0.1878,10.8523,0.1082,-5.2045,-0.2189,10.8752,0.0438,-0.0001,-0.0002,0.0003,0.0004,0.0,38.987,-5.2045,-0.2189,10.8752,0.0438,0
57.579,-5.1817,-0.1958,10.9043,-0.0552,0.0141,0.0303,-5.2116,-0.1432,11.033,0.1422,-5.2095,-0.2021,10.9052,0.0285,0.0001,0.0,-0.0,0.0001,0.0,38.994,-5.2095,-0.2021,10.9052,0.0285,0
57.62,-5.1838,-0.195,10.9051,-0.0473,0.021,0.0145,-5.2116,-0.1432,11.033,0.1408,-5.2118,-0.2009,10.9061,0.0286,0.0001,0.0,0.0001,0.0001,0.0,38.996,-5.2118,-0.2009,10.9061,0.0286,0
57.662,-5.1855,-0.1941,10.9056,-0.0356,0.0227,0.0098,-5.2116,-0.1432,11.033,0.1397,-5.2151,-0.1989,10.907,0.03,-0.0,0.0,0.0,0.0001,0.0,38.999,-5.2151,-0.1989,10.907,0.03,0
57.703,-5.1867,-0.1932,10.906,-0.0224,0.0188,0.0072,-5.2636,0.0344,10.9596,0.2462,-5.2233,-0.1588,10.918,0.0516,0.0,0.0,0.0001,0.0001,0.0,38.999,-5.2233,-0.1588,10.918,0.0516,0
57.745,-5.1874,-0.1925,10.906,-0.009,0.0145,-0.0017,-5.2636,0.0344,10.9596,0.2453,-5.2245,-0.1575,10.9191,0.0527,-0.0001,0.0,-0.0,0.0001,0.0,39.0,-5.2245,-0.1575,10.9191,0.0527,0
57.787,-5.1874,-0.1921,10.9059,0.003,0.0088,-0.0048,-5.2636,0.0344,10.9596,0.2449,-5.2249,-0.1569,10.9196,0.0532,0.0001,0.0,0.0,0.0001,0.0,39.0,-5.2249,-0.1569,10.9196,0.0532,0
57.828,-5.1871,-0.1919,10.9057,0.013,0.0021,-0.0045,-5.3001,-0.1276,10.9267,0.1317,-5.2375,-0.1518,10.9212,0.0663,0.0,-0.0001,-0.0,0.0001,0.0,39.011,-5.2375,-0.1518,10.9212,0.0663,0
57.87,-5.1864,-0.1919,10.9056,0.0167,-0.003,-0.0018,-5.3001,-0.1276,10.9267,0.1323,-5.2373,-0.1517,10.9215,0.0667,0.0001,-0.0,0.0002,0.0002,0.0,39.011,-5.2373,-0.1517,10.9215,0.0667,0
57.911,-5.1857,-0.1922,10.9055,0.0173,-0.0098,-0.0006,-5.3001,-0.1276,10.9267,0.1331,-5.2366,-0.152,10.9221,0.0669,-0.0,0.0001,-0.0001,0.0002,0.0,39.011,-5.2366,-0.152,10.9221,0.0669,0
57.953,-5.1851,-0.1927,10.9054,0.0146,-0.0154,-0.0061,-5.2753,-0.1284,10.8304,0.1338,-5.2444,-0.1525,10.9082,0.0718,-0.0001,0.0002,-0.0003,0.0004,0.0,39.015,-5.2444,-0.1525,10.9082,0.0718,0
57.995,-5.1846,-0.1934,10.9051,0.0093,-0.0186,-0.009,-5.2753,-0.1284,10.8304,0.1343,-5.2447,-0.1548,10.9089,0.0716,-0.0001,0.0001,0.0002,0.0002,0.0,39.016,-5.2447,-0.1548,10.9089,0.0716,0
58.036,-5.1843,-0.1942,10.9047,0.0041,-0.0184,-0.009,-5.0753,-0.1764,10.9698,0.1282,-5.2197,-0.1574,10.919,0.0531,0.0002,-0.0,0.0001,0.0002,0.0,38.995,-5.2197,-0.1574,10.919,0.0531,0
58.078,-5.1843,-0.1949,10.9044,-0.0015,-0.016,-0.0061,-5.0753,-0.1764,10.9698,0.1284,-5.2219,-0.1587,10.9195,0.0544,-0.0001,-0.0001,0.0,0.0001,0.0,38.998,-5.2219,-0.1587,10.9195,0.0544,0
58.119,-5.1844,-0.1955,10.9042,-0.0038,-0.0111,-0.0037,-5.0753,-0.1764,10.9698,0.1287,-5.2235,-0.1595,10.9199,0.0555,0.0001,-0.0001,-0.0001,0.0002,0.0,39.0,-5.2235,-0.1595,10.9199,0.0555,0
58.161,-5.1845,-0.1959,10.9046,-0.0016,-0.007,0.0239,-5.0774,-0.1384,10.9428,0.1274,-5.1939,-0.1573,10.9189,0.0422,0.0001,0.0001,-0.0001,0.0002,0.0,38.971,-5.1939,-0.1573,10.9189,0.0422,0
58.203,-5.1845,-0.196,10.9059,-0.0001,-0.0004,0.0349,-5.0774,-0.1384,10.9428,0.1271,-5.1937,-0.1579,10.919,0.0413,0.0,-0.0,-0.0002,0.0002,0.0,38.971,-5.1937,-0.1579,10.919,0.0413,0
58.244,-5.1845,-0.1959,10.9074,0.0011,0.007,0.038,-5.2623,-0.217,11.2065,0.3098,-5.2037,-0.173,10.9708,0.0701,-0.0,-0.0001,-0.0002,0.0002,0.0,38.997,-5.2037,-0.173,10.9708,0.0701,0
58.286,-5.1845,-0.1955,10.9086,-0.001,0.0116,0.0205,-5.2623,-0.217,11.2065,0.3087,-5.2032,-0.1746,10.9718,0.0692,-0.0001,0.0001,0.0001,0.0001,0.0,38.997,-5.2032,-0.1746,10.9718,0.0692,0
58.327,-5.1846,-0.1948,10.9093,-0.0024,0.0182,0.0153,-5.2623,-0.217,11.2065,0.308,-5.2025,-0.1767,10.9727,0.0683,0.0001,0.0001,0.0001,0.0001,0.0,38.997,-5.2025,-0.1767,10.9727,0.0683,0
58.369,-5.1847,-0.1939,10.9099,-0.0047,0.0261,0.0141,-5.2133,-0.0485,10.6861,0.2683,-5.2066,-0.1512,10.9237,0.0499,0.0001,-0.0,-0.0001,0.0002,0.0,38.983,-5.2066,-0.1512,10.9237,0.0499,0
58.411,-5.185,-0.1926,10.9105,-0.008,0.0345,0.0165,-5.2133,-0.0485,10.6861,0.2682,-5.2073,-0.1505,10.9242,0.0496,-0.0001,-0.0001,-0.0001,0.0002,0.0,38.983,-5.2073,-0.1505,10.9242,0.0496,0
58.452,-5.1853,-0.1911,10.9112,-0.0086,0.0395,0.0186,-5.2133,-0.0485,10.6861,0.2679,-5.2078,-0.1499,10.9246,0.0488,0.0,0.0001,0.0001,0.0001,0.0,38.984,-5.2078,-0.1499,10.9246,0.0488,0
58.494,-5.1857,-0.1894,10.9118,-0.0098,0.0401,0.0058,-5.1568,-0.2902,10.9541,0.1131,-5.1981,-0.1729,10.9329,0.0295,-0.0,-0.0,-0.0001,0.0001,0.0,38.983,-5.1981,-0.1729,10.9329,0.0295,0
58.535,-5.1862,-0.1877,10.9118,-0.0122,0.04,-0.0003,-5.1568,-0.2902,10.9541,0.1147,-5.1982,-0.1722,10.9335,0.0292,-0.0,-0.0002,-0.0002,0.0002,0.0,38.983,-5.1982,-0.1722,10.9335,0.0292,0
58.577,-5.1868,-0.1861,10.9118,-0.0163,0.0377,-0.0026,-5.0759,-0.2452,10.8552,0.1378,-5.1814,-0.1832,10.9212,0.0112,-0.0001,0.0002,0.0001,0.0003,0.0,38.967,-5.1814,-0.1832,10.9212,0.0112,0
58.619,-5.1876,-0.1845,10.9116,-0.02,0.0362,-0.0051,-5.0759,-0.2452,10.8552,0.139,-5.1829,-0.1825,10.9217,0.0113,0.0001,0.0001,-0.0,0.0001,0.0,38.968,-5.1829,-0.1825,10.9217,0.0113,0
58.66,-5.1883,-0.1831,10.9113,-0.0175,0.034,-0.0062,-5.0759,-0.2452,10.8552,0.1402,-5.185,-0.1816,10.9223,0.0116,0.0001,-0.0,0.0003,0.0003,0.0,38.97,-5.185,-0.1816,10.9223,0.0116,0
58.702,-5.189,-0.1818,10.9113,-0.0127,0.0283,0.0051,-5.1369,-0.074,10.8757,0.1249,-5.1733,-0.1577,10.9124,0.0288,-0.0,0.0,0.0001,0.0001,0.0,38.951,-5.1733,-0.1577,10.9124,0.0288,0
58.743,-5.1895,-0.1808,10.9117,-0.0117,0.0189,0.0124,-5.1369,-0.074,10.8757,0.1243,-5.1731,-0.1552,10.9127,0.0304,0.0,-0.0,0.0001,0.0001,0.0,38.95,-5.1731,-0.1552,10.9127,0.0304,0
58.785,-5.1899,-0.1803,10.9123,-0.0124,0.0071,0.0202,-5.1629,-0.1589,10.849,0.0721,-5.1726,-0.1568,10.8987,0.0322,0.0,-0.0001,0.0001,0.0001,0.0,38.946,-5.1726,-0.1568,10.8987,0.0322,0
58.827,-5.1906,-0.1802,10.9137,-0.0172,-0.002,0.0403,-5.1629,-0.1589,10.849,0.0736,-5.1731,-0.1564,10.8984,0.0332,0.0002,-0.0002,-0.0001,0.0003,0.0,38.947,-5.1731,-0.1564,10.8984,0.0332,0
58.868,-5.1914,-0.1805,10.9155,-0.0216,-0.0099,0.0456,-5.1629,-0.1589,10.849,0.0756,-5.1736,-0.1564,10.8987,0.0343,-0.0001,0.0002,-0.0001,0.0002,0.0,38.947,-5.1736,-0.1564,10.8987,0.0344,0
58.91,-5.1924,-0.181,10.9174,-0.024,-0.0133,0.0466,-5.0919,-0.0236,10.9705,0.1941,-5.1589,-0.1328,10.9118,0.0589,-0.0002,0.0,0.0,0.0002,0.0,38.93,-5.1589,-0.1328,10.9118,0.0589,0
58.951,-5.1934,-0.1816,10.9193,-0.0255,-0.0159,0.0437,-5.0919,-0.0236,10.9705,0.1947,-5.1592,-0.1328,10.9123,0.06,0.0,-0.0001,0.0001,0.0001,0.0,38.931,-5.1592,-0.1328,10.9123,0.06,0
58.993,-5.1945,-0.1823,10.9211,-0.0282,-0.0181,0.0425,-5.0919,-0.0236,10.9705,0.1954,-5.1599,-0.133,10.913,0.0609,-0.0001,0.0,-0.0,0.0001,0.0,38.932,-5.1599,-0.133,10.913,0.0609,0
59.035,-5.1957,-0.1831,10.9228,-0.0285,-0.0203,0.0446,-5.1748,-0.1013,10.8918,0.09,-5.1664,-0.1332,10.9082,0.0598,0.0001,-0.0,0.0,0.0001,0.0,38.937,-5.1664,-0.1332,10.9082,0.0598,0
59.076,-5.1969,-0.184,10.9249,-0.0307,-0.0201,0.052,-5.1748,-0.1013,10.8918,0.0918,-5.1687,-0.1357,10.9085,0.0583,-0.0001,0.0001,0.0001,0.0002,0.0,38.939,-5.1687,-0.1357,10.9085,0.0583,0
59.118,-5.1982,-0.1848,10.9271,-0.0306,-0.0175,0.0547,-5.1748,-0.1013,10.8918,0.0937,-5.1702,-0.1375,10.9088,0.0579,0.0,0.0,0.0001,0.0001,0.0,38.941,-5.1702,-0.1375,10.9088,0.0579,0
59.159,-5.1994,-0.1853,10.9294,-0.0282,-0.0103,0.0537,-5.1226,0.0092,10.9388,0.2094,-5.1661,-0.1079,10.9153,0.0855,-0.0001,-0.0,-0.0001,0.0001,0.0,38.931,-5.1661,-0.1079,10.9153,0.0855,0
59.201,-5.2005,-0.1856,10.9316,-0.024,-0.0045,0.051,-5.1226,0.0092,10.9388,0.21,-5.1679,-0.1078,10.9158,0.0858,-0.0,0.0001,-0.0001,0.0002,0.0,38.933,-5.1679,-0.1078,10.9158,0.0858,0
59.243,-5.2014,-0.1857,10.9337,-0.0183,-0.0,0.05,-5.2766,-0.2733,10.8779,0.1282,-5.1889,-0.1348,10.9131,0.0563,-0.0001,-0.0,-0.0002,0.0002,0.0,38.959,-5.1889,-0.1348,10.9131,0.0563,0
59.284,-5.202,-0.1857,10.9353,-0.0097,0.0012,0.0294,-5.2766,-0.2733,10.8779,0.1286,-5.1905,-0.1344,10.9141,0.0566,0.0001,0.0001,-0.0002,0.0002,0.0,38.961,-5.1905,-0.1344,10.9141,0.0566,0
59.326,-5.2022,-0.1857,10.9363,-0.0004,-0.0013,0.0208,-5.2766,-0.2733,10.8779,0.1289,-5.1924,-0.1338,10.9151,0.0568,0.0001,0.0,-0.0001,0.0002,0.0,38.963,-5.1924,-0.1338,10.9151,0.0568,0
59.367,-5.202,-0.1858,10.9372,0.0094,-0.0063,0.0243,-5.0092,-0.438,10.9557,0.318,-5.1583,-0.1856,10.9211,0.0465,-0.0001,-0.0003,-0.0,0.0003,0.0,38.946,-5.1583,-0.1856,10.9211,0.0465,0
59.409,-5.2014,-0.1862,10.9383,0.0157,-0.0097,0.0295,-5.0092,-0.438,10.9557,0.3173,-5.1576,-0.1859,10.9215,0.0469,0.0,-0.0001,0.0001,0.0001,0.0,38.946,-5.1576,-0.1859,10.9215,0.0469,0
59.451,-5.2007,-0.1867,10.9396,0.0187,-0.014,0.0307,-5.0092,-0.438,10.9557,0.3164,-5.157,-0.1862,10.9218,0.0471,0.0001,0.0,0.0002,0.0002,0.0,38.945,-5.157,-0.1862,10.9218,0.0471,0
59.492,-5.1999,-0.1874,10.9407,0.0179,-0.0186,0.0241,-5.0285,-0.3988,11.1476,0.3419,-5.133,-0.2273,10.9618,0.0807,-0.0002,0.0001,-0.0001,0.0002,0.0,38.943,-5.133,-0.2273,10.9618,0.0807,0
59.534,-5.1993,-0.1882,10.9416,0.0137,-0.0204,0.0215,-5.0285,-0.3988,11.1476,0.3405,-5.1322,-0.2288,10.9623,0.0811,0.0001,0.0001,-0.0001,0.0001,0.0,38.943,-5.1322,-0.2288,10.9623,0.0811,0
59.575,-5.1988,-0.189,10.9425,0.0074,-0.0187,0.0202,-5.2975,-0.0657,10.8748,0.1719,-5.1615,-0.1979,10.9424,0.0383,-0.0,0.0001,-0.0001,0.0002,0.0,38.957,-5.1615,-0.1979,10.9424,0.0383,0
59.617,-5.1987,-0.1897,10.9442,-0.0008,-0.0164,0.0536,-5.2975,-0.0657,10.8748,0.1732,-5.1617,-0.1978,10.9418,0.0379,-0.0001,-0.0001,-0.0,0.0001,0.0,38.957,-5.1617,-0.1978,10.9418,0.0379,0
59.659,-5.1989,-0.1904,10.9467,-0.0094,-0.0153,0.0633,-5.2975,-0.0657,10.8748,0.1745,-5.1624,-0.1977,10.942,0.0375,0.0001,-0.0,-0.0,0.0001,0.0,38.958,-5.1624,-0.1977,10.942,0.0375,0
59.7,-5.1995,-0.191,10.9494,-0.0169,-0.0157,0.059,-5.0811,-0.1918,11.093,0.1861,-5.1445,-0.2001,10.9718,0.06,0.0,-0.0001,0.0,0.0001,0.0,38.949,-5.1445,-0.2001,10.9718,0.06,0
59.742,-5.2004,-0.1917,10.9513,-0.0249,-0.0171,0.0404,-5.0811,-0.1918,11.093,0.1852,-5.1438,-0.2014,10.9732,0.0614,0.0001,0.0002,-0.0002,0.0003,0.0,38.949,-5.1438,-0.2014,10.9732,0.0614,0
59.783,-5.2016,-0.1924,10.9529,-0.0336,-0.0161,0.0357,-5.0811,-0.1918,11.093,0.1848,-5.1436,-0.2023,10.9738,0.0624,-0.0001,-0.0001,-0.0001,0.0002,0.0,38.949,-5.1436,-0.2023,10.9738,0.0624,0
59.825,-5.2032,-0.193,10.9546,-0.0415,-0.0139,0.0437,-5.2064,-0.1619,11.0808,0.1301,-5.1586,-0.1939,10.9906,0.0573,0.0,0.0,0.0001,0.0001,0.0,38.965,-5.1586,-0.1939,10.9906,0.0573,0
59.867,-5.205,-0.1936,10.9565,-0.0444,-0.0124,0.0478,-5.2064,-0.1619,11.0808,0.1283,-5.1598,-0.1942,10.9908,0.0568,0.0,0.0001,-0.0002,0.0002,0.0,38.966,-5.1598,-0.1942,10.9908,0.0568,0
59.908,-5.2069,-0.194,10.9585,-0.046,-0.0091,0.0446,-5.2934,-0.0371,11.0997,0.2282,-5.1783,-0.1695,11.0111,0.0647,-0.0,-0.0,-0.0,0.0,0.0,38.982,-5.1783,-0.1695,11.0111,0.0647,0
59.95,-5.2088,-0.1944,10.9602,-0.0437,-0.0063,0.0386,-5.2934,-0.0371,11.0997,0.2266,-5.1782,-0.17,11.0117,0.0647,-0.0001,0.0,-0.0001,0.0001,0.0,38.982,-5.1782,-0.17,11.0117,0.0647,0
59.991,-5.2106,-0.1945,10.9617,-0.0437,-0.0013,0.036,-5.112,-0.1029,10.9118,0.1435,-5.1671,-0.1627,10.9969,0.0644,0.0001,0.0,-0.0001,0.0001,0.0,38.966,-5.1671,-0.1627,10.9969,0.0644,0
