time,gt_x,gt_y,gt_z,gt_vx,gt_vy,gt_vz,meas_x,meas_y,meas_z,gnss_error_mag,ekf_x,ekf_y,ekf_z,ekf_pos_error_mag,wind_x,wind_y,wind_z,wind_mag,rep_force_mag,nearest_neighbor_dist,target_x,target_y,target_z,tracking_error_mag,collision_flag
0.046,-1.0,-1.0,0.0633,0.0004,-0.0008,1.4337,-0.99,-0.8878,-0.2577,0.3402,-0.9978,-0.9633,-0.0496,0.1188,-0.0001,0.0001,0.0006,0.0006,0.0,inf,-1.0,-1.0,0.0,0.0633,1
0.087,-0.9999,-1.0001,0.1175,0.0025,-0.0045,1.1904,-0.99,-0.8878,-0.2577,0.3917,-0.9989,-0.9641,0.013,0.1105,-0.0004,-0.0002,-0.0006,0.0008,0.0,inf,-1.0,-1.0,0.0,0.1175,0
0.129,-0.9997,-1.0005,0.1615,0.0065,-0.0114,0.9485,-0.99,-0.8878,-0.2577,0.4342,-0.9996,-0.9648,0.0471,0.1199,0.0001,0.0,-0.0001,0.0001,0.317,1.39,-1.0,0.0,0.0,1.0134,0
0.171,-0.9993,-1.0011,0.1955,0.0124,-0.0216,0.7079,-0.99,-0.8878,-0.2577,0.4673,-1.0004,-0.9661,0.0869,0.1142,0.0001,0.0001,0.0003,0.0003,0.315,1.393,-1.0,0.0,0.0,1.0201,0
0.212,-0.9987,-1.0023,0.2196,0.0202,-0.0351,0.4685,-0.7764,-1.1762,0.2265,0.2823,-0.9333,-1.028,0.1283,0.1152,-0.0002,0.0,0.0004,0.0004,0.303,1.394,-1.0,0.0,0.0,1.0261,0
0.254,-0.9976,-1.0042,0.2336,0.03,-0.052,0.2302,-0.7764,-1.1762,0.2265,0.2803,-0.9315,-1.0309,0.1391,0.1183,0.0003,-0.0003,-0.0001,0.0004,0.318,1.364,-1.031,-0.012,0.035,1.0124,0
0.295,-0.9961,-1.0068,0.2379,0.0425,-0.0735,0.0027,-1.1274,-1.0046,0.2142,0.1335,-0.9766,-1.0221,0.1583,0.0833,0.0001,0.0002,0.0003,0.0003,0.305,1.389,-1.031,-0.012,0.035,1.0159,0
0.337,-0.9938,-1.0106,0.2345,0.0705,-0.1069,-0.1254,-1.1274,-1.0046,0.2142,0.1353,-0.9734,-1.0247,0.1497,0.0883,-0.0001,0.0004,-0.0002,0.0005,0.308,1.384,-1.029,-0.015,0.206,0.9966,0
0.379,-0.9888,-1.0163,0.2341,0.1609,-0.1506,0.06,-1.1274,-1.0046,0.2142,0.1406,-0.9695,-1.0279,0.1447,0.0922,-0.0002,0.0002,-0.0001,0.0003,0.308,1.384,-1.029,-0.015,0.206,1.0025,0
0.42,-0.98,-1.0223,0.239,0.2503,-0.1287,0.1607,-0.8872,-1.0296,0.2124,0.0968,-0.9456,-1.0344,0.1666,0.081,-0.0001,-0.0005,0.0001,0.0005,0.314,1.371,-1.029,-0.015,0.206,1.009,0
0.462,-0.968,-1.0258,0.246,0.3196,-0.0206,0.2162,-0.8872,-1.0296,0.2124,0.0876,-0.9372,-1.037,0.17,0.0827,0.0003,0.0002,0.0001,0.0004,0.316,1.368,-1.024,-0.066,0.341,0.9661,0
0.503,-0.9537,-1.0216,0.2591,0.3537,0.1951,0.3672,-0.8872,-1.0296,0.2124,0.0816,-0.9218,-1.0332,0.1812,0.0849,-0.0002,-0.0002,-0.0001,0.0003,0.335,1.329,-1.024,-0.066,0.341,0.9617,0
0.541,-0.9409,-1.0103,0.2738,0.3199,0.3893,0.4018,-0.7927,-0.9013,0.437,0.2459,-0.8875,-0.9927,0.239,0.0661,0.0001,0.0003,0.0,0.0003,0.372,1.271,-1.024,-0.066,0.341,0.9503,0
0.582,-0.9295,-0.9895,0.2895,0.2251,0.5891,0.3544,-0.7927,-0.9013,0.437,0.2196,-0.8788,-0.9767,0.2486,0.0664,0.0003,-0.0001,0.0005,0.0006,0.386,1.252,-1.024,-0.066,0.341,0.9298,0
0.624,-0.9243,-0.9592,0.305,0.0398,0.8381,0.3798,-0.7927,-0.9013,0.437,0.1951,-0.8717,-0.9425,0.262,0.07,0.0002,0.0002,-0.0001,0.0003,0.4,1.266,-0.954,-0.098,0.478,0.8789,0
0.666,-0.9271,-0.9199,0.3201,-0.1527,1.0161,0.3382,-0.8212,-0.8667,0.3184,0.1185,-0.8654,-0.9077,0.2838,0.0726,0.0003,0.0002,-0.0001,0.0004,0.426,1.234,-0.954,-0.098,0.478,0.8373,0
0.707,-0.9377,-0.8748,0.3327,-0.3397,1.1288,0.2769,-0.8212,-0.8667,0.3184,0.1177,-0.877,-0.8586,0.2961,0.0727,0.0006,-0.0001,0.0005,0.0008,0.45,1.21,-0.954,-0.098,0.478,0.7904,0
0.749,-0.9562,-0.8258,0.3438,-0.5391,1.2126,0.2965,-0.8212,-0.8667,0.3184,0.1433,-0.8906,-0.8227,0.3026,0.0775,0.0002,0.0004,-0.0002,0.0005,0.478,1.175,-1.0159,-0.1216,0.618,0.7581,0
0.79,-0.9834,-0.7742,0.3589,-0.7354,1.2513,0.4062,-0.8165,-0.9044,0.3531,0.2118,-0.9009,-0.8003,0.3217,0.0942,-0.0002,-0.0007,0.0001,0.0007,0.49,1.164,-1.0154,-0.1383,0.618,0.6874,0
0.832,-1.0172,-0.7221,0.3772,-0.8694,1.2433,0.4692,-0.8165,-0.9044,0.3531,0.2723,-0.9254,-0.7654,0.3326,0.1109,-0.0,0.0002,0.001,0.001,0.502,1.16,-1.0303,-0.1162,0.644,0.6622,0
0.874,-1.0556,-0.6711,0.3979,-0.9546,1.2038,0.5132,-0.8165,-0.9044,0.3531,0.3371,-0.9675,-0.7138,0.3518,0.1081,0.0001,0.0006,-0.0,0.0006,0.57,1.179,-1.0298,-0.1245,0.644,0.6,0
0.915,-1.0963,-0.6224,0.4205,-0.9907,1.1368,0.5726,-1.0025,-0.8164,0.2732,0.261,-0.9937,-0.7095,0.3465,0.1536,0.0002,0.0001,-0.0013,0.0014,0.563,1.199,-1.0285,-0.1411,0.644,0.535,0
0.957,-1.1376,-0.5768,0.4452,-0.9829,1.0559,0.61,-1.0025,-0.8164,0.2732,0.3244,-1.0364,-0.6671,0.3685,0.1558,-0.0005,0.0006,-0.0002,0.0008,0.533,1.29,-0.964,-0.1227,0.701,0.5494,0
0.998,-1.1775,-0.5353,0.4726,-0.9322,0.9458,0.6902,-1.1039,-0.5754,0.4419,0.0893,-1.0623,-0.6321,0.3925,0.1704,-0.0003,-0.0006,-0.0,0.0007,0.596,1.289,-0.9622,-0.1392,0.701,0.5054,0
1.04,-1.2147,-0.4984,0.5022,-0.856,0.8361,0.7285,-1.1039,-0.5754,0.4419,0.1479,-1.0965,-0.6009,0.4182,0.1776,-0.0004,0.0002,-0.0003,0.0005,0.568,1.265,-0.8982,-0.1417,0.765,0.5445,0
1.082,-1.2478,-0.4664,0.5345,-0.744,0.7173,0.7941,-1.391,-0.4826,0.5161,0.1453,-1.1642,-0.56,0.4565,0.1478,0.0002,-0.0005,-0.0,0.0006,0.62,1.024,-0.8958,-0.1582,0.765,0.5216,0
1.123,-1.276,-0.439,0.5676,-0.6169,0.6085,0.7909,-1.391,-0.4826,0.5161,0.1334,-1.1889,-0.537,0.4887,0.153,0.0004,0.0003,0.0006,0.0008,0.625,1.003,-0.8932,-0.1746,0.765,0.5053,0
1.165,-1.2986,-0.4162,0.5993,-0.4945,0.5101,0.6927,-1.391,-0.4826,0.5161,0.1411,-1.2012,-0.5252,0.5099,0.1714,0.0003,0.0006,0.0004,0.0008,0.732,1.248,-0.8918,-0.1828,0.765,0.4974,0
1.206,-1.3151,-0.3979,0.628,-0.3052,0.3763,0.6987,-1.353,-0.4379,0.4043,0.2303,-1.238,-0.496,0.5224,0.1635,-0.0003,-0.0001,0.0006,0.0006,0.924,0.847,-0.7406,-0.1316,0.79,0.6536,0
1.248,-1.3227,-0.3854,0.6571,-0.0779,0.2362,0.6918,-1.353,-0.4379,0.4043,0.26,-1.2397,-0.4912,0.5422,0.1768,-0.0003,-0.0002,-0.0003,0.0005,0.927,0.847,-0.74,-0.1348,0.79,0.648,0
1.29,-1.3208,-0.3789,0.6845,0.1431,0.0866,0.6198,-1.3281,-0.3608,0.6686,0.0253,-1.2557,-0.4668,0.5894,0.1449,0.0002,0.0004,-0.0004,0.0006,0.893,0.824,-0.7397,-0.1363,0.79,0.6384,0
1.331,-1.3096,-0.3792,0.7087,0.377,-0.0871,0.5514,-1.3281,-0.3608,0.6686,0.0479,-1.2461,-0.4707,0.6062,0.1514,-0.0003,0.0001,-0.0002,0.0004,0.898,0.838,-0.5675,-0.1146,0.784,0.7914,0
1.373,-1.2883,-0.3868,0.7298,0.6208,-0.2603,0.4686,-1.3281,-0.3608,0.6686,0.0775,-1.2202,-0.4845,0.628,0.1566,0.0,-0.0001,0.0001,0.0001,0.897,0.871,-0.4124,-0.0561,0.801,0.939,0
1.414,-1.2565,-0.4019,0.748,0.869,-0.4384,0.4026,-1.3281,-0.3608,0.6686,0.1145,-1.1951,-0.4993,0.6403,0.1577,-0.0002,-0.0002,-0.0008,0.0008,0.871,0.902,-0.4124,-0.0561,0.801,0.9138,0
1.46,-1.2115,-0.4259,0.7635,1.0707,-0.59,0.2904,-1.3269,-0.25,0.9328,0.27,-1.1842,-0.4694,0.7021,0.0801,-0.0002,-0.0002,-0.0003,0.0004,0.796,1.006,-0.4124,-0.0559,0.801,0.8814,0
1.502,-1.1628,-0.453,0.7741,1.2491,-0.6946,0.2289,-1.3269,-0.25,0.9328,0.3055,-1.1306,-0.5011,0.7105,0.0859,0.0001,-0.0,-0.0003,0.0003,0.669,1.158,-0.1865,-0.0005,0.827,1.0774,0
1.543,-1.106,-0.4837,0.7842,1.4583,-0.7613,0.2594,-1.0194,-0.533,0.8241,0.1074,-1.0867,-0.513,0.7319,0.063,-0.0002,-0.0005,0.0008,0.001,0.689,1.206,-0.1865,-0.0003,0.827,1.0397,0
1.585,-1.0405,-0.5158,0.7957,1.6609,-0.7718,0.2862,-1.0194,-0.533,0.8241,0.0394,-1.0199,-0.5447,0.7398,0.0663,0.0004,0.0008,-0.0006,0.001,0.624,1.278,-0.1866,-0.0001,0.827,0.9981,0
1.627,-0.9671,-0.5471,0.8079,1.847,-0.7227,0.3055,-1.0194,-0.533,0.8241,0.0565,-0.9693,-0.5656,0.7455,0.0651,-0.0005,-0.0001,-0.0002,0.0005,0.574,1.332,0.0904,0.0398,0.824,1.2096,0
1.668,-0.8859,-0.5748,0.8215,2.0277,-0.6124,0.3353,-0.9396,-0.5334,0.8466,0.0723,-0.8954,-0.5814,0.7739,0.049,0.0003,0.0004,0.0005,0.0007,0.512,1.429,0.0905,0.0396,0.824,1.1536,0
1.71,-0.7976,-0.597,0.8352,2.1905,-0.4636,0.3154,-0.9396,-0.5334,0.8466,0.156,-0.837,-0.5946,0.7813,0.0668,0.0002,0.0001,-0.0004,0.0005,0.469,1.474,0.0905,0.0395,0.824,1.0927,0
1.751,-0.7031,-0.6123,0.8474,2.3279,-0.2788,0.2731,-0.8394,-0.5943,0.8878,0.1433,-0.7679,-0.605,0.8155,0.0726,-0.0001,0.0003,0.0006,0.0007,0.41,1.523,0.0905,0.0393,0.824,1.0271,0
1.793,-0.604,-0.6194,0.8567,2.4171,-0.0698,0.1901,-0.8394,-0.5943,0.8878,0.2387,-0.7052,-0.6071,0.822,0.1077,0.0005,-0.0011,-0.0001,0.0012,0.365,1.565,0.2956,0.0702,0.828,1.1338,0
1.835,-0.5015,-0.6164,0.8632,2.4924,0.1847,0.1235,-0.8394,-0.5943,0.8878,0.3395,-0.6074,-0.5992,0.8285,0.1128,-0.0001,-0.0001,-0.0013,0.0013,0.297,1.625,0.2956,0.0702,0.828,1.0526,0
1.876,-0.3964,-0.6026,0.8666,2.5399,0.4562,0.0502,-0.3184,-0.5466,0.8666,0.0961,-0.5034,-0.5869,0.8353,0.1125,-0.0005,-0.0013,0.0007,0.0016,0.247,1.69,0.2956,0.0702,0.828,0.966,0
1.918,-0.2904,-0.5769,0.8675,2.5424,0.7524,-0.0013,-0.3184,-0.5466,0.8666,0.0412,-0.4056,-0.5572,0.8348,0.1214,0.0011,-0.0003,0.0007,0.0013,0.189,1.744,0.5195,0.1367,0.832,1.08,0
1.959,-0.1851,-0.5392,0.8661,2.508,1.0227,-0.0577,-0.3184,-0.5466,0.8666,0.1335,-0.3408,-0.5284,0.8328,0.1596,-0.0004,0.001,-0.001,0.0015,0.145,1.776,0.5194,0.1369,0.832,0.9771,0
2.001,-0.0822,-0.491,0.863,2.429,1.2641,-0.0791,-0.008,-0.4547,0.8012,0.1032,-0.1919,-0.4742,0.8257,0.117,0.0003,-0.0005,-0.0011,0.0013,0.063,1.865,0.5194,0.1371,0.832,0.8703,0
2.043,0.0162,-0.4337,0.8594,2.3033,1.4544,-0.0988,-0.008,-0.4547,0.8012,0.0664,-0.1323,-0.4333,0.8226,0.1529,-0.0002,-0.0003,-0.0,0.0004,0.053,1.893,0.7383,0.2106,0.813,0.9689,0
2.084,0.1088,-0.3697,0.8551,2.1539,1.5936,-0.1036,0.024,-0.4247,0.9892,0.1679,-0.0344,-0.3839,0.8498,0.1439,-0.0005,0.0003,0.001,0.0012,0.024,1.952,0.7382,0.2109,0.813,0.8574,0
2.126,0.1955,-0.3015,0.8498,2.0301,1.6624,-0.1569,0.024,-0.4247,0.9892,0.253,0.0159,-0.338,0.8467,0.1834,0.0002,0.0008,0.0009,0.0012,0.435,1.13,0.9493,0.2157,0.833,0.9143,0
2.167,0.2773,-0.2316,0.8433,1.9039,1.6853,-0.1243,0.024,-0.4247,0.9892,0.3503,0.0855,-0.2672,0.8403,0.1951,-0.0003,-0.0008,0.0001,0.0009,0.018,1.964,0.9493,0.2154,0.833,0.8071,0
2.205,0.3468,-0.1686,0.8398,1.814,1.672,-0.069,0.4406,-0.2866,0.8561,0.1516,0.1904,-0.2353,0.8391,0.17,0.0006,0.0005,0.0003,0.0009,0.072,1.855,0.9494,0.2153,0.833,0.7145,0
2.246,0.4205,-0.1,0.8383,1.7324,1.6211,-0.0163,0.4406,-0.2866,0.8561,0.1885,0.2322,-0.1908,0.8376,0.209,-0.0001,-0.0001,0.0003,0.0004,0.1,1.801,0.9494,0.2152,0.833,0.6157,0
2.288,0.4909,-0.0343,0.8383,1.6575,1.5366,0.0147,0.4406,-0.2866,0.8561,0.2579,0.2912,-0.1271,0.8374,0.2202,-0.0004,0.0008,-0.0017,0.0019,0.002,1.996,1.2164,0.2712,0.861,0.7875,0
2.33,0.5586,0.0274,0.8395,1.6052,1.43,0.0353,0.4672,-0.0046,0.9141,0.1223,0.3585,-0.0742,0.8502,0.2247,-0.0,0.0005,-0.0015,0.0016,0.042,1.916,1.2164,0.2712,0.861,0.7018,0
2.371,0.6249,0.0843,0.8411,1.5811,1.3145,0.0425,0.4672,-0.0046,0.9141,0.1952,0.4136,-0.0218,0.8517,0.2367,0.0002,-0.0003,-0.0001,0.0004,0.0,2.073,1.4384,0.3102,0.869,0.8447,0
2.413,0.6907,0.1363,0.843,1.5808,1.1913,0.0499,0.4672,-0.0046,0.9141,0.2736,0.4498,0.0095,0.8528,0.2724,0.0003,-0.0007,0.0001,0.0008,0.0,2.031,1.4384,0.3102,0.869,0.7681,0
2.454,0.7572,0.1832,0.8452,1.6158,1.0743,0.0517,0.8678,0.0636,0.8487,0.1629,0.5811,0.0557,0.8538,0.2176,0.0003,0.0004,0.0004,0.0006,0.054,1.892,1.4384,0.3102,0.869,0.6933,0
2.496,0.8258,0.2255,0.8473,1.672,0.9697,0.0492,0.8678,0.0636,0.8487,0.1673,0.6203,0.0788,0.8551,0.2527,-0.0008,-0.0003,-0.0005,0.001,0.0,2.124,1.7144,0.3369,0.859,0.8957,0
2.538,0.8971,0.2637,0.8492,1.7491,0.876,0.0389,0.9562,0.2719,0.905,0.0817,0.74,0.1464,0.8655,0.1968,-0.0002,-0.0003,0.0008,0.0008,0.004,1.993,1.7145,0.3364,0.859,0.8207,0
2.579,0.9719,0.2984,0.85,1.8338,0.7956,0.0065,0.9562,0.2719,0.905,0.0631,0.7859,0.1659,0.8663,0.2289,-0.0001,-0.0003,0.0003,0.0004,0.028,1.944,1.7145,0.3364,0.859,0.7436,0
2.621,1.0502,0.3298,0.8499,1.9146,0.7185,-0.0014,0.9562,0.2719,0.905,0.1234,0.8588,0.1915,0.8662,0.2367,-0.0002,0.0007,0.0011,0.0013,0.066,1.868,1.9106,0.3763,0.863,0.8617,0
2.662,1.1315,0.3582,0.8495,1.9785,0.6564,-0.0238,1.0478,0.4195,0.9319,0.1325,0.9379,0.2488,0.879,0.2243,-0.0001,-0.0003,0.001,0.0011,0.009,1.98,1.9106,0.3762,0.863,0.7794,0
2.704,1.2155,0.3843,0.8489,2.0482,0.6012,-0.0028,1.0478,0.4195,0.9319,0.1904,1.016,0.2699,0.8789,0.2319,0.0004,-0.0004,-0.0002,0.0006,0.0,2.073,2.1986,0.4432,0.878,0.9852,0
2.746,1.3026,0.4084,0.8491,2.1268,0.5616,0.016,1.2541,0.3754,0.8444,0.0588,1.1033,0.302,0.8694,0.2268,-0.0001,-0.0003,-0.0006,0.0007,0.0,2.103,2.1986,0.4432,0.878,0.8971,0
2.787,1.3932,0.4311,0.8506,2.2125,0.5323,0.0592,1.2541,0.3754,0.8444,0.1499,1.1876,0.3203,0.8693,0.2343,-0.0001,-0.0,-0.0012,0.0012,0.0,2.242,2.4536,0.4862,0.887,1.0624,0
2.829,1.4872,0.4528,0.8536,2.2905,0.5172,0.076,1.2541,0.3754,0.8444,0.2458,1.2464,0.3316,0.8706,0.2701,-0.0001,-0.0002,-0.0024,0.0024,0.0,2.008,2.4536,0.4862,0.887,0.9675,0
2.87,1.5844,0.4742,0.8567,2.3674,0.5085,0.0711,1.421,0.4273,0.8214,0.1737,1.3657,0.3717,0.8652,0.2417,-0.0001,-0.0004,0.0011,0.0012,0.0,2.092,2.4536,0.4862,0.887,0.8698,0
2.912,1.6845,0.4952,0.8595,2.4276,0.5004,0.0617,1.421,0.4273,0.8214,0.2748,1.4289,0.3841,0.8665,0.2788,0.0004,-0.0003,-0.0022,0.0023,0.03,1.939,2.4536,0.4862,0.887,0.7696,0
2.954,1.7867,0.5159,0.8633,2.4697,0.4946,0.1135,1.8002,0.3938,0.7623,0.1591,1.5809,0.4019,0.849,0.2357,-0.0004,-0.0001,0.0004,0.0006,0.0,2.067,2.6546,0.5272,0.891,0.8684,0
2.995,1.8902,0.5364,0.8685,2.4934,0.4933,0.1294,1.8002,0.3938,0.7623,0.1994,1.6458,0.4135,0.8511,0.2741,-0.0005,-0.0,0.0001,0.0005,0.0,2.014,2.6546,0.5272,0.891,0.7647,0
3.037,1.9941,0.557,0.8743,2.4906,0.4925,0.1573,2.0791,0.5481,0.7889,0.1208,1.7974,0.45,0.8472,0.2255,0.0006,-0.0004,0.0,0.0007,0.0,2.096,2.8887,0.5627,0.916,0.8955,0
3.078,2.0975,0.5776,0.8812,2.4712,0.4968,0.168,2.0791,0.5481,0.7889,0.0986,1.8606,0.4613,0.8514,0.2656,0.0,0.0,-0.0005,0.0005,0.0,2.032,2.8887,0.5626,0.916,0.7921,0
3.12,2.1999,0.5984,0.8881,2.4465,0.5016,0.1634,2.0791,0.5481,0.7889,0.1642,1.9542,0.4784,0.8579,0.2751,0.0001,0.0001,-0.0003,0.0004,0.032,1.937,2.8887,0.5623,0.916,0.6903,0
3.162,2.3011,0.6193,0.8934,2.4086,0.5032,0.113,2.1834,0.3372,0.8725,0.3064,2.0521,0.47,0.859,0.2924,0.0004,-0.0003,0.0008,0.001,0.0,2.178,3.2418,0.5938,0.903,0.9412,0
3.203,2.4003,0.6404,0.899,2.3605,0.5059,0.1433,2.1834,0.3372,0.8725,0.3737,2.1422,0.4885,0.8617,0.3017,0.0004,0.0003,-0.001,0.0012,0.0,2.102,3.2419,0.5935,0.903,0.8429,0
3.245,2.4979,0.6615,0.9051,2.33,0.5082,0.1501,2.4794,0.5234,0.9009,0.1394,2.2465,0.5059,0.8692,0.2978,-0.0007,-0.0002,0.0004,0.0008,0.0,2.241,3.2419,0.5934,0.903,0.7471,0
3.286,2.5944,0.6827,0.9117,2.3066,0.5082,0.1684,2.4794,0.5234,0.9009,0.1968,2.3314,0.525,0.873,0.3092,0.0001,0.0003,-0.0017,0.0018,0.0,2.145,3.477,0.6728,0.926,0.8828,0
3.328,2.6901,0.7039,0.919,2.2874,0.5096,0.181,2.4794,0.5234,0.9009,0.278,2.3872,0.5378,0.8762,0.3481,0.0006,-0.0002,0.0006,0.0008,0.0,2.097,3.4771,0.6725,0.926,0.7877,0
3.37,2.7853,0.7251,0.9258,2.2894,0.508,0.1485,2.6517,0.7682,0.988,0.1536,2.5143,0.5978,0.9002,0.3006,-0.0007,-0.0,0.0009,0.0012,0.019,1.962,3.4771,0.6724,0.926,0.6938,0
3.411,2.8811,0.7461,0.9316,2.3041,0.4996,0.1308,2.6517,0.7682,0.988,0.2372,2.5701,0.6112,0.9026,0.3402,-0.0001,-0.0003,-0.0001,0.0003,0.0,2.18,3.4771,0.6724,0.926,0.6006,0
3.453,2.9773,0.7666,0.9372,2.3144,0.4869,0.1357,3.0484,0.7734,0.9209,0.0732,2.7318,0.6587,0.9107,0.2695,0.0004,-0.0009,0.0004,0.0011,0.0,2.013,3.7479,0.7156,0.934,0.7723,0
3.494,3.0739,0.7866,0.9422,2.3231,0.4726,0.1058,3.0484,0.7734,0.9209,0.0358,2.7904,0.6723,0.9132,0.3071,-0.0005,-0.0007,-0.0007,0.0012,0.023,1.953,4.0268,0.7781,0.923,0.9531,0
3.536,3.1712,0.8059,0.9462,2.3447,0.4567,0.0912,3.0484,0.7734,0.9209,0.1295,2.879,0.692,0.9158,0.315,0.0003,0.0,0.0011,0.0012,0.0,2.104,4.0268,0.7781,0.923,0.8564,0
3.578,3.2697,0.8246,0.9496,2.3802,0.4401,0.067,3.1613,1.0874,0.874,0.2942,2.9813,0.7696,0.9153,0.2955,-0.0008,0.0013,0.0005,0.0016,0.0,2.037,4.0268,0.7782,0.923,0.759,0
3.619,3.3696,0.8424,0.9515,2.4108,0.416,0.0313,3.1613,1.0874,0.874,0.3308,3.0727,0.7875,0.9181,0.3037,-0.0002,-0.0007,-0.0006,0.001,0.0,2.044,4.0268,0.7782,0.923,0.6609,0
3.661,3.4704,0.8591,0.9523,2.4255,0.3848,0.0085,3.1613,1.0874,0.874,0.3922,3.1345,0.7985,0.9189,0.343,-0.0006,0.0003,-0.0002,0.0007,0.0,2.098,4.3047,0.8597,0.908,0.8354,0
3.702,3.5717,0.8744,0.9515,2.4343,0.3581,-0.0397,3.3915,0.9491,1.1374,0.2695,3.2708,0.8322,0.9526,0.3038,-0.0001,-0.0008,0.0013,0.0015,0.0,2.028,4.3046,0.86,0.908,0.7344,0
3.744,3.6733,0.8888,0.9494,2.4423,0.3357,-0.0557,3.3915,0.9491,1.1374,0.3441,3.3334,0.84,0.9507,0.3434,0.0007,-0.0006,-0.001,0.0014,0.0,2.07,4.3046,0.8601,0.908,0.6333,0
3.786,3.775,0.9025,0.9471,2.4402,0.3229,-0.0581,3.8963,0.8381,1.1537,0.2481,3.5114,0.8535,0.9819,0.2704,0.0008,-0.0009,0.0004,0.0012,0.0,2.068,4.5785,0.9316,0.908,0.8049,0
3.827,3.8767,0.9159,0.9436,2.4404,0.324,-0.0967,3.8963,0.8381,1.1537,0.2249,3.5739,0.8615,0.9791,0.3097,0.0004,0.0009,0.0002,0.001,0.0,2.005,4.5784,0.9318,0.908,0.7028,0
3.869,3.9784,0.9296,0.9393,2.4404,0.3338,-0.1057,3.9715,1.0063,0.8246,0.1382,3.7187,0.8956,0.9522,0.2622,-0.0002,0.0003,0.0014,0.0014,0.0,2.078,4.8583,0.9985,0.9,0.8835,0
3.91,4.0802,0.944,0.9351,2.4494,0.354,-0.0985,3.9715,1.0063,0.8246,0.1671,3.7802,0.904,0.9494,0.303,0.0006,-0.0005,0.0,0.0008,0.0,2.08,4.8583,0.9987,0.9,0.7808,0
3.952,4.1827,0.9593,0.9313,2.4659,0.3801,-0.0789,3.9715,1.0063,0.8246,0.2412,3.8731,0.9177,0.9457,0.3127,0.0,-0.0001,-0.0006,0.0006,0.0,2.21,5.1212,1.049,0.91,0.9431,0
3.994,4.2858,0.9757,0.9284,2.4875,0.4078,-0.0649,4.3211,0.9696,0.8908,0.0518,4.0046,0.937,0.9363,0.284,0.0,-0.0002,-0.0009,0.0009,0.0,2.12,5.1212,1.0491,0.91,0.8388,0
4.035,4.3903,0.9934,0.9257,2.5226,0.4354,-0.0663,4.3211,0.9696,0.8908,0.081,4.0994,0.9541,0.9346,0.2936,-0.0001,0.0009,0.0,0.0009,0.0,2.024,5.1212,1.0491,0.91,0.7332,0
4.077,4.4962,1.0121,0.9234,2.5595,0.4618,-0.0393,4.3211,0.9696,0.8908,0.1832,4.1638,0.9663,0.9335,0.3357,0.0006,0.0003,-0.0008,0.001,0.0,2.233,5.3943,1.0796,0.928,0.9006,0
4.118,4.6037,1.0318,0.922,2.597,0.4803,-0.0363,4.718,1.1844,0.8426,0.2065,4.3522,1.0188,0.9217,0.2519,-0.0008,-0.0005,-0.0008,0.0012,0.0,2.039,5.3943,1.0794,0.928,0.7921,0
4.16,4.7128,1.0522,0.9196,2.6304,0.4913,-0.1166,4.718,1.1844,0.8426,0.1531,4.4195,1.0318,0.9223,0.2941,-0.0,0.0014,0.0001,0.0014,0.453,1.094,5.3944,1.0793,0.928,0.6821,0
4.202,4.8229,1.0726,0.9121,2.6605,0.4888,-0.153,4.718,1.1844,0.8426,0.1683,4.5216,1.0515,0.918,0.3021,0.0004,-0.0008,-0.0007,0.0012,0.066,1.867,5.3944,1.0792,0.928,0.5717,0
4.243,4.9343,1.0928,0.9079,2.6757,0.4783,-0.0476,4.8827,0.887,0.889,0.2129,4.6522,1.0341,0.912,0.2881,-0.0006,-0.0006,-0.0013,0.0016,0.0,2.021,5.6714,1.1199,0.976,0.7408,0
4.285,5.0453,1.1125,0.9081,2.6491,0.4701,0.0339,4.8827,0.887,0.889,0.2786,4.7559,1.0522,0.9144,0.2956,0.0008,-0.0003,0.0,0.0008,0.042,1.916,5.6715,1.1196,0.976,0.6299,0
4.326,5.1547,1.1319,0.9101,2.6017,0.4614,0.0551,4.8827,0.887,0.889,0.3665,4.8241,1.0639,0.918,0.3376,-0.0002,-0.0006,-0.0004,0.0007,0.077,1.846,5.6715,1.1193,0.976,0.5212,0
4.368,5.2613,1.1509,0.9132,2.5185,0.45,0.0853,5.1143,1.1988,0.811,0.1853,4.9667,1.1087,0.9069,0.2977,-0.0001,0.0008,-0.0002,0.0008,0.012,1.975,5.9426,1.1683,0.991,0.686,0
4.41,5.3639,1.1693,0.9168,2.418,0.4353,0.0851,5.1143,1.1988,0.811,0.2727,5.0288,1.1207,0.912,0.3386,0.0004,-0.0001,-0.0008,0.0009,0.044,1.912,5.9426,1.1682,0.991,0.5834,0
4.451,5.4624,1.187,0.9201,2.3221,0.4175,0.0696,5.5015,1.0767,0.8516,0.1356,5.1928,1.131,0.9085,0.2756,0.0001,-0.0008,0.0019,0.002,0.0,2.049,6.2386,1.2292,0.984,0.7799,0
4.493,5.5574,1.204,0.9227,2.2484,0.4024,0.0626,5.5015,1.0767,0.8516,0.1562,5.2493,1.1423,0.913,0.3144,-0.0003,0.0006,0.0006,0.0009,0.004,1.992,6.2386,1.2292,0.984,0.6844,0
4.534,5.65,1.2206,0.9254,2.2046,0.3934,0.0682,5.6304,1.2045,0.7782,0.1494,5.3826,1.1659,0.8977,0.2743,0.0002,0.0008,-0.0003,0.0009,0.072,1.857,6.2386,1.2292,0.984,0.5916,0
4.576,5.7411,1.2368,0.9291,2.1739,0.3855,0.1044,5.6304,1.2045,0.7782,0.1899,5.4352,1.1762,0.9028,0.313,0.0003,-0.0003,-0.0007,0.0008,0.0,2.118,6.5445,1.3067,1.004,0.8099,0
4.618,5.8313,1.2528,0.9339,2.1633,0.3843,0.1193,5.6304,1.2045,0.7782,0.2587,5.5126,1.1913,0.9118,0.3253,0.0002,-0.0007,0.0011,0.0014,0.0,2.039,6.5444,1.3069,1.004,0.7186,0
4.659,5.9219,1.2689,0.9396,2.1905,0.3909,0.1627,5.7691,1.3082,0.9133,0.1599,5.6124,1.2248,0.9119,0.3139,-0.0008,0.0014,0.0001,0.0016,0.041,1.918,6.8075,1.3476,1.011,0.8919,0
4.701,6.0144,1.2854,0.9471,2.2467,0.4015,0.1869,5.7691,1.3082,0.9133,0.2486,5.6939,1.2419,0.9213,0.3245,-0.0003,-0.001,0.0006,0.0013,0.004,1.991,6.8075,1.3474,1.011,0.7981,0
4.742,6.1097,1.3025,0.9547,2.3209,0.4154,0.1791,6.1324,1.104,0.9424,0.2002,5.8169,1.2247,0.9288,0.3041,0.0002,0.0002,0.0004,0.0005,0.1,1.799,6.8075,1.3473,1.011,0.7016,0
4.784,6.2081,1.3202,0.9619,2.396,0.4357,0.1701,6.1324,1.104,0.9424,0.2299,5.9045,1.2408,0.9373,0.3149,-0.0006,-0.0007,0.0001,0.0009,0.062,1.876,7.0606,1.3862,1.002,0.8559,0
4.826,6.3096,1.339,0.9686,2.4673,0.4624,0.1506,6.1324,1.104,0.9424,0.2955,5.9651,1.2522,0.9426,0.3562,0.0005,0.0001,0.0002,0.0005,0.035,1.93,7.0606,1.3862,1.002,0.7532,0
4.867,6.4143,1.3589,0.9748,2.5495,0.4926,0.1441,6.3054,1.265,0.8794,0.1726,6.1155,1.2711,0.9358,0.3138,0.0007,0.0016,0.0002,0.0017,0.024,1.952,7.0606,1.3862,1.002,0.6474,0
4.909,6.5223,1.3802,0.9809,2.6254,0.5244,0.1548,6.3054,1.265,0.8794,0.2657,6.1812,1.284,0.9395,0.3568,-0.0003,-0.0002,0.0002,0.0005,0.059,1.882,7.4236,1.4532,0.998,0.9044,0
4.95,6.6331,1.4027,0.9871,2.6875,0.5538,0.13,6.5314,1.3616,1.0034,0.111,6.3327,1.3186,0.9572,0.3135,-0.0003,-0.0008,-0.0004,0.0009,0.0,2.022,7.4236,1.4532,0.998,0.7921,0
4.992,6.7464,1.4264,0.9915,2.7435,0.5808,0.0921,6.5314,1.3616,1.0034,0.2249,6.402,1.3339,0.9604,0.358,0.0003,0.0013,0.0003,0.0014,0.0,2.027,7.4236,1.4532,0.998,0.6777,0
5.034,6.8617,1.4511,0.9951,2.7819,0.6017,0.0855,6.7583,1.4388,0.9288,0.1235,6.558,1.3696,0.9587,0.3166,0.0006,0.0009,0.0,0.001,0.025,1.951,7.6955,1.5317,0.992,0.8376,0
5.079,6.9896,1.4792,0.9989,2.7951,0.6192,0.0815,6.7583,1.4388,0.9288,0.2451,6.6655,1.3934,0.9621,0.3373,-0.0006,-0.0008,-0.0016,0.0019,0.0,2.039,7.6954,1.532,0.992,0.7078,0
5.121,7.106,1.5052,1.0021,2.7876,0.6279,0.0639,6.7583,1.4388,0.9288,0.3615,6.7374,1.4097,0.9642,0.3827,0.0002,-0.0003,0.0,0.0004,0.0,2.118,7.9703,1.6147,0.954,0.8725,0
5.163,7.2215,1.5315,1.0021,2.7613,0.6315,-0.0855,7.1345,1.5087,1.1609,0.1825,6.9087,1.4502,0.9961,0.3233,-0.0001,-0.0007,0.001,0.0012,0.492,1.016,7.9701,1.6156,0.954,0.7548,0
5.204,7.3355,1.5579,0.9971,2.7025,0.6366,-0.0893,7.1345,1.5087,1.1609,0.2639,6.9788,1.4666,0.9917,0.3682,0.0003,0.0008,0.0003,0.0009,0.0,2.106,8.2681,1.6898,0.99,0.9419,0
5.246,7.4464,1.5845,0.9953,2.6329,0.6427,-0.015,7.3762,1.5974,1.0556,0.0934,7.1323,1.5126,1.0028,0.3223,-0.0003,-0.0009,-0.0006,0.0012,0.0,2.011,8.268,1.69,0.99,0.8284,0
5.287,7.5551,1.6114,0.9944,2.5909,0.6448,-0.0269,7.3762,1.5974,1.0556,0.1896,7.1975,1.53,1.0027,0.3668,-0.0005,-0.0013,-0.0002,0.0014,0.0,2.073,8.268,1.6901,0.99,0.7173,0
5.329,7.6622,1.6382,0.9932,2.5554,0.644,-0.0288,7.3762,1.5974,1.0556,0.2956,7.2935,1.5562,1.0021,0.3778,0.0012,0.0002,-0.0001,0.0012,0.009,1.983,8.268,1.6901,0.99,0.608,0
5.371,7.7679,1.6649,0.992,2.5178,0.6361,-0.028,7.5949,1.5231,0.9652,0.2253,7.4023,1.5648,0.9943,0.3791,0.0,-0.0001,0.0002,0.0002,0.0,2.02,8.553,1.7411,0.981,0.7889,0
5.412,7.8719,1.6912,0.9909,2.4793,0.6254,-0.0248,7.5949,1.5231,0.9652,0.325,7.4948,1.5896,0.9934,0.3905,-0.0004,0.0014,-0.0008,0.0016,0.0,2.068,8.553,1.7411,0.981,0.683,0
5.454,7.9746,1.717,0.99,2.4552,0.614,-0.0182,7.5949,1.5231,0.9652,0.427,7.5555,1.6057,0.9928,0.4336,-0.0002,0.0001,0.0007,0.0008,0.0,2.006,8.553,1.7411,0.981,0.579,0
5.495,8.0764,1.7423,0.9894,2.4332,0.6033,-0.0102,8.1193,1.6144,0.972,0.136,7.7434,1.6253,0.989,0.353,-0.0005,0.0009,-0.0001,0.001,0.0,2.077,8.553,1.7411,0.981,0.4767,0
5.537,8.1769,1.7672,0.9897,2.3934,0.5922,0.0334,8.1193,1.6144,0.972,0.1642,7.8034,1.6395,0.9891,0.3947,-0.0002,0.0009,0.0012,0.0015,0.0,2.016,8.808,1.7911,1.023,0.6324,0
5.579,8.2756,1.7917,0.9916,2.3508,0.5846,0.0361,8.2283,1.8685,1.0746,0.1226,7.9558,1.6985,1.0091,0.3336,0.0002,0.0002,0.0002,0.0004,0.072,1.856,8.808,1.7911,1.023,0.5333,0
5.62,8.3728,1.8159,0.9921,2.3161,0.5787,-0.0144,8.2283,1.8685,1.0746,0.1745,8.0131,1.7126,1.0109,0.3747,-0.0005,0.0001,0.0009,0.0011,0.0,2.069,9.076,1.8371,0.999,0.7036,0
5.662,8.4686,1.8399,0.9908,2.2862,0.5741,-0.0408,8.3169,1.7755,0.9443,0.1712,8.1403,1.7457,1.0004,0.3417,0.0,0.0006,-0.0003,0.0007,0.031,1.938,9.076,1.8371,0.999,0.6075,0
5.703,8.5635,1.8637,0.9894,2.2781,0.5677,-0.0271,8.3169,1.7755,0.9443,0.2658,8.1966,1.7607,1.0005,0.3813,-0.0004,0.0005,-0.0007,0.001,0.0,2.159,9.3479,1.9064,1.006,0.7857,0
5.745,8.6587,1.8872,0.9887,2.2902,0.5626,-0.0109,8.3169,1.7755,0.9443,0.3623,8.2811,1.7828,1.0013,0.392,0.0012,-0.0002,0.0001,0.0012,0.0,2.06,9.3479,1.9069,1.006,0.6897,0
5.787,8.7548,1.9105,0.9887,2.326,0.558,0.0151,8.776,1.9159,0.9896,0.0219,8.4201,1.8161,0.9949,0.3479,0.0002,0.0005,0.0018,0.0019,0.035,1.93,9.3478,1.907,1.006,0.5933,0
5.828,8.8526,1.9337,0.9896,2.3615,0.5546,0.026,8.776,1.9159,0.9896,0.0786,8.5079,1.8365,0.9955,0.3582,0.0006,-0.0003,0.0008,0.001,0.077,1.84,9.3478,1.907,1.006,0.4962,0
5.87,8.9515,1.9567,0.9911,2.3769,0.5484,0.0464,8.776,1.9159,0.9896,0.1801,8.5673,1.8499,0.9962,0.3988,-0.0002,0.0002,0.0004,0.0005,0.0,2.036,9.5936,1.997,1.016,0.6439,0
5.911,9.0504,1.9795,0.9921,2.3705,0.5468,-0.0027,8.8937,2.0545,1.1931,0.2657,8.7129,1.9044,1.0331,0.3482,0.0007,-0.0005,-0.0012,0.0015,0.0,2.16,9.8633,2.0516,0.98,0.8162,0
5.953,9.1488,2.0023,0.99,2.3557,0.5467,-0.0752,8.8937,2.0545,1.1931,0.3302,8.7725,1.9178,1.0324,0.388,0.0,-0.001,0.0015,0.0018,0.011,1.978,9.8633,2.0517,0.98,0.7162,0
5.995,9.2467,2.0251,0.9865,2.3436,0.5493,-0.0781,9.1514,2.091,0.9544,0.1203,8.9193,1.9662,1.0143,0.3338,0.0004,-0.0011,0.0003,0.0012,0.027,1.946,9.8633,2.0519,0.98,0.6172,0
6.036,9.3443,2.048,0.9837,2.3409,0.5498,-0.0613,9.1514,2.091,0.9544,0.1998,8.9783,1.9798,1.0121,0.3734,-0.0003,0.001,0.0004,0.0012,0.057,1.886,9.8633,2.052,0.98,0.519,0
6.078,9.4416,2.0708,0.9813,2.3266,0.5451,-0.0524,9.1514,2.091,0.9544,0.2921,9.0665,2.0003,1.0094,0.3826,0.0002,0.0001,-0.0006,0.0007,0.102,1.795,9.8633,2.052,0.98,0.4221,0
6.119,9.5377,2.0933,0.9796,2.2895,0.5326,-0.0292,9.5522,2.2078,0.8797,0.1526,9.21,2.0468,0.9873,0.3311,-0.001,-0.0003,0.0002,0.001,0.033,1.933,10.1432,2.1186,0.982,0.606,0
6.161,9.6322,2.1152,0.9764,2.2467,0.5197,-0.0757,9.5522,2.2078,0.8797,0.156,9.2968,2.0656,0.9847,0.3392,0.0002,0.0001,-0.0017,0.0018,0.078,1.845,10.1431,2.1188,0.982,0.5109,0
6.203,9.7246,2.1365,0.9746,2.1927,0.504,-0.021,9.5522,2.2078,0.8797,0.2093,9.3531,2.0776,0.9835,0.3763,0.0005,-0.0005,0.0015,0.0017,0.011,1.978,10.425,2.1945,0.999,0.7032,0
6.244,9.8146,2.1572,0.9748,2.1338,0.4925,0.0203,9.6483,2.1286,0.8979,0.1855,9.4804,2.1004,0.9701,0.3391,-0.0005,-0.0005,0.0003,0.0007,0.026,1.948,10.4248,2.1953,0.999,0.6119,0
6.286,9.9024,2.1776,0.9761,2.0894,0.4897,0.036,9.6483,2.1286,0.8979,0.2704,9.5322,2.111,0.9716,0.3762,-0.0005,0.0001,-0.0012,0.0013,0.053,1.895,10.4248,2.1957,0.999,0.5232,0
6.327,9.9888,2.1981,0.9781,2.0627,0.4927,0.0594,9.8502,2.2139,1.0246,0.147,9.6585,2.1482,0.9826,0.3341,0.0003,-0.0003,0.0013,0.0013,0.0,2.038,10.6948,2.2363,1.018,0.7082,0
6.369,10.0746,2.2187,0.9808,2.0623,0.4952,0.0693,9.8502,2.2139,1.0246,0.2287,9.7089,2.1601,0.9851,0.3704,-0.0005,0.0011,-0.0003,0.0012,0.007,1.986,10.6949,2.2362,1.018,0.6216,0
6.411,10.1611,2.2394,0.9838,2.0857,0.4999,0.0703,9.8502,2.2139,1.0246,0.3145,9.7852,2.1781,0.989,0.3809,0.0005,0.0003,-0.001,0.0012,0.052,1.896,11.0051,2.2711,1.032,0.846,0
6.452,10.2489,2.2603,0.9876,2.131,0.5041,0.1068,10.3012,2.3822,0.9118,0.1527,9.9249,2.2292,0.9766,0.3256,-0.0005,0.0001,-0.0006,0.0008,0.0,2.035,11.0051,2.2708,1.032,0.7576,0
6.494,10.3393,2.2814,0.9926,2.2026,0.5053,0.124,10.3012,2.3822,0.9118,0.1346,10.0068,2.2495,0.982,0.3342,0.0002,-0.0003,0.0014,0.0014,0.074,1.853,11.2821,2.3316,1.056,0.9463,0
6.535,10.4333,2.3022,0.9991,2.2987,0.4962,0.1718,10.3012,2.3822,0.9118,0.1773,10.0639,2.2629,0.9866,0.3717,-0.0005,-0.0005,0.0003,0.0008,0.048,1.904,11.2821,2.3317,1.056,0.8513,0
6.577,10.5314,2.3228,1.0062,2.4023,0.4898,0.1656,10.6115,2.1315,0.9934,0.2078,10.2477,2.2577,0.9915,0.2914,0.0001,0.0001,0.0008,0.0008,0.0,2.035,11.2821,2.3319,1.056,0.7524,0
6.619,10.6338,2.343,1.0125,2.5018,0.4818,0.1362,10.6115,2.1315,0.9934,0.2136,10.312,2.2703,0.9955,0.3304,0.0003,0.0,0.0006,0.0007,0.015,1.969,11.2821,2.332,1.056,0.6498,0
6.66,10.74,2.3629,1.0176,2.5845,0.4733,0.1187,10.6115,2.1315,0.9934,0.2658,10.4125,2.289,1.0001,0.3362,-0.0003,0.0005,-0.0001,0.0006,0.021,1.959,11.5541,2.388,1.042,0.8148,0
6.702,10.849,2.3825,1.0219,2.638,0.4687,0.0835,10.9039,2.4339,1.0838,0.0974,10.551,2.33,1.0197,0.3026,-0.0004,0.0005,0.0003,0.0007,0.0,2.001,11.5541,2.388,1.042,0.7054,0
6.743,10.9597,2.4019,1.0246,2.6686,0.4648,0.0547,10.9039,2.4339,1.0838,0.0874,10.651,2.3496,1.0227,0.3131,0.0005,-0.0,0.0002,0.0005,0.033,1.899,11.5541,2.388,1.042,0.5947,0
6.785,11.071,2.4211,1.0269,2.6684,0.4552,0.0666,11.197,2.3534,0.9855,0.1488,10.8063,2.3591,1.0111,0.2724,0.0001,-0.0,-0.0011,0.0012,0.128,1.744,11.5541,2.388,1.042,0.4844,0
6.827,11.1814,2.4397,1.0312,2.6227,0.4385,0.1267,11.197,2.3534,0.9855,0.0988,10.9069,2.3765,1.0123,0.2823,-0.0001,0.0,0.0005,0.0005,0.024,1.952,11.8591,2.4471,1.019,0.6779,0
6.868,11.2889,2.4576,1.0359,2.5401,0.4247,0.1043,11.197,2.3534,0.9855,0.1478,10.9721,2.3875,1.0137,0.3252,-0.0005,-0.0003,0.0006,0.0009,0.057,1.886,11.8591,2.4471,1.019,0.5705,0
6.91,11.3923,2.4751,1.0398,2.4354,0.4145,0.0794,11.3292,2.5195,0.999,0.0873,11.1143,2.4237,1.0192,0.2835,0.001,-0.0002,-0.0006,0.0012,0.0,2.024,12.1338,2.5306,1.049,0.7436,0
6.951,11.4913,2.4923,1.0425,2.3288,0.4113,0.0584,11.3292,2.5195,0.999,0.1701,11.1716,2.4338,1.0209,0.3258,0.0002,0.0,-0.0003,0.0004,0.017,1.966,12.1336,2.5313,1.049,0.6435,0
6.993,11.5863,2.5094,1.0447,2.2408,0.414,0.0501,11.3292,2.5195,0.999,0.2613,11.2529,2.4489,1.0227,0.3395,-0.0002,0.0013,0.0001,0.0014,0.032,1.936,12.4776,2.6147,1.06,0.8976,0
7.035,11.6784,2.527,1.0468,2.194,0.4276,0.0428,11.424,2.4476,1.0273,0.2671,11.3403,2.4627,1.031,0.3445,0.0001,0.0008,-0.0002,0.0009,0.0,2.013,12.4775,2.6148,1.06,0.8041,0
7.076,11.7696,2.5453,1.0485,2.1892,0.4496,0.0426,11.424,2.4476,1.0273,0.3597,11.4191,2.4804,1.0346,0.3567,0.0006,0.0,-0.0006,0.0008,0.0,2.066,12.4775,2.615,1.06,0.7115,0
7.118,11.8612,2.5646,1.0503,2.2117,0.4755,0.0433,11.8923,2.5956,1.0585,0.0447,11.5526,2.5097,1.0383,0.3137,0.0007,0.0011,-0.0007,0.0015,0.035,1.93,12.4775,2.615,1.06,0.6184,0
7.159,11.9539,2.5848,1.05,2.2409,0.4951,-0.0066,11.8923,2.5956,1.0585,0.0631,11.6353,2.5288,1.0388,0.3237,0.0003,0.0018,0.0002,0.0018,0.0,2.022,12.6862,2.6669,1.061,0.7369,0
7.201,12.0484,2.606,1.051,2.2886,0.5211,0.0364,11.8923,2.5956,1.0585,0.1566,11.6916,2.5423,1.0396,0.3626,-0.0,0.0003,-0.0007,0.0007,0.0,2.002,12.6861,2.6672,1.061,0.6407,0
7.243,12.1448,2.6283,1.0528,2.3349,0.5466,0.0477,12.0342,2.5106,1.0361,0.1625,11.8322,2.5508,1.0394,0.3224,-0.0001,0.0002,0.0004,0.0004,0.048,1.861,12.686,2.6676,1.061,0.5427,0
7.284,12.2429,2.6517,1.0553,2.3636,0.5745,0.077,12.0342,2.5106,1.0361,0.2527,11.8906,2.5642,1.0409,0.3633,-0.0005,0.0006,-0.0004,0.0009,0.0,2.002,12.9961,2.7493,1.077,0.7598,0
7.326,12.3416,2.6763,1.0589,2.3736,0.6006,0.0886,12.1625,2.6749,0.9667,0.2014,12.016,2.6064,1.0325,0.334,0.0003,-0.0002,-0.0004,0.0006,0.058,1.876,12.9961,2.7491,1.077,0.6588,0
7.367,12.4407,2.7019,1.0627,2.3837,0.626,0.0929,12.1625,2.6749,0.9667,0.2956,12.0756,2.6227,1.0355,0.3746,-0.0004,-0.0001,0.0001,0.0004,0.018,1.929,12.9961,2.749,1.077,0.5576,0
7.409,12.5401,2.7284,1.0664,2.3845,0.6431,0.0799,12.1625,2.6749,0.9667,0.3942,12.1652,2.6481,1.0398,0.3843,-0.0005,-0.0004,0.0002,0.0007,0.0,2.019,13.2508,2.85,1.065,0.721,0
7.451,12.6392,2.7554,1.0692,2.3706,0.6511,0.0558,12.7629,2.8,1.1194,0.1408,12.3195,2.6891,1.0545,0.3268,-0.0003,-0.0006,-0.0003,0.0007,0.027,1.945,13.2506,2.851,1.065,0.6189,0
7.492,12.7376,2.7827,1.0711,2.3561,0.6555,0.0409,12.7629,2.8,1.1194,0.0572,12.4064,2.7149,1.0566,0.3384,0.0001,0.0006,0.0008,0.001,0.012,1.975,13.5303,2.8929,1.102,0.8009,0
7.534,12.8353,2.8101,1.0741,2.3351,0.6598,0.0864,12.7629,2.8,1.1194,0.086,12.4637,2.7322,1.0584,0.38,0.0004,-0.0,0.0005,0.0006,0.0,2.031,13.5301,2.8941,1.102,0.7004,0
7.575,12.9323,2.8376,1.079,2.3209,0.6591,0.1508,12.7569,2.8034,0.9294,0.233,12.6,2.7736,1.0385,0.3408,-0.0004,0.0007,0.0003,0.0008,0.0,2.164,13.8217,2.9712,1.114,0.9001,0
7.617,13.0289,2.865,1.0861,2.3228,0.6569,0.182,12.7569,2.8034,0.9294,0.3199,12.6569,2.7916,1.0429,0.3817,-0.0014,0.0,0.0001,0.0014,0.012,1.975,13.8217,2.9714,1.114,0.8003,0
7.659,13.1263,2.8923,1.094,2.3531,0.6554,0.2043,13.1395,3.0067,1.1026,0.1155,12.8221,2.8508,1.0581,0.3091,0.0,-0.0007,-0.0,0.0007,0.0,2.141,14.096,3.0912,1.131,0.9906,0
7.7,13.2255,2.9196,1.1029,2.4094,0.6577,0.217,13.1395,3.0067,1.1026,0.1224,12.8816,2.8682,1.0634,0.35,0.0006,0.0008,0.0009,0.0013,0.036,1.927,14.0958,3.0923,1.131,0.8877,0
7.742,13.3276,2.9473,1.1117,2.4827,0.671,0.201,13.2195,2.9767,1.1028,0.1124,13.021,2.9058,1.0722,0.3119,0.0001,-0.0006,0.0007,0.0009,0.0,2.058,14.0955,3.0941,1.131,0.7821,0
7.783,13.4328,2.9757,1.12,2.5579,0.6898,0.1953,13.2195,2.9767,1.1028,0.2141,13.0853,2.9227,1.0759,0.3543,0.0002,-0.0001,-0.0009,0.0009,0.0,2.025,14.0955,3.0941,1.131,0.6733,0
7.825,13.5407,3.0049,1.1279,2.609,0.7084,0.1836,13.2195,2.9767,1.1028,0.3234,13.1848,2.9491,1.0808,0.3633,-0.0003,0.0012,0.0,0.0012,0.014,1.971,14.3464,3.151,1.119,0.8189,0
7.867,13.65,3.0348,1.1352,2.6316,0.7227,0.1674,13.5956,3.0475,1.0983,0.0669,13.3117,2.9829,1.0878,0.3455,-0.0001,0.0004,0.0012,0.0013,0.0,2.048,14.3462,3.1519,1.119,0.7062,0
7.908,13.7598,3.0651,1.1416,2.637,0.7305,0.1435,13.5956,3.0475,1.0983,0.1707,13.4122,3.0109,1.0919,0.3553,-0.0007,0.0009,0.0007,0.0013,0.028,1.945,14.3461,3.1524,1.119,0.5932,0
7.95,13.8694,3.0955,1.1472,2.6196,0.7308,0.1247,13.5956,3.0475,1.0983,0.2822,13.4791,3.0297,1.0939,0.3994,0.0006,0.0002,-0.0002,0.0006,0.062,1.876,14.6471,3.2055,1.108,0.7865,0
7.991,13.9778,3.1259,1.152,2.5882,0.7262,0.107,14.0015,3.1826,1.0859,0.0902,13.654,3.0775,1.0966,0.332,0.0,0.0002,0.0,0.0002,0.0,2.001,14.6471,3.2056,1.108,0.6755,0
8.033,14.085,3.156,1.1562,2.5589,0.7174,0.0962,14.0015,3.1826,1.0859,0.1124,13.7175,3.095,1.098,0.377,-0.0004,0.0001,0.0002,0.0004,0.032,1.936,14.6471,3.2057,1.108,0.5664,0
8.075,14.1908,3.1856,1.1601,2.5207,0.7049,0.0917,14.0015,3.1826,1.0859,0.2034,13.8112,3.1207,1.0997,0.3898,-0.0,0.0012,0.0004,0.0013,0.0,2.07,14.9121,3.2427,1.096,0.7264,0
8.116,14.2947,3.2146,1.1629,2.4727,0.6885,0.0485,14.2344,3.1624,1.2062,0.0908,13.9448,3.1501,1.1186,0.3586,-0.0005,-0.0001,-0.0001,0.0005,0.015,1.971,14.9121,3.2427,1.096,0.6216,0
8.158,14.3967,3.2428,1.1647,2.4242,0.6675,0.0488,14.2344,3.1624,1.2062,0.1858,14.0341,3.1764,1.1179,0.3715,0.0003,-0.0008,0.0003,0.0009,0.0,2.157,15.1882,3.2751,1.125,0.7932,0
8.199,14.4968,3.2702,1.1661,2.3922,0.6474,-0.0065,14.439,3.2396,1.2936,0.1433,14.1629,3.2006,1.1473,0.3416,-0.0004,0.0004,-0.0008,0.0009,0.358,1.284,15.1883,3.2744,1.125,0.6927,0
8.241,14.5963,3.2968,1.1647,2.3888,0.6321,-0.0177,14.439,3.2396,1.2936,0.2112,14.2523,3.2243,1.1435,0.3522,0.0008,-0.0002,-0.0016,0.0018,0.033,1.934,15.1884,3.2739,1.125,0.5939,0
8.283,14.6962,3.3229,1.1649,2.4076,0.6223,0.0162,14.439,3.2396,1.2936,0.2995,14.3121,3.2397,1.1416,0.3937,0.0005,0.0,0.0005,0.0007,0.062,1.873,15.1884,3.2739,1.125,0.4962,0
8.324,14.7969,3.3485,1.1649,2.4218,0.6071,-0.0308,14.7271,3.4274,1.0889,0.1299,14.4741,3.2904,1.1387,0.329,0.0004,0.0001,-0.0003,0.0004,0.0,2.005,15.4814,3.3291,1.089,0.6889,0
8.366,14.898,3.3733,1.1626,2.4304,0.5869,-0.0672,14.7271,3.4274,1.0889,0.1939,14.5355,3.3042,1.1371,0.37,0.0002,0.0,-0.0009,0.0009,0.029,1.942,15.4813,3.3294,1.089,0.5895,0
8.407,14.9994,3.3972,1.1592,2.4318,0.5622,-0.093,14.9667,3.5063,1.1923,0.1186,14.6954,3.3543,1.1429,0.3074,-0.0007,0.0006,0.0004,0.0009,0.021,2.047,15.7462,3.3852,1.095,0.7497,0
8.449,15.1003,3.42,1.1555,2.4109,0.5342,-0.0863,14.9667,3.5063,1.1923,0.1633,14.7563,3.366,1.1402,0.3485,-0.0001,-0.0,0.0,0.0001,0.034,1.985,15.7461,3.3859,1.095,0.6495,0
8.491,15.2001,3.4416,1.1521,2.3808,0.5055,-0.0786,14.9667,3.5063,1.1923,0.2455,14.8465,3.3823,1.1365,0.3589,-0.0005,0.001,-0.0001,0.0011,0.04,1.959,15.9949,3.441,1.1,0.7965,0
8.532,15.2988,3.4621,1.1492,2.3647,0.4821,-0.058,15.3699,3.5225,1.1218,0.0973,14.9962,3.4215,1.1306,0.3059,0.0002,0.0006,0.0001,0.0006,0.089,1.994,15.9949,3.441,1.1,0.6981,0
8.574,15.3973,3.4817,1.1471,2.3627,0.4614,-0.0433,15.3699,3.5225,1.1218,0.0553,15.0856,3.4376,1.1279,0.3154,-0.0003,-0.0008,-0.0009,0.0013,0.119,1.904,15.9947,3.4423,1.1,0.6005,0
8.615,15.4955,3.5004,1.1455,2.3521,0.4359,-0.0391,15.3949,3.555,1.0815,0.1312,15.191,3.4716,1.1218,0.3068,0.0001,-0.0007,0.0001,0.0007,0.178,1.796,15.9947,3.4424,1.1,0.5045,0
8.657,15.5929,3.5179,1.1436,2.3219,0.4063,-0.0592,15.3949,3.555,1.0815,0.2108,15.2791,3.4876,1.1206,0.3161,-0.0002,-0.0003,0.0009,0.001,0.155,1.993,16.2811,3.4415,1.08,0.6953,0
8.699,15.6885,3.5339,1.1406,2.2689,0.3659,-0.08,15.3949,3.555,1.0815,0.3002,15.3367,3.4972,1.1191,0.3543,0.0004,-0.0001,-0.001,0.0011,0.169,1.935,16.2814,3.4401,1.08,0.6033,0
8.74,15.7817,3.548,1.1371,2.2111,0.3124,-0.087,15.6814,3.6397,1.1007,0.1407,15.4722,3.5338,1.1162,0.3106,0.0002,-0.0003,0.0001,0.0004,0.2,2.027,16.2815,3.4394,1.08,0.5146,0
8.782,15.8727,3.5596,1.1328,2.1613,0.2528,-0.1251,15.6814,3.6397,1.1007,0.2098,15.526,3.5405,1.1145,0.3477,-0.0,-0.0004,-0.0009,0.001,0.207,2.074,16.6366,3.4866,1.06,0.7709,0
8.823,15.9617,3.5687,1.127,2.1165,0.1859,-0.1445,15.9235,3.4586,1.2072,0.1415,15.6603,3.5321,1.1266,0.3035,0.0002,-0.0007,0.0006,0.0009,0.2,1.967,16.6367,3.4862,1.06,0.6833,0
8.865,16.0493,3.575,1.1204,2.0981,0.1236,-0.1626,15.9235,3.4586,1.2072,0.1922,15.7111,3.5346,1.1233,0.3406,-0.0008,0.0012,0.0011,0.0017,0.208,1.916,16.8449,3.4961,1.06,0.8017,0
8.907,16.137,3.5788,1.1138,2.1139,0.0681,-0.1542,15.9235,3.4586,1.2072,0.2623,15.7871,3.5353,1.1181,0.3526,0.0,0.0014,-0.0008,0.0016,0.202,2.032,16.8451,3.4946,1.06,0.7152,0
8.948,16.2262,3.5806,1.1075,2.1656,0.0258,-0.1516,16.2178,3.5082,1.148,0.0835,15.9103,3.5368,1.1218,0.3192,-0.0006,-0.0005,0.0009,0.0012,0.209,1.926,16.8452,3.4943,1.06,0.6268,0
8.99,16.3181,3.5809,1.1018,2.2427,-0.0066,-0.1164,16.2178,3.5082,1.148,0.1322,15.9922,3.5363,1.1182,0.3293,0.0001,-0.0004,0.0012,0.0013,0.174,1.878,17.1932,3.5249,1.083,0.8772,0
9.031,16.4136,3.5803,1.0974,2.3374,-0.0205,-0.1025,16.2178,3.5082,1.148,0.2147,16.0495,3.5352,1.1168,0.3674,0.0006,0.0008,-0.0007,0.0012,0.182,1.923,17.1934,3.5242,1.083,0.7819,0
9.073,16.5133,3.5794,1.0928,2.4321,-0.0176,-0.1318,16.5327,3.5746,1.1557,0.066,16.2208,3.5473,1.1229,0.2958,-0.0002,-0.0004,-0.0004,0.0006,0.216,1.964,17.1934,3.524,1.083,0.6824,0
9.115,16.6165,3.5789,1.0864,2.5157,-0.011,-0.1565,16.5327,3.5746,1.1557,0.1088,16.2848,3.5479,1.1207,0.335,0.0011,0.0001,0.0001,0.0011,0.188,1.883,17.4948,3.4915,1.089,0.8826,0
9.156,16.723,3.5786,1.0805,2.585,-0.0006,-0.135,16.9575,3.547,0.9964,0.2511,16.4791,3.5435,1.0951,0.2469,0.001,-0.0,-0.0005,0.0011,0.525,0.836,17.4953,3.4887,1.089,0.7775,0
9.198,16.8317,3.5787,1.0727,2.6363,0.0061,-0.1556,16.9575,3.547,0.9964,0.1506,16.5452,3.5432,1.0911,0.2892,-0.0003,0.0001,-0.0001,0.0004,0.214,1.938,17.4955,3.4879,1.089,0.6702,0
9.239,16.9426,3.5792,1.0677,2.6789,0.0111,-0.0991,16.9575,3.547,0.9964,0.0796,16.6471,3.5429,1.0878,0.2984,-0.0,0.0002,-0.0005,0.0005,0.195,1.939,17.4957,3.4866,1.089,0.5611,0
9.281,17.0544,3.5796,1.0636,2.6782,0.0098,-0.0945,17.0444,3.602,0.8385,0.2265,16.7733,3.5482,1.0381,0.284,-0.0005,0.0006,0.0,0.0007,0.216,1.973,17.7614,3.4532,1.03,0.719,0
9.323,17.1654,3.5799,1.0618,2.6516,0.0069,-0.0119,17.0444,3.602,0.8385,0.2549,16.874,3.546,1.0355,0.2945,-0.0001,-0.0002,-0.0015,0.0015,0.213,2.138,18.0464,3.4582,1.044,0.8895,0
9.36,17.2643,3.5801,1.0619,2.6297,0.0041,0.0127,17.0444,3.602,0.8385,0.3143,16.9405,3.5444,1.0356,0.3269,-0.0004,0.0001,0.0015,0.0016,0.194,1.92,18.0479,3.4504,1.044,0.7944,0
9.402,17.3737,3.5802,1.0627,2.6214,0.0026,0.0148,17.4908,3.5618,1.074,0.1192,17.0937,3.5481,1.0436,0.2824,0.0009,-0.0002,-0.0008,0.0012,0.219,1.937,18.0482,3.4492,1.044,0.6873,0
9.443,17.4828,3.5803,1.0629,2.6143,0.0004,0.0014,17.4908,3.5618,1.074,0.0231,17.1919,3.5466,1.0445,0.2934,-0.0001,-0.0007,-0.0004,0.0008,0.186,1.839,18.0485,3.4478,1.044,0.5813,0
9.485,17.5912,3.5802,1.063,2.5865,-0.0052,0.002,17.4908,3.5618,1.074,0.1026,17.2571,3.5455,1.0448,0.3364,0.0008,0.0006,0.0013,0.0016,0.197,1.919,18.3104,3.4283,1.048,0.7352,0
9.526,17.6977,3.5799,1.0635,2.527,-0.0108,0.0196,17.6071,3.5099,0.975,0.1446,17.4104,3.5384,1.0341,0.2917,0.0001,-0.0011,-0.0006,0.0012,0.163,1.781,18.3117,3.422,1.048,0.6342,0
9.568,17.8014,3.5793,1.0643,2.4584,-0.0159,0.0219,17.6071,3.5099,0.975,0.2248,17.4721,3.5371,1.0351,0.3333,0.0001,-0.0003,-0.0009,0.001,0.173,1.82,18.3119,3.421,1.048,0.5348,0
9.61,17.9022,3.5786,1.0653,2.3878,-0.0167,0.0268,18.0225,3.5394,0.8648,0.2371,17.6483,3.5363,1.009,0.2635,-0.0005,-0.0008,0.0004,0.001,0.208,1.924,18.5923,3.435,1.058,0.7049,0
9.651,18.0001,3.5779,1.0674,2.3214,-0.0173,0.0639,18.0225,3.5394,0.8648,0.2075,17.7066,3.535,1.0109,0.3019,-0.0008,-0.0005,0.0013,0.0016,0.202,2.049,18.5926,3.4334,1.058,0.61,0
9.693,18.0955,3.5771,1.0705,2.2651,-0.0214,0.0823,17.9775,3.4853,0.9841,0.1727,17.8252,3.528,1.0092,0.2815,0.0005,-0.0007,0.0002,0.0009,0.185,1.878,18.8506,3.4531,1.073,0.7652,0
9.734,18.1889,3.5763,1.0745,2.2281,-0.0181,0.1056,17.9775,3.4853,0.9841,0.2473,17.8798,3.5275,1.0123,0.3191,-0.0006,0.0009,0.0003,0.0011,0.209,1.928,18.8509,3.4519,1.073,0.6735,0
9.776,18.2815,3.5755,1.0791,2.2197,-0.0198,0.1101,17.9775,3.4853,0.9841,0.3311,17.9603,3.5268,1.0179,0.3306,0.0009,0.0001,0.0004,0.0009,0.215,1.759,18.8513,3.45,1.073,0.5835,0
9.818,18.3741,3.5746,1.0837,2.2267,-0.0207,0.1086,17.9775,3.4853,0.9841,0.4186,18.0139,3.5264,1.0216,0.3687,0.0001,0.0002,-0.0007,0.0007,0.234,1.807,19.1496,3.5079,1.068,0.7785,0
9.859,18.4675,3.5738,1.088,2.2596,-0.0166,0.1006,18.3913,3.81,1.0347,0.2538,18.167,3.5697,1.0284,0.3065,0.001,0.0002,-0.0003,0.001,0.383,1.963,19.1499,3.5065,1.068,0.686,0
9.901,18.5628,3.5732,1.0919,2.3074,-0.0191,0.0851,18.3913,3.81,1.0347,0.298,18.2238,3.5684,1.0315,0.3443,0.0003,0.0002,0.0002,0.0004,0.403,1.907,19.1501,3.5058,1.068,0.5917,0
9.942,18.6599,3.572,1.0951,2.3496,-0.0367,0.0755,18.7111,3.5087,1.0383,0.0992,18.3843,3.5628,1.0355,0.2821,0.0006,0.0,-0.0013,0.0014,0.37,1.897,19.4214,3.5475,1.066,0.7624,0
9.984,18.7584,3.5698,1.0984,2.3719,-0.0669,0.0767,18.7111,3.5087,1.0383,0.0978,18.4429,3.5622,1.0379,0.3214,0.0003,-0.001,0.0008,0.0014,0.374,1.949,19.4217,3.5463,1.066,0.6645,0
10.026,18.8576,3.5663,1.1016,2.3884,-0.0969,0.077,18.7111,3.5087,1.0383,0.1696,18.5317,3.56,1.0413,0.3315,0.0007,-0.0008,-0.0011,0.0015,0.364,2.029,19.6998,3.5728,1.065,0.843,0
10.067,18.9578,3.5616,1.1048,2.4211,-0.1244,0.0878,18.7759,3.6373,0.9556,0.2472,18.6304,3.5685,1.0261,0.3367,0.0004,0.0001,-0.0002,0.0005,0.341,1.901,19.7003,3.5706,1.065,0.7437,0
10.109,19.0597,3.556,1.109,2.4649,-0.1426,0.102,18.7759,3.6373,0.9556,0.3327,18.7228,3.5628,1.0293,0.3463,-0.0001,0.0003,-0.0008,0.0009,0.31,1.964,19.7006,3.5695,1.065,0.6426,0
10.15,19.1631,3.5499,1.1131,2.4941,-0.1476,0.1009,18.7759,3.6373,0.9556,0.4271,18.7856,3.5585,1.0317,0.3863,0.0002,-0.001,0.0009,0.0013,0.28,2.036,20.0188,3.5839,1.062,0.8578,0
10.192,19.2672,3.5439,1.1157,2.499,-0.1384,0.0041,19.0166,3.5046,1.0578,0.2602,18.9236,3.5421,1.0408,0.3517,-0.0001,0.0005,0.0005,0.0007,0.189,1.884,20.0201,3.5788,1.062,0.7556,0
10.234,19.3714,3.539,1.1171,2.5009,-0.0959,0.0515,19.0166,3.5046,1.0578,0.3613,18.988,3.5382,1.0412,0.3909,0.0002,0.0002,0.0007,0.0008,0.194,1.939,20.0205,3.5773,1.062,0.6525,0
10.275,19.4756,3.5361,1.1195,2.5011,-0.0471,0.0558,19.4179,3.6696,1.1262,0.1456,19.1495,3.559,1.0591,0.3325,0.0009,-0.0005,0.001,0.0014,0.209,1.858,20.021,3.5751,1.062,0.5498,0
10.317,19.5796,3.5354,1.1209,2.4865,0.0087,0.0206,19.4179,3.6696,1.1262,0.2102,19.2145,3.5585,1.0606,0.3707,-0.0007,-0.0,0.0011,0.0013,0.213,1.944,20.021,3.5751,1.062,0.4471,0
10.358,19.6823,3.5372,1.1218,2.4412,0.0693,0.0217,19.4179,3.6696,1.1262,0.2957,19.3108,3.5605,1.0619,0.377,-0.0008,0.0007,-0.0013,0.0017,0.23,1.97,20.2891,3.621,1.073,0.6146,0
10.4,19.7825,3.5413,1.1226,2.3767,0.1225,0.0162,19.7712,3.5837,1.1235,0.0439,19.448,3.563,1.0726,0.3389,-0.0,-0.0002,0.0001,0.0002,0.257,1.835,20.2893,3.6204,1.073,0.5153,0
10.442,19.8799,3.5475,1.1233,2.3035,0.1684,0.0153,19.7712,3.5837,1.1235,0.1146,19.5378,3.5683,1.0734,0.3464,-0.0003,-0.0004,0.0003,0.0006,0.235,2.002,20.5675,3.6037,1.087,0.6909,0
10.483,19.9743,3.5553,1.1239,2.2366,0.2014,0.0161,19.7712,3.5837,1.1235,0.2051,19.5953,3.5731,1.074,0.3827,0.0003,-0.0001,-0.001,0.001,0.205,1.813,20.5691,3.5982,1.087,0.5975,0
10.525,20.0665,3.5642,1.1238,2.1993,0.2189,-0.02,19.9165,3.636,1.2738,0.2239,19.7242,3.593,1.1056,0.344,0.001,-0.0002,-0.001,0.0014,0.246,1.935,20.8249,3.5872,1.073,0.7605,0
10.566,20.1579,3.5734,1.1227,2.1947,0.2232,-0.027,19.9165,3.636,1.2738,0.2915,19.7771,3.5993,1.1043,0.3821,0.0001,0.0001,-0.0001,0.0002,0.262,1.985,20.826,3.5835,1.073,0.6701,0
10.608,20.2499,3.5826,1.1215,2.2194,0.2125,-0.0419,20.2551,3.561,1.1575,0.0424,19.9382,3.5999,1.1127,0.3123,-0.0003,0.0001,-0.0,0.0003,0.285,1.865,20.8278,3.5778,1.073,0.58,0
10.65,20.3432,3.5908,1.1198,2.2582,0.1853,-0.0295,20.2551,3.561,1.1575,0.1003,19.9937,3.6053,1.1112,0.3499,0.0011,-0.0007,0.0009,0.0016,0.249,1.89,21.1133,3.5729,1.085,0.7711,0
10.691,20.4384,3.5978,1.1189,2.3112,0.1496,-0.0175,20.1412,3.6624,1.0207,0.3196,20.0957,3.6195,1.0948,0.3442,-0.0002,0.0005,0.0003,0.0006,0.284,1.985,21.1156,3.5659,1.085,0.6788,0
10.733,20.5363,3.603,1.1184,2.3779,0.1047,-0.01,20.1412,3.6624,1.0207,0.4112,20.1549,3.6225,1.0943,0.3826,0.0003,0.0001,0.0006,0.0007,0.244,1.787,21.1168,3.5624,1.085,0.5829,0
10.774,20.6367,3.6064,1.1176,2.4359,0.0616,-0.0288,20.4609,3.4288,1.0163,0.2696,20.2874,3.5947,1.0823,0.3513,-0.0002,0.0001,0.0003,0.0004,0.239,1.887,21.3601,3.5672,1.06,0.7267,0
10.816,20.7395,3.6079,1.1159,2.4923,0.0161,-0.0462,20.4609,3.4288,1.0163,0.3459,20.3506,3.5953,1.0816,0.3906,-0.0003,0.0004,0.0008,0.0009,0.25,1.943,21.3613,3.5636,1.06,0.6259,0
10.858,20.8445,3.6076,1.1147,2.5426,-0.0235,-0.0153,20.4609,3.4288,1.0163,0.4346,20.4481,3.5942,1.0805,0.3981,-0.0002,0.001,0.0003,0.0011,0.227,1.76,21.6496,3.5842,1.077,0.8063,0
10.899,20.9515,3.6061,1.1144,2.5867,-0.0434,-0.0067,20.4609,3.4288,1.0163,0.5308,20.5146,3.5924,1.0805,0.4384,0.0002,-0.001,0.0003,0.0011,0.23,1.817,21.6509,3.5808,1.077,0.7009,0
10.941,21.0604,3.6041,1.1141,2.6377,-0.0504,-0.0019,21.0371,3.5522,1.0288,0.1025,20.6987,3.5802,1.0697,0.3653,0.0002,0.0002,0.0006,0.0007,0.251,1.919,21.6529,3.5757,1.077,0.5943,0
10.982,21.1713,3.602,1.114,2.6754,-0.0473,-0.0102,21.0371,3.5522,1.0288,0.1666,20.7676,3.5772,1.0695,0.4068,0.0,0.0002,-0.0005,0.0005,0.215,1.791,21.932,3.587,1.045,0.764,0
11.024,21.2831,3.6002,1.1131,2.6904,-0.0379,-0.0289,21.0371,3.5522,1.0288,0.2645,20.8725,3.5728,1.0686,0.414,-0.0006,-0.0007,0.0002,0.001,0.219,1.882,21.9399,3.5679,1.045,0.6611,0
11.066,21.3954,3.5991,1.1118,2.6947,-0.0198,-0.0255,21.3156,3.7117,1.0089,0.1722,21.0091,3.605,1.0556,0.3904,0.0,-0.0005,-0.0005,0.0007,0.236,1.743,21.9414,3.5646,1.045,0.5511,0
11.107,21.5074,3.5987,1.1106,2.6817,-0.0006,-0.0316,21.3156,3.7117,1.0089,0.2448,21.1121,3.606,1.0536,0.3994,-0.0001,-0.0006,0.0001,0.0006,0.244,1.833,22.2136,3.5378,1.026,0.7138,0
11.149,21.6188,3.5989,1.1093,2.665,0.0082,-0.0297,21.3156,3.7117,1.0089,0.3387,21.1804,3.6071,1.0521,0.4421,-0.0005,-0.0006,-0.0005,0.0009,0.254,1.894,22.2207,3.5228,1.026,0.6124,0
11.19,21.7294,3.5992,1.1039,2.648,0.0045,-0.2087,21.6904,3.6779,1.2,0.1302,21.3634,3.618,1.0744,0.3677,-0.0005,-0.0001,0.0011,0.0012,0.252,1.785,22.4932,3.5315,0.998,0.7741,0
11.232,21.839,3.5988,1.0966,2.6132,-0.0222,-0.152,21.6904,3.6779,1.2,0.1975,21.4299,3.6181,1.0683,0.4105,-0.0004,0.0003,0.0007,0.0009,0.258,1.844,22.5008,3.5167,0.998,0.6742,0
11.274,21.9472,3.5973,1.091,2.5881,-0.0493,-0.1239,21.9701,3.6123,1.1159,0.0369,21.6013,3.6159,1.0698,0.3471,0.0001,-0.0005,0.0012,0.0013,0.311,1.824,22.5087,3.502,0.998,0.577,0
11.315,22.0545,3.5945,1.0861,2.5601,-0.0828,-0.1231,21.9701,3.6123,1.1159,0.0913,21.6638,3.6142,1.0657,0.3917,0.0002,-0.0,-0.0003,0.0004,0.281,2.052,22.7987,3.5614,0.985,0.7518,0
11.357,22.1602,3.5903,1.0805,2.5196,-0.1139,-0.1362,21.9701,3.6123,1.1159,0.1947,21.7559,3.6102,1.0591,0.4054,0.0004,-0.0003,0.0001,0.0005,0.253,1.86,22.807,3.547,0.985,0.6552,0
11.398,22.2644,3.585,1.075,2.4846,-0.1345,-0.1276,21.9701,3.6123,1.1159,0.2984,21.8161,3.6066,1.0545,0.4492,0.0007,-0.0011,0.0003,0.0014,0.265,1.907,23.136,3.5847,0.986,0.8761,0
11.44,22.3676,3.5791,1.0681,2.4788,-0.1459,-0.1947,22.1354,3.461,1.2898,0.3421,21.9685,3.5797,1.094,0.4,0.0001,0.0005,-0.001,0.0012,0.212,1.72,23.1404,3.5776,0.986,0.7771,0
11.482,22.4716,3.5731,1.0596,2.5122,-0.143,-0.2055,22.1354,3.461,1.2898,0.4226,22.0297,3.5764,1.0886,0.4428,0.0,-0.0007,-0.0011,0.0013,0.211,1.771,23.1494,3.5636,0.986,0.6819,0
11.523,22.5775,3.5674,1.051,2.5678,-0.1279,-0.2087,22.725,3.6161,1.0934,0.1611,22.2405,3.58,1.0794,0.3384,-0.0005,-0.0002,0.0007,0.0008,0.27,1.827,23.1587,3.5498,0.986,0.5851,0
11.565,22.6858,3.5626,1.0426,2.6259,-0.1027,-0.1907,22.725,3.6161,1.0934,0.0835,22.3057,3.5778,1.0732,0.3816,-0.0008,-0.0001,0.0002,0.0008,0.244,2.016,23.4654,3.657,0.984,0.7874,0
11.606,22.7964,3.5592,1.0352,2.6757,-0.0644,-0.1711,22.725,3.6161,1.0934,0.1083,22.4061,3.5758,1.065,0.3918,-0.0004,-0.0005,-0.0008,0.001,0.213,1.822,23.4799,3.6366,0.984,0.6898,0
11.648,22.9089,3.5577,1.0287,2.7205,-0.0071,-0.1375,22.9243,3.6941,1.0959,0.1527,22.5607,3.593,1.0697,0.3524,-0.0003,-0.0003,-0.0006,0.0007,0.22,1.773,23.8218,3.7739,1.017,0.9382,0
11.69,23.0232,3.559,1.0234,2.7607,0.0641,-0.122,22.9243,3.6941,1.0959,0.1824,22.6642,3.5948,1.0654,0.3632,0.0004,0.0008,0.0004,0.001,0.233,1.862,23.837,3.7541,1.017,0.8368,0
11.731,23.1391,3.5634,1.0181,2.7967,0.1336,-0.147,23.199,3.5976,1.2095,0.2034,22.8163,3.5955,1.0886,0.332,0.0008,0.0004,-0.0001,0.001,0.267,1.968,23.8421,3.7476,1.017,0.7267,0
11.773,23.2561,3.5706,1.0114,2.8154,0.2047,-0.175,23.199,3.5976,1.2095,0.208,22.9219,3.6028,1.0838,0.3435,0.0007,0.0003,0.0002,0.0008,0.269,2.082,23.8526,3.7346,1.017,0.6186,0
11.814,23.3734,3.5807,1.0039,2.8099,0.2736,-0.1711,23.199,3.5976,1.2095,0.2702,22.9926,3.6099,1.0796,0.3893,0.0005,0.0003,-0.0001,0.0006,0.256,1.916,24.0763,3.7679,1.031,0.7279,0
11.856,23.4896,3.5935,0.998,2.7664,0.3348,-0.0944,23.4566,3.5402,0.8746,0.1385,23.174,3.6128,1.0349,0.3183,0.0002,-0.0009,-0.0008,0.0012,0.32,1.847,24.0927,3.7491,1.031,0.6237,0
11.898,23.6035,3.6084,0.9958,2.7007,0.372,-0.0274,23.4566,3.5402,0.8746,0.2023,23.2434,3.6242,1.0328,0.3624,0.0005,-0.0006,-0.0013,0.0015,0.354,1.78,24.0983,3.7429,1.031,0.514,0
11.939,23.714,3.6242,0.9953,2.6127,0.381,-0.0117,23.4566,3.5402,0.8746,0.2965,23.3439,3.6425,1.0321,0.3725,0.0004,0.0003,-0.0006,0.0008,0.326,1.875,24.2984,3.7897,1.023,0.608,0
11.981,23.8207,3.64,0.9948,2.5148,0.3745,-0.0085,23.8043,3.5411,0.9132,0.1293,23.4816,3.6283,1.014,0.3398,0.0004,0.0002,-0.0005,0.0006,0.301,1.976,24.3042,3.7837,1.023,0.5052,0
12.022,23.9233,3.6551,0.9942,2.422,0.3514,-0.0202,23.8043,3.5411,0.9132,0.1837,23.573,3.6431,1.0149,0.3511,0.0003,-0.0013,0.0006,0.0015,0.299,1.868,24.5198,3.8561,1.022,0.6301,0
12.064,24.0223,3.6692,0.9934,2.3402,0.3265,-0.0194,23.8043,3.5411,0.9132,0.2652,23.6311,3.6523,1.0152,0.3922,0.0008,-0.0002,0.0008,0.0011,0.34,1.834,24.5258,3.8503,1.022,0.5359,0
12.106,24.1183,3.6823,0.992,2.2726,0.3044,-0.0437,24.1058,3.517,1.0881,0.1916,23.8009,3.6381,1.031,0.3227,0.0006,0.0,0.0004,0.0007,0.408,1.697,24.544,3.8333,1.022,0.4527,0
12.147,24.2112,3.6944,0.9899,2.1939,0.2815,-0.0592,24.1058,3.517,1.0881,0.2285,23.8556,3.6451,1.0314,0.3614,-0.0004,0.0006,0.0004,0.0008,0.436,1.648,24.7884,3.8911,1.026,0.6109,0
12.189,24.3006,3.7056,0.9864,2.12,0.2628,-0.1633,24.1681,3.6416,0.9727,0.1479,23.9893,3.6556,1.0156,0.3167,-0.0004,0.0006,-0.0009,0.0012,0.606,0.529,24.801,3.8802,1.026,0.5314,0
12.23,24.3876,3.7163,0.9754,2.0368,0.2435,-0.2464,24.1681,3.6416,0.9727,0.2319,24.0404,3.6617,1.0089,0.3531,-0.0005,-0.0006,0.0009,0.0012,0.422,1.716,25.0612,3.9603,1.027,0.7182,0
12.272,24.4692,3.7257,0.9693,1.9052,0.2147,-0.0933,24.1681,3.6416,0.9727,0.3127,24.1118,3.6699,1.0009,0.3632,0.0,0.001,-0.0006,0.0012,0.265,1.653,25.0676,3.9551,1.027,0.6434,0
12.314,24.5467,3.7343,0.9668,1.8273,0.2027,-0.036,24.6193,3.6341,0.9629,0.1238,24.2453,3.6722,0.997,0.3092,-0.0007,-0.0002,0.0003,0.0008,0.324,1.757,25.0807,3.9448,1.027,0.5772,0
12.355,24.6219,3.7428,0.9662,1.795,0.206,-0.0003,24.6193,3.6341,0.9629,0.1088,24.3095,3.6803,0.9984,0.3202,-0.0001,-0.0006,0.0009,0.0011,0.246,1.55,25.355,4.0688,1.03,0.8048,0
12.397,24.6967,3.7519,0.967,1.8008,0.2344,0.0279,24.6594,3.8117,1.0448,0.1049,24.4077,3.7075,1.0091,0.2954,0.0006,-0.0003,0.0005,0.0008,0.29,1.64,25.3617,4.0638,1.03,0.7372,0
12.438,24.7727,3.7628,0.9682,1.8509,0.2849,0.0276,24.6594,3.8117,1.0448,0.1453,24.4723,3.7178,1.0135,0.3072,-0.0001,0.0005,0.0007,0.0009,0.327,1.694,25.382,4.0493,1.03,0.6761,0
12.48,24.8515,3.776,0.969,1.926,0.3422,0.0087,24.6594,3.8117,1.0448,0.2096,24.5172,3.7263,1.0163,0.3413,-0.0003,-0.0001,0.0006,0.0007,0.358,1.734,25.382,4.0493,1.03,0.5999,0
12.522,24.9342,3.7918,0.9706,2.0306,0.4124,0.0656,25.0864,3.8274,0.9382,0.1597,24.6847,3.7581,1.0032,0.2539,0.0002,-0.0003,-0.0001,0.0004,0.318,1.632,25.6747,4.2168,1.048,0.8573,0
12.563,25.0212,3.8108,0.974,2.1363,0.4896,0.0808,25.0864,3.8274,0.9382,0.0762,24.7371,3.7709,1.0067,0.2887,0.0002,0.0009,0.0,0.001,0.352,1.677,25.6817,4.2123,1.048,0.7765,0
12.605,25.1126,3.833,0.9773,2.2379,0.5696,0.0847,25.0864,3.8274,0.9382,0.0473,24.8207,3.7937,1.0121,0.2966,0.0001,-0.0008,0.0013,0.0015,0.336,1.527,25.9429,4.3842,1.041,0.9988,0
12.646,25.2081,3.8587,0.9807,2.3427,0.6563,0.0783,25.0461,3.7201,1.0006,0.2141,24.9119,3.7907,1.0131,0.3057,0.0001,-0.0002,-0.0003,0.0004,0.341,1.583,25.9501,4.38,1.041,0.9088,0
12.688,25.3082,3.8881,0.9835,2.4476,0.7506,0.0579,25.0461,3.7201,1.0006,0.3118,25.003,3.8185,1.0179,0.3149,0.0001,0.0,-0.0001,0.0002,0.323,1.442,25.9718,4.3676,1.041,0.8207,0
12.73,25.4125,3.9218,0.9853,2.5556,0.8593,0.0502,25.2686,3.6581,1.1393,0.3376,25.1046,3.811,1.0392,0.3317,0.0004,-0.0008,0.0004,0.0009,0.331,1.494,26.2724,4.6047,1.056,1.1003,0
12.771,25.5216,3.9604,0.9879,2.6632,0.9831,0.0579,25.2686,3.6581,1.1393,0.4223,25.205,3.8486,1.0427,0.3402,-0.0002,0.0001,-0.0013,0.0013,0.36,1.585,26.2871,4.597,1.056,0.9979,0
12.813,25.6347,4.0042,0.9895,2.7567,1.1052,0.0209,25.2686,3.6581,1.1393,0.5256,25.2752,3.8774,1.0447,0.3852,-0.0005,-0.0006,-0.0009,0.0012,0.376,1.652,26.2945,4.5932,1.056,0.887,0
12.854,25.7516,4.0532,0.99,2.8423,1.2361,0.0098,25.9059,4.0265,0.909,0.1763,25.4762,3.9397,1.0253,0.3,-0.0004,-0.0005,0.0009,0.0011,0.363,1.581,26.49,4.8233,1.029,1.0676,0
12.896,25.8716,4.1078,0.9899,2.9076,1.3732,-0.0173,25.9059,4.0265,0.909,0.1197,25.5494,3.9742,1.0265,0.3507,0.0004,0.0005,0.0012,0.0013,0.363,1.653,26.4975,4.8198,1.029,0.9488,0
12.938,25.9937,4.1683,0.9887,2.9464,1.5197,-0.0224,25.9059,4.0265,0.909,0.1849,25.6619,4.0328,1.027,0.3604,0.0005,-0.0003,-0.0003,0.0006,0.355,1.769,26.6871,5.051,1.029,1.1232,0
12.979,26.1168,4.2348,0.9876,2.9563,1.6569,-0.0316,26.0593,4.3753,1.0139,0.154,25.8048,4.1294,1.026,0.3316,0.0001,0.0003,-0.0007,0.0007,0.346,1.689,26.6905,5.0495,1.029,0.9973,0
13.021,26.2396,4.3068,0.986,2.9361,1.782,-0.0454,26.0593,4.3753,1.0139,0.1949,25.9183,4.1992,1.0264,0.3412,-0.0004,0.0009,0.0004,0.0011,0.315,1.812,26.6958,5.0473,1.029,0.8708,0
13.062,26.3608,4.3835,0.9839,2.8801,1.8837,-0.0519,26.0593,4.3753,1.0139,0.3031,25.9932,4.2495,1.0263,0.3935,-0.0003,-0.0006,-0.0005,0.0008,0.29,1.897,26.6967,5.0469,1.029,0.745,0
13.104,26.4789,4.4638,0.9822,2.7897,1.9648,-0.0204,26.5898,4.4181,0.9769,0.1201,26.1937,4.3435,1.0135,0.311,0.0,-0.0002,-0.0009,0.0009,0.197,1.847,26.8366,5.3001,1.009,0.91,0
13.146,26.5927,4.5473,0.982,2.6796,2.0337,0.0037,26.5898,4.4181,0.9769,0.1294,26.262,4.3967,1.0137,0.3647,0.0011,0.0004,0.0002,0.0012,0.157,1.929,26.8375,5.2997,1.009,0.7917,0
13.187,26.7015,4.6332,0.9814,2.5536,2.079,-0.0396,26.6755,4.5221,0.9363,0.1227,26.4176,4.481,0.9906,0.3222,-0.0005,0.0,0.0008,0.0009,0.107,1.821,27.0156,5.5709,1.005,0.9892,0
13.229,26.8029,4.7211,0.9829,2.3416,2.1325,0.0784,26.6755,4.5221,0.9363,0.2409,26.4772,4.5347,0.9886,0.3753,-0.0001,0.0001,0.0007,0.0007,0.058,1.897,27.0164,5.5705,1.005,0.8761,0
13.27,26.8962,4.8109,0.9872,2.1604,2.1722,0.114,26.6755,4.5221,0.9363,0.3671,26.5571,4.6174,0.9893,0.3905,0.0002,0.0003,-0.0003,0.0004,0.0,2.009,27.0167,5.5704,1.005,0.7692,0
13.312,26.9822,4.9022,0.9921,1.9837,2.2027,0.119,26.9421,4.8727,1.0479,0.0748,26.6759,4.7156,1.0003,0.3587,-0.0003,0.0007,0.0004,0.0008,0.04,1.92,27.165,5.7918,1.024,0.9088,0
13.354,27.0609,4.9944,0.9969,1.8137,2.2219,0.1097,26.9421,4.8727,1.0479,0.1776,26.7416,4.8009,1.0021,0.3734,0.001,0.0004,-0.0006,0.0012,0.17,1.66,27.1655,5.7916,1.024,0.8045,0
13.395,27.1328,5.0875,1.0016,1.656,2.2458,0.1189,26.8981,5.035,0.9163,0.2552,26.8132,4.8965,0.9894,0.3725,0.0006,0.0002,-0.0004,0.0008,0.094,1.774,27.1658,5.7915,1.024,0.7051,0
13.437,27.1986,5.1816,1.0069,1.5221,2.2709,0.1346,26.8981,5.035,0.9163,0.3464,26.867,4.9839,0.9917,0.3864,0.0004,-0.0001,-0.0004,0.0006,0.063,1.874,27.3478,6.0287,1.045,0.8609,0
13.478,27.2597,5.2769,1.0128,1.4264,2.3024,0.1458,26.8981,5.035,0.9163,0.4457,26.899,5.043,0.9937,0.4304,0.0001,-0.0003,-0.0014,0.0014,0.03,1.94,27.3484,6.0284,1.045,0.7574,0
13.52,27.3178,5.3737,1.0188,1.3713,2.335,0.1366,27.2918,5.3579,0.9989,0.0363,27.0204,5.1806,1.0029,0.3549,0.0008,-0.0001,0.0004,0.0009,0.045,1.909,27.5283,6.2947,1.054,0.9454,0
13.562,27.3741,5.4716,1.0244,1.338,2.3618,0.1331,27.2918,5.3579,0.9989,0.1427,27.0516,5.2413,1.006,0.3967,0.0002,0.0008,0.0003,0.0009,0.079,1.842,27.5283,6.2947,1.054,0.8379,0
13.603,27.4295,5.5706,1.0299,1.3265,2.3883,0.13,27.2918,5.3579,0.9989,0.2553,27.097,5.3335,1.0106,0.4088,0.0001,-0.0005,0.0005,0.0007,0.012,1.976,27.5298,6.2941,1.054,0.7308,0
13.645,27.4848,5.6706,1.0347,1.3317,2.4055,0.1043,27.6291,5.4656,1.2446,0.3269,27.2256,5.411,1.0506,0.3672,-0.0006,0.0002,-0.0011,0.0013,0.033,1.933,27.6647,6.5497,1.066,0.8979,0
13.686,27.5406,5.7709,1.039,1.3461,2.412,0.0995,27.6291,5.4656,1.2446,0.3786,27.2738,5.5024,1.0529,0.3788,-0.0004,-0.0007,-0.0011,0.0013,0.0,2.118,27.6652,6.5495,1.066,0.7889,0
13.728,27.5971,5.8717,1.043,1.3602,2.4223,0.0927,27.6291,5.4656,1.2446,0.4545,27.3064,5.5636,1.0543,0.4238,-0.0002,0.0002,-0.0009,0.0009,0.033,1.935,27.666,6.5492,1.066,0.6814,0
13.77,27.6539,5.9728,1.047,1.3639,2.4299,0.097,27.7533,5.7475,1.003,0.2502,27.4399,5.6861,1.0482,0.3578,-0.0001,0.0004,0.0011,0.0012,0.093,1.813,27.842,6.8017,1.057,0.8501,0
13.811,27.7103,6.074,1.0507,1.3452,2.4287,0.0857,27.7533,5.7475,1.003,0.3328,27.4745,5.7475,1.0496,0.4028,-0.0001,0.0014,-0.0014,0.0019,0.06,1.88,27.8427,6.8015,1.057,0.7394,0
13.853,27.7658,6.1752,1.0544,1.3184,2.4291,0.0949,27.8148,6.0012,0.9337,0.2174,27.5776,5.8708,1.0311,0.3587,-0.0003,-0.0007,-0.0011,0.0013,0.0,2.023,27.9712,7.0399,1.032,0.889,0
13.894,27.8201,6.2766,1.0579,1.2909,2.4403,0.0788,27.8148,6.0012,0.9337,0.3022,27.61,5.9306,1.0322,0.4056,0.0004,0.0012,0.0002,0.0013,0.077,1.847,27.9722,7.0395,1.032,0.7783,0
13.936,27.8734,6.379,1.061,1.2695,2.474,0.0712,27.8148,6.0012,0.9337,0.403,27.6574,6.0214,1.0333,0.4187,0.0001,-0.0006,-0.0005,0.0008,0.028,1.944,27.9726,7.0393,1.032,0.6684,0
13.978,27.926,6.483,1.0626,1.257,2.5117,-0.0042,27.8478,6.5722,1.1978,0.1799,27.7213,6.1727,1.0669,0.3717,-0.0005,-0.0001,0.0009,0.0011,0.05,1.9,27.9728,7.0393,1.032,0.5591,0
14.019,27.9779,6.5886,1.0618,1.2382,2.5554,-0.0236,27.8478,6.5722,1.1978,0.189,27.7674,6.2655,1.0659,0.3856,0.0006,0.0003,0.0006,0.0009,0.025,1.95,28.1378,7.3025,1.041,0.7318,0
14.061,28.0293,6.6961,1.0605,1.2293,2.5967,-0.0427,27.9284,6.7233,1.0451,0.1056,27.8214,6.4032,1.0653,0.3591,-0.0004,-0.0006,0.001,0.0012,0.023,1.953,28.1383,7.3023,1.041,0.6162,0
14.102,28.0804,6.805,1.0585,1.2267,2.6276,-0.051,27.9284,6.7233,1.0451,0.1731,27.8661,6.5013,1.0642,0.3718,-0.0007,0.0007,-0.0009,0.0013,0.035,1.93,28.2755,7.5538,1.045,0.7739,0
14.144,28.1317,6.915,1.0563,1.2361,2.6496,-0.0531,27.9284,6.7233,1.0451,0.2797,27.8958,6.5676,1.0632,0.42,0.0009,-0.0007,0.0005,0.0013,0.001,1.997,28.2761,7.5535,1.045,0.6547,0
14.186,28.1835,7.0255,1.0515,1.2494,2.6499,-0.1539,27.9598,6.7647,1.2245,0.3847,27.9594,6.6966,1.0906,0.3999,-0.0001,-0.0004,-0.0006,0.0007,0.043,1.914,28.2763,7.5535,1.045,0.5361,0
14.227,28.2358,7.1356,1.0454,1.2593,2.634,-0.1551,27.9598,6.7647,1.2245,0.4958,27.9917,6.7624,1.0876,0.448,-0.0001,-0.0002,0.0013,0.0013,0.079,1.841,28.4484,7.8741,1.009,0.7693,0
14.269,28.2883,7.2445,1.0386,1.2609,2.5925,-0.1548,28.3848,7.1695,1.0364,0.1222,28.102,6.9151,1.0705,0.3798,-0.0003,-0.001,0.0005,0.0012,0.0,2.02,28.4495,7.8736,1.009,0.6501,0
14.31,28.3408,7.3514,1.0327,1.2595,2.5407,-0.1318,28.3848,7.1695,1.0364,0.1871,28.1345,6.977,1.0665,0.4288,0.0004,-0.0003,-0.0006,0.0008,0.025,1.951,28.4498,7.8735,1.009,0.5339,0
14.352,28.3932,7.4559,1.0276,1.2517,2.4839,-0.1206,28.4724,7.6316,1.1117,0.2103,28.2348,7.1641,1.0716,0.3349,0.0003,-0.0001,-0.0004,0.0005,0.0,2.019,28.6008,8.1141,1.014,0.6903,0
14.394,28.4451,7.5582,1.0221,1.242,2.4322,-0.1362,28.4724,7.6316,1.1117,0.119,28.2674,7.2225,1.0689,0.3827,0.0003,0.0007,-0.0001,0.0008,0.024,1.953,28.6008,8.1141,1.014,0.5773,0
14.435,28.4965,7.6584,1.0165,1.226,2.3811,-0.1305,28.4724,7.6316,1.1117,0.1019,28.3159,7.3077,1.0644,0.3974,-0.0001,0.0005,0.002,0.0021,0.072,1.856,28.6012,8.114,1.014,0.4674,0
14.477,28.5471,7.7563,1.0113,1.202,2.3236,-0.1177,28.4673,7.8962,1.0075,0.1611,28.3682,7.4683,1.055,0.3419,-0.0006,-0.0011,0.0011,0.0017,0.157,1.687,28.6013,8.1139,1.014,0.3617,0
14.518,28.5965,7.8517,1.0065,1.1707,2.2577,-0.1171,28.4673,7.8962,1.0075,0.1366,28.4139,7.5533,1.0525,0.3528,0.0001,-0.0,0.0002,0.0002,0.063,1.874,28.7382,8.3652,1.021,0.5329,0
14.56,28.6445,7.944,1.0016,1.1391,2.1794,-0.1198,28.4673,7.8962,1.0075,0.1836,28.4433,7.6079,1.0508,0.3948,0.0002,-0.0005,-0.0006,0.0008,0.046,1.907,28.8806,8.6197,1.033,0.7164,0
14.602,28.6912,8.033,0.9974,1.104,2.1017,-0.055,28.7418,8.0327,0.8403,0.165,28.5318,7.7605,1.0063,0.3158,0.0003,-0.0,0.0007,0.0007,0.036,1.927,28.8818,8.6192,1.033,0.6174,0
14.643,28.7366,8.1192,0.9969,1.0817,2.0415,0.0139,28.7418,8.0327,0.8403,0.179,28.5587,7.8121,1.0057,0.355,-0.0006,0.0006,-0.0002,0.0009,0.065,1.869,28.8822,8.6191,1.033,0.5219,0
14.685,28.7815,8.2031,0.998,1.0737,1.9939,0.0286,28.9012,8.0679,0.9237,0.1952,28.6507,7.9234,0.9921,0.3088,0.0002,-0.0002,-0.0001,0.0003,0.0,2.037,29.0233,8.8906,1.025,0.7293,0
14.726,28.8262,8.2853,0.9999,1.0743,1.9593,0.0567,28.9012,8.0679,0.9237,0.2422,28.6769,7.9725,0.9931,0.3467,0.0003,-0.0003,-0.0,0.0004,0.009,1.982,29.0238,8.8905,1.025,0.6371,0
14.768,28.8712,8.3666,1.0026,1.084,1.9496,0.0703,28.9012,8.0679,0.9237,0.3104,28.7163,8.0451,0.9957,0.357,-0.0004,-0.0004,-0.0019,0.002,0.05,1.9,29.0245,8.8902,1.025,0.546,0
14.81,28.9166,8.4478,1.0055,1.0966,1.9492,0.0665,28.9668,8.2644,0.9567,0.1963,28.7802,8.1308,0.9931,0.3454,-0.0001,-0.0002,-0.0011,0.0011,0.075,1.797,29.0246,8.8901,1.025,0.4557,0
14.851,28.9625,8.529,1.0083,1.1053,1.9477,0.0652,28.9668,8.2644,0.9567,0.2696,28.8196,8.2052,0.9968,0.3542,-0.0001,0.0003,0.0013,0.0014,0.0,2.007,29.1641,9.1516,1.028,0.6547,0
14.893,29.0088,8.6103,1.0109,1.1154,1.9534,0.062,28.9668,8.2644,0.9567,0.3526,28.8461,8.2547,0.9992,0.3912,0.0004,-0.0,0.0001,0.0004,0.067,1.827,29.1643,9.1515,1.028,0.5634,0
14.934,29.0556,8.6922,1.0139,1.1317,1.9805,0.0731,29.2825,8.8075,1.0181,0.2545,28.9615,8.4167,1.0072,0.2912,0.0001,-0.0002,-0.0001,0.0002,0.014,1.971,29.301,9.4099,1.039,0.7589,0
14.976,29.1033,8.7759,1.0167,1.1556,2.0331,0.0635,29.2825,8.8075,1.0181,0.182,28.9898,8.467,1.01,0.3291,0.0001,-0.0,0.0008,0.0008,0.004,1.993,29.3015,9.4097,1.039,0.6645,0
15.018,29.152,8.8621,1.019,1.1795,2.0994,0.0446,29.2825,8.8075,1.0181,0.1414,29.0333,8.5453,1.0137,0.3383,-0.0003,0.0005,-0.0015,0.0016,0.048,1.904,29.3022,9.4094,1.039,0.5679,0
15.059,29.2015,8.9511,1.0206,1.1935,2.1648,0.0399,29.1528,9.1097,1.016,0.166,29.0853,8.6973,1.0127,0.2792,0.0008,0.0001,0.0,0.0008,0.012,1.975,29.434,9.6671,1.03,0.7529,0
15.101,29.2515,9.0425,1.0223,1.2037,2.2151,0.0418,29.1528,9.1097,1.016,0.1195,29.1312,8.7819,1.0144,0.2871,0.0003,0.0008,-0.0008,0.0011,0.032,1.935,29.4347,9.6669,1.03,0.6508,0
15.142,29.3017,9.1356,1.0241,1.2062,2.2506,0.0474,29.1528,9.1097,1.016,0.1514,29.1621,8.8398,1.0155,0.3272,0.0006,-0.0,-0.0028,0.0028,0.0,2.112,29.5938,9.9425,1.04,0.8582,0
15.184,29.352,9.2297,1.0248,1.204,2.2597,0.0356,29.5051,9.0223,1.0147,0.258,29.268,8.9568,1.013,0.2857,-0.0009,0.0014,0.0006,0.0017,0.025,1.951,29.5954,9.9419,1.04,0.7528,0
15.226,29.402,9.3239,1.0274,1.1963,2.2654,0.0787,29.5051,9.0223,1.0147,0.319,29.2991,9.0152,1.0137,0.3257,0.0003,-0.0,0.0005,0.0006,0.014,1.973,29.5957,9.9418,1.04,0.6476,0
15.267,29.4516,9.4184,1.0312,1.1846,2.2695,0.0986,29.3376,9.5773,0.8842,0.2447,29.3463,9.1913,0.9952,0.253,-0.0003,0.0006,0.0,0.0007,0.053,1.895,29.7376,10.2191,1.026,0.8502,0
15.309,29.5005,9.5128,1.0351,1.1653,2.259,0.0912,29.3376,9.5773,0.8842,0.2313,29.3759,9.2494,0.9974,0.2938,-0.0006,0.0004,0.0002,0.0007,0.025,1.951,29.7376,10.2191,1.026,0.7451,0
15.35,29.5487,9.6066,1.0388,1.1507,2.2448,0.0866,29.4297,9.5416,1.0446,0.1357,29.4231,9.3735,1.0074,0.2666,0.0003,-0.0009,0.0007,0.0012,0.049,1.902,29.7386,10.2187,1.026,0.641,0
15.392,29.5964,9.6998,1.0422,1.1434,2.2297,0.0791,29.4297,9.5416,1.0446,0.2299,29.4515,9.4303,1.009,0.3078,-0.0001,0.0001,-0.0005,0.0005,0.08,1.839,29.7389,10.2186,1.026,0.5382,0
15.434,29.6438,9.792,1.0456,1.1314,2.196,0.0894,29.4297,9.5416,1.0446,0.3295,29.4937,9.5147,1.0114,0.3172,0.0009,-0.0003,-0.0007,0.0011,0.007,1.985,29.8789,10.5002,1.049,0.7462,0
15.475,29.6907,9.8824,1.0495,1.1184,2.1438,0.0925,29.7209,9.8986,1.1043,0.0647,29.5604,9.6239,1.0268,0.2904,0.0002,0.0001,0.0009,0.0009,0.034,1.933,29.8795,10.5,1.049,0.6459,0
15.517,29.737,9.9706,1.0532,1.1074,2.0967,0.0823,29.7209,9.8986,1.1043,0.0897,29.6027,9.7014,1.0289,0.3017,-0.0001,-0.0003,0.0001,0.0003,0.06,1.88,30.0489,10.7955,1.05,0.882,0
15.558,29.7831,10.0573,1.0566,1.1047,2.0734,0.0853,29.7209,9.8986,1.1043,0.1769,29.6307,9.7519,1.0301,0.3423,-0.0003,-0.0008,-0.001,0.0013,0.036,1.928,30.0497,10.7952,1.05,0.7847,0
15.6,29.8293,10.1438,1.0606,1.116,2.0859,0.1031,29.7615,10.0463,0.93,0.1766,29.702,9.8856,1.0175,0.2911,-0.0,-0.0003,-0.0001,0.0003,0.013,1.974,30.0511,10.7948,1.05,0.6877,0
15.642,29.8762,10.2315,1.065,1.1312,2.1187,0.1031,29.7615,10.0463,0.93,0.2562,29.7321,9.9385,1.0199,0.3296,0.0011,-0.0009,0.001,0.0017,0.066,1.869,30.2108,11.0538,1.039,0.8882,0
15.683,29.9236,10.3207,1.0691,1.1486,2.1609,0.0961,29.8061,10.2785,1.087,0.1261,29.7781,10.0714,1.0309,0.2912,0.0,-0.0007,-0.0001,0.0007,0.001,1.998,30.2122,11.0533,1.039,0.788,0
15.725,29.9722,10.4119,1.073,1.181,2.2151,0.0906,29.8061,10.2785,1.087,0.2135,29.8069,10.1268,1.0321,0.3321,-0.0006,-0.0006,0.0002,0.0009,0.111,1.778,30.2126,11.0532,1.039,0.6856,0
15.766,30.0222,10.5054,1.0765,1.2171,2.2659,0.0852,29.8061,10.2785,1.087,0.3135,29.8516,10.2123,1.0335,0.3418,-0.0,-0.0012,-0.0005,0.0013,0.071,1.858,30.353,11.3317,1.057,0.8902,0
15.808,30.0737,10.6007,1.0799,1.2489,2.2994,0.0601,30.1284,10.3984,1.0821,0.2096,29.9309,10.2973,1.0508,0.3366,0.0,-0.0011,0.0008,0.0013,0.031,1.938,30.3542,11.3313,1.057,0.7829,0
15.85,30.1264,10.6973,1.0822,1.2764,2.3395,0.0702,30.1284,10.3984,1.0821,0.299,29.9796,10.3848,1.0537,0.3465,0.0004,0.0005,-0.0007,0.0009,0.121,1.757,30.5099,11.6057,1.082,0.986,0
15.891,30.1802,10.7962,1.0856,1.3052,2.4025,0.0821,30.1284,10.3984,1.0821,0.4012,30.0128,10.4446,1.0563,0.3905,-0.0002,0.0001,-0.0001,0.0002,0.093,1.814,30.5099,11.6057,1.082,0.8741,0
15.933,30.2355,10.8981,1.0896,1.3433,2.4834,0.1024,30.1793,10.8137,0.9747,0.1532,30.0912,10.6,1.0416,0.3346,-0.0001,0.0004,0.0001,0.0004,0.018,1.964,30.5123,11.6048,1.082,0.759,0
15.974,30.2923,11.0034,1.0943,1.3804,2.5611,0.131,30.1793,10.8137,0.9747,0.2511,30.1264,10.6644,1.044,0.3807,0.0008,0.0006,-0.0001,0.001,0.121,1.758,30.6751,11.8946,1.091,0.9699,0
16.016,30.3506,11.1117,1.0996,1.4155,2.6263,0.107,30.2385,10.9533,1.0191,0.21,30.1953,10.8005,1.0511,0.3511,0.0,-0.0003,-0.0005,0.0006,0.057,1.886,30.6763,11.8941,1.091,0.8476,0
16.058,30.4104,11.2225,1.103,1.4504,2.6901,0.0612,30.2385,10.9533,1.0191,0.3302,30.2324,10.8676,1.0547,0.4,0.0006,-0.0012,-0.0002,0.0013,0.025,1.951,30.6767,11.894,1.091,0.7225,0
16.099,30.4717,11.3362,1.1059,1.4853,2.7546,0.0781,30.2385,10.9533,1.0191,0.4565,30.2897,10.9712,1.0589,0.4105,-0.0003,-0.0001,-0.0005,0.0005,0.117,1.766,30.7963,12.1522,1.108,0.8782,0
16.141,30.5343,11.4522,1.109,1.5151,2.8084,0.0661,30.5305,11.3162,1.0987,0.1364,30.3688,11.1006,1.0681,0.3907,-0.0003,-0.0001,-0.0004,0.0005,0.056,1.889,30.797,12.1519,1.108,0.7474,0
16.182,30.5979,11.5702,1.1113,1.5347,2.849,0.0405,30.5305,11.3162,1.0987,0.2631,30.4286,11.2095,1.0718,0.4004,0.0001,-0.0003,-0.0006,0.0007,0.277,1.447,30.9596,12.4291,1.102,0.9319,0
16.224,30.662,11.6894,1.1125,1.5392,2.8674,0.0476,30.7397,11.7624,0.9203,0.2197,30.5122,11.3678,1.0482,0.3605,-0.0004,-0.0001,0.0022,0.0023,0.055,1.89,30.9616,12.4284,1.102,0.7975,0
16.266,30.726,11.809,1.1153,1.536,2.8684,0.0802,30.7397,11.7624,0.9203,0.2009,30.5706,11.4783,1.0518,0.3709,0.0004,-0.0003,-0.0007,0.0009,0.001,1.998,30.9625,12.4281,1.102,0.6629,0
16.307,30.7898,11.9279,1.119,1.5227,2.8377,0.0952,30.7397,11.7624,0.9203,0.2634,30.6094,11.5517,1.055,0.4221,-0.0008,0.0002,0.0007,0.0011,0.028,1.944,30.9628,12.428,1.102,0.5294,0
16.349,30.8527,12.0447,1.1233,1.4975,2.7695,0.1084,30.8642,12.1761,0.9923,0.186,30.7136,11.7604,1.0444,0.3262,0.0004,0.0002,-0.0011,0.0012,0.008,1.983,31.1144,12.6608,1.075,0.6711,0
16.39,30.9144,12.158,1.128,1.4649,2.6781,0.1139,30.8642,12.1761,0.9923,0.1458,30.752,11.8296,1.0471,0.3752,-0.0004,-0.0003,0.0013,0.0013,0.048,1.905,31.1153,12.6605,1.075,0.5437,0
16.432,30.9746,12.2672,1.1322,1.4306,2.576,0.0664,30.9402,12.0136,1.2178,0.2699,30.8337,11.9509,1.0852,0.3495,0.0004,0.0,0.0008,0.0009,0.0,2.033,31.2134,12.9122,1.08,0.6897,0
16.474,31.0333,12.3721,1.1329,1.3861,2.4624,-0.0136,30.9402,12.0136,1.2178,0.38,30.8695,12.0132,1.0872,0.3971,-0.0005,0.001,0.0011,0.0016,0.019,1.962,31.2143,12.9119,1.08,0.5718,0
16.515,31.0896,12.4716,1.1316,1.3244,2.325,-0.0388,31.2455,12.4664,1.1665,0.1598,30.974,12.1678,1.0986,0.3268,0.001,0.0006,0.0009,0.0015,0.109,1.782,31.2147,12.9117,1.08,0.4605,0
16.557,31.1433,12.5653,1.1298,1.2634,2.1966,-0.0685,31.2455,12.4664,1.1665,0.1469,31.0053,12.2228,1.0979,0.3707,-0.0004,-0.0006,-0.0011,0.0014,0.0,2.022,31.3644,13.1799,1.051,0.6579,0
16.598,31.1948,12.6543,1.1252,1.2092,2.081,-0.1313,31.2455,12.4664,1.1665,0.199,31.0496,12.2996,1.0941,0.3845,-0.0001,0.0007,-0.0001,0.0007,0.032,1.935,31.3634,13.1802,1.051,0.5573,0
16.64,31.2438,12.7383,1.1196,1.1513,1.9674,-0.1326,31.2455,12.4664,1.1665,0.276,31.0773,12.3471,1.0903,0.4261,-0.0,0.0002,0.0015,0.0015,0.059,1.881,31.366,13.1794,1.051,0.4628,0
16.682,31.2906,12.8183,1.1144,1.1006,1.887,-0.1176,31.3043,12.7451,1.1655,0.0904,31.1568,12.4889,1.098,0.3559,0.0,0.0003,0.0003,0.0004,0.052,1.896,31.3663,13.1793,1.051,0.3742,0
16.723,31.3355,12.8956,1.1096,1.0598,1.8305,-0.1097,31.3043,12.7451,1.1655,0.1635,31.1817,12.5325,1.0949,0.3946,-0.0005,0.0003,-0.0002,0.0007,0.024,1.939,31.5052,13.4634,1.063,0.5944,0
16.765,31.3789,12.971,1.1056,1.0284,1.7968,-0.0807,31.5593,12.708,1.221,0.3391,31.2804,12.631,1.1068,0.354,-0.0001,-0.0001,-0.0004,0.0004,0.069,1.862,31.506,13.4631,1.063,0.5101,0
16.806,31.4212,13.0458,1.1029,1.0041,1.7967,-0.0536,31.5593,12.708,1.221,0.3835,31.3037,12.6747,1.1038,0.3893,0.0,-0.0001,-0.001,0.001,0.031,1.812,31.5064,13.463,1.063,0.4277,0
16.848,31.4626,13.1209,1.1008,0.986,1.8123,-0.0581,31.5593,12.708,1.221,0.4408,31.3377,12.7404,1.1002,0.4005,-0.0003,0.0006,0.0004,0.0008,0.062,1.876,31.636,13.7395,1.038,0.6455,0
16.89,31.5033,13.1973,1.0982,0.9737,1.8525,-0.0644,31.4065,12.9818,1.0406,0.2432,31.3778,12.8289,1.0894,0.3893,-0.0008,0.0004,-0.0006,0.0011,0.011,1.947,31.6365,13.7394,1.038,0.5614,0
16.931,31.5439,13.2759,1.096,0.9746,1.9213,-0.0416,31.4065,12.9818,1.0406,0.3294,31.4131,12.8991,1.0862,0.399,-0.0004,-0.0005,0.0007,0.001,0.104,1.792,31.7592,14.0035,1.039,0.7609,0
16.973,31.5848,13.3582,1.0946,0.9912,2.0257,-0.0198,31.6238,13.3262,0.9655,0.1387,31.4712,13.0163,1.0616,0.3618,-0.0001,-0.0008,0.0008,0.0011,0.048,1.905,31.7603,14.0032,1.039,0.6708,0
17.014,31.6268,13.4457,1.0946,1.0227,2.1679,0.0197,31.6238,13.3262,0.9655,0.176,31.5083,13.0961,1.0593,0.3709,0.0002,0.0001,-0.0007,0.0008,0.008,1.983,31.9011,14.2546,1.049,0.8554,0
17.056,31.6702,13.5394,1.0958,1.0586,2.3103,0.0333,31.6238,13.3262,0.9655,0.2542,31.5341,13.1537,1.0589,0.4107,-0.0,0.0004,0.0005,0.0007,0.093,1.814,31.9038,14.2538,1.049,0.7531,0
17.098,31.7152,13.6385,1.0964,1.0956,2.4278,-0.0227,31.7218,13.6799,1.1846,0.0977,31.6066,13.3271,1.0816,0.3302,-0.0002,0.0002,0.0001,0.0003,0.005,1.973,31.9042,14.2537,1.049,0.6453,0
17.139,31.7617,13.742,1.0941,1.1359,2.5324,-0.0585,31.7218,13.6799,1.1846,0.1168,31.6355,13.3916,1.0794,0.3728,-0.0004,-0.0002,-0.0017,0.0017,0.0,2.044,32.0054,14.5223,1.055,0.8184,0
17.181,31.8101,13.8497,1.0923,1.1802,2.6232,-0.0391,31.7218,13.6799,1.1846,0.2125,31.6807,13.4932,1.0759,0.3796,-0.0005,0.0011,-0.0001,0.0013,0.061,1.879,32.0063,14.5221,1.055,0.7014,0
17.222,31.86,13.9603,1.0893,1.2109,2.6713,-0.11,31.818,13.8205,1.2749,0.2361,31.7318,13.6137,1.1141,0.3703,0.0002,0.0013,0.0006,0.0015,0.024,1.95,32.0067,14.522,1.055,0.5815,0
17.264,31.9109,14.072,1.0837,1.2294,2.6837,-0.1556,31.818,13.8205,1.2749,0.3294,31.7787,13.7188,1.1096,0.3781,0.0002,0.0006,0.0014,0.0015,0.0,2.1,32.2199,14.8553,1.025,0.8441,0
17.306,31.9625,14.1832,1.0768,1.2432,2.6495,-0.1697,31.818,13.8205,1.2749,0.4378,31.8105,13.7888,1.1053,0.4237,0.0009,0.0,-0.0003,0.0009,0.037,1.926,32.2214,14.8549,1.025,0.7217,0
17.347,32.0145,14.2923,1.0691,1.2532,2.5892,-0.1919,31.9382,13.9829,1.1904,0.341,31.8782,13.9213,1.1141,0.3978,-0.0002,0.0001,0.0003,0.0004,0.067,1.862,32.2237,14.8542,1.025,0.6012,0
17.389,32.0669,14.3986,1.0611,1.2574,2.5202,-0.1888,31.9382,13.9829,1.1904,0.454,31.9102,13.9871,1.1091,0.4429,-0.0003,0.0008,-0.0017,0.0019,0.038,1.924,32.224,14.8541,1.025,0.4832,0
17.43,32.1192,14.5018,1.054,1.2563,2.4408,-0.1527,32.2254,14.3711,1.0443,0.1686,32.0102,14.1429,1.093,0.3772,0.0005,-0.001,0.0005,0.0012,0.0,2.034,32.3502,15.1194,1.047,0.6594,0
17.472,32.1715,14.6019,1.0481,1.2524,2.3707,-0.1372,32.2254,14.3711,1.0443,0.2369,32.0426,14.2043,1.0898,0.42,0.0004,0.0003,0.0005,0.0007,0.017,1.965,32.4675,15.3934,1.049,0.8451,0
17.514,32.2236,14.6993,1.0426,1.2488,2.3173,-0.122,32.0955,14.7111,1.008,0.1332,32.0921,14.3665,1.0694,0.3589,-0.0001,-0.0002,0.0004,0.0005,0.0,2.043,32.4687,15.3931,1.049,0.7358,0
17.555,32.2755,14.7952,1.0389,1.2458,2.2918,-0.0675,32.0955,14.7111,1.008,0.2011,32.1236,14.4241,1.0668,0.402,-0.0003,0.0002,0.0003,0.0005,0.0,2.027,32.47,15.3927,1.049,0.6285,0
17.597,32.3274,14.8905,1.0367,1.2431,2.282,-0.0443,32.0955,14.7111,1.008,0.2946,32.1708,14.5095,1.0647,0.4128,0.0003,0.0004,-0.001,0.0011,0.021,1.905,32.4707,15.3926,1.049,0.5223,0
17.638,32.379,14.9853,1.0352,1.2348,2.2726,-0.027,32.3398,14.8378,1.1372,0.1837,32.2274,14.6176,1.0773,0.4,-0.0004,0.0003,0.0004,0.0007,0.0,2.007,32.6162,15.6539,1.083,0.711,0
17.68,32.4303,15.0798,1.0345,1.2272,2.2628,-0.0092,32.3398,14.8378,1.1372,0.278,32.2737,14.7026,1.0775,0.4106,0.0007,0.0011,-0.0002,0.0013,0.0,2.009,32.6201,15.6528,1.083,0.6056,0
17.722,32.4813,15.1741,1.0343,1.2245,2.2663,-0.0052,32.3398,14.8378,1.1372,0.3792,32.3044,14.7592,1.078,0.4532,-0.0005,-0.0015,0.0009,0.0018,0.027,1.946,32.6211,15.6526,1.083,0.5008,0
17.763,32.5323,15.2687,1.0343,1.2195,2.2705,0.0132,32.6395,15.18,0.9433,0.1662,32.4076,14.9111,1.0554,0.3793,0.0002,-0.0008,0.0002,0.0009,0.0,2.042,32.7341,15.9058,1.076,0.6696,0
17.805,32.5829,15.3633,1.0352,1.2104,2.2726,0.0177,32.6395,15.18,0.9433,0.2127,32.4387,14.9679,1.0566,0.4214,-0.0002,0.0002,0.0004,0.0005,0.009,1.983,32.8467,16.1781,1.058,0.8567,0
17.846,32.6332,15.4583,1.0356,1.2048,2.2924,0.0148,32.6218,15.4054,0.9009,0.1452,32.512,15.1195,1.0287,0.3599,-0.0,0.0004,-0.0002,0.0005,0.01,1.979,32.8488,16.1776,1.058,0.7512,0
17.888,32.6834,15.5551,1.0375,1.2066,2.3484,0.0583,32.6218,15.4054,0.9009,0.2118,32.5432,15.1782,1.0295,0.4022,0.0004,-0.0,0.0002,0.0004,0.0,2.036,32.8494,16.1774,1.058,0.6444,0
17.93,32.7338,15.6544,1.04,1.21,2.4138,0.0576,32.6218,15.4054,0.9009,0.3065,32.5901,15.269,1.0319,0.4114,0.0006,-0.0009,-0.0002,0.0012,0.028,1.945,32.8503,16.1772,1.058,0.5359,0
17.971,32.7841,15.7564,1.0422,1.2066,2.4728,0.0529,32.7601,15.6974,1.0744,0.0713,32.6469,15.4052,1.0407,0.377,-0.0003,-0.0002,0.0015,0.0016,0.0,2.106,32.9596,16.4668,1.062,0.7321,0
18.013,32.8343,15.8606,1.0443,1.2022,2.521,0.0459,32.7601,15.6974,1.0744,0.1817,32.6928,15.5027,1.0429,0.3848,0.0006,0.0,-0.0006,0.0008,0.0,2.0,32.9612,16.4664,1.062,0.6193,0
18.054,32.8842,15.9663,1.0462,1.1909,2.5488,0.0514,32.8088,15.9347,1.0388,0.0821,32.7388,15.6302,1.0409,0.3662,0.0003,0.0,0.0001,0.0003,0.06,1.88,33.0777,16.7618,1.056,0.8187,0
18.096,32.9333,16.0725,1.0487,1.1702,2.5453,0.0627,32.8088,15.9347,1.0388,0.186,32.7832,15.7287,1.0421,0.3753,-0.001,-0.0002,0.0007,0.0013,0.014,1.973,33.0808,16.761,1.056,0.7041,0
18.138,32.9816,16.1782,1.0513,1.149,2.5269,0.0633,32.8088,15.9347,1.0388,0.2988,32.8121,15.794,1.0432,0.42,-0.0006,-0.0007,0.0004,0.001,0.0,2.003,33.0813,16.7609,1.056,0.5912,0
18.179,33.0291,16.283,1.054,1.132,2.502,0.0668,33.0874,16.0302,1.1291,0.27,32.8979,15.9183,1.0554,0.3875,-0.0003,0.0006,0.0001,0.0007,0.056,1.889,33.2124,17.0331,1.051,0.7723,0
18.221,33.0759,16.3865,1.0565,1.1164,2.4724,0.0577,33.0874,16.0302,1.1291,0.3638,32.9256,15.9804,1.0555,0.433,-0.0003,0.0003,-0.0004,0.0006,0.026,1.947,33.2154,17.0324,1.051,0.6608,0
18.262,33.1221,16.489,1.0589,1.1054,2.4534,0.0569,32.9352,16.6598,1.0777,0.2539,32.9638,16.1745,1.0593,0.3522,0.0011,0.0015,-0.0007,0.002,0.053,1.894,33.2169,17.0321,1.051,0.5513,0
18.304,33.1679,16.5909,1.0612,1.0955,2.4374,0.053,32.9352,16.6598,1.0777,0.2433,32.9907,16.2352,1.0593,0.3975,-0.0001,0.0004,-0.0004,0.0005,0.086,1.828,33.2176,17.0319,1.051,0.4439,0
18.346,33.2133,16.6918,1.0635,1.0834,2.4032,0.0574,32.9352,16.6598,1.0777,0.2804,33.0306,16.3253,1.0591,0.4096,0.0008,0.0003,-0.0003,0.0009,0.0,2.021,33.3474,17.2978,1.06,0.6206,0
18.387,33.2582,16.7907,1.066,1.0709,2.3463,0.071,33.172,16.7716,0.9945,0.1136,33.0795,16.4541,1.0479,0.3815,0.0001,-0.0005,-0.0007,0.0009,0.058,1.884,33.3498,17.2972,1.06,0.5148,0
18.429,33.3026,16.887,1.0695,1.0618,2.2852,0.087,33.172,16.7716,0.9945,0.1898,33.1187,16.5395,1.0487,0.3937,0.0004,-0.0003,0.0004,0.0006,0.004,1.992,33.4162,17.5809,1.055,0.7033,0
18.47,33.3466,16.9809,1.0726,1.0525,2.2241,0.0695,33.172,16.7716,0.9945,0.2835,33.1446,16.5946,1.0492,0.4365,0.0001,0.0003,-0.0003,0.0004,0.0,2.023,33.4168,17.5808,1.055,0.6043,0
18.512,33.3902,17.0721,1.0767,1.0415,2.1641,0.1193,33.4128,16.947,0.8899,0.2259,33.2304,16.737,1.0222,0.3752,0.0001,0.0007,0.0001,0.0007,0.068,1.864,33.4176,17.5806,1.055,0.5097,0
18.554,33.4333,17.1612,1.0821,1.0255,2.1182,0.1291,33.4128,16.947,0.8899,0.2885,33.2562,16.7894,1.0239,0.4159,0.0,0.0005,0.0013,0.0013,0.0,2.078,33.4917,17.8413,1.049,0.6834,0
18.595,33.4755,17.2485,1.087,1.005,2.0754,0.1048,33.4415,17.0052,1.0984,0.2459,33.3238,16.9037,1.0395,0.3796,0.0003,-0.0009,0.0008,0.0013,0.024,1.952,33.4928,17.8411,1.049,0.5941,0
18.637,33.5168,17.3342,1.0911,0.979,2.0478,0.0945,33.4415,17.0052,1.0984,0.3376,33.3486,16.9552,1.0406,0.4177,-0.0005,0.0006,-0.001,0.0012,0.043,1.85,33.4934,17.841,1.049,0.509,0
18.678,33.5568,17.4192,1.0956,0.9437,2.0365,0.1233,33.5087,17.4648,0.8326,0.2713,33.4067,17.106,1.0145,0.3567,-0.0009,0.0004,-0.0002,0.0011,0.074,1.993,33.5526,18.1329,1.073,0.7141,0
18.72,33.5954,17.5043,1.1012,0.9096,2.0526,0.1387,33.5087,17.4648,0.8326,0.285,33.4295,17.1566,1.0183,0.3941,0.0006,0.0003,-0.0001,0.0006,0.098,1.983,33.5528,18.1329,1.073,0.6306,0
18.762,33.6324,17.5907,1.107,0.871,2.0927,0.1354,33.5087,17.4648,0.8326,0.3263,33.4622,17.2336,1.0243,0.4042,-0.0011,-0.0012,-0.0011,0.002,0.145,1.901,33.5529,18.1329,1.073,0.549,0
18.803,33.6676,17.679,1.1128,0.8196,2.1407,0.1471,33.7146,17.7845,0.976,0.179,33.5272,17.3749,1.0223,0.347,0.0008,0.0003,0.0,0.0009,0.194,2.034,33.5831,18.4132,1.085,0.7396,0
18.845,33.7004,17.7694,1.1188,0.7574,2.195,0.1391,33.7146,17.7845,0.976,0.1443,33.557,17.4566,1.0299,0.3554,-0.0,0.0001,0.0006,0.0006,0.228,1.949,33.5805,18.4138,1.085,0.6564,0
18.886,33.7302,17.8623,1.1241,0.6825,2.2552,0.1181,33.7146,17.7845,0.976,0.168,33.5747,17.513,1.0345,0.3927,-0.0005,-0.001,0.0012,0.0016,0.254,1.89,33.5801,18.4139,1.085,0.5731,0
18.928,33.7567,17.9574,1.1287,0.5934,2.3056,0.1042,33.5077,17.9241,1.0685,0.2583,33.5822,17.6586,1.0426,0.3566,-0.0004,0.0005,-0.0006,0.0009,0.249,2.018,33.6291,18.6874,1.076,0.7429,0
18.97,33.7794,18.0545,1.1327,0.5088,2.3513,0.0883,33.5077,17.9241,1.0685,0.3082,33.594,17.7168,1.0454,0.395,0.0001,0.0007,0.0014,0.0015,0.281,1.963,33.6288,18.6874,1.076,0.653,0
19.011,33.7988,18.1535,1.136,0.4288,2.3948,0.0732,33.5077,17.9241,1.0685,0.3767,33.6078,17.8062,1.0488,0.4058,-0.0004,0.0001,-0.0005,0.0007,0.345,1.927,33.6995,19.0774,1.064,0.932,0
19.053,33.815,18.2544,1.1388,0.3578,2.445,0.0612,33.7557,18.0728,1.0469,0.212,33.6503,17.914,1.0516,0.3881,-0.0,-0.0004,0.0002,0.0005,0.464,2.028,33.6984,19.0777,1.064,0.8349,0
19.094,33.8283,18.3575,1.141,0.2863,2.4978,0.0399,33.7557,18.0728,1.0469,0.3085,33.661,18.0085,1.0543,0.3966,0.0008,0.0002,0.0005,0.001,0.521,2.12,33.7285,19.3279,1.047,0.98,0
19.136,33.8384,18.4628,1.1421,0.2091,2.552,0.0182,33.7557,18.0728,1.0469,0.4099,33.6659,18.0731,1.0553,0.435,-0.0007,-0.0001,-0.0006,0.0009,0.551,2.184,33.7282,19.328,1.047,0.8774,0
19.178,33.8455,18.5705,1.1417,0.1361,2.6109,-0.0326,33.6573,18.378,1.2628,0.2952,33.6712,18.2204,1.089,0.3945,0.0004,0.0005,-0.0006,0.0009,0.591,2.083,33.7276,19.3281,1.047,0.7726,0
19.219,33.8493,18.6805,1.1396,0.0539,2.6655,-0.0609,33.6573,18.378,1.2628,0.3789,33.6722,18.2877,1.0873,0.4341,0.0005,-0.0003,0.001,0.0012,0.598,2.034,33.7275,19.3282,1.047,0.6654,0
19.261,33.8497,18.7925,1.1368,-0.0244,2.7011,-0.0689,33.7658,18.9184,1.0416,0.1788,33.6856,18.4856,1.0808,0.3525,-0.0003,0.0001,-0.0003,0.0004,0.612,2.103,33.7919,19.6088,1.06,0.8219,0
19.302,33.8472,18.9056,1.1339,-0.0855,2.7234,-0.0704,33.7658,18.9184,1.0416,0.1238,33.6817,18.554,1.0795,0.3924,-0.0005,0.0,0.0003,0.0006,0.591,2.056,33.7912,19.609,1.06,0.7095,0
19.344,33.8426,19.0195,1.1309,-0.1265,2.7409,-0.0699,33.9088,19.0154,1.0567,0.0995,33.7176,18.7187,1.0759,0.3303,-0.0001,-0.0002,-0.0018,0.0018,0.604,1.998,33.7901,19.6092,1.06,0.5963,0
19.386,33.8369,19.1337,1.128,-0.1436,2.7396,-0.0741,33.9088,19.0154,1.0567,0.1558,33.7127,18.787,1.0751,0.3721,0.0007,0.0002,-0.0005,0.0009,0.564,2.066,33.803,19.8645,1.055,0.7352,0
19.427,33.8308,19.2476,1.1248,-0.1483,2.7256,-0.0746,33.9088,19.0154,1.0567,0.2543,33.7045,18.8892,1.0737,0.3834,0.0002,-0.0009,0.0012,0.0015,0.503,2.168,33.833,20.1142,1.064,0.8688,0
19.473,33.8243,19.3721,1.1221,-0.1321,2.7128,-0.0331,33.7976,19.4698,1.0592,0.1192,33.7163,19.0811,1.0639,0.3158,-0.0001,-0.0006,0.0001,0.0006,0.43,2.035,33.8282,20.1154,1.064,0.7456,0
19.515,33.8195,19.4851,1.1217,-0.0992,2.7097,0.0042,33.7976,19.4698,1.0592,0.068,33.7126,19.1483,1.0632,0.3582,-0.0005,0.0001,-0.0002,0.0005,0.393,1.97,33.8275,20.1156,1.064,0.6332,0
19.556,33.8164,19.5977,1.1222,-0.0517,2.6929,0.0192,33.7976,19.4698,1.0592,0.1439,33.7088,19.2486,1.0634,0.37,-0.0002,-0.0002,-0.0006,0.0007,0.393,1.872,33.8264,20.1159,1.064,0.5215,0
19.598,33.8155,19.7091,1.1228,0.002,2.6533,-0.0026,33.8498,19.559,1.2245,0.1845,33.7357,19.3669,1.0895,0.3529,-0.0012,-0.0006,-0.0011,0.0017,0.402,2.042,33.8378,20.4231,1.05,0.718,0
19.639,33.8168,19.8182,1.1217,0.0539,2.5876,-0.0427,33.8498,19.559,1.2245,0.2809,33.738,19.4636,1.0877,0.3648,0.0004,0.0006,0.0004,0.0008,0.409,1.959,33.8325,20.4245,1.05,0.6107,0
19.681,33.8201,19.9241,1.1196,0.1017,2.5041,-0.0496,33.8498,19.559,1.2245,0.3811,33.7411,19.5258,1.0857,0.4075,-0.0001,0.0009,0.0011,0.0014,0.42,1.898,33.8298,20.4252,1.05,0.506,0
19.723,33.8252,20.0267,1.1171,0.1368,2.4257,-0.0718,33.824,19.8626,1.124,0.1642,33.7611,19.6781,1.0944,0.3552,-0.0002,0.0008,-0.0009,0.0012,0.469,1.745,33.8284,20.7272,1.059,0.7029,0
19.764,33.8314,20.1258,1.1135,0.1574,2.3399,-0.0969,33.824,19.8626,1.124,0.2635,33.7662,19.7364,1.0925,0.3954,-0.0001,-0.0003,0.0,0.0003,0.434,1.982,33.8241,20.7284,1.059,0.6051,0
19.806,33.8382,20.2212,1.1097,0.1647,2.2472,-0.0644,33.8536,20.175,0.8672,0.2474,33.7908,19.8917,1.0508,0.3381,-0.0002,-0.0001,-0.0006,0.0006,0.461,1.967,33.8544,20.9666,1.064,0.747,0
19.847,33.8449,20.3132,1.1081,0.1561,2.1828,-0.0206,33.8536,20.175,0.8672,0.2779,33.7969,19.9454,1.0499,0.3755,0.0002,0.0005,-0.0002,0.0006,0.464,2.01,33.8488,20.9682,1.064,0.6565,0
19.889,33.851,20.4036,1.108,0.134,2.1629,0.0088,33.8536,20.175,0.8672,0.332,33.8054,20.0238,1.0505,0.3868,0.0004,-0.0004,-0.0014,0.0015,0.472,2.094,33.8431,21.2835,1.06,0.8812,0
19.931,33.8559,20.4938,1.1087,0.1011,2.1725,0.0246,33.6855,20.4247,1.0318,0.1993,33.7845,20.1482,1.0469,0.3583,-0.0008,-0.0002,-0.0008,0.0012,0.453,1.978,33.8367,21.2855,1.06,0.7934,0
19.972,33.8592,20.5852,1.11,0.0659,2.2163,0.0348,33.6855,20.4247,1.0318,0.2491,33.7882,20.229,1.0488,0.3684,-0.0002,-0.0002,0.0001,0.0003,0.455,2.04,33.829,21.2879,1.06,0.7051,0
20.014,33.8613,20.679,1.1114,0.0347,2.2793,0.0309,33.6855,20.4247,1.0318,0.3192,33.7897,20.2845,1.0502,0.4056,-0.0001,0.0006,-0.0011,0.0012,0.458,1.985,33.8253,21.2891,1.06,0.6134,0
20.055,33.862,20.7754,1.1125,0.0044,2.34,0.0229,34.0587,20.6731,0.9916,0.2525,33.8356,20.4405,1.0432,0.343,-0.0001,-0.0001,-0.0006,0.0007,0.502,2.095,33.851,21.5616,1.065,0.7877,0
20.097,33.8614,20.874,1.1138,-0.0302,2.3852,0.0365,34.0587,20.6731,0.9916,0.307,33.835,20.5005,1.0447,0.3807,-0.0001,0.0002,-0.0006,0.0007,0.502,2.036,33.8537,21.5607,1.065,0.6885,0
20.139,33.8594,20.9742,1.1153,-0.0612,2.4223,0.0328,33.9779,20.848,0.9707,0.2256,33.8603,20.6354,1.034,0.3485,0.0008,0.0006,0.0009,0.0013,0.538,1.899,33.8468,21.5631,1.065,0.5911,0
20.18,33.8562,21.0761,1.1173,-0.091,2.4644,0.0647,33.9779,20.848,0.9707,0.2973,33.8585,20.6961,1.0357,0.3887,0.0004,0.0001,-0.0009,0.001,0.525,2.094,33.82,21.8369,1.074,0.7628,0
20.222,33.8517,21.1798,1.1203,-0.1228,2.5079,0.0734,33.9779,20.848,0.9707,0.3852,33.8546,20.7893,1.0396,0.3988,-0.0001,0.0008,-0.001,0.0013,0.521,2.012,33.8044,21.8426,1.074,0.6661,0
20.263,33.8458,21.2853,1.1232,-0.1577,2.5532,0.067,33.7051,21.1976,1.1686,0.172,33.8256,20.9236,1.0581,0.3681,0.0002,0.0004,0.0008,0.0009,0.506,1.884,33.7947,21.8463,1.074,0.5655,0
20.305,33.8384,21.3925,1.126,-0.194,2.5816,0.0741,33.7051,21.1976,1.1686,0.24,33.8184,21.0215,1.0596,0.3774,-0.0004,0.0004,-0.0008,0.001,0.485,2.078,33.7755,22.1487,1.083,0.76,0
20.347,33.8296,21.5002,1.1293,-0.2232,2.5858,0.0796,33.7124,21.5637,1.1676,0.1387,33.7935,21.1644,1.0769,0.3418,0.0005,0.0003,-0.0005,0.0008,0.467,1.942,33.7679,22.1519,1.083,0.6563,0
20.388,33.8198,21.6079,1.1324,-0.2424,2.5834,0.0704,33.7124,21.5637,1.1676,0.1214,33.7831,21.2596,1.0782,0.3544,0.0002,0.0004,0.0003,0.0005,0.471,1.851,33.7542,22.1579,1.083,0.5561,0
20.43,33.8095,21.7153,1.1352,-0.2492,2.5701,0.054,33.7124,21.5637,1.1676,0.183,33.7758,21.3229,1.0789,0.3978,0.0005,-0.0001,-0.0007,0.0009,0.442,2.07,33.7446,22.4473,1.054,0.7394,0
20.471,33.7992,21.8219,1.1358,-0.2432,2.5493,-0.0098,33.8727,21.6478,1.2156,0.2051,33.7799,21.4747,1.1007,0.3495,-0.0003,-0.0003,-0.0002,0.0005,0.456,1.921,33.7296,22.4544,1.054,0.6416,0
20.513,33.7894,21.9276,1.1349,-0.2312,2.5299,-0.0459,33.8727,21.6478,1.2156,0.3029,33.7726,21.5378,1.0987,0.3919,-0.0,-0.0004,0.0006,0.0007,0.439,2.157,33.7526,22.7547,1.006,0.8378,0
20.555,33.7801,22.0326,1.1312,-0.2116,2.5116,-0.1065,33.8195,22.0646,1.2056,0.0899,33.7736,21.7129,1.1172,0.3201,0.0003,-0.0002,0.0,0.0004,0.442,1.986,33.7452,22.7584,1.006,0.7373,0
20.596,33.7718,22.1371,1.1248,-0.1894,2.502,-0.1805,33.8195,22.0646,1.2056,0.1185,33.7681,21.776,1.1129,0.3613,0.0007,0.0004,0.0011,0.0013,0.445,1.926,33.7231,22.77,1.006,0.6458,0
20.638,33.7644,22.2411,1.1165,-0.1676,2.492,-0.212,33.8195,22.0646,1.2056,0.2052,33.7606,21.8702,1.1042,0.3711,-0.0009,0.0003,-0.0002,0.0009,0.427,2.085,33.7635,23.021,0.995,0.7893,0
20.679,33.758,22.3448,1.1077,-0.141,2.4892,-0.2056,33.7956,22.298,1.0304,0.0979,33.7641,22.0063,1.0872,0.3392,0.0004,-0.001,0.0,0.001,0.437,1.951,33.749,23.0293,0.995,0.6937,0
20.721,33.7527,22.4487,1.0992,-0.1161,2.4973,-0.2007,33.7956,22.298,1.0304,0.1711,33.7598,22.1013,1.0786,0.3481,-0.0003,-0.0,0.0003,0.0004,0.426,2.186,33.8467,23.3448,0.985,0.9082,0
20.763,33.7486,22.5533,1.0911,-0.0835,2.524,-0.1896,33.7956,22.298,1.0304,0.2666,33.7578,22.165,1.0731,0.3888,-0.0005,0.0004,-0.0004,0.0008,0.424,2.116,33.8326,23.3535,0.985,0.8116,0
20.804,33.7459,22.6594,1.0832,-0.0491,2.5682,-0.1924,33.7305,22.5234,1.0878,0.137,33.7569,22.3178,1.0688,0.342,0.0,0.0001,-0.0007,0.0007,0.427,1.98,33.8186,23.3625,0.985,0.7136,0
20.846,33.7446,22.7674,1.0752,-0.0162,2.6103,-0.1917,33.7305,22.5234,1.0878,0.2448,33.7582,22.383,1.0637,0.3848,0.0004,-0.0012,-0.0002,0.0013,0.44,1.917,33.8047,23.3717,0.985,0.6139,0
20.887,33.7446,22.8767,1.0676,0.0088,2.6309,-0.1679,33.866,22.7959,0.9719,0.1745,33.7742,22.5482,1.0411,0.3309,0.0002,0.0002,-0.0,0.0003,0.441,2.117,33.919,23.7201,0.995,0.8643,0
20.929,33.7455,22.9863,1.0617,0.0322,2.6243,-0.1247,33.866,22.7959,0.9719,0.2426,33.7759,22.6155,1.0373,0.3729,-0.0002,-0.0002,0.0007,0.0008,0.443,2.053,33.9055,23.7298,0.995,0.7634,0
20.971,33.7473,23.0952,1.057,0.0553,2.6064,-0.1061,33.9192,23.1127,1.1276,0.1866,33.8005,22.787,1.0481,0.3129,0.0,0.0007,0.0005,0.0008,0.467,2.212,33.8921,23.7397,0.995,0.6634,0
21.012,33.7502,23.2034,1.0524,0.0796,2.5859,-0.1131,33.9192,23.1127,1.1276,0.206,33.803,22.8533,1.0454,0.3541,0.0004,-0.0004,0.0007,0.0009,0.51,1.822,33.9579,24.0698,0.993,0.8929,0
21.054,33.754,23.3104,1.0475,0.1019,2.5533,-0.1198,33.9192,23.1127,1.1276,0.2698,33.808,22.9517,1.0411,0.3628,-0.0,-0.0005,-0.0007,0.0009,0.475,2.055,33.9384,24.0854,0.993,0.7984,0
21.095,33.7588,23.4161,1.0422,0.1239,2.5262,-0.1351,33.7513,23.4589,1.0471,0.0437,33.7999,23.0911,1.038,0.3276,0.0004,0.0006,0.0002,0.0008,0.482,1.93,33.9839,24.3627,0.975,0.9753,0
21.137,33.7645,23.5212,1.0367,0.148,2.5243,-0.1278,33.7513,23.4589,1.0471,0.0645,33.8059,23.1852,1.0324,0.3386,0.0005,0.0005,-0.0014,0.0015,0.473,2.112,33.9712,24.3734,0.975,0.8791,0
21.179,33.7712,23.6269,1.0316,0.1715,2.5466,-0.1176,33.7513,23.4589,1.0471,0.1698,33.8106,23.2483,1.029,0.3806,0.0,-0.0005,-0.0,0.0005,0.477,2.052,33.9587,24.3844,0.975,0.7824,0
21.22,33.7788,23.7337,1.0269,0.1888,2.5768,-0.0989,33.7834,23.7094,1.0435,0.0297,33.8121,23.4187,1.0268,0.3168,0.0001,0.0009,-0.0018,0.002,0.479,2.105,33.9783,24.6142,0.992,0.9036,0
21.262,33.787,23.8418,1.0234,0.2037,2.6125,-0.0775,33.7834,23.7094,1.0435,0.1339,33.8175,23.4831,1.0245,0.36,-0.0005,0.0004,-0.0001,0.0007,0.484,2.044,33.9723,24.6199,0.992,0.8005,0
21.303,33.7957,23.9516,1.0203,0.2128,2.6515,-0.0702,33.8677,23.8577,1.1132,0.1504,33.8314,23.6355,1.0333,0.3183,0.0006,-0.0003,-0.0004,0.0008,0.522,1.9,33.9603,24.6315,0.992,0.7002,0
21.345,33.8047,24.0627,1.0176,0.2157,2.6758,-0.0607,33.8677,23.8577,1.1132,0.2348,33.8368,23.7028,1.0306,0.3615,0.0005,0.0002,-0.0001,0.0006,0.545,1.837,33.9544,24.6374,0.992,0.5944,0
21.387,33.8135,24.1741,1.0155,0.2075,2.6678,-0.0399,33.8677,23.8577,1.1132,0.3356,33.8449,23.8043,1.0272,0.3713,-0.0007,-0.0006,-0.0009,0.0013,0.527,1.934,33.9393,24.8703,1.002,0.7076,0
21.428,33.8217,24.2846,1.0143,0.1881,2.6357,-0.0233,33.8598,24.3486,1.104,0.1166,33.8518,23.9634,1.0371,0.3234,-0.0004,0.0002,0.0005,0.0007,0.575,1.788,33.9336,24.8764,1.002,0.6024,0
21.47,33.829,24.3934,1.0128,0.1594,2.5877,-0.0494,33.8598,24.3486,1.104,0.1062,33.858,24.0628,1.0343,0.3325,0.0,0.0008,0.0007,0.001,0.548,1.904,33.963,25.104,0.982,0.7238,0
21.511,33.8348,24.4998,1.0105,0.1225,2.5239,-0.0567,33.8598,24.3486,1.104,0.1795,33.8611,24.1275,1.0316,0.3738,0.0003,-0.0,-0.0003,0.0004,0.568,1.845,33.9575,25.1103,0.982,0.6234,0
21.553,33.839,24.6035,1.0075,0.0869,2.463,-0.0888,33.7433,24.5104,1.1887,0.2252,33.8441,24.2861,1.0557,0.3212,-0.0001,0.0003,-0.0,0.0003,0.596,1.716,33.9468,25.123,0.982,0.5311,0
21.595,33.8419,24.7045,1.0034,0.0528,2.3872,-0.1093,33.7433,24.5104,1.1887,0.2859,33.8449,24.3467,1.0523,0.3611,-0.0003,0.001,0.0012,0.0016,0.534,1.913,34.0093,25.3839,0.995,0.6998,0
21.636,33.8434,24.802,0.9985,0.0282,2.3061,-0.1256,33.8551,24.7588,1.0578,0.0742,33.8447,24.497,1.0522,0.3097,0.0004,-0.0004,-0.0009,0.0011,0.576,1.784,33.9939,25.4036,0.995,0.62,0
21.678,33.8442,24.8965,0.993,0.0137,2.2405,-0.1559,33.8551,24.7588,1.0578,0.1525,33.8435,24.5527,1.0489,0.3483,0.0002,-0.0003,0.0003,0.0005,0.51,2.036,34.1609,25.6522,0.946,0.8207,0
21.719,33.8448,24.9887,0.9845,0.0188,2.1893,-0.2232,33.8551,24.7588,1.0578,0.2415,33.8413,24.6337,1.0411,0.3595,0.0006,-0.0014,0.0012,0.0019,0.517,1.97,34.1461,25.6723,0.946,0.7481,0
21.761,33.8462,25.0789,0.9752,0.0475,2.1491,-0.2206,33.6672,25.2368,0.9152,0.2461,33.815,24.7886,1.0195,0.2954,-0.0002,0.0002,0.001,0.001,0.519,1.86,34.1413,25.6791,0.946,0.6695,0
21.803,33.8492,25.168,0.9664,0.0956,2.1291,-0.206,33.6672,25.2368,0.9152,0.2013,33.8167,24.8661,1.0128,0.3072,-0.0011,0.0006,0.0015,0.002,0.47,2.107,34.1366,25.686,0.946,0.5927,0
21.844,33.8546,25.2564,0.9579,0.1571,2.1151,-0.2029,33.8151,25.226,0.9766,0.0532,33.8191,24.9728,1.0045,0.2896,-0.0006,-0.0003,-0.0019,0.002,0.455,2.024,34.3347,25.9307,0.932,0.8283,0
21.886,33.863,25.3444,0.9496,0.245,2.1169,-0.197,33.8151,25.226,0.9766,0.1306,33.8269,25.0492,0.9991,0.3016,0.0,-0.0003,0.0008,0.0008,0.446,2.205,34.3258,25.9448,0.932,0.7582,0
21.927,33.876,25.4332,0.9426,0.3739,2.147,-0.1241,33.8151,25.226,0.9766,0.2186,33.8352,25.1005,0.9961,0.3395,-0.0007,-0.0005,-0.0009,0.0013,0.44,2.257,34.5561,26.2319,0.977,1.0496,0
21.969,33.8951,25.5239,0.9393,0.5278,2.2045,-0.0518,33.9323,25.4616,0.9355,0.0727,33.8726,25.243,0.982,0.285,0.0003,0.0001,0.0015,0.0016,0.43,2.154,34.5476,26.2462,0.977,0.9741,0
22.011,33.9206,25.6173,0.9374,0.683,2.2688,-0.0468,33.9323,25.4616,0.9355,0.1561,33.8908,25.2985,0.9824,0.3233,0.0002,-0.0,0.002,0.002,0.425,2.102,34.5393,26.2607,0.977,0.8935,0
22.052,33.9526,25.7133,0.9353,0.8405,2.3382,-0.0348,33.8334,25.8876,0.8274,0.2371,33.9075,25.4763,0.9535,0.242,-0.0002,-0.0001,0.0003,0.0004,0.36,2.27,34.7854,26.4396,0.965,1.1054,0
22.094,33.9915,25.8123,0.9351,1.0097,2.4021,0.0049,33.8334,25.8876,0.8274,0.2056,33.934,25.5359,0.954,0.283,0.0003,0.0005,-0.0012,0.0013,0.353,2.212,34.7816,26.447,0.965,1.0139,0
22.135,34.0374,25.9134,0.935,1.1741,2.4432,-0.0101,33.915,25.9233,0.8265,0.1639,33.9669,25.6818,0.9364,0.2421,-0.0,0.0004,0.0002,0.0004,0.298,2.098,34.7778,26.4544,0.965,0.9175,0
22.177,34.0901,26.0157,0.9347,1.3443,2.4627,0.0074,33.915,25.9233,0.8265,0.2257,34.0018,25.7443,0.9376,0.2854,0.0,-0.0005,0.0001,0.0005,0.287,2.242,35.0068,26.6218,1.001,1.1009,0
22.219,34.1504,26.1182,0.9364,1.5224,2.4555,0.0548,33.915,25.9233,0.8265,0.3248,34.0624,25.8386,0.9415,0.2932,0.0002,0.0002,-0.0002,0.0003,0.271,2.211,34.9964,26.6445,1.001,0.9984,0
22.26,34.2173,26.2201,0.9386,1.6773,2.4324,0.0601,34.3061,26.2219,0.8415,0.1316,34.1355,25.9561,0.924,0.2767,0.0003,-0.0013,-0.0002,0.0013,0.24,2.14,34.9964,26.6445,1.001,0.8893,0
22.302,34.2909,26.3203,0.9431,1.8344,2.379,0.1427,34.3061,26.2219,0.8415,0.1423,34.2073,26.0466,0.9293,0.2865,0.0006,-0.0007,-0.0003,0.001,0.219,2.248,35.2413,26.8006,1.026,1.068,0
22.343,34.3702,26.4179,0.9495,1.9562,2.3128,0.1541,34.3061,26.2219,0.8415,0.2328,34.2595,26.1051,0.9345,0.3322,-0.0007,-0.0004,0.0015,0.0017,0.205,2.192,35.2413,26.8006,1.026,0.9544,0
22.385,34.4542,26.5126,0.9563,2.0614,2.2351,0.1738,34.2737,26.4261,1.0116,0.2077,34.3389,26.2388,0.9479,0.2972,0.0002,0.0018,-0.0002,0.0018,0.14,2.058,35.4619,26.966,1.033,1.1076,0
22.427,34.5422,26.6036,0.964,2.1475,2.1449,0.1897,34.2737,26.4261,1.0116,0.3253,34.3964,26.2917,0.9525,0.3445,-0.0007,0.0001,-0.0002,0.0007,0.124,2.222,35.4615,26.9668,1.033,0.9909,0
22.468,34.6333,26.6911,0.9718,2.2188,2.0636,0.181,34.2737,26.4261,1.0116,0.4485,34.4863,26.367,0.9596,0.3561,0.0001,0.0011,-0.0014,0.0018,0.1,2.076,35.7368,27.1396,1.055,1.194,0
22.51,34.7272,26.7752,0.9803,2.2799,1.9832,0.2185,34.7545,26.8065,0.8793,0.1091,34.5796,26.4911,0.9528,0.3213,-0.0005,0.0002,0.0009,0.001,0.026,2.228,35.7362,27.1411,1.055,1.0758,0
22.551,34.8235,26.8562,0.9895,2.3361,1.9142,0.2204,34.7545,26.8065,0.8793,0.1392,34.6703,26.5595,0.9622,0.335,0.0004,0.0,-0.0001,0.0004,0.0,2.213,35.7359,27.1418,1.055,0.9583,0
22.593,34.9221,26.9346,0.9983,2.3906,1.8525,0.2024,34.7545,26.8065,0.8793,0.2422,34.7326,26.6032,0.9684,0.383,0.0001,-0.0004,0.001,0.0011,0.0,2.138,35.7358,27.142,1.055,0.8416,0
22.635,35.0227,27.0103,1.0063,2.4297,1.7847,0.1893,35.0046,26.8454,0.9498,0.1752,34.8641,26.7112,0.9768,0.3398,0.0004,-0.0002,-0.0,0.0004,0.0,2.262,35.989,27.2998,1.075,1.0112,0
22.676,35.1245,27.0829,1.014,2.4516,1.7118,0.1831,35.0046,26.8454,0.9498,0.2737,34.9266,26.7514,0.983,0.3873,0.0002,-0.0004,0.0007,0.0008,0.0,2.195,35.9889,27.3003,1.075,0.8934,0
22.718,35.227,27.1528,1.0212,2.4676,1.6509,0.1525,35.1368,27.2153,1.1722,0.1867,35.0518,26.8883,1.0194,0.3173,-0.0007,-0.0002,0.0005,0.0009,0.0,2.224,36.2659,27.4188,1.058,1.073,0
22.759,35.3302,27.2204,1.0267,2.4892,1.5985,0.1192,35.1368,27.2153,1.1722,0.2421,35.1156,26.9258,1.0229,0.3645,0.0,0.0,0.0001,0.0001,0.0,2.252,36.2656,27.4194,1.058,0.9568,0
22.801,35.4346,27.2859,1.0313,2.5186,1.5518,0.1006,35.1368,27.2153,1.1722,0.337,35.2126,26.9798,1.0271,0.3782,0.0005,-0.0004,-0.0024,0.0025,0.0,2.141,36.5154,27.5939,1.069,1.1244,0
22.843,35.5402,27.3495,1.0353,2.5417,1.509,0.0816,35.3722,27.4439,1.2628,0.2981,35.3049,27.0993,1.0672,0.345,-0.0004,0.0014,-0.0006,0.0016,0.0,2.227,36.5154,27.5939,1.069,1.006,0
22.884,35.6466,27.4116,1.0381,2.5683,1.4728,0.0592,35.3722,27.4439,1.2628,0.3561,35.4042,27.1516,1.0687,0.3568,0.0005,-0.0005,-0.0,0.0008,0.0,2.196,36.5154,27.594,1.069,0.8882,0
22.926,35.7543,27.4722,1.0403,2.5946,1.4413,0.0471,35.3722,27.4439,1.2628,0.4431,35.4713,27.1855,1.0692,0.4039,-0.0,-0.0009,-0.0004,0.001,0.0,2.121,36.5154,27.594,1.069,0.7713,0
22.967,35.8627,27.5315,1.042,2.6046,1.4097,0.0377,35.8108,27.4691,1.0854,0.0921,35.62,27.2937,1.0731,0.3412,0.0004,-0.0014,0.0008,0.0017,0.028,1.944,36.5153,27.5941,1.069,0.6562,0
23.009,35.971,27.5894,1.0434,2.5938,1.3679,0.0267,35.8108,27.4691,1.0854,0.2048,35.6863,27.3284,1.0731,0.3874,0.0002,0.0003,0.0001,0.0004,0.0,2.196,36.8039,27.7532,1.063,0.849,0
23.051,36.0785,27.6452,1.0443,2.5642,1.3174,0.0188,36.2349,27.736,1.1206,0.1963,35.8654,27.4439,1.0856,0.296,-0.0,0.0001,0.0003,0.0003,0.006,1.987,36.8032,27.7549,1.063,0.7332,0
23.092,36.1846,27.6991,1.0439,2.5322,1.2716,-0.0263,36.2349,27.736,1.1206,0.0989,35.9297,27.4762,1.0859,0.3412,-0.0005,-0.0009,-0.0007,0.0012,0.042,1.916,36.8031,27.7552,1.063,0.6213,0
23.134,36.2891,27.7509,1.0427,2.4839,1.2201,-0.0283,36.2349,27.736,1.1206,0.0961,36.0245,27.5223,1.0853,0.3522,0.0006,-0.0008,0.0001,0.001,0.0,2.137,37.0926,27.9134,1.083,0.8208,0
23.175,36.3913,27.8006,1.0416,2.426,1.1727,-0.0168,36.4943,27.818,0.9987,0.1129,36.1636,27.5979,1.0697,0.3061,0.0005,0.0008,0.0009,0.0013,0.01,1.981,37.0924,27.9141,1.083,0.7114,0
23.217,36.4911,27.8486,1.0416,2.3704,1.1335,0.0093,36.4943,27.818,0.9987,0.0528,36.2542,27.6387,1.07,0.3177,0.0002,0.0002,-0.0006,0.0007,0.0,2.192,37.3718,28.0524,1.062,0.9043,0
23.259,36.5887,27.8951,1.041,2.3208,1.1025,-0.0257,36.4943,27.818,0.9987,0.129,36.3129,27.6647,1.0702,0.3605,-0.0013,-0.0003,0.0006,0.0014,0.0,2.128,37.3717,28.0527,1.062,0.799,0
23.3,36.6845,27.9405,1.0391,2.2844,1.0827,-0.0607,36.5152,27.8427,1.1096,0.2079,36.4322,27.7404,1.0773,0.3242,0.0003,0.0002,-0.0017,0.0018,0.0,2.173,37.6335,28.1483,1.054,0.9716,0
23.342,36.7794,27.9854,1.0366,2.2817,1.0771,-0.0569,36.5152,27.8427,1.1096,0.3091,36.4886,27.7669,1.0762,0.3659,0.0001,-0.0001,0.0017,0.0017,0.0,2.206,37.6335,28.1483,1.054,0.8696,0
23.383,36.8752,28.0304,1.0344,2.3152,1.0842,-0.0571,36.8982,28.0449,1.0139,0.034,36.6418,27.8509,1.0673,0.2963,0.0006,0.0011,-0.0009,0.0016,0.0,2.034,37.6334,28.1485,1.054,0.7676,0
23.425,36.9728,28.0759,1.0318,2.366,1.0951,-0.056,36.8982,28.0449,1.0139,0.0827,36.7009,27.8777,1.067,0.3383,0.0004,0.0005,0.0002,0.0007,0.0,2.268,37.8953,28.3028,1.072,0.9509,0
23.467,37.0727,28.1218,1.0302,2.4237,1.1115,-0.0301,36.8982,28.0449,1.0139,0.1914,36.7921,27.9186,1.0674,0.3484,0.0002,-0.0003,0.0002,0.0004,0.0,2.168,37.8951,28.3032,1.072,0.8432,0
23.508,37.1751,28.1686,1.0293,2.4853,1.1345,-0.0077,37.1858,27.9162,0.9859,0.2564,36.92,27.9484,1.05,0.3376,0.0,0.0,0.0006,0.0006,0.0,2.318,38.1488,28.4261,1.044,1.0073,0
23.55,37.2798,28.2165,1.0291,2.5364,1.1609,-0.0073,37.1858,27.9162,0.9859,0.3176,37.0161,27.9922,1.0504,0.3469,-0.0008,0.0003,-0.0007,0.0011,0.0,2.11,38.1484,28.4272,1.044,0.8938,0
23.591,37.3867,28.2656,1.0285,2.5892,1.1947,-0.0201,37.1858,27.9162,0.9859,0.4053,37.0817,28.0223,1.0505,0.3908,0.0001,0.0005,0.0002,0.0006,0.0,2.141,38.1481,28.4277,1.044,0.7787,0
23.633,37.4958,28.3162,1.0277,2.6404,1.2302,-0.0005,37.4245,28.4318,0.9479,0.1575,37.2346,28.1361,1.0344,0.3173,-0.0,-0.0004,0.001,0.0011,0.0,2.236,38.3967,28.558,1.067,0.9336,0
23.675,37.6067,28.3681,1.0284,2.6807,1.2585,0.0235,37.4245,28.4318,0.9479,0.2091,37.3029,28.168,1.0358,0.3639,0.0001,0.0008,-0.0001,0.0008,0.0,2.161,38.3965,28.5584,1.067,0.8133,0
23.716,37.719,28.4211,1.0294,2.7036,1.2804,0.0242,37.4245,28.4318,0.9479,0.3058,37.4069,28.2169,1.0383,0.3731,-0.0004,0.0005,-0.0007,0.0009,0.0,2.047,38.3963,28.5589,1.067,0.6922,0
23.758,37.8317,28.4747,1.0309,2.7018,1.2893,0.0567,37.6696,28.3242,0.9716,0.2291,37.5128,28.2717,1.0243,0.3782,0.0003,-0.0004,-0.0005,0.0007,0.036,1.929,38.3963,28.5589,1.067,0.572,0
23.799,37.9437,28.5283,1.0339,2.669,1.2784,0.0836,37.6696,28.3242,0.9716,0.3474,37.6134,28.3225,1.0274,0.3892,0.0003,0.0,-0.0009,0.0009,0.0,2.097,38.6481,28.6876,1.055,0.7225,0
23.841,38.0537,28.581,1.0371,2.6138,1.2523,0.0788,37.9861,28.4643,1.0312,0.1349,37.7343,28.3757,1.0252,0.3799,-0.0002,-0.0005,0.0013,0.0014,0.017,1.965,38.6478,28.6883,1.055,0.604,0
23.883,38.1611,28.6323,1.0411,2.5497,1.2142,0.1061,37.9861,28.4643,1.0312,0.2428,37.8289,28.4236,1.0274,0.3926,-0.0003,0.0003,0.0006,0.0007,0.0,2.133,38.8994,28.8212,1.03,0.7622,0
23.924,38.266,28.6821,1.0443,2.4865,1.1782,0.0607,37.9861,28.4643,1.0312,0.3548,37.8901,28.4544,1.0286,0.4398,0.0004,-0.0009,0.0007,0.0012,0.0,2.074,38.8991,28.822,1.03,0.6486,0
23.966,38.3681,28.7303,1.0462,2.4212,1.141,0.034,38.271,28.5417,1.1229,0.2256,38.0475,28.5122,1.0444,0.3877,0.0004,0.0001,0.0003,0.0005,0.047,1.906,38.8989,28.8226,1.03,0.539,0
24.007,38.4674,28.777,1.0474,2.351,1.1032,0.0282,38.271,28.5417,1.1229,0.3156,38.1058,28.5404,1.044,0.4321,-0.0004,-0.0005,0.0022,0.0023,0.079,1.842,38.8989,28.8227,1.03,0.4343,0
24.049,38.5636,28.822,1.0485,2.2736,1.0636,0.0193,38.7011,28.8332,0.9411,0.1749,38.2854,28.6315,1.0258,0.3379,0.0006,-0.0004,0.001,0.0013,0.04,1.921,39.1485,28.9517,1.009,0.6004,0
24.091,38.6564,28.8655,1.0491,2.1891,1.0251,0.0108,38.7011,28.8332,0.9411,0.1213,38.3393,28.6585,1.0248,0.3794,-0.0,-0.0006,0.0008,0.001,0.07,1.861,39.1483,28.9522,1.009,0.5011,0
24.132,38.7458,28.9074,1.0496,2.1126,0.9909,0.0166,38.9165,29.0354,0.8529,0.2903,38.5051,28.7529,0.9987,0.2905,0.0001,0.0006,0.0002,0.0006,0.164,1.673,39.1482,28.9525,1.009,0.407,0
24.174,38.8321,28.9479,1.0509,2.0374,0.9575,0.0347,38.9165,29.0354,0.8529,0.2324,38.5547,28.7772,0.9991,0.3298,-0.0004,0.0006,-0.0008,0.0011,0.036,1.929,39.4229,29.1064,1.021,0.6124,0
24.215,38.9152,28.987,1.0523,1.9584,0.9251,0.0343,38.9165,29.0354,0.8529,0.2052,38.6257,28.812,1.0003,0.3422,0.0006,-0.0009,0.0015,0.0018,0.0,2.135,39.6831,29.2245,1.026,0.8042,0
24.257,38.9952,29.025,1.0535,1.8912,0.9024,0.0283,38.9545,28.9293,1.1483,0.1407,38.7371,28.8518,1.0211,0.3125,0.0005,-0.0005,0.0002,0.0008,0.0,2.017,39.683,29.2248,1.026,0.7167,0
24.299,39.073,29.0624,1.055,1.8526,0.896,0.0445,38.9545,28.9293,1.1483,0.2011,38.8068,28.8839,1.0208,0.3223,0.0002,-0.0,0.0009,0.0009,0.03,1.94,39.6828,29.2251,1.026,0.6319,0
24.34,39.15,29.0999,1.0572,1.8472,0.9058,0.0586,38.9545,28.9293,1.1483,0.275,38.8525,28.9053,1.0211,0.3572,-0.0006,0.0003,-0.001,0.0012,0.055,1.89,39.6828,29.2253,1.026,0.5482,0
24.382,39.227,29.1381,1.0588,1.8523,0.9242,0.0167,39.0961,29.064,1.0779,0.1516,38.9655,28.9677,1.0367,0.3129,-0.0006,0.0007,-0.0002,0.0009,0.119,1.762,39.6827,29.2254,1.026,0.4652,0
24.423,39.3044,29.1771,1.0591,1.8626,0.9458,0.0086,39.0961,29.064,1.0779,0.2378,39.0124,28.9908,1.0369,0.3471,-0.0001,-0.0004,-0.0003,0.0005,0.0,2.042,39.9885,29.355,1.031,0.7074,0
24.465,39.3824,29.2171,1.0596,1.8837,0.9725,0.0133,39.3345,29.2508,0.9756,0.1024,39.134,29.0675,1.0278,0.2917,-0.0005,-0.0001,0.0011,0.0012,0.0,2.021,40.249,29.5174,1.043,0.9173,0
24.507,39.4619,29.2584,1.0612,1.9301,1.0078,0.0515,39.3345,29.2508,0.9756,0.1536,39.1826,29.0924,1.0289,0.3265,-0.0002,0.0002,-0.0001,0.0003,0.0,2.073,40.2487,29.5182,1.043,0.8288,0
24.548,39.5439,29.3013,1.0635,1.9991,1.0488,0.054,39.3345,29.2508,0.9756,0.2326,39.2583,29.1316,1.0316,0.3337,0.0009,-0.0002,-0.0001,0.0009,0.0,2.063,40.2483,29.5192,1.043,0.7377,0
24.59,39.6289,29.346,1.0652,2.0724,1.091,0.0269,39.5852,29.1128,1.1375,0.248,39.3631,29.1555,1.0497,0.3273,0.0002,0.0002,0.0002,0.0003,0.018,1.957,40.5078,29.6455,1.027,0.9294,0
24.631,39.7169,29.3924,1.0658,2.1455,1.1319,0.0004,39.5852,29.1128,1.1375,0.3172,39.4446,29.1984,1.0501,0.3346,-0.0007,-0.0012,0.001,0.0017,0.0,2.081,40.5077,29.646,1.027,0.8314,0
24.673,39.8081,29.4406,1.0654,2.2248,1.177,-0.0167,39.5852,29.1128,1.1375,0.4028,39.5013,29.2284,1.0497,0.3733,0.0003,-0.0003,-0.0006,0.0007,0.0,2.089,40.5076,29.6463,1.027,0.7301,0
24.715,39.9026,29.4906,1.0643,2.3041,1.2229,-0.0249,39.9286,29.3867,1.0584,0.1073,39.6569,29.3002,1.0506,0.3112,-0.0002,-0.0001,0.0016,0.0016,0.008,1.984,40.7662,29.7603,1.037,0.9051,0
24.756,40.0003,29.5426,1.0634,2.3798,1.2649,-0.019,39.9286,29.3867,1.0584,0.1717,39.7172,29.3325,1.0498,0.3528,-0.0004,-0.0002,-0.0009,0.001,0.0,2.049,40.7661,29.7605,1.037,0.7966,0
24.798,40.101,29.5961,1.0625,2.4441,1.2991,-0.0261,40.1867,29.567,1.1477,0.1243,39.8792,29.4172,1.0651,0.285,-0.0004,-0.0007,-0.0003,0.0008,0.024,1.951,40.766,29.7607,1.037,0.6855,0
24.839,40.2038,29.6507,1.0608,2.4807,1.3158,-0.0404,40.1867,29.567,1.1477,0.1218,39.9431,29.4517,1.0636,0.328,-0.0001,0.0006,0.0,0.0006,0.004,1.993,41.0116,29.91,1.037,0.8487,0
24.881,40.3075,29.7056,1.0593,2.4922,1.3204,-0.0372,40.1867,29.567,1.1477,0.204,40.0401,29.5039,1.0613,0.3349,-0.0005,0.0006,-0.0009,0.0012,0.0,2.052,41.0109,29.9118,1.037,0.7334,0
24.923,40.4113,29.7606,1.0577,2.4909,1.3171,-0.0395,40.3762,29.6983,1.1768,0.1389,40.1521,29.5682,1.0763,0.3234,0.0,0.0011,0.0012,0.0017,0.037,1.925,41.0108,29.9121,1.037,0.6187,0
24.964,40.5147,29.8151,1.0561,2.4677,1.2994,-0.0341,40.3762,29.6983,1.1768,0.2177,40.2456,29.6188,1.073,0.3335,-0.0002,-0.0001,-0.0011,0.0012,0.0,2.025,41.2686,30.0158,1.037,0.7804,0
25.006,40.6165,29.8686,1.0547,2.4193,1.2678,-0.034,40.3762,29.6983,1.1768,0.3188,40.3069,29.6518,1.0709,0.3783,-0.0003,0.0005,-0.0003,0.0006,0.0,2.029,41.2685,30.0161,1.037,0.6687,0
25.047,40.716,29.9205,1.0531,2.3614,1.2285,-0.041,40.5361,29.8468,1.1982,0.2426,40.431,29.7309,1.0871,0.3439,-0.0006,-0.0008,-0.0005,0.0011,0.027,1.946,41.2684,30.0164,1.037,0.5609,0
25.089,40.8131,29.9708,1.0509,2.3087,1.187,-0.0738,40.5361,29.8468,1.1982,0.3374,40.4879,29.7613,1.084,0.3883,-0.0001,-0.0,-0.0009,0.0009,0.0,2.007,41.5665,30.1171,1.013,0.7684,0
25.131,40.9083,30.0193,1.0473,2.2697,1.1481,-0.0958,40.8084,30.0619,1.16,0.1565,40.6238,29.8527,1.0918,0.3327,0.0,-0.0001,-0.0001,0.0002,0.01,1.979,41.5665,30.1169,1.013,0.6663,0
25.172,41.0024,30.0663,1.0433,2.2531,1.1113,-0.0909,40.8084,30.0619,1.16,0.2265,40.6793,29.8805,1.0874,0.3753,0.0003,0.0009,0.0006,0.0011,0.0,2.013,41.8142,30.2589,1.022,0.8345,0
25.214,41.0964,30.112,1.0399,2.2599,1.0876,-0.0732,41.1222,30.1695,1.1493,0.1263,40.829,29.965,1.0951,0.3101,0.0002,-0.0001,-0.0005,0.0006,0.0,2.029,41.8137,30.2603,1.022,0.7327,0
25.255,41.1911,30.157,1.036,2.2868,1.0733,-0.1035,41.1222,30.1695,1.1493,0.1332,40.8855,29.9914,1.0918,0.352,0.0003,-0.0004,-0.0001,0.0005,0.017,1.967,41.8135,30.2609,1.022,0.6311,0
25.297,41.2873,30.2014,1.0322,2.3255,1.0625,-0.0773,41.1222,30.1695,1.1493,0.2049,40.9717,30.0305,1.0866,0.363,-0.0007,0.0006,-0.0001,0.0009,0.0,2.016,42.071,30.3812,1.04,0.8041,0
25.339,41.3852,30.2456,1.0293,2.372,1.0606,-0.0687,41.4515,30.3676,1.1605,0.191,41.1064,30.1123,1.0951,0.3159,0.0006,0.0001,0.0002,0.0006,0.0,2.001,42.0708,30.3818,1.04,0.6991,0
25.38,41.4851,30.2898,1.0262,2.4207,1.0591,-0.0795,41.4515,30.3676,1.1605,0.1588,41.1969,30.1517,1.0903,0.326,0.0004,0.0006,0.0009,0.0011,0.049,1.903,42.3493,30.5253,1.047,0.8959,0
25.422,41.587,30.3338,1.0235,2.4624,1.0539,-0.0536,41.4515,30.3676,1.1605,0.1956,41.2588,30.1777,1.0873,0.369,0.0008,0.0002,0.0,0.0008,0.0,2.02,42.349,30.5262,1.047,0.7862,0
25.463,41.6905,30.3778,1.0219,2.4996,1.0586,-0.0276,41.4636,30.3677,0.9437,0.2401,41.3879,30.2501,1.0616,0.3308,-0.0005,-0.0003,0.0001,0.0006,0.0,1.999,42.3485,30.5275,1.047,0.6753,0
25.505,41.7953,30.4219,1.0209,2.5278,1.0579,-0.0199,41.4636,30.3677,0.9437,0.3449,41.4521,30.2767,1.0604,0.3747,-0.0006,0.0003,0.0006,0.0009,0.035,1.93,42.3484,30.5277,1.047,0.5637,0
25.547,41.9008,30.4658,1.0206,2.5278,1.0489,0.0162,41.7843,30.2469,0.9525,0.2572,41.6062,30.3085,1.0402,0.3345,0.0006,0.0001,-0.0006,0.0009,0.0,2.072,42.6229,30.6874,1.06,0.7563,0
25.588,42.0056,30.5092,1.0222,2.5055,1.0329,0.0533,41.7843,30.2469,0.9525,0.3502,41.6726,30.3344,1.0406,0.3765,0.0004,0.0014,0.0006,0.0016,0.0,2.014,42.6222,30.6892,1.06,0.6435,0
25.63,42.1093,30.5521,1.0247,2.4716,1.0274,0.0542,42.1632,30.4876,0.9541,0.1097,41.834,30.3931,1.0279,0.3179,-0.0,0.0007,0.0006,0.0009,0.0,2.131,42.8845,30.8153,1.047,0.819,0
25.671,42.2111,30.5949,1.0271,2.4216,1.0308,0.0619,42.1632,30.4876,0.9541,0.1384,41.8964,30.4184,1.029,0.3609,0.0003,0.0001,0.0003,0.0005,0.0,2.064,42.8844,30.8157,1.047,0.7088,0
25.713,42.3109,30.6381,1.0298,2.374,1.0442,0.065,42.1632,30.4876,0.9541,0.2241,41.9876,30.4568,1.0308,0.3707,-0.0,-0.0008,-0.0002,0.0009,0.038,1.925,43.146,30.9097,1.035,0.8782,0
25.755,42.4088,30.682,1.0322,2.3274,1.0634,0.0643,42.1907,30.7475,0.8009,0.3246,42.0742,30.5326,0.9969,0.3682,0.0001,-0.0003,0.0004,0.0005,0.0,2.039,43.1459,30.91,1.035,0.7716,0
25.796,42.505,30.7268,1.0352,2.2965,1.0823,0.0737,42.1907,30.7475,0.8009,0.3925,42.1591,30.5736,1.0,0.3799,-0.0006,0.0007,-0.0008,0.0013,0.0,2.043,43.1458,30.9104,1.035,0.6666,0
25.838,42.6004,30.7723,1.0383,2.2897,1.1,0.0734,42.1907,30.7475,0.8009,0.4742,42.215,30.6015,1.0024,0.4231,0.0,0.0001,-0.0013,0.0014,0.049,1.886,43.1457,30.9106,1.035,0.5626,0
25.879,42.6958,30.8184,1.0403,2.2888,1.1123,0.0259,42.4837,30.798,1.0361,0.2131,42.3477,30.673,1.0164,0.3781,-0.0011,0.0004,0.0007,0.0013,0.0,2.027,43.4586,31.0559,1.078,0.7998,0
25.921,42.7911,30.865,1.0426,2.2855,1.1225,0.0697,42.4837,30.798,1.0361,0.3147,42.4044,30.7009,1.0193,0.4208,-0.0003,-0.0003,-0.0008,0.0009,0.0,2.086,43.4585,31.0562,1.078,0.6951,0
25.963,42.8864,30.912,1.0458,2.2913,1.1297,0.0772,42.8906,30.9971,1.1409,0.1277,42.5639,30.7896,1.0436,0.3449,-0.0004,-0.0008,-0.0001,0.0009,0.033,1.933,43.4584,31.0565,1.078,0.5908,0
26.004,42.9823,30.9591,1.0483,2.3097,1.1317,0.0517,42.8906,30.9971,1.1409,0.1358,42.6215,30.8184,1.0465,0.3872,0.0003,-0.0002,-0.0001,0.0004,0.0,2.058,43.7299,31.18,1.08,0.7802,0
26.046,43.079,31.0062,1.0504,2.3332,1.1307,0.0491,42.8906,30.9971,1.1409,0.2093,42.7088,30.8614,1.0503,0.3975,0.0002,0.0005,-0.0006,0.0008,0.0,2.07,43.7293,31.1818,1.08,0.6742,0
26.087,43.1769,31.0533,1.0517,2.3594,1.1263,0.0102,43.106,30.9397,1.1175,0.1492,42.8326,30.9089,1.0667,0.3736,-0.0002,0.0003,0.0,0.0003,0.031,1.937,43.729,31.1826,1.08,0.5678,0
26.129,43.2757,31.0999,1.0516,2.3779,1.1102,0.003,43.106,30.9397,1.1175,0.2425,42.9216,30.9537,1.0692,0.3834,0.0004,0.0006,-0.0009,0.0012,0.0,2.12,44.0115,31.3051,1.102,0.7656,0
26.171,43.3748,31.1456,1.0521,2.3804,1.086,0.0158,43.106,30.9397,1.1175,0.3449,42.9814,30.9829,1.0712,0.4261,0.0003,-0.0011,-0.0009,0.0014,0.0,2.079,44.0114,31.3055,1.102,0.6582,0
26.212,43.474,31.1903,1.0533,2.3812,1.0614,0.038,43.4967,31.0774,0.9775,0.1379,43.1571,31.0382,1.058,0.3515,0.0003,-0.0003,0.0013,0.0013,0.0,2.038,44.3083,31.4639,1.084,0.8785,0
26.254,43.5732,31.234,1.0544,2.3769,1.0417,0.021,43.4967,31.0774,0.9775,0.1906,43.2168,31.0651,1.0603,0.3944,-0.0003,-0.0003,-0.0003,0.0005,0.0,2.098,44.308,31.4649,1.084,0.7708,0
26.295,43.6721,31.2772,1.0551,2.3766,1.0344,0.0135,43.8262,31.1673,1.0084,0.195,43.4015,31.1167,1.0503,0.3147,-0.0,-0.0,-0.0009,0.0009,0.007,1.97,44.3076,31.466,1.084,0.6635,0
26.337,43.7714,31.3204,1.0565,2.3874,1.0412,0.0443,43.8262,31.1673,1.0084,0.1696,43.4616,31.1427,1.0516,0.3572,0.0006,-0.0,-0.0002,0.0006,0.047,1.905,44.3074,31.4665,1.084,0.5562,0
26.379,43.871,31.3641,1.0584,2.3871,1.0531,0.0336,43.8262,31.1673,1.0084,0.208,43.5522,31.1824,1.0543,0.367,0.0007,-0.0003,-0.0009,0.0012,0.0,2.088,44.5553,31.609,1.057,0.7269,0
26.42,43.9701,31.4084,1.0594,2.3695,1.0718,0.024,44.0365,31.2987,1.0325,0.131,43.692,31.2288,1.0502,0.3311,-0.0001,0.0008,0.0001,0.0008,0.03,1.941,44.5552,31.6095,1.057,0.6187,0
26.462,44.0683,31.4536,1.0607,2.3443,1.0979,0.056,44.0365,31.2987,1.0325,0.1606,43.7807,31.2703,1.0515,0.3411,0.0004,-0.0009,0.0001,0.001,0.0,2.091,44.7936,31.7022,1.098,0.7677,0
26.503,44.1652,31.4999,1.064,2.314,1.1235,0.0973,44.2445,31.6511,0.9833,0.1888,43.9126,31.359,1.0394,0.2903,-0.0006,0.0003,0.0013,0.0015,0.027,1.945,44.7934,31.7029,1.098,0.661,0
26.545,44.2611,31.5474,1.0692,2.2922,1.1519,0.1417,44.2445,31.6511,0.9833,0.1357,43.9996,31.4027,1.0436,0.3,-0.0003,-0.0004,0.0001,0.0006,0.0,2.037,45.0611,31.8542,1.103,0.8574,0
26.587,44.3565,31.596,1.0754,2.2902,1.1804,0.1494,44.2445,31.6511,0.9833,0.1551,44.0571,31.4327,1.0474,0.3422,0.0007,0.0007,0.0012,0.0016,0.0,2.087,45.0609,31.8549,1.103,0.7509,0
26.628,44.4522,31.6459,1.0814,2.3019,1.2071,0.1317,44.3773,31.3614,1.1777,0.3095,44.1962,31.4623,1.0725,0.3152,-0.0011,0.0003,-0.0013,0.0017,0.027,1.946,45.0606,31.8557,1.103,0.644,0
26.67,44.5483,31.6967,1.0864,2.3069,1.23,0.1228,44.3773,31.3614,1.1777,0.3872,44.2551,31.4934,1.0751,0.357,-0.0001,-0.0005,-0.0001,0.0005,0.0,2.224,45.3711,32.0062,1.131,0.8803,0
26.711,44.6441,31.7484,1.0922,2.2945,1.2469,0.1493,44.564,31.6912,1.2589,0.1935,44.3869,31.5677,1.1073,0.3146,-0.0001,0.0001,0.0002,0.0002,0.0,2.074,45.3705,32.0082,1.131,0.7724,0
26.753,44.7394,31.8006,1.0978,2.2798,1.2592,0.1256,44.564,31.6912,1.2589,0.262,44.4459,31.5997,1.1096,0.3559,-0.0002,-0.0004,0.0002,0.0005,0.024,1.952,45.3704,32.0085,1.131,0.6652,0
26.795,44.834,31.8532,1.1028,2.2643,1.2673,0.1139,44.564,31.6912,1.2589,0.3515,44.5335,31.6481,1.1124,0.364,-0.0003,-0.0001,0.0001,0.0003,0.0,2.047,45.6749,32.1343,1.147,0.8877,0
26.836,44.9279,31.9062,1.1084,2.2449,1.2742,0.1588,44.7886,31.8293,0.8954,0.2659,44.6282,31.7058,1.0803,0.3616,-0.0003,-0.0003,0.0002,0.0005,0.0,2.13,45.6743,32.1362,1.147,0.782,0
26.878,45.0213,31.9595,1.1157,2.2415,1.28,0.1803,44.7886,31.8293,0.8954,0.3458,44.7123,31.753,1.0858,0.3728,-0.0002,0.0002,0.0017,0.0017,0.0,2.247,45.674,32.1372,1.147,0.6772,0
26.919,45.1148,32.0128,1.1229,2.2471,1.2818,0.1643,45.1535,31.9466,1.068,0.0943,44.8346,31.8157,1.0863,0.3446,-0.0,0.0007,0.0011,0.0013,0.0,2.096,45.9303,32.2486,1.127,0.8489,0
26.961,45.2088,32.0662,1.1294,2.2625,1.2781,0.1501,45.1535,31.9466,1.068,0.1453,44.9184,31.8639,1.0912,0.3559,0.0011,0.0001,-0.0002,0.0011,0.0,2.081,45.9299,32.2501,1.127,0.7442,0
27.003,45.3037,32.1194,1.1356,2.2935,1.2739,0.15,45.1535,31.9466,1.068,0.2387,44.9751,31.896,1.0942,0.3995,0.0007,-0.0009,0.0002,0.0012,0.0,2.25,46.1795,32.3492,1.13,0.9055,0
27.044,45.4002,32.1723,1.141,2.3362,1.2674,0.1076,45.2496,32.0271,1.1725,0.2115,45.107,31.9644,1.1145,0.3603,-0.0004,-0.0004,0.0008,0.001,0.0,2.139,46.179,32.3509,1.13,0.7992,0
27.086,45.4989,32.225,1.1447,2.4008,1.2635,0.0756,45.2496,32.0271,1.1725,0.3195,45.1664,31.9959,1.1167,0.4048,-0.0001,-0.0005,-0.0001,0.0005,0.0,2.072,46.179,32.3511,1.13,0.6918,0
27.127,45.6006,32.2775,1.1474,2.4711,1.2563,0.0576,45.542,32.2014,0.9705,0.2012,45.3103,32.0693,1.0969,0.3608,-0.0006,0.0005,-0.0001,0.0008,0.043,1.913,46.4795,32.4677,1.128,0.8995,0
27.169,45.705,32.3295,1.15,2.531,1.2427,0.0626,45.542,32.2014,0.9705,0.2742,45.3727,32.0992,1.0987,0.4076,0.0004,0.0002,-0.0013,0.0013,0.0,2.016,46.4791,32.4692,1.128,0.7869,0
27.211,45.8115,32.3809,1.1527,2.5746,1.2255,0.0639,46.0332,32.2703,1.0921,0.255,45.5671,32.1738,1.1,0.3247,-0.0004,-0.0006,-0.0006,0.001,0.021,1.959,46.4789,32.4699,1.128,0.6737,0
27.252,45.9195,32.4316,1.1551,2.602,1.2102,0.0539,46.0332,32.2703,1.0921,0.2071,45.6327,32.2049,1.1017,0.3695,0.0002,-0.0004,0.0002,0.0005,0.057,1.887,46.4788,32.4701,1.128,0.5613,0
27.294,46.028,32.4815,1.1571,2.602,1.1827,0.0445,46.0332,32.2703,1.0921,0.221,45.7318,32.2508,1.1038,0.3792,-0.0005,-0.0002,0.0004,0.0007,0.0,2.079,46.7572,32.5883,1.116,0.7381,0
27.335,46.1359,32.53,1.1587,2.5786,1.15,0.0293,46.0961,32.5115,1.1293,0.0528,45.8525,32.3197,1.1103,0.3562,-0.0003,-0.0001,-0.0,0.0003,0.028,1.944,46.7569,32.5894,1.116,0.6252,0
27.377,46.2426,32.5772,1.1597,2.5432,1.115,0.0213,46.0961,32.5115,1.1293,0.1634,45.9483,32.3616,1.1118,0.3679,-0.0009,0.0004,0.0004,0.0011,0.0,2.042,47.0432,32.7188,1.105,0.8148,0
27.419,46.3474,32.6228,1.1597,2.4879,1.0803,-0.01,46.0961,32.5115,1.1293,0.2765,46.0109,32.3883,1.1122,0.4129,-0.0001,0.0001,0.0005,0.0005,0.0,2.084,47.0428,32.7201,1.105,0.7043,0
27.46,46.4495,32.6671,1.1591,2.4178,1.0475,-0.0117,46.4416,32.5974,1.1461,0.0713,46.1683,32.4644,1.1147,0.3494,0.0009,-0.0002,0.0,0.0009,0.044,1.911,47.0423,32.7222,1.105,0.5978,0
27.502,46.5487,32.7101,1.159,2.35,1.0194,0.0022,46.4416,32.5974,1.1461,0.1559,46.2265,32.4903,1.114,0.3925,-0.0007,0.0003,0.0007,0.001,0.048,1.848,47.0422,32.7225,1.105,0.4966,0
27.543,46.645,32.7519,1.1591,2.2795,0.9935,-0.0023,46.4416,32.5974,1.1461,0.2557,46.3106,32.5279,1.1133,0.4051,-0.0001,-0.0006,0.0005,0.0008,0.0,2.01,47.3128,32.8474,1.106,0.6767,0
27.585,46.7385,32.7928,1.1581,2.2188,0.9713,-0.0541,46.7635,32.7548,1.3251,0.1731,46.4506,32.588,1.1524,0.3534,-0.0006,0.0003,0.0015,0.0016,0.05,1.901,47.3128,32.8474,1.106,0.5793,0
27.627,46.8297,32.8329,1.1551,2.166,0.9573,-0.0729,46.7635,32.7548,1.3251,0.1984,46.532,32.6224,1.1499,0.3647,0.0001,-0.0007,-0.0006,0.001,0.015,1.97,47.6283,32.977,1.13,0.8119,0
27.668,46.9189,32.8727,1.1524,2.1227,0.9525,-0.0582,46.7635,32.7548,1.3251,0.2605,46.5845,32.6451,1.1481,0.4045,-0.0007,0.0012,0.0006,0.0015,0.0,2.022,47.6277,32.9794,1.13,0.7171,0
27.71,47.007,32.9125,1.1506,2.1122,0.9604,-0.0226,46.9796,32.9125,1.087,0.0692,46.7318,32.7248,1.1332,0.3335,0.0,-0.0001,-0.0011,0.0011,0.034,1.931,47.6274,32.9806,1.13,0.6245,0
27.751,47.0953,32.9529,1.1503,2.1281,0.9788,0.0019,46.9796,32.9125,1.087,0.1379,46.7848,32.748,1.1326,0.3725,-0.001,0.0009,0.001,0.0017,0.018,1.964,47.6272,32.9812,1.13,0.5331,0
27.793,47.1845,32.9941,1.1504,2.1481,0.9935,-0.0065,46.9796,32.9125,1.087,0.2294,46.865,32.7837,1.1323,0.3829,0.0,-0.0009,0.0008,0.0012,0.0,2.045,47.8969,33.0704,1.104,0.718,0
27.835,47.2743,33.0357,1.1493,2.1651,1.0027,-0.0532,47.1274,33.1093,1.273,0.2057,46.96,32.8626,1.1572,0.359,-0.0001,0.0001,0.0001,0.0001,0.02,1.96,47.8967,33.0711,1.104,0.625,0
27.876,47.3651,33.0776,1.1461,2.1914,1.0094,-0.0955,47.1274,33.1093,1.273,0.2713,47.0405,32.8985,1.154,0.3709,0.0003,-0.0008,-0.0003,0.0009,0.0,2.003,48.1684,33.1692,1.074,0.8117,0
27.918,47.4572,33.1197,1.1416,2.2293,1.0106,-0.1165,47.1274,33.1093,1.273,0.3552,47.0951,32.9225,1.1505,0.4125,0.0008,-0.0005,-0.0,0.0009,0.0,2.058,48.1683,33.1699,1.074,0.716,0
27.959,47.5513,33.1618,1.1355,2.2795,1.0072,-0.1727,47.5448,33.2624,1.2112,0.1261,47.2623,33.026,1.1598,0.3202,0.0004,-0.0007,0.0007,0.0011,0.041,1.917,48.4445,33.2839,1.086,0.9029,0
28.001,47.6479,33.2034,1.1287,2.3512,0.994,-0.1577,47.5448,33.2624,1.2112,0.1446,47.3212,33.0515,1.1557,0.3612,-0.0002,0.0005,0.0003,0.0006,0.0,2.063,48.4442,33.2853,1.086,0.8016,0
28.043,47.7476,33.2445,1.1222,2.4313,0.9798,-0.1571,47.8041,33.0882,1.1589,0.1702,47.4887,33.0875,1.149,0.304,0.0003,0.0001,0.0008,0.0008,0.012,1.976,48.4438,33.2869,1.086,0.6983,0
28.084,47.8506,33.2851,1.1153,2.5,0.967,-0.1795,47.8041,33.0882,1.1589,0.2069,47.552,33.1107,1.1445,0.347,-0.0,-0.0004,0.0005,0.0006,0.0,2.006,48.7358,33.3996,1.044,0.8955,0
28.126,47.9562,33.3252,1.1074,2.5608,0.9604,-0.1959,47.8041,33.0882,1.1589,0.2862,47.6499,33.1451,1.1365,0.3565,0.0006,-0.0001,-0.0003,0.0007,0.0,2.099,48.7356,33.4007,1.044,0.7856,0
28.167,48.0642,33.3651,1.0989,2.6178,0.9577,-0.2122,48.0309,33.5207,1.1172,0.1602,47.7744,33.2334,1.1302,0.3199,0.0003,-0.001,-0.0,0.0011,0.012,1.976,48.7352,33.4023,1.044,0.6742,0
28.209,48.1742,33.4049,1.0899,2.6548,0.9493,-0.2136,48.0309,33.5207,1.1172,0.1863,47.8745,33.2679,1.1219,0.3311,0.0002,0.0005,-0.001,0.0011,0.0,2.076,49.0155,33.4809,1.01,0.8485,0
28.251,48.2849,33.4441,1.0803,2.6543,0.9351,-0.237,48.0309,33.5207,1.1172,0.2679,47.942,33.2906,1.116,0.3774,0.0002,0.0003,0.0013,0.0013,0.0,2.092,49.0154,33.4816,1.01,0.7348,0
28.292,48.395,33.4826,1.0707,2.6301,0.9145,-0.2234,48.4362,33.321,1.0448,0.1688,48.1217,33.3299,1.0955,0.3141,-0.0003,0.0009,0.001,0.0014,0.046,1.907,49.0152,33.4823,1.01,0.6231,0
28.334,48.5037,33.5202,1.0618,2.5869,0.8914,-0.2037,48.4362,33.321,1.0448,0.211,48.1866,33.3517,1.0902,0.3603,-0.0006,0.0002,-0.0004,0.0007,0.082,1.839,49.0151,33.4826,1.01,0.5154,0
28.375,48.6099,33.5567,1.0541,2.5116,0.8641,-0.1558,48.5787,33.4879,1.0077,0.0887,48.3422,33.4096,1.0664,0.3058,-0.0,0.001,-0.0001,0.001,0.105,1.937,49.2673,33.5602,1.027,0.6579,0
28.417,48.7124,33.592,1.0488,2.4163,0.8277,-0.1103,48.5787,33.4879,1.0077,0.1744,48.4026,33.4309,1.0629,0.3494,0.0004,0.0001,-0.0004,0.0006,0.158,1.873,49.2672,33.5607,1.027,0.5561,0
28.459,48.811,33.6255,1.0446,2.33,0.7856,-0.1089,48.7636,33.5718,1.0096,0.0797,48.5398,33.4825,1.0473,0.3067,0.0003,0.0001,-0.0012,0.0012,0.214,2.007,49.5414,33.6106,1.015,0.7311,0
28.5,48.9062,33.6569,1.0409,2.2483,0.7279,-0.0738,48.7636,33.5718,1.0096,0.1689,48.5949,33.5015,1.0441,0.3479,0.0002,-0.0002,-0.001,0.001,0.241,1.95,49.5415,33.6104,1.015,0.6375,0
28.542,48.9985,33.6858,1.0384,2.1907,0.6615,-0.049,48.7636,33.5718,1.0096,0.2626,48.6742,33.5271,1.0405,0.3609,0.0004,0.0001,0.0007,0.0008,0.263,2.024,49.5415,33.6103,1.015,0.5488,0
28.583,49.0888,33.7118,1.0363,2.1545,0.5935,-0.0615,49.1289,33.7066,1.2354,0.2032,48.8044,33.5722,1.0737,0.319,-0.0005,-0.0005,0.001,0.0012,0.298,2.005,49.8107,33.6573,1.037,0.724,0
28.625,49.1784,33.7347,1.0335,2.15,0.5143,-0.0666,49.1289,33.7066,1.2354,0.2098,48.8817,33.5917,1.0712,0.3315,-0.0005,0.0007,-0.0005,0.001,0.289,1.925,49.811,33.6562,1.037,0.6375,0
28.667,49.2684,33.7543,1.0311,2.1709,0.4316,-0.0456,49.1755,33.8534,1.0166,0.1367,48.9806,33.6442,1.0605,0.3095,0.0002,0.0016,0.0007,0.0018,0.352,2.056,49.8111,33.6557,1.037,0.5517,0
28.708,49.3596,33.7704,1.0294,2.2065,0.3486,-0.026,49.1755,33.8534,1.0166,0.2024,49.061,33.6562,1.0589,0.321,0.0005,0.0004,-0.0003,0.0007,0.336,2.022,50.0892,33.7183,1.06,0.7322,0
28.75,49.4525,33.783,1.0288,2.2534,0.264,-0.0117,49.1755,33.8534,1.0166,0.2862,49.1158,33.6615,1.0586,0.3592,0.0001,0.0006,0.0009,0.0011,0.292,1.882,50.3614,33.7736,1.046,0.9091,0
28.791,49.5477,33.7925,1.0279,2.3128,0.202,-0.032,49.5221,33.6609,1.0793,0.1436,49.2682,33.6699,1.0634,0.3073,-0.0003,-0.001,-0.001,0.0015,0.337,2.003,50.3615,33.7732,1.046,0.8142,0
28.833,49.6458,33.7998,1.0261,2.3907,0.156,-0.0515,49.5221,33.6609,1.0793,0.1935,49.3271,33.6719,1.0628,0.3454,-0.0001,0.0,-0.0,0.0001,0.339,2.035,50.3616,33.7727,1.046,0.7166,0
28.875,49.7473,33.8056,1.0236,2.4685,0.1283,-0.0644,49.7584,33.9384,1.1043,0.1558,49.4879,33.7199,1.0712,0.2773,-0.0,0.0001,-0.0003,0.0003,0.387,2.139,50.6342,33.7849,1.026,0.8872,0
28.916,49.8515,33.8106,1.0197,2.5296,0.1148,-0.1126,49.7584,33.9384,1.1043,0.1794,49.5535,33.7208,1.0698,0.3152,-0.0001,-0.0011,-0.0001,0.0011,0.378,1.969,50.6347,33.783,1.026,0.7837,0
28.958,49.9582,33.8152,1.0144,2.5848,0.1066,-0.1331,49.7584,33.9384,1.1043,0.2514,49.6547,33.7218,1.0662,0.3217,-0.0004,0.0005,0.0024,0.0025,0.391,1.974,50.6353,33.7807,1.026,0.678,0
28.999,50.0667,33.8196,1.0089,2.6121,0.1047,-0.1325,50.0403,33.8079,1.063,0.0613,49.7787,33.7386,1.0634,0.3041,-0.0004,-0.0004,-0.0,0.0006,0.424,1.849,50.6356,33.7796,1.026,0.5705,0
29.041,50.1754,33.8238,1.0033,2.6022,0.1012,-0.1479,50.0403,33.8079,1.063,0.1486,49.8808,33.7399,1.0593,0.3114,0.0003,0.0011,0.0,0.0011,0.392,1.946,50.9511,33.7877,0.987,0.7767,0
29.083,50.2828,33.828,0.9965,2.5533,0.0959,-0.1689,50.0403,33.8079,1.063,0.2523,49.9482,33.7407,1.0556,0.3508,-0.0001,-0.0004,0.001,0.0011,0.408,1.994,50.9524,33.7829,0.987,0.6712,0
29.124,50.3876,33.8317,0.9895,2.4818,0.0877,-0.1675,50.4763,33.6596,1.1416,0.2462,50.1255,33.7326,1.0608,0.2892,-0.0,-0.0012,0.0007,0.0014,0.353,1.781,50.9531,33.7805,0.987,0.5678,0
29.166,50.4894,33.8353,0.9824,2.4107,0.0853,-0.1814,50.4763,33.6596,1.1416,0.2375,50.1868,33.734,1.0562,0.3275,-0.0006,-0.0002,-0.0008,0.001,0.361,1.833,51.2443,33.785,0.973,0.7566,0
29.207,50.5883,33.8388,0.9747,2.3464,0.0833,-0.1832,50.7433,33.874,1.0645,0.1825,50.3629,33.7679,1.0547,0.2494,-0.0002,-0.0004,-0.0,0.0005,0.45,1.868,51.2459,33.7794,0.973,0.6603,0
29.249,50.6851,33.8423,0.9667,2.3086,0.0842,-0.1961,50.7433,33.874,1.0645,0.1181,50.4214,33.7717,1.0504,0.2855,-0.0001,-0.0001,-0.0006,0.0006,0.438,2.052,51.4981,33.8372,0.976,0.8131,0
29.291,50.7808,33.8457,0.9586,2.2913,0.0767,-0.1913,50.7433,33.874,1.0645,0.1159,50.5078,33.7772,1.0438,0.2941,-0.0006,-0.0005,-0.0011,0.0014,0.41,1.85,51.4993,33.8333,0.976,0.7188,0
29.332,50.8763,33.8486,0.951,2.2934,0.0636,-0.1713,50.8144,33.8862,1.0305,0.1075,50.6111,33.7934,1.0359,0.2839,0.0004,-0.0002,0.001,0.0011,0.459,1.876,51.4995,33.8327,0.976,0.6239,0
29.374,50.972,33.8509,0.9443,2.2987,0.0445,-0.1563,50.8144,33.8862,1.0305,0.1831,50.6953,33.7957,1.0301,0.2949,-0.0001,-0.0004,-0.0003,0.0005,0.414,1.778,51.7765,33.8415,1.006,0.8069,0
29.415,51.0679,33.8521,0.9393,2.3027,0.0193,-0.0826,51.0981,33.8626,0.8441,0.1005,50.8142,33.8048,0.9941,0.2638,0.0002,-0.0001,-0.001,0.001,0.448,1.885,51.7765,33.8415,1.006,0.7119,0
29.457,51.1641,33.8523,0.9378,2.3152,-0.006,-0.0138,51.0981,33.8626,0.8441,0.115,50.8994,33.8037,0.9924,0.2746,0.0001,-0.0005,-0.0007,0.0008,0.416,1.745,51.7795,33.8323,1.006,0.6195,0
29.499,51.2608,33.8516,0.9374,2.3254,-0.0239,-0.012,51.0981,33.8626,0.8441,0.1879,50.9566,33.8022,0.9926,0.3131,-0.0009,-0.0007,0.0005,0.0013,0.424,1.793,52.0381,33.8214,0.985,0.7793,0
29.54,51.3581,33.8503,0.9375,2.3452,-0.038,0.019,51.1906,33.7129,0.8796,0.2242,51.077,33.7844,0.9719,0.2908,0.0003,-0.0002,-0.0003,0.0005,0.429,1.888,52.0435,33.8058,0.985,0.6885,0
29.582,51.4565,33.8486,0.9386,2.3764,-0.0441,0.026,51.1906,33.7129,0.8796,0.3043,51.1344,33.782,0.9725,0.3306,-0.0004,0.0006,0.0008,0.0011,0.387,1.682,52.0468,33.7965,0.985,0.5944,0
29.623,51.5561,33.8467,0.9396,2.401,-0.0439,0.0205,51.6511,33.7695,0.7344,0.2389,51.3028,33.7808,0.9345,0.2618,0.0006,-0.0003,-0.0,0.0007,0.441,1.722,52.0478,33.7939,0.985,0.4966,0
29.665,51.6564,33.8449,0.9417,2.4067,-0.0444,0.0752,51.6511,33.7695,0.7344,0.2207,51.363,33.7796,0.936,0.3006,-0.0001,0.0,-0.0002,0.0002,0.428,1.883,52.3044,33.7815,0.992,0.653,0
29.707,51.7564,33.843,0.9455,2.3907,-0.046,0.1035,51.6511,33.7695,0.7344,0.2471,51.453,33.7775,0.9402,0.3104,-0.0001,0.0005,0.0,0.0005,0.39,1.701,52.6216,33.764,1.005,0.8709,0
29.748,51.8556,33.8411,0.9501,2.3778,-0.047,0.1161,51.6511,33.7695,0.7344,0.3058,51.5125,33.776,0.9437,0.3493,-0.0002,-0.0006,0.0012,0.0014,0.397,1.751,52.628,33.7487,1.005,0.7798,0
29.79,51.9548,33.839,0.9553,2.388,-0.0516,0.1324,51.7499,33.8027,0.9879,0.2107,51.6404,33.7719,0.9528,0.3216,0.0004,0.0006,-0.0002,0.0008,0.413,1.861,52.6381,33.7259,1.005,0.6944,0
29.831,52.0549,33.8368,0.9609,2.4121,-0.055,0.1328,51.7499,33.8027,0.9879,0.3081,51.6997,33.7689,0.956,0.3616,0.0005,-0.0004,-0.0002,0.0006,0.37,1.652,52.6452,33.7108,1.005,0.6052,0
29.873,52.1559,33.8344,0.9667,2.4355,-0.057,0.1647,52.1985,33.9538,0.8163,0.1967,51.8733,33.799,0.9364,0.2864,-0.0008,-0.0006,-0.0004,0.0011,0.429,1.818,53.0908,33.7583,1.026,0.9399,0
29.915,52.2578,33.8319,0.9747,2.4541,-0.0629,0.2073,52.1985,33.9538,0.8163,0.2085,51.9351,33.7967,0.9411,0.3263,-0.0005,0.0001,0.0002,0.0006,0.437,1.872,53.0983,33.7434,1.026,0.8467,0
29.956,52.3607,33.8291,0.9835,2.4838,-0.0718,0.2102,52.3393,33.7376,0.9424,0.1026,52.0893,33.7817,0.9478,0.2778,-0.0,0.0001,0.0005,0.0005,0.448,2.003,53.106,33.7287,1.026,0.7532,0
29.998,52.4651,33.8258,0.9925,2.5237,-0.0883,0.2318,52.3393,33.7376,0.9424,0.1616,52.1538,33.7782,0.9531,0.3174,0.0005,0.0003,-0.0001,0.0006,0.414,1.836,53.4399,33.8061,1.048,0.9766,0
30.039,52.5713,33.8219,1.0025,2.5714,-0.0929,0.2396,52.3393,33.7376,0.9424,0.2541,52.2524,33.7725,0.9621,0.3252,-0.0003,-0.0002,-0.0007,0.0008,0.424,1.922,53.7552,33.8884,1.021,1.186,0
30.081,52.6798,33.8181,1.0119,2.6345,-0.0883,0.2165,52.6412,33.6894,0.9073,0.1703,52.3822,33.7607,0.96,0.3075,-0.0004,-0.0005,-0.0002,0.0007,0.388,1.792,53.7552,33.8884,1.021,1.0778,0
30.123,52.7915,33.8149,1.0203,2.7207,-0.0666,0.188,52.6412,33.6894,0.9073,0.226,52.486,33.7578,0.968,0.3151,-0.0004,-0.0001,0.0005,0.0007,0.401,1.882,53.7681,33.867,1.021,0.978,0
30.164,52.907,33.8128,1.0274,2.8157,-0.0331,0.1623,52.6412,33.6894,0.9073,0.3167,52.558,33.7567,0.9722,0.3578,0.0004,-0.0003,0.0,0.0005,0.412,1.946,54.014,33.9679,1.032,1.1179,0
30.206,53.0264,33.8123,1.0335,2.9036,0.0054,0.1283,52.99,33.8478,1.1477,0.125,52.7373,33.7719,1.0067,0.2931,-0.0004,-0.0001,-0.0005,0.0007,0.417,1.896,54.0231,33.954,1.032,1.0068,0
30.247,53.1492,33.8136,1.038,2.9802,0.0535,0.0941,52.99,33.8478,1.1477,0.1963,52.8135,33.7732,1.009,0.3393,0.0003,0.0009,0.0006,0.0012,0.432,1.964,54.2485,33.9672,1.025,1.1101,0
30.289,53.2747,33.817,1.0414,3.0361,0.1034,0.0619,53.431,33.7508,1.2706,0.2852,53.0228,33.7698,1.0492,0.2565,-0.0002,-0.0005,-0.0001,0.0005,0.436,2.153,54.2629,33.9469,1.025,0.9969,0
30.331,53.4021,33.8225,1.0433,3.0728,0.1528,0.0351,53.431,33.7508,1.2706,0.2401,53.1016,33.7732,1.0482,0.3046,-0.0002,-0.0003,-0.0005,0.0006,0.423,1.922,54.2679,33.9402,1.025,0.8739,0
30.372,53.5305,33.83,1.0445,3.0806,0.2005,0.0267,53.431,33.7508,1.2706,0.2594,53.2209,33.7805,1.0458,0.3135,0.0001,0.0002,-0.0014,0.0014,0.447,1.999,54.283,33.9203,1.025,0.7582,0
30.414,53.6583,33.8391,1.0448,3.0534,0.2316,-0.0257,53.4982,33.7119,1.2058,0.2603,53.3417,33.7782,1.0783,0.3242,-0.0,-0.0,-0.0002,0.0002,0.47,1.889,54.2881,33.9138,1.025,0.6346,0
30.455,53.7841,33.8492,1.0428,2.9842,0.2488,-0.0686,53.4982,33.7119,1.2058,0.3566,53.4568,33.7898,1.0754,0.3342,0.0004,0.0003,0.0002,0.0005,0.461,1.933,54.4436,33.9529,1.003,0.6688,0
30.497,53.906,33.8597,1.0394,2.8747,0.2523,-0.0892,53.9423,33.9472,0.9942,0.105,53.5985,33.8234,1.0633,0.3105,-0.0,-0.0006,0.0017,0.0018,0.543,1.79,54.4543,33.9401,1.003,0.5553,0
30.539,54.0227,33.87,1.0355,2.7356,0.2403,-0.0916,53.9423,33.9472,0.9942,0.1189,53.7009,33.8354,1.0599,0.3246,-0.0001,-0.0004,0.0002,0.0005,0.498,1.853,54.6122,33.9925,1.014,0.6024,0
30.58,54.1331,33.8793,1.0314,2.5704,0.2071,-0.0941,54.1045,34.0674,1.0758,0.1954,53.8286,33.8798,1.0561,0.3055,-0.0004,-0.0001,0.0013,0.0014,0.621,1.719,54.6289,33.974,1.014,0.505,0
30.622,54.2359,33.8869,1.0285,2.3838,0.1585,-0.0544,54.1045,34.0674,1.0758,0.2282,53.9177,33.8893,1.0515,0.3191,-0.0,0.0002,0.0011,0.0011,0.661,1.635,54.6346,33.9679,1.014,0.4071,0
30.663,54.3314,33.8922,1.0258,2.2246,0.1064,-0.0943,54.1045,34.0674,1.0758,0.291,53.9714,33.8939,1.0489,0.3607,-0.0001,0.0002,-0.0,0.0002,0.537,1.765,54.8241,34.0919,1.001,0.5322,0
30.705,54.4205,33.8956,1.021,2.0703,0.0598,-0.1208,54.5239,33.8221,1.0278,0.127,54.1436,33.8864,1.0418,0.2779,-0.0009,0.0006,-0.0021,0.0023,0.625,1.664,54.8358,34.08,1.001,0.4548,0
30.747,54.5034,33.897,1.0167,1.9285,0.0104,-0.0948,54.5239,33.8221,1.0278,0.0784,54.1918,33.8882,1.0383,0.3124,-0.0,0.0,-0.0005,0.0005,0.575,1.872,54.8417,34.0742,1.001,0.3822,0
30.788,54.5812,33.8963,1.0132,1.8212,-0.0337,-0.0722,54.5239,33.8221,1.0278,0.0949,54.2583,33.8885,1.034,0.3237,0.0007,0.0004,-0.0002,0.0009,0.506,1.667,55.0799,34.1803,1.028,0.574,0
30.83,54.6554,33.8942,1.0107,1.7551,-0.0617,-0.0493,54.5459,33.9137,1.1037,0.145,54.348,33.8918,1.0457,0.3094,0.0006,0.0001,0.0001,0.0006,0.557,1.74,55.086,34.1747,1.028,0.5142,0
30.871,54.7278,33.8915,1.0088,1.7275,-0.0669,-0.0418,54.5459,33.9137,1.1037,0.2064,54.4093,33.8895,1.0441,0.3205,-0.0006,0.0011,0.0001,0.0013,0.505,1.788,55.3478,34.3203,1.003,0.7538,0
30.913,54.7995,33.8889,1.0065,1.7178,-0.0546,-0.0565,54.5459,33.9137,1.1037,0.2728,54.4495,33.888,1.0428,0.3519,0.0008,-0.0001,0.0009,0.0012,0.443,1.543,55.3541,34.3149,1.003,0.6993,0
30.955,54.8713,33.8875,1.0045,1.7334,-0.0093,-0.0437,54.9153,33.803,0.987,0.0969,54.5951,33.8751,1.0331,0.278,-0.0009,0.0005,-0.0,0.001,0.488,1.646,55.3669,34.3043,1.003,0.6475,0
30.996,54.9446,33.8888,1.0032,1.7856,0.0748,-0.0021,54.9153,33.803,0.987,0.0922,54.6385,33.8768,1.0327,0.3078,0.0004,-0.0003,-0.0014,0.0015,0.387,1.419,55.6589,34.4719,1.033,0.9225,0
31.038,55.0207,33.8949,1.005,1.8637,0.2023,0.0661,55.0881,33.8451,0.8639,0.1641,54.7711,33.8792,1.0049,0.2501,-0.0003,-0.0,0.0005,0.0006,0.432,1.513,55.6721,34.4617,1.033,0.8639,0
31.079,55.101,33.9067,1.0088,1.9773,0.3505,0.0998,55.0881,33.8451,0.8639,0.158,54.8184,33.8888,1.0079,0.2831,0.0005,-0.0002,-0.0005,0.0007,0.453,1.554,55.6854,34.4517,1.033,0.7996,0
31.121,55.186,33.9247,1.0124,2.0947,0.5007,0.0651,55.0881,33.8451,0.8639,0.1949,54.8948,33.9102,1.0124,0.2916,0.0004,0.0003,0.0014,0.0015,0.497,1.626,55.6989,34.442,1.033,0.7287,0
31.163,55.2764,33.9494,1.0149,2.2395,0.6753,0.0865,55.0881,33.8451,0.8639,0.263,54.9496,33.9292,1.0144,0.3274,-0.0003,0.0001,-0.001,0.001,0.458,1.47,55.8896,34.6805,1.066,0.9556,0
31.204,55.3731,33.9815,1.0192,2.3801,0.8446,0.1045,55.25,33.9462,0.9534,0.144,55.093,33.9628,1.0058,0.281,0.0004,0.0001,0.0005,0.0006,0.44,1.344,55.9104,34.6667,1.066,0.872,0
31.246,55.4747,34.0204,1.0234,2.4825,1.0058,0.1009,55.25,33.9462,0.9534,0.2468,55.1569,33.9912,1.0087,0.3195,0.0002,0.0001,0.0016,0.0016,0.471,1.404,56.1034,34.9022,1.052,1.0834,0
31.287,55.5799,34.0658,1.0275,2.5553,1.1519,0.0851,55.4942,34.2114,0.9693,0.1788,55.3052,34.065,1.0111,0.2752,-0.0003,0.0,-0.0003,0.0005,0.526,1.552,56.1246,34.8891,1.052,0.9874,0
31.329,55.6876,34.1168,1.03,2.6076,1.2846,0.0386,55.4942,34.2114,0.9693,0.2237,55.3731,34.1,1.0141,0.3154,-0.001,-0.0001,-0.0005,0.0011,0.541,1.622,56.2847,35.1028,1.027,1.1527,0
31.371,55.7972,34.1734,1.0308,2.647,1.4169,0.0087,55.4942,34.2114,0.9693,0.3115,55.4772,34.1587,1.0167,0.3206,0.0009,-0.0003,0.0005,0.0011,0.528,1.529,56.2991,35.0945,1.027,1.049,0
31.412,55.9082,34.2356,1.0312,2.6752,1.5583,0.0222,55.8908,34.2155,0.95,0.0854,55.6134,34.1994,0.9998,0.2987,-0.0012,-0.0003,-0.0001,0.0013,0.509,1.639,56.3137,35.0864,1.027,0.9425,0
31.454,56.0198,34.3034,1.0325,2.6745,1.6792,0.0376,55.8908,34.2155,0.95,0.1765,55.7181,34.2662,1.0,0.3057,0.0002,-0.0009,-0.001,0.0014,0.493,1.535,56.5087,35.3917,1.036,1.1931,0
31.495,56.1306,34.3759,1.0355,2.6418,1.785,0.0895,56.0042,34.3289,0.983,0.1447,55.8217,34.3164,0.9991,0.3166,0.0002,0.0003,0.0005,0.0006,0.468,1.631,56.5161,35.3879,1.036,1.083,0
31.537,56.2396,34.4523,1.0396,2.5965,1.8742,0.097,56.0042,34.3289,0.983,0.2718,55.9206,34.3912,1.0025,0.3269,0.0009,0.0002,0.0003,0.0009,0.442,1.747,56.5311,35.3805,1.036,0.9729,0
31.579,56.3467,34.5323,1.0433,2.5471,1.9568,0.0876,56.473,34.5576,0.9332,0.1694,56.067,34.4594,0.9952,0.293,0.0009,0.0009,-0.0001,0.0012,0.385,1.646,56.5461,35.3734,1.036,0.8644,0
31.62,56.4513,34.6156,1.047,2.4763,2.0282,0.0873,56.473,34.5576,0.9332,0.1295,56.1599,34.5386,0.9992,0.3051,-0.0008,0.0013,0.0005,0.0016,0.336,1.761,56.6483,35.6586,1.025,1.0617,0
31.662,56.5523,34.7014,1.0506,2.3785,2.0859,0.0827,56.473,34.5576,0.9332,0.2019,56.2194,34.5935,1.0019,0.3534,0.0003,-0.0008,-0.0007,0.001,0.3,1.838,56.7335,35.893,1.014,1.2058,0
31.703,56.6488,34.7896,1.0537,2.2617,2.1419,0.0664,56.473,34.5576,0.9332,0.315,56.3035,34.6785,1.0054,0.3659,0.0002,0.0001,-0.0013,0.0013,0.291,1.704,56.7566,35.8835,1.014,1.0999,0
31.745,56.7403,34.8803,1.0558,2.1457,2.2084,0.0362,56.749,34.6984,1.077,0.1833,56.4314,34.734,1.0232,0.3434,0.0006,-0.0007,0.0001,0.001,0.179,1.813,56.7644,35.8805,1.014,1.0014,0
31.787,56.8269,34.9742,1.0566,2.018,2.2925,0.0041,56.749,34.6984,1.077,0.2873,56.5038,34.8227,1.0255,0.3582,0.0001,-0.0011,-0.001,0.0015,0.109,1.926,56.78,35.8747,1.014,0.9027,0
31.828,56.9075,35.0717,1.0564,1.8595,2.3806,0.0063,56.9578,35.0745,0.9993,0.0762,56.6229,34.9181,1.0156,0.326,0.0005,0.0002,0.0004,0.0006,0.1,1.801,56.8767,36.1561,1.02,1.0854,0
31.87,56.9809,35.1729,1.0578,1.6838,2.4668,0.0406,56.9578,35.0745,0.9993,0.1169,56.6817,35.0134,1.0154,0.3417,-0.0004,-0.0007,-0.0004,0.0009,0.044,1.912,56.8924,36.1508,1.02,0.9826,0
31.911,57.0474,35.2775,1.0592,1.5255,2.542,0.0253,56.9578,35.0745,0.9993,0.2299,56.7156,35.0795,1.0156,0.3888,0.0001,-0.0002,-0.0007,0.0008,0.148,1.704,56.9083,36.1457,1.02,0.8802,0
31.953,57.1077,35.3848,1.0595,1.3859,2.5988,-0.0054,57.0286,35.2639,1.1806,0.1885,56.8233,35.2109,1.0418,0.3338,0.0002,0.0003,0.001,0.0011,0.068,1.864,57.0562,36.3956,0.978,1.0154,0
31.995,57.1629,35.4938,1.0574,1.2732,2.6318,-0.0793,57.0286,35.2639,1.1806,0.2934,56.8512,35.2802,1.0394,0.3783,0.0002,0.0008,-0.0008,0.0012,0.03,1.939,57.1842,36.6494,0.986,1.158,0
32.036,57.2134,35.6042,1.0535,1.1668,2.6626,-0.0981,57.3651,35.5816,1.1277,0.1704,56.9778,35.4175,1.0542,0.3006,-0.0011,0.0003,-0.0002,0.0012,0.097,1.806,57.2003,36.6452,0.986,1.0432,0
32.078,57.2604,35.7159,1.0484,1.0998,2.6975,-0.1357,57.3651,35.5816,1.1277,0.1878,57.0014,35.4866,1.0508,0.3459,0.0004,0.0004,0.0003,0.0006,0.06,1.879,57.2084,36.6431,0.986,0.9308,0
32.119,57.305,35.8292,1.0425,1.049,2.7332,-0.1441,57.3651,35.5816,1.1277,0.2686,57.0339,35.5921,1.0447,0.3602,-0.0,0.0011,-0.0007,0.0013,0.005,1.99,57.2327,36.6375,0.986,0.8135,0
32.161,57.3479,35.9435,1.0366,1.0152,2.748,-0.1372,57.2947,35.9278,1.0284,0.0561,57.1048,35.7097,1.0403,0.3373,0.0007,0.0004,0.0006,0.001,0.064,1.809,57.249,36.634,0.986,0.6994,0
32.203,57.3897,36.0578,1.0312,0.9914,2.7361,-0.1213,57.2947,35.9278,1.0284,0.161,57.1372,35.8147,1.0353,0.3505,0.0002,0.0004,0.0013,0.0014,0.041,1.918,57.3855,36.9503,0.999,0.8931,0
32.244,57.4306,36.171,1.0266,0.9764,2.6971,-0.1033,57.2947,35.9278,1.0284,0.2786,57.1581,35.8839,1.0325,0.3958,-0.0002,0.0001,0.0004,0.0004,0.005,1.99,57.3937,36.9489,0.999,0.7793,0
32.286,57.4712,36.2823,1.0224,0.9728,2.6524,-0.1003,57.4534,35.9877,1.1015,0.3056,57.2497,35.9958,1.0397,0.3625,0.0004,-0.0009,-0.0024,0.0026,0.075,1.85,57.5174,37.2201,1.006,0.939,0
32.327,57.5116,36.3919,1.0183,0.9696,2.6132,-0.096,57.4534,35.9877,1.1015,0.4168,57.2727,36.0607,1.0373,0.4088,-0.0001,0.0003,0.0011,0.0011,0.041,1.918,57.5256,37.2189,1.006,0.8272,0
32.369,57.5521,36.5003,1.0147,0.9755,2.5956,-0.0653,57.5957,36.4836,0.9936,0.0512,57.3637,36.2243,1.0239,0.3343,-0.0011,0.0007,-0.0005,0.0014,0.092,1.816,57.5409,37.217,1.006,0.7169,0
32.411,57.5929,36.6084,1.0128,0.9807,2.595,-0.0359,57.5957,36.4836,0.9936,0.1263,57.3881,36.2888,1.0221,0.3797,-0.0001,0.0004,-0.0001,0.0004,0.029,1.883,57.5493,37.216,1.006,0.6092,0
32.452,57.6338,36.7165,1.0117,0.9799,2.5904,-0.0174,57.5977,36.6465,1.1309,0.1428,57.4581,36.4418,1.0384,0.3271,0.0005,-0.0005,0.0,0.0007,0.0,2.044,57.6567,37.4801,1.032,0.7643,0
32.494,57.6746,36.8242,1.0112,0.9773,2.5828,-0.0087,57.5977,36.6465,1.1309,0.2277,57.4827,36.5061,1.038,0.3725,0.0003,-0.0004,-0.0009,0.001,0.063,1.863,57.6567,37.4801,1.032,0.6565,0
32.535,57.7151,36.9315,1.0111,0.9692,2.57,0.0013,57.5977,36.6465,1.1309,0.3308,57.5192,36.6022,1.0376,0.3841,-0.0001,-0.0006,0.0004,0.0007,0.02,1.961,57.7906,37.7458,1.038,0.8181,0
32.577,57.7555,37.0385,1.0113,0.9708,2.5658,0.0039,57.6702,36.9962,0.9989,0.096,57.5669,36.73,1.0334,0.3623,0.0007,-0.0002,-0.0006,0.001,0.0,2.037,57.7925,37.7456,1.038,0.7086,0
32.619,57.7961,37.1455,1.0114,0.9775,2.5714,0.0084,57.6702,36.9962,0.9989,0.1957,57.6035,36.8267,1.0344,0.3731,0.0007,-0.0001,0.0009,0.0011,0.033,1.934,57.8647,38.0024,1.051,0.8605,0
32.66,57.837,37.2528,1.012,0.9876,2.5814,0.0179,57.6702,36.9962,0.9989,0.3064,57.6283,36.8914,1.0354,0.4181,-0.0003,0.0011,0.0004,0.0012,0.001,1.998,57.8652,38.0023,1.051,0.751,0
32.702,57.8785,37.3608,1.0135,1.0015,2.5985,0.0536,57.8001,37.1728,0.9588,0.2109,57.6985,37.0366,1.0208,0.3709,-0.0002,0.0006,-0.0001,0.0006,0.011,1.979,57.8659,38.0022,1.051,0.6427,0
32.743,57.9204,37.4692,1.0161,1.0079,2.6009,0.0676,57.8001,37.1728,0.9588,0.325,57.7249,37.1022,1.0223,0.4159,0.0001,-0.0004,-0.0006,0.0007,0.045,1.91,57.8661,38.0022,1.051,0.5369,0
32.785,57.9623,37.5771,1.019,1.0021,2.5776,0.0691,57.8348,37.4843,1.0651,0.1643,57.7782,37.2578,1.0323,0.3688,-0.0004,0.0004,0.0017,0.0017,0.0,2.035,57.9571,38.2791,1.069,0.7038,0
32.827,58.0036,37.6834,1.0222,0.9802,2.5222,0.079,57.8348,37.4843,1.0651,0.2645,57.8037,37.3221,1.0344,0.4131,0.0004,0.0004,0.0001,0.0006,0.016,1.968,57.9582,38.279,1.069,0.5992,0
32.868,58.0438,37.7868,1.0255,0.9495,2.4485,0.0847,58.0452,37.7551,0.9425,0.0889,57.8749,37.4813,1.0258,0.3491,-0.0007,-0.0006,0.0009,0.0012,0.0,2.06,58.0581,38.5269,1.065,0.7413,0
32.91,58.0826,37.8872,1.0283,0.9172,2.3753,0.0563,58.0452,37.7551,0.9425,0.1619,57.898,37.5416,1.0285,0.3918,-0.0001,0.0008,0.0007,0.0011,0.001,1.997,58.0581,38.5269,1.065,0.6412,0
32.951,58.1202,37.9845,1.0305,0.8904,2.3056,0.0492,58.0452,37.7551,0.9425,0.2568,57.9311,37.6286,1.0318,0.403,-0.0004,0.0001,0.0008,0.0009,0.018,1.965,58.1471,38.8306,1.075,0.8477,0
32.993,58.1566,38.0793,1.0331,0.8618,2.2509,0.0926,58.0957,38.1655,0.9639,0.1263,57.9847,37.7749,1.0169,0.35,-0.0004,-0.0011,0.0023,0.0026,0.0,2.068,58.1478,38.8306,1.075,0.7525,0
33.035,58.1921,38.1724,1.038,0.8415,2.2245,0.1316,58.0957,38.1655,0.9639,0.1218,58.0175,37.8575,1.0205,0.3604,0.0007,-0.0004,-0.0003,0.0008,0.009,1.982,58.1488,38.8305,1.075,0.6606,0
33.076,58.2268,38.2648,1.0437,0.8251,2.2174,0.14,58.0957,38.1655,0.9639,0.1828,58.0388,37.912,1.0238,0.4002,-0.0,-0.0006,-0.0005,0.0007,0.037,1.925,58.2099,39.0444,1.075,0.7803,0
33.118,58.2608,38.3573,1.0499,0.8091,2.2211,0.1544,58.3175,38.2211,0.9773,0.1644,58.1192,38.0503,1.0202,0.3394,-0.0003,-0.0001,0.0005,0.0006,0.001,1.999,58.2106,39.0443,1.075,0.6893,0
33.159,58.294,38.4502,1.0564,0.7889,2.2395,0.1549,58.3175,38.2211,0.9773,0.2435,58.14,38.1061,1.0238,0.3784,0.0002,0.0001,-0.0008,0.0008,0.029,1.942,58.2115,39.0442,1.075,0.6,0
33.201,58.3264,38.5439,1.0627,0.7651,2.2561,0.1474,58.3175,38.2211,0.9773,0.334,58.1702,38.1906,1.029,0.3878,0.0002,0.001,0.0007,0.0012,0.046,1.855,58.2119,39.0442,1.075,0.5134,0
33.243,58.3576,38.6382,1.0683,0.7369,2.2661,0.1199,58.3388,38.3529,1.1314,0.2928,58.2202,38.2709,1.0503,0.3926,0.0001,-0.0002,-0.0008,0.0009,0.0,2.011,58.212,39.0442,1.075,0.4314,0
33.284,58.3875,38.7325,1.0736,0.6981,2.2595,0.1389,58.3388,38.3529,1.1314,0.3871,58.2481,38.3547,1.0545,0.4032,-0.0001,0.0007,0.0003,0.0008,0.013,1.973,58.3108,39.325,1.109,0.5984,0
33.326,58.4157,38.8263,1.0794,0.6644,2.2428,0.1336,58.3388,38.3529,1.1314,0.4824,58.2655,38.4102,1.0577,0.4429,-0.0002,0.0006,-0.0014,0.0015,0.0,2.141,58.3746,39.6188,1.104,0.794,0
33.367,58.4429,38.9195,1.084,0.6424,2.2377,0.0924,58.2302,38.7959,1.195,0.2698,58.2878,38.5585,1.0865,0.3929,-0.0001,-0.0008,-0.0003,0.0009,0.0,2.036,58.3751,39.6188,1.104,0.7028,0
33.409,58.4692,39.0132,1.0875,0.6257,2.2601,0.0778,58.2302,38.7959,1.195,0.3404,58.3046,38.6136,1.0883,0.4322,-0.0002,0.0009,0.0004,0.001,0.0,2.008,58.3759,39.6188,1.104,0.6129,0
33.451,58.4951,39.1083,1.0908,0.615,2.3025,0.0953,58.5719,39.0733,1.1164,0.0882,58.3728,38.7687,1.0939,0.3609,0.0001,0.0003,-0.0003,0.0004,0.0,2.117,58.464,39.8817,1.132,0.7751,0
33.492,58.5206,39.2054,1.0954,0.6133,2.3565,0.1158,58.5719,39.0733,1.1164,0.1432,58.389,38.8265,1.0961,0.4012,-0.0002,0.0005,-0.0008,0.0009,0.0,2.019,58.4647,39.8816,1.132,0.6795,0
33.534,58.5462,39.305,1.1002,0.6162,2.4172,0.1155,58.5719,39.0733,1.1164,0.2336,58.4131,38.9158,1.0996,0.4113,-0.0001,0.0,0.0003,0.0003,0.063,1.844,58.4657,39.8815,1.132,0.583,0
33.575,58.5721,39.4069,1.1042,0.6244,2.4689,0.0641,58.6847,39.4063,1.0947,0.113,58.4747,39.0578,1.1033,0.3625,-0.0004,-0.0011,-0.001,0.0015,0.018,1.965,58.5791,40.2634,1.089,0.8567,0
33.617,58.5984,39.5111,1.1057,0.6371,2.5268,0.0203,58.6847,39.4063,1.0947,0.1362,58.4992,39.1514,1.1045,0.3731,0.0006,-0.0012,0.0011,0.0017,0.0,2.05,58.5815,40.2633,1.089,0.7526,0
33.659,58.6253,39.618,1.1061,0.6528,2.6008,0.0032,58.5313,39.6193,1.032,0.1197,58.523,39.2968,1.0918,0.3374,-0.0007,-0.0004,0.0004,0.0009,0.016,1.968,58.5817,40.2633,1.089,0.6469,0
33.7,58.6528,39.728,1.1059,0.6674,2.6685,-0.0091,58.5313,39.6193,1.032,0.179,58.5495,39.3987,1.0906,0.3455,-0.0003,0.0004,0.0007,0.0009,0.024,1.952,58.6736,40.5421,1.055,0.816,0
33.742,58.6808,39.8402,1.1048,0.6761,2.7103,-0.0377,58.5313,39.6193,1.032,0.2765,58.5677,39.4684,1.0892,0.389,0.0002,0.0003,0.0012,0.0012,0.0,2.015,58.6747,40.5421,1.055,0.7036,0
33.783,58.7093,39.9538,1.1031,0.689,2.7351,-0.0387,58.8128,39.9783,1.2566,0.1868,58.632,39.6479,1.1142,0.3157,-0.0001,-0.0001,0.0003,0.0003,0.02,1.887,58.7786,40.8269,1.054,0.8772,0
33.825,58.7383,40.0679,1.1009,0.7042,2.7411,-0.0613,58.8128,39.9783,1.2566,0.1945,58.6502,39.7185,1.1114,0.3605,-0.0006,0.0003,-0.0008,0.001,0.025,1.949,58.7797,40.8268,1.054,0.7615,0
33.867,58.7681,40.1821,1.0982,0.7248,2.7402,-0.0663,58.8128,39.9783,1.2566,0.262,58.6785,39.8246,1.1067,0.3687,-0.0,0.0017,0.0006,0.0018,0.0,2.008,58.781,40.8267,1.054,0.6462,0
33.908,58.7987,40.296,1.0955,0.7432,2.7237,-0.0699,58.8023,40.1462,1.1836,0.1738,58.7135,39.9426,1.1219,0.3645,-0.0005,-0.0004,-0.0003,0.0007,0.056,1.888,58.8658,41.1076,1.067,0.8149,0
33.95,58.8301,40.4087,1.0919,0.7585,2.6834,-0.0962,58.8023,40.1462,1.1836,0.2794,58.7417,40.0463,1.1183,0.3739,0.0006,-0.0003,0.0014,0.0016,0.015,1.97,58.8681,41.1075,1.067,0.7003,0
33.991,58.862,40.5193,1.0878,0.775,2.6323,-0.0987,58.8023,40.1462,1.1836,0.3898,58.7609,40.114,1.1154,0.4186,-0.0006,0.0004,-0.0003,0.0008,0.0,1.999,58.8684,41.1075,1.067,0.5886,0
34.033,58.8947,40.6277,1.084,0.7888,2.5725,-0.0757,58.7996,40.7401,0.9738,0.1839,58.7942,40.315,1.0893,0.3284,0.0002,-0.0002,-0.0008,0.0008,0.017,1.965,58.9408,41.4024,1.047,0.777,0
34.075,58.9278,40.7335,1.0801,0.7998,2.5114,-0.0998,58.7996,40.7401,0.9738,0.1667,58.814,40.3789,1.0873,0.3724,-0.0005,0.0007,-0.0003,0.0009,0.0,2.02,58.9416,41.4024,1.047,0.6699,0
34.116,58.9613,40.8367,1.0759,0.8086,2.4523,-0.0991,59.1743,40.606,1.0461,0.3154,58.903,40.4978,1.0762,0.3439,0.0001,-0.0013,-0.0003,0.0013,0.057,1.886,58.9424,41.4023,1.047,0.5667,0
34.158,58.9952,40.9377,1.0725,0.8167,2.3985,-0.0735,59.1743,40.606,1.0461,0.3778,58.9237,40.5575,1.0739,0.3868,-0.0013,-0.0004,0.0005,0.0014,0.032,1.936,59.0374,41.6722,1.057,0.7359,0
34.199,59.0293,41.0366,1.0698,0.8179,2.3563,-0.0554,59.1743,40.606,1.0461,0.4549,58.9552,40.6449,1.0714,0.3986,-0.0004,0.0002,0.0006,0.0008,0.0,2.01,59.0392,41.6721,1.057,0.6357,0
34.241,59.0633,41.1343,1.0679,0.8131,2.3426,-0.0434,59.0628,41.0688,1.0851,0.0678,58.9868,40.7729,1.0739,0.3695,0.0,0.0004,-0.0007,0.0008,0.05,1.901,59.0395,41.6721,1.057,0.5384,0
34.283,59.097,41.232,1.066,0.8052,2.347,-0.0432,59.0628,41.0688,1.0851,0.1679,59.0153,40.8597,1.0728,0.3812,0.0001,0.0005,0.0002,0.0006,0.017,1.965,59.0859,41.936,1.057,0.7042,0
34.324,59.1303,41.3303,1.0643,0.796,2.3708,-0.0401,59.0628,41.0688,1.0851,0.2709,59.0342,40.918,1.0722,0.4234,0.0003,0.0002,0.0001,0.0004,0.0,2.016,59.0863,41.936,1.057,0.6074,0
34.366,59.1632,41.4297,1.0624,0.7828,2.4003,-0.05,59.1571,41.3329,1.2035,0.1713,59.0861,41.0775,1.09,0.3616,-0.0004,-0.0003,0.0017,0.0017,0.066,1.869,59.1578,42.2119,1.028,0.783,0
34.407,59.1954,41.5302,1.0594,0.763,2.4181,-0.0847,59.1571,41.3329,1.2035,0.2473,59.1049,41.1377,1.0877,0.4038,-0.0,-0.001,0.0026,0.0028,0.04,1.921,59.159,42.2119,1.028,0.6834,0
34.449,59.2267,41.6314,1.0559,0.7377,2.4408,-0.0629,59.2917,41.5593,0.8701,0.2097,59.1579,41.2975,1.0456,0.3411,-0.0,0.0004,-0.0015,0.0015,0.042,1.84,59.1598,42.2118,1.028,0.585,0
34.491,59.2568,41.7338,1.0543,0.7112,2.4726,-0.0194,59.2917,41.5593,0.8701,0.2561,59.1743,41.3601,1.0436,0.3829,-0.0001,0.0007,-0.0003,0.0007,0.053,1.894,59.2777,42.4888,1.047,0.7553,0
34.532,59.2857,41.8374,1.0544,0.6807,2.4986,0.0151,59.2917,41.5593,0.8701,0.3337,59.1975,41.4554,1.0425,0.3923,-0.0004,-0.0008,-0.0009,0.0012,0.011,1.978,59.28,42.4887,1.047,0.6513,0
34.574,59.3137,41.9421,1.0552,0.6652,2.5233,0.0158,59.0602,41.9018,1.0999,0.2605,59.1903,41.5901,1.0515,0.373,-0.0002,-0.0011,0.0009,0.0014,0.049,1.902,59.2811,42.4886,1.047,0.5475,0
34.615,59.3413,42.0476,1.0558,0.6621,2.5318,0.0171,59.0602,41.9018,1.0999,0.3197,59.2123,41.6858,1.051,0.3841,-0.0003,-0.0001,-0.0002,0.0004,0.039,1.922,59.2817,42.4886,1.047,0.4451,0
34.657,59.369,42.1526,1.0566,0.6695,2.5068,0.0199,59.0602,41.9018,1.0999,0.4001,59.2269,41.7496,1.0507,0.4274,0.0003,-0.0005,0.0,0.0006,0.011,1.978,59.3725,42.7615,1.047,0.609,0
34.699,59.3973,42.256,1.0575,0.6885,2.4602,0.0214,59.3692,42.0275,0.9831,0.2419,59.2781,41.891,1.0423,0.3843,0.0,-0.0,0.0007,0.0007,0.086,1.829,59.3733,42.7615,1.047,0.5062,0
34.74,59.4264,42.3573,1.0588,0.7076,2.4055,0.0486,59.3692,42.0275,0.9831,0.3432,59.2947,41.9522,1.043,0.4263,-0.0001,-0.0007,0.0,0.0007,0.06,1.879,59.4176,43.0734,1.088,0.7168,0
34.782,59.4563,42.4565,1.0614,0.7258,2.3646,0.0717,59.4593,42.3353,1.0503,0.1217,59.3452,42.1027,1.0476,0.3711,-0.0001,0.0004,0.0,0.0004,0.013,1.973,59.4186,43.0734,1.088,0.6186,0
34.823,59.487,42.5546,1.0645,0.7421,2.3462,0.0773,59.4593,42.3353,1.0503,0.2214,59.3625,42.1619,1.05,0.4122,0.0002,0.0003,0.0002,0.0005,0.043,1.913,59.4188,43.0734,1.088,0.5238,0
34.865,59.5182,42.652,1.0671,0.7571,2.3325,0.045,59.4593,42.3353,1.0503,0.3226,59.3894,42.2499,1.0532,0.4225,0.0007,-0.0009,0.0006,0.0012,0.047,1.906,59.5089,43.3833,1.065,0.7314,0
34.907,59.5501,42.749,1.0686,0.7708,2.3268,0.0303,59.5806,42.8611,1.191,0.1688,59.447,42.4112,1.0731,0.3532,-0.0006,0.0002,-0.0004,0.0007,0.013,1.974,59.5089,43.3833,1.065,0.6356,0
34.948,59.5825,42.846,1.0697,0.781,2.33,0.0255,59.5806,42.8611,1.191,0.1222,59.4776,42.4986,1.0729,0.3629,0.0005,0.0007,-0.0003,0.0009,0.067,1.866,59.5863,43.6782,1.061,0.8322,0
34.99,59.615,42.9431,1.0707,0.78,2.3293,0.0205,59.5806,42.8611,1.191,0.1496,59.4982,42.5569,1.0727,0.4035,0.0006,0.0007,-0.0,0.001,0.043,1.915,59.5872,43.6782,1.061,0.7357,0
35.031,59.6473,43.0403,1.0719,0.7683,2.338,0.0378,59.6029,42.8939,0.9557,0.1921,59.5429,42.7012,1.0536,0.3553,0.0008,-0.0005,0.0004,0.001,0.011,1.978,59.5882,43.6782,1.061,0.6407,0
35.073,59.6789,43.1381,1.0736,0.7513,2.3552,0.0404,59.6029,42.8939,0.9557,0.2816,59.562,42.7599,1.0541,0.3964,0.0003,0.0003,-0.0003,0.0005,0.0,2.091,59.6916,44.0112,1.051,0.8734,0
35.115,59.7097,43.2365,1.0751,0.7298,2.3685,0.0325,59.792,43.256,1.1438,0.1089,59.6256,42.921,1.0716,0.3266,0.0007,0.0013,0.0009,0.0018,0.033,1.933,59.6929,44.0111,1.051,0.7751,0
35.156,59.7398,43.3357,1.0754,0.7135,2.3913,-0.0065,59.792,43.256,1.1438,0.1173,59.6434,42.98,1.0718,0.3685,0.0,0.0003,0.0023,0.0023,0.007,1.985,59.6936,44.0111,1.051,0.6775,0
35.198,59.7691,43.4361,1.0748,0.6975,2.4271,-0.0195,59.792,43.256,1.1438,0.1942,59.6693,43.07,1.0709,0.3795,-0.0002,-0.0005,-0.0005,0.0007,0.078,1.79,59.6939,44.0111,1.051,0.5804,0
35.239,59.7978,43.5381,1.0737,0.6797,2.4622,-0.0445,59.7661,43.4432,1.2538,0.206,59.7031,43.195,1.105,0.3573,0.0001,0.0009,0.0006,0.0011,0.05,1.9,59.7582,44.2571,1.048,0.7205,0
35.281,59.8258,43.6413,1.0702,0.665,2.4882,-0.106,59.7661,43.4432,1.2538,0.2766,59.7282,43.2903,1.1027,0.3658,0.0005,-0.0006,0.0007,0.001,0.127,1.716,59.7607,44.2571,1.048,0.6196,0
35.323,59.8532,43.7455,1.0655,0.6505,2.5126,-0.1194,59.7661,43.4432,1.2538,0.3667,59.7445,43.3546,1.0999,0.4072,-0.0004,0.0007,-0.0011,0.0014,0.114,1.771,59.8295,44.586,1.033,0.8415,0
35.364,59.8799,43.8507,1.0607,0.634,2.535,-0.1057,60.0122,43.7464,1.1038,0.1739,59.8168,43.5163,1.0912,0.3417,0.0005,0.0002,0.0011,0.0012,0.047,1.906,59.8331,44.586,1.033,0.7373,0
35.406,59.9059,43.957,1.0565,0.6171,2.5628,-0.0969,60.0122,43.7464,1.1038,0.2406,59.8329,43.5816,1.0876,0.3836,0.0001,0.0001,0.0005,0.0005,0.017,1.965,59.8331,44.586,1.033,0.6337,0
35.447,59.9313,44.0642,1.0525,0.6014,2.5779,-0.1076,59.9597,43.9251,0.928,0.1889,59.8714,43.724,1.0555,0.3455,-0.0001,-0.001,0.0005,0.0011,0.0,2.095,59.9023,44.85,1.007,0.7877,0
35.489,59.9559,44.1716,1.0486,0.5867,2.5746,-0.0829,59.9597,43.9251,0.928,0.2745,59.8854,43.7892,1.052,0.3889,0.0003,-0.0004,0.0004,0.0006,0.052,1.896,59.9029,44.85,1.007,0.6818,0
35.531,59.9801,44.2787,1.0455,0.5763,2.5713,-0.0709,59.9597,43.9251,0.928,0.3733,59.9058,43.8867,1.0476,0.399,0.001,0.0006,0.0002,0.0012,0.008,1.985,59.9761,45.163,1.026,0.8845,0
35.572,60.0041,44.3858,1.0434,0.5744,2.5676,-0.0373,59.9708,44.3531,1.0351,0.0474,59.9257,44.0234,1.0436,0.3707,0.0001,-0.0003,-0.0007,0.0007,0.0,2.113,59.9782,45.163,1.026,0.7778,0
35.614,60.0282,44.4929,1.0423,0.5842,2.5746,-0.0209,59.9708,44.3531,1.0351,0.1513,59.9444,44.1197,1.0416,0.3825,-0.0002,-0.0005,0.0019,0.002,0.035,1.931,59.9795,45.163,1.026,0.6721,0
35.655,60.0529,44.6004,1.0416,0.6003,2.5849,-0.0134,59.9708,44.3531,1.0351,0.2607,59.9572,44.1842,1.0405,0.4271,-0.0009,0.0003,-0.0009,0.0013,0.139,1.722,59.9797,45.163,1.026,0.5675,0
35.697,60.0782,44.7082,1.0411,0.6148,2.5892,-0.0115,59.9696,44.6984,1.1462,0.1515,59.9835,44.3678,1.0632,0.354,-0.0002,-0.0006,-0.0004,0.0007,0.055,1.89,60.039,45.472,1.068,0.7653,0
35.739,60.1043,44.8164,1.0407,0.6334,2.6018,0.0095,60.0689,44.7173,0.8522,0.2159,60.0118,44.4813,1.0257,0.3479,0.0004,-0.0012,-0.0013,0.0018,0.001,1.991,60.0406,45.472,1.068,0.6593,0
35.78,60.1311,44.9251,1.0429,0.6507,2.6112,0.0769,60.0689,44.7173,0.8522,0.2888,60.0354,44.5787,1.0267,0.3597,0.0001,-0.0005,0.0006,0.0008,0.078,1.843,60.0414,45.4721,1.068,0.5549,0
35.822,60.1585,45.0336,1.0466,0.6619,2.5969,0.0901,60.0689,44.7173,0.8522,0.3819,60.0515,44.6437,1.0287,0.4047,0.0004,-0.0003,0.0011,0.0012,0.05,1.9,60.1094,45.7391,1.063,0.7074,0
35.863,60.1862,45.1413,1.0503,0.6683,2.5743,0.0888,60.2906,45.2045,1.0392,0.1226,60.1158,44.8247,1.035,0.3247,-0.0003,0.0002,0.0005,0.0006,0.043,1.915,60.1108,45.7391,1.063,0.6027,0
35.905,60.2141,45.2482,1.0537,0.6667,2.5586,0.0797,60.2906,45.2045,1.0392,0.0893,60.1331,44.8889,1.0373,0.3686,-0.0001,0.0008,0.0002,0.0008,0.056,1.888,60.1661,46.0272,1.076,0.7808,0
35.947,60.2416,45.3544,1.0572,0.6572,2.5447,0.0848,60.2906,45.2045,1.0392,0.1587,60.1589,44.9847,1.0408,0.3793,-0.0001,-0.0001,0.0007,0.0007,0.014,1.971,60.1677,46.0272,1.076,0.6771,0
35.988,60.2687,45.4604,1.0612,0.6401,2.5444,0.1165,60.1563,45.2643,1.0317,0.2279,60.1789,45.0948,1.0355,0.3773,0.0005,-0.0,-0.0015,0.0016,0.034,1.933,60.1685,46.0272,1.076,0.5758,0
36.03,60.2949,45.5664,1.0667,0.6206,2.5426,0.1394,60.1563,45.2643,1.0317,0.3342,60.2047,45.1903,1.0387,0.3879,-0.0003,0.0001,-0.0003,0.0004,0.061,1.879,60.1688,46.0272,1.076,0.4778,0
36.071,60.3202,45.6719,1.0727,0.5949,2.5214,0.1486,60.1984,45.6809,1.0093,0.1376,60.2163,45.3303,1.0368,0.3589,0.0003,0.0,-0.0005,0.0006,0.019,1.961,60.2366,46.2913,1.085,0.6251,0
36.113,60.3445,45.7763,1.079,0.5745,2.4913,0.1536,60.1984,45.6809,1.0093,0.1879,60.2387,45.4248,1.0412,0.369,-0.0009,-0.0003,-0.0004,0.001,0.026,1.854,60.2785,46.5894,1.059,0.8159,0
36.155,60.3681,45.8794,1.0841,0.5616,2.4567,0.1034,60.1984,45.6809,1.0093,0.2716,60.2531,45.4869,1.0435,0.411,0.0,0.0004,0.0,0.0004,0.047,1.907,60.2796,46.5894,1.059,0.7159,0
36.196,60.3913,45.9809,1.0878,0.5537,2.4234,0.0743,60.2355,46.0258,1.0108,0.1795,60.2681,45.6618,1.0453,0.3447,0.0002,-0.0004,-0.0005,0.0007,0.036,1.927,60.2809,46.5894,1.059,0.6191,0
36.238,60.4143,46.0814,1.0903,0.549,2.4005,0.0519,60.2355,46.0258,1.0108,0.2034,60.2813,45.7215,1.0469,0.3861,0.0001,-0.0009,0.0002,0.0009,0.026,1.865,60.2816,46.5894,1.059,0.526,0
36.279,60.4371,46.1808,1.0915,0.5483,2.375,0.0058,60.2355,46.0258,1.0108,0.2668,60.3011,45.81,1.048,0.3974,0.001,-0.0002,0.0001,0.0011,0.03,1.94,60.3566,46.8706,1.035,0.6967,0
36.321,60.46,46.2792,1.0914,0.5526,2.3485,-0.0009,60.273,46.2535,1.0189,0.2022,60.3101,45.9479,1.042,0.367,0.001,0.0002,0.0001,0.0011,0.039,1.922,60.3566,46.8706,1.035,0.6031,0
36.363,60.4833,46.3765,1.0915,0.5628,2.3249,0.0038,60.273,46.2535,1.0189,0.2541,60.3303,46.0359,1.0414,0.3767,-0.0001,0.0012,0.0005,0.0013,0.064,1.872,60.4352,47.1348,1.064,0.7603,0
36.404,60.507,46.4729,1.0927,0.5743,2.3112,0.0452,60.273,46.2535,1.0189,0.3291,60.3442,46.0938,1.0416,0.4158,-0.0002,-0.0008,-0.0011,0.0013,0.04,1.919,60.4364,47.1348,1.064,0.6662,0
36.446,60.5313,46.5694,1.0948,0.5924,2.3218,0.0467,60.3631,46.4644,1.017,0.213,60.3708,46.2439,1.042,0.3668,-0.0003,0.0007,0.0021,0.0022,0.055,1.89,60.4797,47.421,1.079,0.8532,0
36.487,60.5565,46.6667,1.0973,0.6164,2.347,0.07,60.3631,46.4644,1.017,0.2911,60.3861,46.3022,1.044,0.4059,-0.0009,-0.0,0.0003,0.001,0.088,1.823,60.4811,47.421,1.079,0.7583,0
36.529,60.5828,46.7655,1.1003,0.6433,2.3955,0.0715,60.5326,46.79,1.1865,0.1027,60.4276,46.4662,1.0697,0.3386,0.0009,-0.0007,-0.0,0.0011,0.009,1.954,60.4827,47.4211,1.079,0.6635,0
36.571,60.6101,46.8667,1.1023,0.6652,2.4552,0.0296,60.5326,46.79,1.1865,0.1377,60.4431,46.5276,1.0711,0.3793,-0.0011,-0.0005,0.0008,0.0015,0.054,1.892,60.4831,47.4211,1.079,0.5693,0
36.612,60.6383,46.9704,1.1032,0.6842,2.5171,0.026,60.5326,46.79,1.1865,0.225,60.4673,46.6226,1.0716,0.3889,0.0001,-0.0007,0.0001,0.0008,0.077,1.846,60.539,47.7093,1.083,0.7458,0
36.654,60.6672,47.0765,1.1046,0.7017,2.5695,0.036,60.5326,46.79,1.1865,0.327,60.484,46.6878,1.072,0.431,0.0002,0.0001,-0.0011,0.0011,0.051,1.898,60.5399,47.7093,1.083,0.6459,0
36.695,60.6967,47.1845,1.1063,0.7122,2.6086,0.0464,60.7481,46.9237,0.9656,0.3007,60.5609,46.8237,1.0569,0.3887,-0.0001,0.0002,-0.0003,0.0003,0.117,1.766,60.6022,48.0095,1.076,0.8309,0
36.737,60.7264,47.2937,1.1083,0.7098,2.628,0.0495,60.7481,46.9237,0.9656,0.3971,60.5793,46.8902,1.0584,0.4324,0.0002,-0.0011,0.0006,0.0013,0.09,1.819,60.6052,48.0097,1.076,0.7269,0
36.779,60.7557,47.4036,1.1104,0.6975,2.6462,0.0596,60.8175,47.3376,1.0024,0.1409,60.6435,47.0592,1.0488,0.3675,0.0004,0.0001,-0.0004,0.0005,0.007,1.951,60.6072,48.0098,1.076,0.6251,0
36.82,60.7843,47.5142,1.1132,0.6736,2.6558,0.0709,60.8175,47.3376,1.0024,0.2111,60.6605,47.1262,1.0504,0.4121,0.0004,-0.0006,-0.0014,0.0016,0.057,1.885,60.6075,48.0098,1.076,0.5276,0
36.862,60.8116,47.6245,1.1162,0.6418,2.6358,0.0641,60.8362,47.5852,1.1098,0.0468,60.7102,47.2939,1.0603,0.3503,0.0004,-0.0005,0.0006,0.0009,0.038,1.923,60.6802,48.2972,1.062,0.6876,0
36.903,60.8376,47.7333,1.1187,0.6085,2.5918,0.0572,60.8362,47.5852,1.1098,0.1484,60.725,47.3602,1.0609,0.394,0.0001,0.0017,-0.0001,0.0017,0.022,1.938,60.6811,48.2973,1.062,0.588,0
36.945,60.8621,47.8401,1.1211,0.5731,2.5359,0.0595,60.8362,47.5852,1.1098,0.2564,60.7456,47.4575,1.0616,0.4043,-0.0005,0.0,-0.0006,0.0008,0.079,1.842,60.6821,48.2973,1.062,0.4949,0
36.987,60.8853,47.9441,1.1235,0.541,2.4661,0.0471,60.9969,48.0444,1.1942,0.1658,60.8019,47.6113,1.0854,0.3452,0.0013,-0.0007,0.0001,0.0015,0.011,1.966,60.7284,48.5955,1.065,0.6725,0
37.028,60.9071,48.0454,1.1245,0.5089,2.4016,0.0091,60.9969,48.0444,1.1942,0.1137,60.8203,47.7011,1.085,0.3573,0.0002,-0.0003,0.002,0.002,0.0,2.045,60.7308,48.5957,1.065,0.5808,0
37.07,60.9275,48.1442,1.1244,0.4765,2.3452,-0.0109,60.9969,48.0444,1.1942,0.1401,60.8316,47.759,1.084,0.399,0.0,0.0009,-0.0,0.0009,0.074,1.852,60.7796,48.884,1.065,0.7568,0
37.111,60.9468,48.2409,1.1235,0.4536,2.3046,-0.0302,60.8994,48.2741,1.0899,0.067,60.861,47.9344,1.0865,0.3204,0.0001,-0.0008,-0.0007,0.0011,0.023,1.953,60.7826,48.8842,1.065,0.6666,0
37.153,60.9653,48.3364,1.1222,0.4333,2.2842,-0.0278,60.8994,48.2741,1.0899,0.0963,60.8713,47.9908,1.0853,0.36,-0.0007,-0.0008,0.0008,0.0013,0.054,1.799,60.783,48.8843,1.065,0.5803,0
37.195,60.9829,48.4313,1.1212,0.4147,2.2719,-0.0273,61.0313,48.358,1.2262,0.1369,60.9131,48.1308,1.1077,0.3087,0.0001,-0.0005,0.0004,0.0006,0.042,1.915,60.8687,49.2335,1.063,0.8124,0
37.236,60.9999,48.5257,1.1191,0.405,2.2652,-0.0604,61.0313,48.358,1.2262,0.2014,60.9228,48.1874,1.1061,0.3473,-0.0,-0.0003,-0.0007,0.0008,0.017,1.965,60.8714,49.2337,1.063,0.7218,0
37.278,61.0167,48.6204,1.1159,0.4002,2.2812,-0.0888,61.0313,48.358,1.2262,0.2849,60.9369,48.2723,1.1022,0.3573,0.0014,-0.0008,0.0003,0.0016,0.0,2.041,60.9188,49.4844,1.04,0.8729,0
37.319,61.0333,48.7167,1.1128,0.4013,2.3473,-0.0477,61.1726,48.7516,1.0267,0.1674,60.9882,48.4119,1.0803,0.3099,0.0005,-0.0002,-0.0003,0.0006,0.046,1.908,60.9206,49.4846,1.04,0.7795,0
37.361,61.0501,48.8166,1.1115,0.4036,2.4402,-0.0247,61.1726,48.7516,1.0267,0.1626,61.0031,48.5029,1.0757,0.3192,0.0005,0.0012,-0.0001,0.0013,0.12,1.746,60.9235,49.4849,1.04,0.6839,0
37.403,61.0671,48.9205,1.1106,0.4095,2.5294,-0.0383,61.0094,49.0101,1.1672,0.1206,61.0127,48.6452,1.0928,0.2812,0.0002,0.0001,0.0,0.0003,0.024,1.845,60.924,49.4849,1.04,0.5866,0
37.444,61.0842,49.0273,1.1073,0.4111,2.5917,-0.1008,61.0094,49.0101,1.1672,0.0973,61.0277,48.7442,1.0887,0.2893,0.0002,0.0007,0.0015,0.0016,0.019,1.963,61.0016,49.7853,1.018,0.7677,0
37.486,61.1014,49.1366,1.1026,0.4134,2.647,-0.1214,61.0094,49.0101,1.1672,0.1692,61.0377,48.8121,1.0846,0.3311,-0.0004,-0.0001,-0.0008,0.0009,0.013,1.974,61.0071,49.7859,1.018,0.6615,0
37.527,61.1188,49.2477,1.0973,0.422,2.6768,-0.1353,61.2133,49.182,1.1415,0.1233,61.0806,48.9691,1.0904,0.2813,0.0003,-0.0001,0.0003,0.0004,0.0,2.111,61.0489,50.0803,1.021,0.839,0
37.569,61.1366,49.3591,1.0917,0.4314,2.6628,-0.1333,61.2133,49.182,1.1415,0.1993,61.0908,49.0381,1.0863,0.3243,0.0002,0.0001,0.0,0.0002,0.012,1.976,61.0525,50.0807,1.021,0.7299,0
37.611,61.1549,49.469,1.0863,0.4458,2.617,-0.1242,61.0336,49.5949,1.0092,0.1911,61.0923,49.2156,1.0698,0.2615,0.0004,-0.0002,0.0005,0.0006,0.019,1.865,61.0542,50.0809,1.021,0.6235,0
37.652,61.1738,49.5767,1.0817,0.4619,2.5559,-0.1029,61.0336,49.5949,1.0092,0.1589,61.1024,49.2804,1.0669,0.3051,0.0006,0.0,-0.0006,0.0009,0.099,1.802,61.0551,50.081,1.021,0.5216,0
37.694,61.1935,49.6814,1.0778,0.4803,2.4716,-0.085,61.0336,49.5949,1.0092,0.1943,61.1184,49.3743,1.0634,0.3164,0.0001,-0.0,0.0,0.0001,0.008,1.983,61.0947,50.3596,1.045,0.6861,0
37.735,61.2139,49.7821,1.0741,0.4974,2.375,-0.1009,61.073,49.6748,1.2122,0.2246,61.1239,49.4862,1.0873,0.3096,0.0002,0.0001,0.0015,0.0015,0.064,1.872,61.0959,50.3597,1.045,0.5902,0
37.777,61.2349,49.8791,1.0688,0.5103,2.2878,-0.1521,61.073,49.6748,1.2122,0.2975,61.1421,49.5724,1.0831,0.3207,-0.0003,-0.0004,-0.0007,0.0009,0.02,1.959,61.1101,50.6444,1.032,0.7763,0
37.819,61.2565,49.9726,1.0623,0.5235,2.2105,-0.1324,61.218,50.1761,0.8421,0.3023,61.1683,49.7237,1.0377,0.2652,0.0003,-0.0003,-0.0001,0.0004,0.039,1.922,61.1109,50.6445,1.032,0.6882,0
37.86,61.2784,50.0635,1.0589,0.5291,2.1652,-0.0582,61.218,50.1761,0.8421,0.2517,61.1886,49.8039,1.0335,0.2758,-0.0009,0.0006,0.0005,0.0012,0.044,1.913,61.1487,50.9533,1.027,0.8998,0
37.902,61.3005,50.1534,1.0573,0.5287,2.1608,-0.0263,61.218,50.1761,0.8421,0.2315,61.2023,49.8565,1.0323,0.3137,0.0014,-0.0002,-0.0005,0.0015,0.022,1.956,61.1502,50.9535,1.027,0.8146,0
37.943,61.3224,50.2441,1.0567,0.5224,2.1912,-0.0043,61.2959,50.3649,1.0634,0.1239,61.2351,50.017,1.0342,0.2443,-0.0,-0.0003,-0.0001,0.0003,0.03,1.94,61.152,50.9537,1.027,0.7304,0
37.985,61.3439,50.3363,1.0568,0.509,2.2346,0.013,61.2959,50.3649,1.0634,0.0562,61.248,50.0713,1.0338,0.2828,-0.0004,0.0,0.0007,0.0008,0.059,1.881,61.1897,51.2295,1.04,0.9065,0
38.027,61.3647,50.4307,1.058,0.4911,2.2929,0.0382,61.4093,50.3757,1.1203,0.0943,61.2905,50.198,1.049,0.2445,-0.0002,-0.0011,0.0003,0.0012,0.01,1.981,61.1912,51.2297,1.04,0.8178,0
38.068,61.3847,50.5278,1.0589,0.4714,2.3627,0.0098,61.4093,50.3757,1.1203,0.1659,61.3021,50.2563,1.0494,0.2839,0.0002,0.0005,0.0,0.0006,0.01,1.979,61.1929,51.23,1.04,0.7282,0
38.11,61.4039,50.6279,1.0589,0.4501,2.4339,-0.0085,61.4093,50.3757,1.1203,0.2597,61.3186,50.3473,1.0488,0.2935,0.0005,0.0004,0.0011,0.0012,0.049,1.901,61.1938,51.2301,1.04,0.6381,0
38.151,61.422,50.7306,1.0583,0.4253,2.4845,-0.0297,61.3802,50.6415,1.1676,0.1471,61.3351,50.4553,1.0692,0.2889,0.0008,0.0013,-0.001,0.0018,0.003,1.994,61.2303,51.509,1.021,0.8025,0
38.193,61.4393,50.8349,1.0559,0.4061,2.5166,-0.0726,61.3802,50.6415,1.1676,0.231,61.3481,50.5517,1.0667,0.2977,-0.0001,-0.0007,0.0002,0.0007,0.018,1.965,61.2318,51.5092,1.021,0.7064,0
38.235,61.4558,50.9404,1.0526,0.3854,2.5418,-0.0816,61.3802,50.6415,1.1676,0.3291,61.3561,50.617,1.0641,0.3386,-0.0004,0.0003,0.0008,0.0009,0.017,1.883,61.2343,51.5096,1.021,0.6116,0
38.276,61.4714,51.0464,1.049,0.366,2.5405,-0.0877,61.5471,51.044,1.018,0.0818,61.4106,50.7822,1.0571,0.2711,0.001,-0.0001,0.0009,0.0013,0.0,2.015,61.2516,51.8001,1.036,0.7853,0
38.318,61.486,51.1515,1.0458,0.3346,2.5064,-0.0706,61.5471,51.044,1.018,0.1268,61.4198,50.8466,1.0556,0.3122,0.0004,0.0008,0.0,0.0009,0.016,1.968,61.2551,51.8007,1.036,0.6891,0
38.359,61.4992,51.2549,1.0431,0.3029,2.4629,-0.0597,61.4487,51.2582,0.9195,0.1335,61.4345,51.0023,1.0363,0.2609,-0.0008,-0.0003,-0.0001,0.0009,0.032,1.937,61.2561,51.8009,1.036,0.5977,0
38.401,61.5111,51.3566,1.0402,0.2727,2.4233,-0.0925,61.4487,51.2582,0.9195,0.1677,61.4413,51.0638,1.0363,0.3011,-0.0004,-0.0004,0.0008,0.001,0.004,1.992,61.2901,52.1513,1.011,0.8253,0
38.443,61.5218,51.4567,1.036,0.2489,2.3844,-0.1009,61.4487,51.2582,0.9195,0.2414,61.4502,51.1542,1.0349,0.3109,0.0004,-0.0001,-0.0006,0.0007,0.0,2.074,61.3177,52.4448,1.032,1.009,0
38.484,61.5319,51.5555,1.0329,0.2326,2.3677,-0.0322,61.4106,51.5121,0.8828,0.1978,61.4525,51.2767,1.0032,0.2914,0.0007,0.0005,0.0009,0.0012,0.04,1.919,61.322,52.4456,1.032,0.9145,0
38.526,61.5412,51.6544,1.0329,0.2182,2.378,0.0158,61.4106,51.5121,0.8828,0.2446,61.4612,51.3667,1.004,0.3,0.0002,-0.0005,-0.0012,0.0013,0.0,2.0,61.3246,52.4461,1.032,0.8209,0
38.567,61.5501,51.754,1.0338,0.2101,2.4039,0.0266,61.6054,51.4995,0.9713,0.2679,61.4912,51.4443,1.0011,0.317,0.0004,0.0006,-0.0006,0.0009,0.095,1.809,61.3253,52.4463,1.032,0.7278,0
38.609,61.5587,51.8548,1.0349,0.2015,2.4311,0.0191,61.6054,51.4995,0.9713,0.3639,61.4995,51.5363,1.0041,0.3254,0.0002,-0.0007,-0.0003,0.0008,0.055,1.89,61.3502,52.7364,1.018,0.9061,0
38.651,61.5668,51.9568,1.0354,0.1904,2.4665,0.0065,61.6054,51.4995,0.9713,0.4634,61.5046,51.5987,1.0057,0.3648,-0.0,0.0004,0.0013,0.0014,0.027,1.946,61.3519,52.7368,1.018,0.8092,0
38.692,61.5746,52.0608,1.0353,0.1857,2.521,-0.0128,61.6404,52.0468,1.0338,0.0673,61.5298,51.7635,1.0131,0.3015,-0.0005,0.0007,0.0015,0.0017,0.091,1.807,61.3539,52.7372,1.018,0.7117,0
38.734,61.5822,52.1672,1.0343,0.1782,2.5784,-0.0324,61.6404,52.0468,1.0338,0.1338,61.5335,51.8288,1.0138,0.3425,0.0005,-0.0001,-0.0002,0.0006,0.067,1.866,61.3919,53.0128,1.009,0.8672,0
38.775,61.5896,52.276,1.0326,0.1783,2.6387,-0.0444,61.6404,52.0468,1.0338,0.2348,61.5386,51.9295,1.0141,0.3507,0.0005,-0.0001,0.0005,0.0007,0.141,1.719,61.3969,53.0139,1.009,0.763,0
38.817,61.5971,52.3873,1.0307,0.1818,2.6965,-0.0425,61.5916,52.1534,0.9533,0.2465,61.5495,52.0317,1.0035,0.3599,-0.0004,-0.0008,-0.0,0.0009,0.094,1.806,61.3977,53.0141,1.009,0.6581,0
38.859,61.6048,52.5006,1.0292,0.1894,2.7337,-0.0195,61.5916,52.1534,0.9533,0.3556,61.5543,52.1358,1.0037,0.3691,-0.0,0.0003,0.0007,0.0008,0.051,1.899,61.4431,53.3102,1.029,0.8256,0
38.9,61.6131,52.6149,1.0289,0.2087,2.7487,-0.0028,61.5916,52.1534,0.9533,0.4681,61.5579,52.2062,1.0048,0.4131,0.0005,0.0008,-0.0012,0.0016,0.019,1.962,61.4733,53.5934,1.025,0.9884,0
38.942,61.6224,52.7297,1.029,0.2358,2.7618,0.0058,61.6375,52.8235,1.0813,0.1085,61.5842,52.4173,1.0155,0.315,-0.0001,-0.0015,0.0017,0.0023,0.054,1.892,61.4811,53.5953,1.025,0.877,0
38.983,61.6328,52.8452,1.0293,0.2607,2.781,0.0078,61.6375,52.8235,1.0813,0.0566,61.5906,52.4884,1.0162,0.3595,0.0009,0.0004,0.0002,0.001,0.023,1.954,61.5175,53.8906,1.029,1.0518,0
39.025,61.6442,52.9615,1.0298,0.2838,2.7983,0.0137,61.6069,52.9625,0.939,0.0981,61.6056,52.6639,1.0047,0.3011,-0.001,0.0002,0.0011,0.0015,0.081,1.837,61.5259,53.8928,1.029,0.9388,0
39.067,61.6566,53.0787,1.0306,0.307,2.8257,0.0231,61.6069,52.9625,0.939,0.156,61.6142,52.7359,1.006,0.3462,-0.0001,0.0003,0.001,0.0011,0.051,1.898,61.53,53.8939,1.029,0.825,0
39.108,61.6698,53.197,1.0315,0.3242,2.8491,0.0208,61.6069,52.9625,0.939,0.2598,61.628,52.8452,1.0081,0.355,0.0001,0.0005,0.0001,0.0005,0.004,1.991,61.532,53.8945,1.029,0.711,0
39.15,61.6836,53.3158,1.0328,0.336,2.8497,0.0454,61.5675,53.3251,0.9551,0.14,61.6275,52.9979,0.9979,0.3247,0.0001,0.0,0.0011,0.0011,0.052,1.896,61.533,53.8948,1.029,0.5982,0
39.191,61.6978,53.4338,1.0353,0.3438,2.8122,0.0703,61.5675,53.3251,0.9551,0.1877,61.6424,53.1066,1.0004,0.3337,-0.0003,-0.0006,-0.0014,0.0015,0.022,1.957,61.5334,54.1718,1.035,0.7561,0
39.233,61.7122,53.5496,1.0385,0.3478,2.7467,0.0788,61.5675,53.3251,0.9551,0.2798,61.6527,53.1776,1.0025,0.3784,-0.0003,0.0001,-0.0004,0.0005,0.002,1.996,61.537,54.1728,1.035,0.6474,0
39.275,61.7266,53.6624,1.0416,0.3445,2.6761,0.0715,61.5985,53.6825,1.1496,0.1688,61.6577,53.3633,1.0286,0.3072,-0.0004,-0.0004,-0.0014,0.0015,0.026,1.949,61.5439,54.4739,1.004,0.8326,0
39.316,61.7409,53.7725,1.0426,0.3407,2.6103,-0.0025,61.5985,53.6825,1.1496,0.1995,61.6676,53.4292,1.0289,0.3512,0.0007,-0.0005,0.0002,0.0009,0.0,2.003,61.5509,54.476,1.004,0.7297,0
39.358,61.7549,53.8795,1.042,0.3307,2.5368,-0.0209,61.8618,54.0625,1.0688,0.2136,61.7078,53.6212,1.0352,0.2627,-0.0005,0.0005,-0.0017,0.0019,0.019,1.866,61.5544,54.477,1.004,0.6314,0
39.399,61.7683,53.9838,1.0406,0.3164,2.4751,-0.051,61.8618,54.0625,1.0688,0.1254,61.7155,53.6825,1.0337,0.306,0.0001,0.0001,0.001,0.001,0.032,1.936,61.5892,54.812,0.996,0.8486,0
39.441,61.7812,54.0857,1.038,0.304,2.4236,-0.0634,61.8618,54.0625,1.0688,0.0893,61.7263,53.7717,1.0302,0.3188,-0.0002,-0.0002,0.0006,0.0007,0.0,2.011,61.5652,55.0826,1.036,1.0201,0
39.483,61.7935,54.1859,1.0368,0.2877,2.4013,-0.0151,61.7507,53.9889,1.0414,0.2017,61.7425,53.8659,1.037,0.324,0.0006,0.0015,-0.0002,0.0017,0.0,2.089,61.5704,55.0844,1.036,0.9257,0
39.524,61.8051,54.2863,1.036,0.2705,2.4205,-0.0219,61.7507,53.9889,1.0414,0.3024,61.7544,53.9546,1.0378,0.3356,-0.0004,0.0002,0.0018,0.0018,0.068,1.865,61.5784,55.0872,1.036,0.8323,0
39.566,61.8159,54.3881,1.0351,0.2461,2.4628,-0.0243,62.03,54.3221,1.0266,0.2242,61.8061,54.0758,1.0371,0.3124,-0.0001,-0.0001,-0.0003,0.0003,0.026,1.948,61.5797,55.0876,1.036,0.7383,0
39.607,61.8254,54.4919,1.0337,0.2123,2.5171,-0.0394,62.03,54.3221,1.0266,0.266,61.8155,54.1704,1.0376,0.3217,-0.0004,0.0005,0.0003,0.0007,0.125,1.697,61.5486,55.3687,1.028,0.9194,0
39.649,61.8332,54.5981,1.0322,0.1667,2.5712,-0.0375,62.03,54.3221,1.0266,0.339,61.8205,54.2352,1.0378,0.3631,0.0001,-0.0002,-0.0002,0.0003,0.125,1.75,61.5516,55.3698,1.028,0.8215,0
39.691,61.839,54.7066,1.0304,0.1145,2.6318,-0.0425,61.9266,54.7332,0.9812,0.104,61.8416,54.4064,1.0231,0.3002,-0.0001,-0.0003,-0.0014,0.0014,0.183,1.633,61.5553,55.3711,1.028,0.7226,0
39.732,61.8422,54.8178,1.0296,0.0457,2.6969,-0.0083,61.9266,54.7332,0.9812,0.1289,61.8429,54.4743,1.0223,0.3435,-0.0002,0.0002,0.0004,0.0005,0.155,1.69,61.5563,55.3715,1.028,0.6232,0
39.774,61.8427,54.9311,1.0289,-0.0118,2.7335,-0.0305,61.9266,54.7332,0.9812,0.2201,61.8418,54.5787,1.0217,0.3525,0.0008,-0.0006,0.0004,0.0011,0.11,1.78,61.5426,55.6315,0.997,0.7627,0
39.815,61.841,55.0455,1.0271,-0.0625,2.7546,-0.0604,61.6682,54.9561,1.2133,0.2693,61.8132,54.7041,1.054,0.3436,0.0004,-0.0004,-0.0013,0.0014,0.031,1.904,61.5447,55.6323,0.997,0.6581,0
39.857,61.8374,55.1605,1.0243,-0.1097,2.7646,-0.0604,61.6682,54.9561,1.2133,0.3257,61.8087,54.8091,1.0511,0.3537,0.0002,-0.0009,0.0011,0.0014,0.119,1.762,61.5383,55.8917,1.029,0.79,0
39.899,61.8319,55.2759,1.022,-0.1474,2.772,-0.0514,61.6682,54.9561,1.2133,0.407,61.8043,54.8794,1.0496,0.3984,0.0007,0.0002,0.0,0.0007,0.088,1.824,61.5418,55.8931,1.029,0.682,0
39.94,61.8251,55.3916,1.0198,-0.1723,2.7773,-0.06,62.0136,55.2213,1.0959,0.2651,61.831,55.0359,1.0574,0.3577,0.0001,-0.0001,-0.0002,0.0003,0.102,1.705,61.5459,55.8948,1.029,0.5756,0
39.982,61.8175,55.507,1.0172,-0.188,2.7603,-0.0751,62.0136,55.2213,1.0959,0.3553,61.8245,55.1058,1.0561,0.4031,-0.0005,0.0002,0.0003,0.0006,0.117,1.766,61.5306,56.1719,1.0,0.7244,0
40.023,61.8097,55.621,1.013,-0.1867,2.7142,-0.1133,62.0136,55.2213,1.0959,0.4563,61.8143,55.2094,1.0527,0.4136,0.0007,-0.0009,0.0005,0.0012,0.071,1.858,61.5404,56.1761,1.0,0.6171,0
40.065,61.8021,55.7325,1.0087,-0.176,2.6417,-0.0817,61.8492,55.5879,0.8274,0.2366,61.8169,55.3391,1.0119,0.3937,0.0004,0.0001,-0.0007,0.0008,0.102,1.682,61.5451,56.1782,1.0,0.5145,0
40.107,61.7951,55.8409,1.0061,-0.1648,2.5655,-0.053,61.8492,55.5879,0.8274,0.3144,61.8088,55.4355,1.0103,0.4056,0.0,0.0011,0.0016,0.0019,0.118,1.765,61.5151,56.4682,0.995,0.6871,0
40.148,61.7885,55.9462,1.0033,-0.1489,2.4949,-0.0739,61.8492,55.5879,0.8274,0.4036,61.8038,55.4975,1.0093,0.449,0.0005,-0.0,-0.0006,0.0007,0.091,1.819,61.5219,56.4714,0.995,0.5891,0
40.19,61.7827,56.0486,1.0008,-0.1327,2.4318,-0.0412,61.8646,56.0303,0.9885,0.0848,61.8165,55.6833,1.0016,0.3669,0.0003,0.0011,0.0002,0.0012,0.133,1.733,61.5456,56.7603,1.013,0.7503,0
40.231,61.7773,56.1491,0.9998,-0.1292,2.4022,-0.0124,61.8646,56.0303,0.9885,0.1479,61.8143,55.7424,1.0013,0.4084,-0.0001,-0.0004,-0.0002,0.0005,0.109,1.782,61.5382,56.7566,1.013,0.6529,0
40.273,61.7719,56.249,0.9996,-0.1306,2.3967,0.0012,61.7969,56.2167,0.9153,0.0937,61.8038,55.9072,0.9863,0.3436,-0.0006,0.0001,0.0008,0.001,0.038,1.924,61.5556,56.7655,1.013,0.5601,0
40.315,61.7663,56.349,1.0003,-0.1367,2.4038,0.024,61.7969,56.2167,0.9153,0.1603,61.8002,55.9672,0.9871,0.3836,0.0004,0.0007,0.0004,0.0009,0.011,1.977,61.5051,57.0215,1.007,0.7214,0
40.356,61.7606,56.4496,1.0014,-0.1387,2.4248,0.0273,61.7969,56.2167,0.9153,0.251,61.7946,56.0578,0.989,0.3935,-0.0002,-0.0006,-0.0028,0.0028,0.086,1.822,61.5096,57.0239,1.007,0.6268,0
40.398,61.7547,56.5512,1.0026,-0.141,2.4507,0.0395,61.8199,56.3633,0.8033,0.2816,61.7969,56.1657,0.957,0.3906,0.001,0.0003,-0.0004,0.0012,0.01,1.897,61.5149,57.0269,1.007,0.5327,0
40.439,61.7488,56.6537,1.0053,-0.1427,2.4614,0.0799,61.8199,56.3633,0.8033,0.3608,61.7917,56.2581,0.9598,0.4005,-0.0004,0.0004,0.0013,0.0014,0.09,1.811,61.5248,57.3057,1.002,0.6894,0
40.481,61.743,56.756,1.0087,-0.1336,2.4466,0.0785,61.8199,56.3633,0.8033,0.4497,61.7883,56.3197,0.9623,0.4411,0.0003,-0.0005,0.0003,0.0007,0.088,1.823,61.5248,57.3057,1.002,0.5915,0
40.523,61.7378,56.8574,1.0118,-0.1205,2.4231,0.0712,61.5716,56.9651,0.9059,0.2246,61.7444,56.5145,0.9513,0.3483,-0.0001,0.0007,-0.0002,0.0007,0.111,1.777,61.5391,57.3143,1.002,0.4984,0
40.564,61.733,56.9579,1.0163,-0.111,2.4033,0.139,61.5716,56.9651,0.9059,0.1957,61.7414,56.5746,0.9533,0.3885,-0.0005,-0.0006,0.0001,0.0008,0.087,1.826,61.4872,57.6052,1.029,0.6925,0
40.606,61.7286,57.0579,1.023,-0.1,2.4033,0.1695,61.5716,56.9651,0.9059,0.2168,61.7373,56.6643,0.9588,0.3989,-0.0002,0.0003,0.0005,0.0006,0.027,1.901,61.508,57.6189,1.029,0.6028,0
40.647,61.7247,57.1583,1.0294,-0.0882,2.4128,0.1254,61.7512,56.9903,1.0916,0.1811,61.739,56.7841,0.9901,0.3765,0.0009,-0.0004,-0.0009,0.0013,0.078,1.842,61.5149,57.6235,1.029,0.5104,0
40.689,61.7214,57.2589,1.0338,-0.0713,2.4157,0.095,61.7512,56.9903,1.0916,0.2764,61.7367,56.8758,0.9953,0.3854,0.0004,-0.0009,-0.0002,0.001,0.105,1.79,61.4503,57.8869,1.034,0.684,0
40.731,61.7187,57.3596,1.0373,-0.0599,2.4162,0.0657,61.7165,57.2463,1.2907,0.2776,61.7315,56.9995,1.0469,0.3604,0.0,-0.0007,-0.0019,0.0021,0.012,1.889,61.4637,57.8968,1.034,0.5947,0
40.772,61.7162,57.4604,1.0385,-0.0623,2.4246,0.0071,61.7165,57.2463,1.2907,0.3309,61.73,57.0937,1.0483,0.3671,-0.0001,0.0001,-0.0,0.0001,0.139,1.721,61.36,58.1849,1.025,0.8074,0
40.814,61.7133,57.5618,1.0383,-0.08,2.4419,-0.0101,61.7165,57.2463,1.2907,0.404,61.7288,57.1567,1.0479,0.4055,0.0006,-0.0002,0.0006,0.0009,0.115,1.77,61.3665,58.19,1.025,0.7177,0
40.855,61.7092,57.6643,1.0378,-0.1166,2.477,-0.011,61.5681,57.5606,0.9102,0.2167,61.6917,57.3106,1.0246,0.3544,0.0009,-0.0002,0.0003,0.001,0.006,1.913,61.3859,58.2057,1.025,0.6307,0
40.897,61.7033,57.7684,1.0375,-0.1615,2.5165,0.0022,61.5681,57.5606,0.9102,0.2787,61.6867,57.3744,1.0243,0.3946,0.0002,-0.0003,0.0008,0.0009,0.127,1.746,61.2273,58.5571,1.021,0.9213,0
40.939,61.6954,57.8742,1.0379,-0.2127,2.5588,0.0088,61.6495,57.8467,1.0117,0.0596,61.6741,57.5435,1.0269,0.3316,-0.0004,-0.0006,-0.0001,0.0007,0.059,1.882,61.2461,58.5734,1.021,0.8313,0
40.98,61.6855,57.9819,1.0371,-0.2625,2.6057,-0.0381,61.6495,57.8467,1.0117,0.1421,61.6667,57.6109,1.0278,0.3715,-0.0007,-0.0005,-0.0004,0.0009,0.031,1.939,61.2523,58.5789,1.021,0.7378,0
41.022,61.6732,58.0914,1.0349,-0.3188,2.6469,-0.0629,61.6381,58.1412,0.9454,0.1082,61.6542,57.7819,1.011,0.311,-0.0003,0.0,0.0002,0.0003,0.008,1.868,61.2707,58.5959,1.021,0.6456,0
41.063,61.6586,58.2022,1.0334,-0.3766,2.6644,-0.0156,61.6381,58.1412,0.9454,0.109,61.6445,57.8497,1.0101,0.3536,-0.0006,-0.0,0.0006,0.0009,0.037,1.926,61.0743,58.9096,1.02,0.9176,0
41.105,61.6417,58.313,1.0334,-0.429,2.6487,0.0105,61.6381,58.1412,0.9454,0.193,61.6274,57.9513,1.0106,0.3627,-0.0002,-0.0015,-0.0001,0.0015,0.0,2.015,61.0733,58.9087,1.02,0.8235,0
41.147,61.6227,58.4227,1.0341,-0.4787,2.6211,0.0159,61.7111,58.3821,1.0181,0.0986,61.629,58.0809,1.017,0.3424,0.0,0.0004,0.0001,0.0004,0.0,2.116,60.9516,59.1545,1.029,0.9929,0
41.188,61.6015,58.5313,1.0342,-0.5322,2.5916,-0.0064,61.7111,58.3821,1.0181,0.1858,61.6071,58.1787,1.0197,0.3529,0.0005,0.0008,0.001,0.0014,0.021,1.958,60.9634,59.1662,1.029,0.9002,0
41.23,61.578,58.6386,1.0336,-0.5935,2.5632,-0.0177,61.7111,58.3821,1.0181,0.2894,61.5907,58.243,1.0209,0.396,0.0005,0.0007,-0.0015,0.0017,0.0,2.018,60.9751,59.1781,1.029,0.8091,0
41.271,61.5519,58.7447,1.0329,-0.6522,2.5284,-0.0143,61.45,58.5862,0.9781,0.1962,61.5446,58.4023,1.0158,0.3428,0.0008,-0.0003,-0.0006,0.001,0.037,1.926,60.8685,59.3362,1.022,0.9039,0
41.313,61.5236,58.8489,1.032,-0.7002,2.4756,-0.027,61.45,58.5862,0.9781,0.2781,61.5256,58.4661,1.0168,0.383,0.0001,0.0003,-0.0002,0.0004,0.162,1.675,60.8797,59.3485,1.022,0.815,0
41.355,61.4934,58.9506,1.0307,-0.7461,2.4126,-0.0317,61.4981,58.8424,1.0625,0.1129,61.4992,58.6154,1.0241,0.3353,-0.0007,-0.0,-0.0011,0.0013,0.103,1.795,60.8852,59.3547,1.022,0.7302,0
41.396,61.4611,59.0496,1.0294,-0.7941,2.3449,-0.0337,61.4981,58.8424,1.0625,0.2131,61.479,58.6752,1.0245,0.3748,0.0001,-0.0009,0.0012,0.0015,0.075,1.851,60.7995,59.4946,1.024,0.7974,0
41.438,61.4271,59.1455,1.0278,-0.8327,2.2678,-0.0416,61.4981,58.8424,1.0625,0.3133,61.4468,58.7615,1.0248,0.3845,-0.0004,0.0001,0.0002,0.0005,0.019,1.935,60.8154,59.5139,1.024,0.7141,0
41.479,61.3917,59.2383,1.0258,-0.8642,2.1951,-0.0572,61.3087,59.1206,1.1912,0.2193,61.3992,58.8803,1.051,0.359,-0.0004,-0.0008,-0.001,0.0014,0.072,1.856,60.8205,59.5204,1.024,0.637,0
41.521,61.3552,59.328,1.0232,-0.8852,2.1175,-0.0647,61.3087,59.1206,1.1912,0.2709,61.3634,58.961,1.0497,0.3681,-0.0005,-0.0002,-0.0003,0.0006,0.025,1.859,60.7307,59.6226,1.03,0.6905,0
41.563,61.3179,59.4144,1.0205,-0.9027,2.0374,-0.0663,61.3087,59.1206,1.1912,0.3399,61.3389,59.0124,1.0487,0.4036,-0.0004,0.0004,0.0007,0.0009,0.027,1.857,60.7455,59.6427,1.03,0.6163,0
41.604,61.2801,59.4976,1.0179,-0.9086,1.9615,-0.0585,61.1356,59.3369,1.1568,0.2569,61.2733,59.1447,1.0624,0.3558,-0.0001,-0.0002,-0.0,0.0002,0.056,1.771,60.5951,59.7113,1.017,0.7175,0
41.646,61.2424,59.5776,1.0148,-0.8974,1.8824,-0.0805,61.1356,59.3369,1.1568,0.2991,61.2497,59.1921,1.0606,0.3882,0.0,-0.0009,0.0002,0.0009,0.009,1.819,60.6045,59.725,1.017,0.6547,0
41.687,61.2054,59.6539,1.0116,-0.8823,1.7884,-0.061,61.3199,59.5446,0.8771,0.2078,61.2315,59.3095,1.0274,0.3457,0.0005,-0.0,0.0002,0.0006,0.077,1.752,60.6091,59.7319,1.017,0.6014,0
41.729,61.169,59.7262,1.0098,-0.866,1.6945,-0.0317,61.3199,59.5446,0.8771,0.2709,61.2095,59.3501,1.0263,0.3787,0.0002,-0.0006,0.0005,0.0008,0.119,1.711,60.6182,59.7459,1.017,0.5512,0
41.771,61.1335,59.7948,1.0085,-0.8395,1.6086,-0.0429,61.3199,59.5446,0.8771,0.3386,61.1777,59.4066,1.0253,0.3911,0.0007,-0.0011,-0.0002,0.0013,0.134,1.525,60.4803,59.7832,1.004,0.6533,0
41.812,61.099,59.8598,1.0069,-0.8204,1.5131,-0.0159,61.2006,59.9719,0.8891,0.1918,61.1596,59.5444,0.9982,0.3212,0.0004,-0.0007,0.0005,0.001,0.055,1.604,60.4845,59.7903,1.004,0.6184,0
41.854,61.0648,59.9207,1.007,-0.8225,1.4231,0.0155,61.2006,59.9719,0.8891,0.187,61.1288,59.5951,0.9976,0.3319,0.0003,-0.0006,0.0002,0.0007,0.112,1.656,60.2749,59.8507,1.006,0.793,0
41.895,61.0302,59.9781,1.008,-0.8434,1.3411,0.0402,61.0605,59.94,0.872,0.1445,61.0985,59.689,0.975,0.2989,0.0006,0.0005,0.0015,0.0017,0.048,1.731,60.283,59.8653,1.006,0.7557,0
41.937,60.9938,60.0321,1.011,-0.8984,1.2567,0.0876,61.0605,59.94,0.872,0.1796,61.0658,59.7353,0.9765,0.3073,0.001,-0.0001,-0.0006,0.0012,0.22,1.56,60.0296,59.9353,1.023,0.9691,0
41.979,60.9545,60.0825,1.0159,-0.9843,1.175,0.1338,61.0605,59.94,0.872,0.2285,61.0419,59.7635,0.9789,0.3328,0.0001,0.0001,-0.0011,0.0011,0.203,1.594,60.0334,59.9427,1.023,0.9317,0
42.02,60.9109,60.1299,1.0218,-1.105,1.107,0.1455,60.7065,60.1238,0.9249,0.2262,60.9469,59.8614,0.974,0.2751,-0.0007,-0.0005,0.0001,0.0009,0.083,1.722,60.0407,59.9577,1.023,0.887,0
42.062,60.8616,60.1745,1.0278,-1.2474,1.0403,0.1469,60.7065,60.1238,0.9249,0.1929,60.9158,59.8853,0.9773,0.2985,-0.0007,0.0012,0.0017,0.0022,0.048,1.761,59.8099,59.9577,1.02,1.0739,0
42.103,60.8062,60.2162,1.0337,-1.4019,0.9712,0.1374,60.7065,60.1238,0.9249,0.1741,60.8622,59.918,0.9823,0.3078,-0.0001,0.0006,0.0008,0.0011,0.187,1.625,59.82,59.9805,1.02,1.014,0
42.145,60.7444,60.2553,1.0383,-1.5445,0.9132,0.0762,60.5666,60.3273,1.1035,0.2025,60.7726,60.0147,1.0081,0.2442,0.0004,-0.0005,0.0006,0.0009,0.082,1.744,59.8233,59.9881,1.02,0.9592,0
42.187,60.6769,60.292,1.0399,-1.6813,0.8506,0.0129,60.5666,60.3273,1.1035,0.132,60.7058,60.0441,1.0096,0.2514,0.0001,0.0008,0.0009,0.0012,0.092,1.817,59.5987,60.0803,1.035,1.0988,0
42.228,60.6034,60.3253,1.0412,-1.8307,0.7548,0.0512,60.5706,60.4147,0.9415,0.1379,60.644,60.1308,0.9967,0.2036,0.0006,0.0001,0.0005,0.0008,0.097,1.806,59.6017,60.088,1.035,1.0294,0
42.27,60.5242,60.3547,1.0437,-1.9507,0.6654,0.0609,60.5706,60.4147,0.9415,0.1273,60.5675,60.1554,0.9979,0.209,-0.0,0.0,0.0001,0.0001,0.132,1.736,59.4224,60.1514,1.048,1.1204,0
42.311,60.4407,60.3802,1.0471,-2.0413,0.5727,0.0906,60.5706,60.4147,0.9415,0.1709,60.5131,60.1688,0.9993,0.2285,-0.0001,0.0004,0.0003,0.0006,0.104,1.793,59.4224,60.1514,1.048,1.0437,0
42.353,60.3541,60.4023,1.0514,-2.1077,0.4977,0.1149,60.4911,60.4605,0.9428,0.1843,60.4301,60.2386,0.9928,0.1898,0.0001,0.0003,0.0004,0.0005,0.039,1.89,59.4278,60.1672,1.048,0.9557,0
42.395,60.2653,60.4215,1.0564,-2.1449,0.4327,0.1238,60.4911,60.4605,0.9428,0.2558,60.3728,60.2482,0.9954,0.2128,-0.0,0.0005,0.0007,0.0008,0.057,1.795,59.433,60.183,1.048,0.8658,0
42.436,60.1757,60.4384,1.0612,-2.152,0.388,0.0839,60.2668,60.4844,1.2808,0.2421,60.2783,60.3025,1.0493,0.1707,0.0001,0.0001,-0.0005,0.0005,0.051,1.898,59.2352,60.2109,1.048,0.9676,0
42.478,60.0862,60.4539,1.0634,-2.1413,0.3582,0.036,60.2668,60.4844,1.2808,0.2842,60.2217,60.3102,1.0509,0.1978,0.0004,-0.0,-0.001,0.0011,0.002,1.955,59.2375,60.2188,1.048,0.8807,0
42.519,59.9977,60.4682,1.0646,-2.1053,0.3329,0.0259,60.2668,60.4844,1.2808,0.3455,60.1377,60.3204,1.052,0.204,0.0002,0.0005,0.0002,0.0006,0.063,1.874,59.244,60.243,1.048,0.7868,0
42.561,59.9112,60.4817,1.0649,-2.0535,0.3182,-0.023,59.7735,60.5046,1.1021,0.1444,60.0354,60.3623,1.0612,0.1723,0.0004,0.0008,-0.0008,0.0012,0.015,1.952,59.062,60.2711,1.016,0.8763,0
42.603,59.827,60.4948,1.063,-1.9906,0.3157,-0.0585,59.7735,60.5046,1.1021,0.0669,59.9601,60.3729,1.0592,0.1806,-0.0009,-0.0007,0.0011,0.0016,0.062,1.876,59.0657,60.2873,1.016,0.7905,0
42.644,59.7456,60.508,1.0598,-1.9231,0.3147,-0.1016,59.7735,60.5046,1.1021,0.0508,59.912,60.38,1.057,0.21,0.001,0.0007,-0.0007,0.0014,0.0,2.029,58.8671,60.2936,0.992,0.9068,0
42.686,59.6671,60.5211,1.0545,-1.8533,0.3179,-0.155,59.9175,60.5576,1.1434,0.2682,59.8468,60.4267,1.0699,0.2035,0.0008,-0.0001,-0.0005,0.001,0.004,1.962,58.8703,60.31,0.992,0.8267,0
42.727,59.5914,60.5344,1.0474,-1.7912,0.3186,-0.1753,59.9175,60.5576,1.1434,0.3408,59.8026,60.4354,1.0655,0.2339,0.0,0.0002,0.0005,0.0006,0.041,1.918,58.8732,60.3263,0.992,0.7498,0
42.769,59.5179,60.5476,1.04,-1.7438,0.3155,-0.1821,59.9175,60.5576,1.1434,0.4129,59.7389,60.4485,1.0586,0.2429,0.0001,0.0008,-0.0004,0.0009,0.085,1.831,58.6418,60.3308,0.993,0.9038,0
42.811,59.4459,60.5607,1.032,-1.7221,0.3122,-0.21,59.4797,60.568,1.2094,0.1807,59.6436,60.4737,1.083,0.222,-0.0001,0.0005,-0.0007,0.0009,0.032,1.928,58.6441,60.3472,0.993,0.8306,0
42.852,59.3741,60.5736,1.0229,-1.725,0.3068,-0.2205,59.4797,60.568,1.2094,0.2143,59.5787,60.4849,1.0755,0.2291,-0.0004,-0.0011,-0.0007,0.0014,0.033,1.927,58.6472,60.372,0.993,0.755,0
42.894,59.302,60.5862,1.014,-1.7339,0.2975,-0.2075,59.2107,60.5409,1.0171,0.102,59.4757,60.5016,1.0606,0.1987,0.0004,0.0002,0.0006,0.0007,0.014,1.799,58.6472,60.372,0.993,0.6893,0
42.935,59.2296,60.5984,1.006,-1.7427,0.289,-0.1794,59.2107,60.5409,1.0171,0.0615,59.4097,60.5123,1.0539,0.2053,0.0001,-0.0001,0.001,0.001,0.056,1.865,58.4312,60.3912,0.998,0.8249,0
42.977,59.1566,60.6102,0.9989,-1.7623,0.2815,-0.1622,59.2107,60.5409,1.0171,0.0898,59.3653,60.5193,1.0501,0.2334,0.0005,0.0006,-0.0006,0.001,0.012,1.91,58.4318,60.3995,0.998,0.7548,0
43.019,59.0824,60.6218,0.9932,-1.7947,0.2728,-0.1156,58.9896,60.7149,0.8204,0.2171,59.2348,60.5595,1.0085,0.1653,-0.0,0.0004,-0.0001,0.0004,0.121,1.758,58.2238,60.3921,0.992,0.8888,0
43.06,59.0069,60.6329,0.9889,-1.83,0.2627,-0.0968,58.9896,60.7149,0.8204,0.1881,59.1886,60.5654,1.0069,0.1947,-0.0004,0.0007,0.0009,0.0013,0.082,1.804,58.2244,60.4087,0.992,0.8139,0
43.102,58.9296,60.6436,0.985,-1.8749,0.2512,-0.0918,58.8508,60.5859,0.8576,0.1605,59.0699,60.5781,0.9795,0.155,-0.0003,-0.0008,0.0004,0.001,0.172,1.656,57.9419,60.4333,1.012,1.0102,0
43.143,58.8503,60.6538,0.9832,-1.9229,0.2404,-0.0157,58.8508,60.5859,0.8576,0.1428,59.0215,60.5837,0.9795,0.185,0.0,0.0009,0.0001,0.0009,0.148,1.703,57.942,60.45,1.012,0.9314,0
43.185,58.7691,60.6635,0.9831,-1.9743,0.2286,0.004,58.8508,60.5859,0.8576,0.1687,58.9467,60.5917,0.9817,0.1916,-0.0001,0.0009,-0.0,0.0009,0.112,1.776,57.9417,60.4749,1.012,0.8491,0
43.227,58.6856,60.6728,0.9834,-2.0286,0.2189,0.0177,58.7763,60.604,0.8983,0.1422,58.8726,60.597,0.9648,0.2026,0.0001,0.0001,-0.0004,0.0004,0.043,1.85,57.9414,60.4832,1.012,0.7684,0
43.268,58.6,60.6819,0.9853,-2.0682,0.2175,0.0606,58.7763,60.604,0.8983,0.2114,58.7935,60.6035,0.9671,0.2096,0.0005,-0.0002,0.0005,0.0008,0.089,1.822,57.7573,60.4992,1.011,0.8627,0
43.31,58.5133,60.691,0.9881,-2.0941,0.222,0.0703,58.7763,60.604,0.8983,0.2912,58.7398,60.6078,0.9695,0.2421,-0.0007,0.0,0.0001,0.0007,0.057,1.874,57.7568,60.5075,1.011,0.7788,0
43.351,58.4255,60.7005,0.991,-2.1147,0.2316,0.0665,58.5017,60.7643,0.9986,0.0997,58.6271,60.6499,0.9775,0.2083,-0.0006,-0.0005,0.0008,0.0011,0.049,1.88,57.5108,60.5314,0.995,0.9302,0
43.393,58.3373,60.7103,0.993,-2.1153,0.2353,0.0376,58.5017,60.7643,0.9986,0.1731,58.5734,60.6568,0.9794,0.2425,0.0002,0.0012,0.0002,0.0012,0.04,1.92,57.51,60.5396,0.995,0.8447,0
43.435,58.2493,60.7201,0.9943,-2.1075,0.2362,0.0251,58.5017,60.7643,0.9986,0.2562,58.493,60.6673,0.9813,0.2497,0.0001,-0.0004,0.0003,0.0005,0.002,1.991,57.2412,60.5174,0.997,1.0283,0
43.476,58.1615,60.7298,0.995,-2.1123,0.2316,0.0065,58.1517,60.5779,1.0935,0.1814,58.3801,60.6583,1.0012,0.2301,-0.0005,0.0,0.0002,0.0005,0.02,1.96,57.2402,60.5257,0.997,0.9437,0
43.518,58.0731,60.7393,0.995,-2.1304,0.2217,-0.0027,58.1517,60.5779,1.0935,0.2048,58.299,60.6681,1.0014,0.2369,-0.0002,0.0002,0.0004,0.0005,0.0,2.034,57.2365,60.5504,0.997,0.8576,0
43.559,57.9839,60.7483,0.9948,-2.1484,0.2112,-0.0052,58.1517,60.5779,1.0935,0.2587,58.2443,60.6743,1.0013,0.2708,-0.0005,-0.0005,0.0003,0.0007,0.0,2.015,57.2352,60.5586,0.997,0.7723,0
43.601,57.8941,60.7569,0.9944,-2.158,0.2021,-0.0143,57.8928,60.6783,1.0053,0.0793,58.1051,60.6828,1.0033,0.2238,-0.0002,-0.0001,0.0001,0.0002,0.0,2.019,56.8588,60.5832,1.001,1.0498,0
43.643,57.8041,60.7652,0.9937,-2.163,0.2002,-0.0175,57.8928,60.6783,1.0053,0.1247,58.0505,60.6883,1.0033,0.2584,-0.0001,0.0001,-0.0007,0.0007,0.0,2.069,56.8571,60.5913,1.001,0.9628,0
43.684,57.7136,60.7735,0.9934,-2.1829,0.1993,0.0256,57.8283,60.6862,0.8522,0.2018,57.9357,60.6896,0.9716,0.2384,0.0001,0.0,0.0005,0.0005,0.0,2.08,56.8537,60.6076,1.001,0.8758,0
43.726,57.622,60.7819,0.9961,-2.2128,0.2053,0.0927,57.8283,60.6862,0.8522,0.2692,57.8801,60.6936,0.9722,0.2739,0.0006,0.0004,-0.001,0.0013,0.009,1.982,56.5959,60.5787,1.018,1.0462,0
43.767,57.529,60.7907,1.0006,-2.2498,0.2154,0.118,57.8283,60.6862,0.8522,0.3501,57.7954,60.7,0.9755,0.2825,0.0003,0.0004,0.0006,0.0008,0.0,2.058,56.3489,60.5615,1.007,1.2021,0
43.809,57.434,60.8,1.0054,-2.3045,0.2259,0.1119,57.52,60.6298,0.9774,0.1927,57.6965,60.6882,0.9778,0.2866,0.0001,-0.0004,-0.0007,0.0008,0.054,1.892,56.3482,60.5643,1.007,1.1112,0
43.851,57.3363,60.8096,1.0099,-2.3837,0.2358,0.1011,57.52,60.6298,0.9774,0.2591,57.6075,60.6938,0.9813,0.2963,-0.0004,-0.0001,-0.0,0.0004,0.015,1.97,56.3469,60.5691,1.007,1.0182,0
43.892,57.2349,60.8196,1.0137,-2.4711,0.2447,0.0849,57.52,60.6298,0.9774,0.3444,57.5457,60.6979,0.9832,0.3351,-0.0001,0.0003,0.0005,0.0006,0.0,2.025,56.3469,60.5691,1.007,0.9227,0
43.934,57.1301,60.8301,1.017,-2.5501,0.2576,0.0746,57.3697,60.7723,0.9737,0.2502,57.43,60.7225,0.9838,0.3203,-0.0002,0.0008,-0.0005,0.001,0.075,1.851,56.1156,60.5602,0.997,1.05,0
43.975,57.0223,60.841,1.0198,-2.618,0.2626,0.0624,57.3697,60.7723,0.9737,0.3571,57.3646,60.7286,0.985,0.3619,-0.0005,0.0003,-0.0007,0.0009,0.047,1.907,56.1154,60.561,0.997,0.9494,0
44.017,56.9117,60.8519,1.0219,-2.6796,0.2581,0.0264,56.9242,60.8832,1.0585,0.0498,57.1934,60.7646,1.0019,0.2955,0.0005,0.0001,0.0,0.0005,0.113,1.774,56.1153,60.5613,0.997,0.8481,0
44.059,56.799,60.8622,1.0224,-2.7236,0.2366,0.0051,56.9242,60.8832,1.0585,0.132,57.1235,60.7707,1.0024,0.3378,-0.0,0.0009,-0.0003,0.0009,0.084,1.833,55.8651,60.5374,0.998,0.9891,0
44.1,56.6849,60.8713,1.0224,-2.7498,0.2031,0.0002,56.9242,60.8832,1.0585,0.2423,57.0171,60.7786,1.0026,0.3455,-0.0,0.0002,-0.0004,0.0005,0.038,1.925,55.8647,60.5385,0.998,0.8854,0
44.142,56.57,60.8787,1.0223,-2.7615,0.1558,-0.006,56.7032,60.9358,1.0712,0.153,56.896,60.8132,1.0135,0.3326,-0.0002,-0.0013,0.0009,0.0016,0.0,2.022,55.8647,60.5388,0.998,0.7833,0
44.183,56.4553,60.8839,1.0224,-2.7402,0.0954,0.0089,56.7032,60.9358,1.0712,0.258,56.7898,60.8183,1.0133,0.3411,0.0002,-0.0011,-0.0012,0.0017,0.085,1.83,55.607,60.5483,1.016,0.9123,0
44.225,56.3421,60.8864,1.0229,-2.6958,0.0325,0.0207,56.2822,60.8105,0.9901,0.102,56.6432,60.8185,1.0089,0.309,0.0003,-0.0003,0.0006,0.0008,0.02,1.96,55.6069,60.5486,1.016,0.8091,0
44.267,56.2309,60.8863,1.0242,-2.642,-0.0282,0.0375,56.2822,60.8105,0.9901,0.0977,56.5417,60.818,1.0097,0.3185,0.0003,0.0001,0.0006,0.0007,0.014,1.973,55.2994,60.5493,0.986,0.9913,0
44.308,56.1221,60.8842,1.0241,-2.5845,-0.0676,-0.0279,56.2822,60.8105,0.9901,0.1796,56.4757,60.8159,1.0096,0.3604,-0.0001,0.0,0.0008,0.0008,0.095,1.81,55.2994,60.5493,0.986,0.889,0
44.35,56.0161,60.8806,1.0227,-2.5076,-0.104,-0.0337,55.9353,60.846,0.9942,0.0924,56.2893,60.8163,1.0053,0.2811,-0.0003,0.0008,-0.0005,0.001,0.014,1.972,55.2989,60.5513,0.986,0.7901,0
44.391,55.9134,60.8756,1.0214,-2.4305,-0.1304,-0.027,55.9353,60.846,0.9942,0.0458,56.2274,60.8121,1.004,0.3208,-0.0003,-0.0008,0.0011,0.0014,0.11,1.747,55.2988,60.5518,0.986,0.6956,0
44.433,55.8138,60.8697,1.0203,-2.357,-0.1468,-0.0273,55.8718,60.8516,0.8947,0.1395,56.0873,60.8115,0.9867,0.2816,0.0002,0.0005,0.0007,0.0009,0.067,1.865,55.0373,60.5365,1.001,0.8453,0
44.475,55.717,60.8634,1.0197,-2.3017,-0.1549,-0.0041,55.8718,60.8516,0.8947,0.1993,56.0295,60.8059,0.9866,0.3194,0.0004,0.0004,0.0006,0.0008,0.041,1.918,55.037,60.5374,1.001,0.7543,0
44.516,55.6219,60.8569,1.0199,-2.2679,-0.1554,0.0112,55.8718,60.8516,0.8947,0.2795,55.9448,60.7973,0.9874,0.33,-0.0009,0.0007,-0.0001,0.0011,0.002,1.995,54.7543,60.5329,1.008,0.9262,0
44.558,55.5281,60.8506,1.0204,-2.2398,-0.1473,0.0084,55.4407,60.7687,1.0503,0.1235,55.8032,60.7871,0.9986,0.2831,-0.0,0.0006,-0.0006,0.0008,0.064,1.871,54.7541,60.5335,1.008,0.8365,0
44.599,55.4351,60.8449,1.0207,-2.2272,-0.1294,0.0077,55.4407,60.7687,1.0503,0.0819,55.7187,60.7791,0.9995,0.2919,-0.0015,-0.0003,0.0001,0.0015,0.126,1.743,54.7539,60.5345,1.008,0.7487,0
44.641,55.3424,60.8399,1.021,-2.2253,-0.1126,0.0079,55.4407,60.7687,1.0503,0.1248,55.6627,60.7743,1.0,0.3276,0.0001,0.0003,-0.0007,0.0008,0.078,1.79,54.7538,60.5347,1.008,0.6631,0
44.683,55.2496,60.8355,1.0209,-2.2267,-0.0985,-0.0026,55.2566,60.856,0.995,0.0338,55.5145,60.7831,0.9959,0.2712,-0.0002,0.0004,0.0005,0.0007,0.048,1.904,54.4583,60.5213,0.991,0.8519,0
44.724,55.1567,60.8317,1.0211,-2.2377,-0.0842,0.0068,55.2566,60.856,0.995,0.1061,55.4584,60.7794,0.9954,0.3073,0.0002,0.0002,0.0016,0.0016,0.024,1.953,54.4581,60.5221,0.991,0.7647,0
44.766,55.0629,60.8284,1.0214,-2.2597,-0.0772,0.005,54.9869,60.6981,0.9521,0.166,55.2998,60.763,0.9868,0.2481,-0.0015,-0.0001,0.0004,0.0016,0.08,1.841,54.2197,60.4866,0.985,0.9106,0
44.807,54.968,60.8252,1.0219,-2.2957,-0.0774,0.0181,54.9869,60.6981,0.9521,0.1462,55.2412,60.7603,0.9864,0.283,0.0004,0.0011,0.0006,0.0014,0.056,1.889,54.2196,60.487,0.985,0.8221,0
44.849,54.8715,60.8219,1.0228,-2.332,-0.0811,0.0221,54.9869,60.6981,0.9521,0.1834,55.1515,60.756,0.9862,0.29,-0.0003,0.0001,-0.0003,0.0004,0.113,1.774,54.2195,60.4874,0.985,0.7338,0
44.891,54.7736,60.8183,1.0245,-2.3632,-0.092,0.0707,54.9409,60.8514,0.9143,0.2031,55.0595,60.7734,0.9766,0.2933,-0.0009,-0.0003,0.0001,0.0009,0.084,1.833,53.9301,60.4695,1.031,0.9128,0
44.932,54.6742,60.8141,1.0285,-2.4068,-0.1108,0.1172,54.9409,60.8514,0.9143,0.2925,54.968,60.77,0.9804,0.3009,-0.0003,0.0006,-0.0002,0.0007,0.047,1.906,53.6544,60.4379,1.045,1.0871,0
44.974,54.5726,60.8088,1.0338,-2.4674,-0.1401,0.1256,54.677,60.8528,1.056,0.1154,54.8664,60.7812,0.9997,0.297,0.0002,0.0001,0.0011,0.0012,0.111,1.778,53.6543,60.4385,1.045,0.9903,0
45.015,54.4681,60.8022,1.038,-2.5432,-0.1781,0.0827,54.677,60.8528,1.056,0.2156,54.7711,60.7753,1.0058,0.3058,0.0003,0.0007,0.0001,0.0008,0.073,1.854,53.6541,60.4392,1.045,0.8913,0
45.057,54.3602,60.7937,1.0407,-2.6254,-0.2232,0.0511,54.677,60.8528,1.056,0.3225,54.7051,60.77,1.0087,0.3471,-0.0003,-0.0003,-0.0007,0.0008,0.046,1.908,53.654,60.4394,1.045,0.7902,0
45.099,54.2492,60.7833,1.0425,-2.6952,-0.275,0.0514,54.3558,60.7736,0.9619,0.134,54.5563,60.7608,1.0005,0.3108,-0.0,-0.0,0.0012,0.0012,0.097,1.807,53.3057,60.4154,1.023,1.0129,0
45.14,54.1358,60.7707,1.0447,-2.7405,-0.3212,0.0495,54.3558,60.7736,0.9619,0.235,54.4876,60.7525,1.002,0.3549,0.0008,-0.0002,-0.0007,0.0011,0.068,1.864,53.3054,60.4165,1.023,0.9031,0
45.182,54.0207,60.7565,1.0466,-2.779,-0.3575,0.0444,54.3558,60.7736,0.9619,0.346,54.3828,60.738,1.004,0.365,0.0008,-0.0002,0.0001,0.0008,0.023,1.955,53.3052,60.417,1.023,0.7923,0
45.223,53.9042,60.741,1.0485,-2.8071,-0.382,0.0478,54.0061,60.6715,0.8952,0.1967,54.2531,60.7224,0.9869,0.3547,-0.0001,-0.0009,0.0012,0.0014,0.072,1.856,53.0327,60.3648,1.008,0.9501,0
45.265,53.7869,60.7247,1.0506,-2.8245,-0.3972,0.0499,54.0061,60.6715,0.8952,0.2739,54.1474,60.7078,0.9889,0.3662,0.0001,-0.0,0.0003,0.0003,0.027,1.946,53.0324,60.3656,1.008,0.8366,0
45.307,53.6688,60.7079,1.0529,-2.8382,-0.4072,0.0673,53.7424,60.7366,0.9526,0.1276,54.0161,60.7037,0.9858,0.3537,-0.0009,-0.001,0.0012,0.0017,0.0,2.052,52.7721,60.3497,1.028,0.9659,0
45.348,53.5503,60.6909,1.056,-2.8517,-0.4081,0.0767,53.7424,60.7366,0.9526,0.2229,53.9096,60.6882,0.9894,0.3655,0.0011,0.0005,-0.0004,0.0013,0.06,1.88,52.7717,60.351,1.028,0.85,0
45.39,53.4311,60.6739,1.0592,-2.8656,-0.4066,0.0805,53.3937,60.666,1.0598,0.0383,53.7622,60.6747,0.999,0.3365,-0.0001,0.001,0.0002,0.0011,0.0,2.004,52.7715,60.3517,1.028,0.7348,0
45.431,53.3118,60.6571,1.063,-2.8595,-0.3972,0.1003,53.3937,60.666,1.0598,0.0825,53.6554,60.659,1.0016,0.3491,-0.0001,0.0003,0.0002,0.0004,0.0,2.099,52.4951,60.3401,1.017,0.8773,0
45.473,53.1932,60.6409,1.0666,-2.8301,-0.3811,0.0766,53.3937,60.666,1.0598,0.2021,53.5847,60.6488,1.0033,0.3967,0.0002,-0.0002,-0.0006,0.0006,0.065,1.869,52.4946,60.3416,1.017,0.7616,0
45.515,53.0762,60.6256,1.0696,-2.7926,-0.3577,0.0707,52.9438,60.4292,1.0701,0.2368,53.3808,60.6007,1.0198,0.3096,-0.0009,-0.0008,0.0001,0.0012,0.038,1.923,52.4944,60.3424,1.017,0.6492,0
45.556,52.9606,60.6112,1.0717,-2.7584,-0.3352,0.0377,52.9438,60.4292,1.0701,0.1827,53.3114,60.5922,1.0215,0.3549,-0.0004,-0.0009,0.0008,0.0013,0.046,1.802,52.4943,60.3427,1.017,0.5408,0
45.598,52.8468,60.5978,1.0729,-2.7049,-0.3078,0.0212,52.9438,60.4292,1.0701,0.1946,53.2094,60.5807,1.023,0.3665,-0.0005,-0.0003,0.0004,0.0007,0.057,1.886,52.2348,60.2992,1.028,0.6824,0
45.639,52.7358,60.5856,1.0736,-2.6241,-0.2789,0.0162,52.8669,60.586,1.0343,0.1368,53.0887,60.576,1.0258,0.3562,0.0003,-0.0014,-0.0003,0.0015,0.043,1.898,52.2347,60.2995,1.028,0.5789,0
45.681,52.6286,60.5746,1.0743,-2.5338,-0.2545,0.0112,52.8669,60.586,1.0343,0.2419,52.993,60.5673,1.0267,0.3676,0.0003,-0.0005,-0.002,0.0021,0.122,1.756,51.9532,60.2593,1.035,0.7464,0
45.723,52.525,60.5645,1.074,-2.4474,-0.2352,-0.0192,52.6631,60.5553,1.05,0.1405,52.8869,60.5589,1.0312,0.3645,0.0006,0.0004,-0.0004,0.0008,0.07,1.842,51.953,60.2597,1.035,0.6492,0
45.764,52.4249,60.5549,1.0731,-2.3695,-0.2245,-0.0181,52.6631,60.5553,1.05,0.2393,52.801,60.5512,1.0306,0.3786,-0.0007,-0.0002,-0.0002,0.0007,0.122,1.667,51.9528,60.2603,1.035,0.5577,0
45.806,52.3274,60.5457,1.0724,-2.3162,-0.2227,-0.0167,52.6631,60.5553,1.05,0.3365,52.746,60.5463,1.0303,0.4206,-0.0007,-0.0001,-0.0005,0.0009,0.145,1.711,51.6874,60.2497,1.046,0.7056,0
45.847,52.2316,60.5363,1.072,-2.2899,-0.2292,-0.0003,52.3257,60.5943,1.0601,0.1112,52.5918,60.5471,1.0343,0.3623,-0.0006,-0.0,-0.0005,0.0008,0.065,1.827,51.6868,60.2517,1.046,0.6153,0
45.889,52.1361,60.5263,1.0724,-2.2978,-0.249,0.0151,52.3257,60.5943,1.0601,0.2018,52.5364,60.5419,1.0346,0.4023,-0.0001,0.0009,0.0008,0.0012,0.023,1.874,51.6867,60.252,1.046,0.5272,0
45.931,52.0399,60.5154,1.0728,-2.3205,-0.2719,-0.0084,52.0631,60.5216,1.1267,0.059,52.3694,60.5296,1.0538,0.3304,0.0002,-0.0001,-0.0004,0.0005,0.1,1.8,51.3849,60.2314,1.024,0.7156,0
45.972,51.9428,60.5034,1.071,-2.3389,-0.3025,-0.065,52.0631,60.5216,1.1267,0.1339,52.3099,60.5226,1.0537,0.3681,0.0002,-0.0006,0.0003,0.0007,0.061,1.85,51.3847,60.232,1.024,0.6223,0
46.014,51.8448,60.49,1.0677,-2.3617,-0.3351,-0.084,52.0631,60.5216,1.1267,0.2284,52.2199,60.5107,1.0518,0.376,-0.0005,0.0005,-0.0003,0.0008,0.092,1.716,51.3845,60.2328,1.024,0.5292,0
46.055,51.746,60.4755,1.0642,-2.3765,-0.3574,-0.0881,52.0671,60.6432,1.0931,0.3634,52.1417,60.525,1.057,0.3988,0.0,-0.0003,-0.0007,0.0008,0.118,1.763,51.0299,60.1976,1.023,0.7693,0
46.097,51.6468,60.4603,1.0604,-2.385,-0.3692,-0.0923,52.0671,60.6432,1.0931,0.4595,52.0515,60.5109,1.0542,0.4079,0.0001,-0.0004,0.0006,0.0007,0.08,1.841,51.0296,60.1985,1.023,0.6715,0
46.139,51.547,60.4447,1.0563,-2.4061,-0.3795,-0.1084,52.0671,60.6432,1.0931,0.5579,51.991,60.5012,1.0522,0.4476,-0.0009,-0.0007,0.0005,0.0013,0.053,1.894,50.7691,60.1791,1.002,0.8239,0
46.18,51.4457,60.4287,1.0512,-2.4592,-0.3873,-0.1332,51.4301,60.5254,1.1998,0.178,51.8028,60.4922,1.0699,0.3632,-0.0003,-0.0008,-0.0001,0.0009,0.094,1.812,50.7684,60.1811,1.002,0.7228,0
46.222,51.3414,60.4123,1.0453,-2.5382,-0.399,-0.1453,51.4301,60.5254,1.1998,0.211,51.7386,60.4824,1.066,0.4038,-0.0004,-0.0002,-0.0007,0.0008,0.066,1.868,50.7683,60.1814,1.002,0.6194,0
46.263,51.2338,60.3954,1.0391,-2.6203,-0.4127,-0.1494,51.3465,60.1741,0.994,0.2524,51.5842,60.4147,1.0498,0.3511,0.0002,-0.0001,-0.0005,0.0005,0.038,1.822,50.7682,60.1818,1.002,0.5136,0
46.305,51.1231,60.3779,1.033,-2.6832,-0.4224,-0.1411,51.3465,60.1741,0.994,0.3049,51.5152,60.4035,1.046,0.3931,0.0001,-0.0006,-0.0011,0.0012,0.06,1.881,50.7681,60.1819,1.002,0.4067,0
46.347,51.0106,60.3604,1.0274,-2.7075,-0.4176,-0.1286,51.3465,60.1741,0.994,0.3856,51.4093,60.3865,1.0408,0.3999,-0.0008,-0.0003,-0.0013,0.0015,0.079,1.786,50.5092,60.1365,0.989,0.5504,0
46.388,50.8979,60.3435,1.0229,-2.698,-0.3926,-0.0797,50.8384,60.3356,0.955,0.0906,51.2541,60.3658,1.021,0.357,0.0002,-0.0009,0.0002,0.001,0.073,1.78,50.509,60.1372,0.989,0.4415,0
46.43,50.7863,60.3279,1.0207,-2.6546,-0.3588,-0.0374,50.8384,60.3356,0.955,0.0842,51.1529,60.3502,1.0184,0.3673,0.0004,-0.0004,-0.001,0.0012,0.078,1.801,50.2476,60.0636,1.003,0.6004,0
46.471,50.6772,60.3138,1.0195,-2.5889,-0.3223,-0.0237,50.8384,60.3356,0.955,0.175,51.0871,60.341,1.0174,0.4108,0.0001,0.0006,0.0002,0.0006,0.032,1.855,50.2474,60.0642,1.003,0.4973,0
46.513,50.5711,60.3012,1.0196,-2.5095,-0.2854,0.0274,50.6139,60.4481,0.9929,0.1553,50.9109,60.3487,1.0098,0.3432,-0.0005,-0.0007,0.0008,0.0012,0.01,1.981,49.9278,60.02,1.035,0.7023,0
46.555,50.4681,60.29,1.0215,-2.4463,-0.2589,0.0553,50.6139,60.4481,0.9929,0.217,50.8494,60.3421,1.0103,0.385,-0.0003,-0.0001,-0.0006,0.0006,0.012,1.976,49.9275,60.0208,1.035,0.6041,0
46.596,50.3673,60.2796,1.0241,-2.3973,-0.2419,0.0698,50.214,60.2122,0.8801,0.2209,50.6588,60.3088,0.9914,0.2948,0.0003,0.0001,-0.0014,0.0015,0.107,1.786,49.9273,60.0213,1.035,0.5103,0
46.638,50.2685,60.2698,1.0276,-2.3494,-0.2309,0.0794,50.214,60.2122,0.8801,0.1675,50.5997,60.3025,0.9937,0.3345,0.0005,0.0,-0.0002,0.0005,0.007,1.987,49.6679,59.9784,1.027,0.6676,0
46.679,50.1716,60.2603,1.0307,-2.3106,-0.2257,0.0744,50.214,60.2122,0.8801,0.1637,50.5133,60.2934,0.9968,0.345,-0.0001,-0.001,-0.0,0.001,0.049,1.902,49.6677,59.979,1.027,0.5771,0
46.721,50.076,60.2509,1.0339,-2.2793,-0.2267,0.0746,50.0271,60.3735,1.0597,0.1345,50.3731,60.3027,1.0061,0.3028,-0.0004,0.0006,-0.0012,0.0014,0.113,1.774,49.3854,59.9089,1.012,0.771,0
46.763,49.9818,60.2413,1.0364,-2.2473,-0.2328,0.0508,50.0271,60.3735,1.0597,0.1417,50.2888,60.2943,1.0074,0.3129,-0.0003,0.0008,0.0003,0.0009,0.01,1.981,49.3852,59.9094,1.012,0.6831,0
46.804,49.8888,60.2313,1.0384,-2.2235,-0.2524,0.0516,49.816,60.1433,0.9998,0.1205,50.1574,60.2637,1.0057,0.2726,-0.0,-0.0,0.0,0.0,0.076,1.847,49.3851,59.9099,1.012,0.5981,0
46.846,49.7964,60.22,1.0408,-2.2111,-0.2837,0.0554,49.816,60.1433,0.9998,0.0892,50.0744,60.2536,1.0063,0.2821,0.0002,-0.0001,0.0004,0.0004,0.0,2.041,49.1025,59.8796,1.01,0.7736,0
46.887,49.7044,60.2074,1.043,-2.2079,-0.3202,0.0513,49.816,60.1433,0.9998,0.1357,50.0194,60.2458,1.0066,0.3194,-0.0003,-0.0007,0.0003,0.0008,0.006,1.977,49.1018,59.8814,1.01,0.6859,0
46.929,49.6121,60.1931,1.0451,-2.225,-0.3621,0.05,49.6809,60.2233,0.9543,0.1178,49.8847,60.2267,1.0,0.2784,-0.0005,-0.0007,-0.0004,0.001,0.073,1.854,49.1014,59.8826,1.01,0.5987,0
46.971,49.5189,60.1771,1.0472,-2.2465,-0.4044,0.0632,49.6809,60.2233,0.9543,0.1924,49.8298,60.2159,1.0007,0.3168,0.0003,-0.0001,-0.0006,0.0007,0.025,1.951,48.7951,59.8326,1.048,0.8016,0
47.012,49.4249,60.1594,1.051,-2.2626,-0.4386,0.1057,49.4243,60.2902,1.1797,0.1835,49.6874,60.2145,1.0339,0.2688,-0.0002,-0.0007,-0.0008,0.0011,0.015,1.97,48.7946,59.8338,1.048,0.7094,0
47.054,49.3301,60.1406,1.0544,-2.2842,-0.4602,0.0648,49.4243,60.2902,1.1797,0.2167,49.6311,60.2023,1.0361,0.3078,-0.0002,0.0011,-0.0007,0.0013,0.04,1.842,48.7944,59.8344,1.048,0.6171,0
47.095,49.2346,60.1209,1.0566,-2.3003,-0.4805,0.0467,49.4243,60.2902,1.1797,0.2825,49.5458,60.1828,1.038,0.3179,0.0002,-0.0013,0.0008,0.0016,0.04,1.92,48.5048,59.7941,1.045,0.7997,0
47.137,49.1385,60.1007,1.0583,-2.3092,-0.4857,0.036,49.2852,60.1393,0.969,0.1761,49.4465,60.1701,1.0296,0.317,-0.0,-0.0004,-0.0006,0.0007,0.0,2.007,48.5042,59.7959,1.045,0.7039,0
47.179,49.042,60.0804,1.0597,-2.3229,-0.4911,0.0348,49.2852,60.1393,0.969,0.2662,49.3588,60.1528,1.0315,0.3262,-0.0005,0.0012,-0.0002,0.0013,0.0,2.088,48.2282,59.7395,1.051,0.8823,0
47.22,48.9446,60.0598,1.0612,-2.3508,-0.4994,0.0364,49.2852,60.1393,0.969,0.3617,49.2997,60.141,1.0328,0.3654,0.0005,0.0001,-0.0006,0.0008,0.052,1.895,48.228,59.7401,1.051,0.7847,0
47.262,48.8458,60.0386,1.0614,-2.3903,-0.5135,-0.0272,48.8307,60.0642,1.2366,0.1777,49.1319,60.1085,1.0708,0.2946,0.0007,0.0002,-0.0001,0.0008,0.012,1.976,48.2279,59.7405,1.051,0.6862,0
47.303,48.7452,60.0169,1.0594,-2.4333,-0.5279,-0.0732,48.8307,60.0642,1.2366,0.2024,49.0705,60.0955,1.0704,0.3349,0.0,-0.001,-0.0006,0.0011,0.0,2.105,47.9485,59.6535,1.005,0.8773,0
47.345,48.643,59.9946,1.0551,-2.4681,-0.5401,-0.1046,48.6846,60.1834,1.0045,0.1998,48.922,60.0886,1.0523,0.2944,-0.0001,0.0,0.0,0.0001,0.013,1.973,47.9483,59.6541,1.005,0.7753,0
47.387,48.5393,59.9717,1.0511,-2.5051,-0.559,-0.09,48.6846,60.1834,1.0045,0.2609,48.8593,60.0741,1.049,0.336,-0.0002,0.0001,-0.0002,0.0003,0.0,2.002,47.9483,59.6542,1.005,0.6725,0
47.428,48.4343,59.948,1.0475,-2.53,-0.5754,-0.0802,48.4168,59.8986,1.0705,0.0573,48.7002,60.0239,1.0524,0.2766,-0.0005,0.0001,0.0015,0.0016,0.082,1.836,47.668,59.5789,0.988,0.8527,0
47.47,48.3289,59.9238,1.0429,-2.5283,-0.5842,-0.1279,48.4168,59.8986,1.0705,0.0955,48.6356,60.008,1.0501,0.3181,0.0004,-0.0005,-0.0013,0.0015,0.004,1.991,47.6678,59.5794,0.988,0.7474,0
47.511,48.2239,59.8994,1.0373,-2.5116,-0.5882,-0.1352,48.4168,59.8986,1.0705,0.1957,48.5391,59.9838,1.0453,0.3264,0.0002,0.0004,0.0001,0.0005,0.02,1.96,47.6677,59.5799,0.988,0.6434,0
47.553,48.1197,59.8748,1.0316,-2.4866,-0.5911,-0.1429,48.122,60.0482,1.1043,0.188,48.4136,59.9812,1.0526,0.3132,0.0006,0.0002,-0.0003,0.0007,0.028,1.945,47.6676,59.58,0.988,0.5415,0
47.595,48.0172,59.8501,1.0258,-2.4399,-0.5939,-0.1315,48.122,60.0482,1.1043,0.2375,48.322,59.9578,1.0479,0.324,-0.0005,-0.0,-0.0006,0.0008,0.0,2.016,47.3978,59.5341,1.008,0.6955,0
47.636,47.9165,59.8254,1.0207,-2.396,-0.5912,-0.1146,47.8264,59.849,1.0971,0.1205,48.187,59.9257,1.0505,0.29,-0.0007,0.0011,-0.0009,0.0016,0.018,1.879,47.3976,59.5346,1.008,0.595,0
47.678,47.8174,59.8007,1.0163,-2.3672,-0.5954,-0.1179,47.8264,59.849,1.0971,0.0945,48.0994,59.9021,1.046,0.3011,0.0001,0.0,0.0004,0.0004,0.018,1.964,47.075,59.4743,0.979,0.8119,0
47.719,47.7192,59.7758,1.0109,-2.3541,-0.5983,-0.1335,47.8264,59.849,1.0971,0.1558,48.0418,59.8863,1.0423,0.3424,-0.0003,-0.0006,-0.0001,0.0006,0.0,2.019,47.0743,59.4761,0.979,0.7118,0
47.761,47.6211,59.7508,1.006,-2.3569,-0.6034,-0.1026,47.6728,59.8262,0.984,0.0941,47.8919,59.8519,1.0279,0.2899,0.0004,0.0014,0.0009,0.0017,0.067,1.865,46.8053,59.4289,0.993,0.8771,0
47.803,47.5223,59.7255,1.0022,-2.3839,-0.6113,-0.0815,47.6728,59.8262,0.984,0.182,47.8332,59.8356,1.0253,0.3306,-0.0001,-0.0008,-0.0015,0.0017,0.04,1.921,46.805,59.4297,0.993,0.776,0
47.844,47.4221,59.6998,0.9991,-2.4245,-0.618,-0.0725,47.2777,59.6295,0.8929,0.1925,47.6638,59.7786,1.0012,0.2542,-0.0016,0.0007,0.0007,0.0019,0.037,1.927,46.8044,59.4311,0.993,0.6736,0
47.886,47.3202,59.6741,0.9968,-2.4592,-0.6167,-0.0429,47.2777,59.6295,0.8929,0.1208,47.6035,59.7616,0.9999,0.2966,-0.0001,0.0011,-0.0008,0.0014,0.068,1.865,46.8044,59.4313,0.993,0.5701,0
47.927,47.2175,59.6487,0.9955,-2.4658,-0.6025,-0.0237,47.2777,59.6295,0.8929,0.1205,47.5121,59.7365,0.999,0.3075,-0.0002,0.0006,-0.0008,0.001,0.022,1.957,46.4583,59.3365,0.999,0.8209,0
47.969,47.1151,59.624,0.9946,-2.4482,-0.5808,-0.0198,47.1358,59.6675,0.932,0.0789,47.3901,59.7128,0.9904,0.289,-0.0,-0.0003,0.0011,0.0011,0.0,2.005,46.4583,59.3365,0.999,0.717,0
48.011,47.0136,59.6004,0.9937,-2.426,-0.5589,-0.0211,47.1358,59.6675,0.932,0.1525,47.2984,59.6908,0.9914,0.2989,-0.0001,0.0002,-0.0,0.0002,0.045,1.909,46.1677,59.2479,1.015,0.9166,0
48.052,46.913,59.5775,0.9931,-2.4084,-0.543,-0.009,47.1358,59.6675,0.932,0.248,47.238,59.6766,0.9921,0.3398,0.001,-0.0005,0.0005,0.0012,0.018,1.964,46.1671,59.2496,1.015,0.815,0
48.094,46.8127,59.555,0.9929,-2.4087,-0.5389,-0.0061,46.7409,59.5752,1.044,0.0904,47.0669,59.6361,1.0027,0.267,0.0002,-0.0007,0.0003,0.0008,0.011,1.979,46.1669,59.2501,1.015,0.7145,0
48.135,46.712,59.5325,0.9925,-2.4217,-0.5417,-0.0117,46.7409,59.5752,1.044,0.0728,47.0062,59.6214,1.0037,0.3075,-0.0005,-0.0004,-0.0006,0.0009,0.069,1.862,45.8913,59.1708,1.015,0.8972,0
48.177,46.6107,59.5097,0.992,-2.4452,-0.5534,-0.013,46.7409,59.5752,1.044,0.1548,46.9142,59.5991,1.005,0.3167,-0.0001,0.0003,0.0002,0.0004,0.027,1.946,45.891,59.1715,1.015,0.7955,0
48.219,46.5079,59.4862,0.9916,-2.4859,-0.5758,-0.0024,46.4749,59.3228,0.9112,0.185,46.7805,59.5381,0.9895,0.2775,-0.0002,-0.001,0.0004,0.0011,0.0,2.088,45.6253,59.0982,1.01,0.9642,0
48.26,46.4031,59.4615,0.9916,-2.5416,-0.6058,0.0021,46.4749,59.3228,0.9112,0.1757,46.6862,59.5145,0.9913,0.288,-0.0001,-0.0007,0.0001,0.0007,0.0,2.14,45.6251,59.0987,1.01,0.8586,0
48.302,46.2957,59.4356,0.9916,-2.6053,-0.6335,-0.0054,46.4595,59.4752,1.1761,0.2498,46.5896,59.4941,1.0178,0.3008,0.0001,0.0009,-0.001,0.0014,0.0,2.019,45.6248,59.0995,1.01,0.7506,0
48.343,46.1859,59.4086,0.9912,-2.6565,-0.6568,-0.0095,46.4595,59.4752,1.1761,0.3368,46.4902,59.4686,1.0168,0.3112,-0.0007,0.0002,-0.0007,0.001,0.0,2.111,45.6247,59.0997,1.01,0.6409,0
48.385,46.0746,59.3809,0.9908,-2.6778,-0.6733,-0.0099,46.4595,59.4752,1.1761,0.4374,46.4226,59.4508,1.0161,0.3559,-0.0003,0.0009,-0.0002,0.0009,0.0,2.138,45.34,59.0961,1.001,0.788,0
48.427,45.9629,59.3527,0.9898,-2.6839,-0.6745,-0.0377,46.1912,59.2534,1.1204,0.2812,46.2837,59.3918,1.0332,0.3261,0.0001,0.0009,0.0004,0.001,0.006,1.988,45.3392,59.0982,1.001,0.6738,0
48.468,45.8512,59.325,0.9882,-2.6753,-0.6544,-0.0389,46.1912,59.2534,1.1204,0.3718,46.2161,59.3741,1.0318,0.3708,0.0005,-0.0006,-0.0002,0.0008,0.041,1.918,45.3387,59.0992,1.001,0.5601,0
48.51,45.7404,59.2985,0.9867,-2.6406,-0.6203,-0.0364,45.8474,59.4003,0.9993,0.1482,46.0598,59.3592,1.0238,0.3273,-0.0005,-0.0001,0.0001,0.0005,0.0,2.027,45.0559,59.0564,0.991,0.7261,0
48.551,45.6316,59.2736,0.985,-2.5882,-0.577,-0.0441,45.8474,59.4003,0.9993,0.2507,45.9939,59.3447,1.0223,0.3712,0.0,0.0003,-0.0012,0.0012,0.01,1.98,45.0549,59.0587,0.991,0.6154,0
48.593,45.525,59.2506,0.9832,-2.5316,-0.5325,-0.0401,45.41,59.3668,1.1138,0.2092,45.8142,59.3321,1.0353,0.3049,-0.0007,-0.0001,-0.0004,0.0008,0.028,1.945,44.7786,59.021,1.013,0.7815,0
48.635,45.4207,59.2293,0.9813,-2.4824,-0.4951,-0.0463,45.41,59.3668,1.1138,0.1912,45.7521,59.3207,1.0338,0.3477,0.0007,0.0,-0.0005,0.0009,0.001,1.998,44.7779,59.0226,1.013,0.6759,0
48.676,45.3181,59.2093,0.9795,-2.4464,-0.4701,-0.0387,45.41,59.3668,1.1138,0.2265,45.6609,59.3049,1.0316,0.3596,0.0003,-0.0009,0.0013,0.0016,0.097,1.806,44.5318,58.9214,1.045,0.84,0
48.718,45.217,59.1901,0.9788,-2.4131,-0.4526,-0.0098,45.4641,59.2947,0.9979,0.269,45.5778,59.2936,1.0292,0.3787,0.0004,-0.0003,0.0005,0.0007,0.063,1.874,44.5319,58.921,1.045,0.739,0
48.759,45.1168,59.1714,0.9783,-2.4007,-0.4497,-0.0096,45.4641,59.2947,0.9979,0.3691,45.4913,59.2791,1.0303,0.3932,0.0007,0.0004,-0.0006,0.001,0.026,1.947,44.5316,58.9218,1.045,0.6397,0
48.801,45.0166,59.1524,0.9777,-2.4129,-0.4645,-0.0235,45.4641,59.2947,0.9979,0.4701,45.4338,59.2693,1.0311,0.4366,0.0003,0.0002,-0.0002,0.0004,0.002,1.997,44.2753,58.8275,1.027,0.8109,0
48.843,44.9152,59.1324,0.9765,-2.4531,-0.4967,-0.0331,45.0289,59.0445,1.0897,0.1829,45.2758,59.21,1.0399,0.3742,0.0001,-0.0005,-0.0005,0.0008,0.071,1.859,44.2751,58.828,1.027,0.7106,0
48.884,44.8115,59.1105,0.9748,-2.5253,-0.5497,-0.0499,45.0289,59.0445,1.0897,0.2547,45.2143,59.1966,1.0394,0.4169,-0.0001,0.0005,0.0003,0.0006,0.043,1.913,44.2751,58.828,1.027,0.6085,0
48.926,44.7042,59.0862,0.9724,-2.6169,-0.611,-0.0581,44.6936,59.1985,1.03,0.1266,45.0376,59.1739,1.0359,0.3505,-0.0002,0.0001,0.0002,0.0003,0.104,1.793,44.015,58.7635,1.019,0.7624,0
48.967,44.593,59.0593,0.9697,-2.7081,-0.6732,-0.0699,44.6936,59.1985,1.03,0.182,44.9693,59.1558,1.0344,0.3938,-0.0,-0.0008,-0.0009,0.0012,0.072,1.855,44.0147,58.7642,1.019,0.6511,0
49.009,44.4784,59.03,0.9666,-2.7821,-0.7298,-0.0766,44.6936,59.1985,1.03,0.2806,44.863,59.1259,1.0317,0.4017,0.0004,0.0013,-0.0024,0.0028,0.019,1.922,44.0143,58.7653,1.019,0.5369,0
49.051,44.3615,58.9985,0.9638,-2.82,-0.7719,-0.0416,44.2908,59.0823,0.9399,0.1122,44.7036,59.1006,1.0133,0.3604,0.0004,-0.0002,-0.0003,0.0005,0.0,2.065,43.7227,58.6855,1.045,0.7159,0
49.092,44.2441,58.9658,0.9642,-2.8105,-0.7943,0.0404,44.2908,59.0823,0.9399,0.1279,44.5951,59.0673,1.0133,0.3687,-0.0,-0.0002,-0.0002,0.0003,0.008,1.945,43.7219,58.6875,1.045,0.5972,0
49.134,44.1278,58.9325,0.9667,-2.7708,-0.7992,0.0748,44.2908,59.0823,0.9399,0.223,44.5233,59.0447,1.0152,0.414,-0.0004,0.0008,-0.0002,0.001,0.061,1.878,43.7218,58.6878,1.045,0.4805,0
49.175,44.0139,58.8995,0.9704,-2.6936,-0.7856,0.1049,44.0851,58.81,1.0766,0.156,44.3559,58.9774,1.0264,0.3551,0.0005,-0.0001,-0.0004,0.0006,0.028,1.944,43.4085,58.6407,1.038,0.6619,0
49.217,43.9038,58.8674,0.9739,-2.5957,-0.7543,0.0683,44.0851,58.81,1.0766,0.2162,44.2899,58.9565,1.0285,0.4,-0.0003,-0.0004,-0.0001,0.0005,0.032,1.935,43.4077,58.6425,1.038,0.5484,0
49.259,43.7985,58.8371,0.9763,-2.468,-0.7018,0.0535,44.0851,58.81,1.0766,0.3049,44.1961,58.9272,1.0305,0.4113,0.0003,-0.0001,0.0019,0.0019,0.081,1.837,43.4065,58.6453,1.038,0.4407,0
49.3,43.6988,58.8094,0.9786,-2.3317,-0.6335,0.0555,43.8825,58.6466,0.8973,0.2586,44.0815,58.8682,1.0108,0.3885,0.0004,0.0006,-0.0011,0.0013,0.008,1.972,43.1451,58.5493,1.052,0.6162,0
49.342,43.6045,58.7844,0.9803,-2.2082,-0.571,0.0315,43.8825,58.6466,0.8973,0.3212,43.999,58.8473,1.0129,0.4008,0.0003,-0.0004,0.0013,0.0014,0.048,1.903,43.1443,58.551,1.052,0.5209,0
49.383,43.5151,58.7621,0.9816,-2.0991,-0.51,0.0337,43.8825,58.6466,0.8973,0.3943,43.9477,58.8354,1.0139,0.44,0.0,0.0005,-0.0008,0.0009,0.074,1.851,43.1443,58.551,1.052,0.4324,0
49.425,43.4296,58.742,0.983,-2.0143,-0.4622,0.0256,43.4068,58.8332,1.1539,0.1951,43.7747,58.8188,1.0371,0.3576,-0.0,-0.0009,-0.0004,0.001,0.005,1.971,42.88,58.4348,1.06,0.6344,0
49.467,43.3474,58.7235,0.9839,-1.943,-0.4308,0.0207,43.4068,58.8332,1.1539,0.2109,43.7273,58.8096,1.0372,0.3931,-0.0002,-0.0003,-0.0002,0.0004,0.037,1.927,42.8798,58.4351,1.06,0.5546,0
49.508,43.2675,58.7059,0.9849,-1.9025,-0.4184,0.0229,43.4344,58.6696,0.9514,0.174,43.6068,58.7733,1.0269,0.3485,-0.0001,0.0002,0.0006,0.0007,0.07,1.859,42.5573,58.3032,1.057,0.8196,0
49.55,43.1884,58.6882,0.9861,-1.9022,-0.4327,0.0364,43.4344,58.6696,0.9514,0.2491,43.5604,58.7648,1.0281,0.3821,-0.0002,-0.0003,0.0012,0.0013,0.05,1.899,42.5571,58.3038,1.057,0.7426,0
49.591,43.1084,58.6693,0.9881,-1.9417,-0.4736,0.0532,43.0715,58.8491,1.0409,0.191,43.4144,58.7586,1.0361,0.3224,-0.0001,0.0,0.0014,0.0014,0.099,1.773,42.557,58.304,1.057,0.665,0
49.633,43.0262,58.6484,0.9896,-2.0003,-0.5284,0.0338,43.0715,58.8491,1.0409,0.212,43.3655,58.7456,1.0387,0.3563,-0.0002,-0.0006,-0.0006,0.0009,0.091,1.818,42.2968,58.2254,1.077,0.8477,0
49.675,42.9411,58.6247,0.9915,-2.077,-0.6038,0.0488,43.0715,58.8491,1.0409,0.2642,43.289,58.7231,1.0427,0.3651,0.0004,-0.0004,-0.0002,0.0006,0.055,1.889,42.2966,58.226,1.077,0.7628,0
49.716,42.8525,58.5978,0.9932,-2.1681,-0.6818,0.0328,43.0715,58.8491,1.0409,0.3367,43.2354,58.7057,1.0455,0.4012,-0.0001,0.0004,-0.0002,0.0005,0.03,1.941,42.0252,58.1069,1.055,0.9641,0
49.758,42.76,58.5675,0.9939,-2.2638,-0.7649,0.0023,42.6673,58.6394,1.0855,0.1489,43.0508,58.6662,1.0524,0.3126,-0.0003,-0.0,0.0015,0.0015,0.0,2.107,42.0247,58.1079,1.055,0.8693,0
49.799,42.6633,58.5336,0.9932,-2.3688,-0.8547,-0.0299,42.6673,58.6394,1.0855,0.1405,42.9908,58.6438,1.0529,0.3506,0.0001,0.0,0.0002,0.0003,0.026,1.948,42.0244,58.1084,1.055,0.7699,0
49.841,42.5623,58.4959,0.9915,-2.4707,-0.9468,-0.0393,42.4625,58.5445,0.9964,0.1111,42.8155,58.5967,1.0381,0.2766,-0.0004,-0.0005,-0.0,0.0006,0.069,1.862,42.0243,58.1088,1.055,0.6658,0
49.883,42.4574,58.4544,0.9907,-2.5502,-1.0365,-0.0007,42.4625,58.5445,0.9964,0.0905,42.7503,58.57,1.037,0.3183,-0.0002,-0.0006,0.0003,0.0007,0.036,1.928,41.7784,57.9916,1.057,0.8244,0
49.924,42.35,58.4095,0.9912,-2.5966,-1.1061,0.0203,42.4625,58.5445,0.9964,0.1758,42.6494,58.5259,1.037,0.3245,-0.0001,0.0003,-0.0013,0.0013,0.0,2.018,41.7785,57.9913,1.057,0.7112,0
49.966,42.2413,58.3621,0.9928,-2.6108,-1.1608,0.0604,42.3211,58.4658,0.9183,0.1506,42.5296,58.4899,1.0165,0.3163,-0.0008,-0.0005,0.0011,0.0014,0.052,1.896,41.7786,57.9912,1.057,0.5966,0
50.007,42.133,58.313,0.9962,-2.5853,-1.1907,0.0994,42.3211,58.4658,0.9183,0.2546,42.4288,58.4429,1.0195,0.324,-0.0001,0.0002,0.0006,0.0006,0.108,1.785,41.52,57.9104,1.041,0.7347,0
50.049,42.0265,58.2632,1.0001,-2.5236,-1.1947,0.0964,42.1783,58.3904,0.9435,0.206,42.3281,58.4063,1.0095,0.3339,-0.0013,0.0007,-0.001,0.0017,0.028,1.945,41.5196,57.9114,1.041,0.6184,0
50.091,41.9232,58.2137,1.0043,-2.4412,-1.1796,0.1006,42.1783,58.3904,0.9435,0.3162,42.235,58.36,1.0133,0.3445,0.0004,-0.0004,-0.0006,0.0009,0.027,1.841,41.258,57.8397,1.011,0.7632,0
50.132,41.8232,58.1651,1.0067,-2.368,-1.1521,0.0311,42.1783,58.3904,0.9435,0.4253,42.1752,58.3298,1.0147,0.3888,0.0004,-0.0003,-0.0003,0.0006,0.029,1.941,41.2573,57.8413,1.011,0.6519,0
50.174,41.7263,58.1181,1.0073,-2.2906,-1.1095,-0.003,41.6143,57.9781,1.05,0.1843,42.0023,58.2316,1.0265,0.299,-0.0004,-0.0003,-0.0005,0.0007,0.08,1.84,41.2562,57.8437,1.011,0.5443,0
50.215,41.6324,58.073,1.0067,-2.2218,-1.0543,-0.0205,41.6143,57.9781,1.05,0.1059,41.9482,58.2046,1.0269,0.3427,0.0001,-0.0002,0.0002,0.0003,0.11,1.78,41.256,57.8441,1.011,0.4406,0
50.257,41.5414,58.0305,1.0049,-2.1463,-0.9853,-0.0335,41.5452,58.0619,0.8878,0.1213,41.8007,58.142,0.9944,0.2824,0.0007,-0.0003,0.0012,0.0015,0.045,1.911,40.9738,57.7609,0.989,0.6287,0
50.299,41.4541,57.9915,1.0046,-2.0576,-0.9006,0.01,41.5452,58.0619,0.8878,0.164,41.7494,58.1184,0.9924,0.3217,-0.0007,0.0002,-0.0004,0.0008,0.073,1.854,40.9738,57.7609,0.989,0.533,0
50.34,41.37,57.9557,1.0056,-1.9884,-0.825,0.0293,41.5452,58.0619,0.8878,0.2363,41.6764,58.0869,0.991,0.3336,-0.0,0.0008,0.0012,0.0014,0.0,2.075,40.7045,57.6264,0.974,0.7432,0
50.382,41.2882,57.9226,1.0056,-1.9437,-0.7675,-0.0127,41.2578,57.9786,0.8803,0.1406,41.56,58.0571,0.9754,0.3047,-0.0007,-0.0001,0.0003,0.0007,0.021,1.958,40.7045,57.6264,0.974,0.6553,0
50.423,41.2078,57.8919,1.005,-1.925,-0.715,-0.0135,41.2578,57.9786,0.8803,0.1599,41.4904,58.0338,0.9744,0.3177,-0.0003,-0.0002,-0.0013,0.0013,0.058,1.885,40.7045,57.6264,0.974,0.5698,0
50.465,41.1276,57.8629,1.0046,-1.9272,-0.6833,-0.0074,41.2578,57.9786,0.8803,0.214,41.4442,58.0197,0.9739,0.3547,0.0,0.0001,0.0009,0.0009,0.069,1.861,40.7045,57.6265,0.974,0.4856,0
50.507,41.0469,57.8348,1.0044,-1.9473,-0.6721,0.003,41.0118,57.8163,0.8529,0.1567,41.3076,57.9606,0.9568,0.2934,0.0,-0.0,-0.0006,0.0006,0.0,1.999,40.4089,57.5219,0.977,0.7111,0
50.548,40.9649,57.8065,1.0049,-1.9895,-0.6856,0.015,41.0118,57.8163,0.8529,0.1594,41.2611,57.9462,0.9579,0.3308,-0.0012,-0.0008,0.0001,0.0015,0.024,1.952,40.4087,57.5222,0.977,0.6252,0
50.59,40.8804,57.7773,1.0063,-2.0628,-0.7191,0.0503,41.0917,57.7069,1.0033,0.2227,41.1615,57.8809,0.9661,0.3022,0.0004,0.0002,-0.0008,0.0009,0.052,1.897,40.1508,57.4433,0.996,0.8025,0
50.631,40.7923,57.7462,1.0085,-2.162,-0.769,0.0512,41.0917,57.7069,1.0033,0.302,41.1086,57.8631,0.9682,0.3397,-0.0001,-0.0003,-0.0002,0.0004,0.027,1.945,40.1498,57.4453,0.996,0.7095,0
50.673,40.6994,57.7129,1.0106,-2.2882,-0.8282,0.0694,41.0917,57.7069,1.0033,0.3924,41.0243,57.834,0.971,0.3489,0.0006,-0.0005,0.0006,0.0009,0.116,1.767,39.789,57.288,1.019,1.0047,0
50.715,40.6009,57.6768,1.0142,-2.4295,-0.8962,0.0942,40.6774,57.6902,0.9909,0.0811,40.9105,57.7836,0.9741,0.33,-0.0008,0.0,-0.0007,0.0011,0.06,1.88,39.7881,57.2898,1.019,0.9002,0
50.756,40.4964,57.638,1.0178,-2.5693,-0.9606,0.074,40.6774,57.6902,0.9909,0.1903,40.8149,57.7463,0.9774,0.3388,-0.0003,-0.0002,0.0001,0.0004,0.014,1.972,39.7875,57.291,1.019,0.7893,0
50.798,40.3864,57.5966,1.0202,-2.6987,-1.0183,0.0516,40.3085,57.7089,0.9838,0.1414,40.6698,57.7157,0.9786,0.3102,0.0,0.0008,-0.0002,0.0009,0.081,1.819,39.5804,57.2053,1.019,0.896,0
50.839,40.2712,57.553,1.0225,-2.8126,-1.0661,0.0565,40.3085,57.7089,0.9838,0.1648,40.5625,57.673,0.9799,0.3178,0.0008,0.0007,-0.0011,0.0015,0.039,1.923,39.5803,57.2054,1.019,0.7734,0
50.881,40.1521,57.5078,1.025,-2.8897,-1.1,0.0648,40.3085,57.7089,0.9838,0.2581,40.4878,57.6431,0.9809,0.3646,-0.0002,-0.0003,-0.0004,0.0005,0.002,1.995,39.5803,57.2055,1.019,0.6468,0
50.923,40.0308,57.4615,1.0284,-2.9212,-1.1162,0.1034,40.1717,57.5316,1.1177,0.181,40.3304,57.5841,1.002,0.3247,-0.0001,0.0007,0.0006,0.0009,0.047,1.906,39.3291,57.1009,1.043,0.7891,0
50.964,39.9093,57.415,1.0337,-2.9075,-1.1148,0.1429,40.1717,57.5316,1.1177,0.2992,40.2545,57.554,1.004,0.3733,0.0002,0.0007,0.0002,0.0007,0.01,1.98,39.3291,57.1009,1.043,0.6598,0
51.006,39.7891,57.3688,1.0401,-2.8603,-1.1016,0.1624,39.8842,57.4511,0.9729,0.1426,40.0996,57.5025,1.007,0.3397,-0.0007,-0.0015,0.0017,0.0024,0.073,1.855,39.3288,57.1016,1.043,0.5323,0
51.047,39.6715,57.3234,1.0461,-2.7893,-1.0797,0.1233,39.8842,57.4511,0.9729,0.2587,40.0283,57.4747,1.011,0.3892,-0.001,-0.0003,0.0006,0.0012,0.038,1.923,39.0655,57.0071,1.04,0.6836,0
51.089,39.5573,57.279,1.0507,-2.698,-1.0528,0.1014,39.8842,57.4511,0.9729,0.3775,39.925,57.4342,1.0153,0.4007,0.0002,-0.0006,0.0011,0.0013,0.02,1.96,39.0651,57.0078,1.04,0.5621,0
51.131,39.4473,57.2358,1.0548,-2.591,-1.0246,0.099,39.5008,57.2514,1.1192,0.0852,39.7959,57.3819,1.0324,0.3786,-0.0,0.0006,-0.0009,0.0011,0.09,1.821,39.0646,57.0089,1.04,0.4452,0
51.172,39.3421,57.1939,1.059,-2.4653,-0.9892,0.1046,39.5008,57.2514,1.1192,0.1792,39.7034,57.3451,1.035,0.3924,0.0004,-0.0001,0.0021,0.0021,0.139,1.722,39.0645,57.009,1.04,0.3341,0
51.214,39.2423,57.1534,1.0623,-2.3485,-0.957,0.0282,39.5008,57.2514,1.1192,0.2822,39.6457,57.3217,1.0363,0.4379,0.0003,-0.0,-0.0001,0.0003,0.006,1.988,38.7773,56.8504,0.998,0.5587,0
51.255,39.1472,57.1144,1.0616,-2.2253,-0.9205,-0.0506,39.0664,57.0627,1.0602,0.0959,39.4614,57.2419,1.0408,0.3397,0.0006,0.0008,0.0,0.001,0.023,1.955,38.4875,56.7679,1.015,0.7466,0
51.297,39.0573,57.0769,1.0582,-2.1021,-0.8782,-0.0925,39.0664,57.0627,1.0602,0.0171,39.4095,57.2201,1.0375,0.3808,0.0003,0.0008,0.0019,0.0021,0.0,2.007,38.4851,56.7726,1.015,0.6495,0
51.339,38.9723,57.0413,1.0547,-1.9948,-0.8372,-0.0678,39.0421,57.1184,1.0181,0.1103,39.2745,57.1723,1.0289,0.3304,0.0002,0.0001,-0.0009,0.0009,0.058,1.885,38.1266,56.6533,0.997,0.9323,0
51.38,38.8906,57.007,1.0519,-1.9355,-0.816,-0.0461,39.0421,57.1184,1.0181,0.1911,39.2273,57.1524,1.0257,0.3677,0.0001,-0.0001,-0.0003,0.0003,0.054,1.892,38.4836,56.7755,1.015,0.4697,0
51.422,38.8106,56.9731,1.0502,-1.9142,-0.8133,-0.0395,39.0421,57.1184,1.0181,0.2753,39.1586,57.123,1.0224,0.38,-0.0,0.0006,0.0009,0.0011,0.019,1.961,38.1244,56.6573,0.997,0.7572,0
51.463,38.7305,56.939,1.0484,-1.9344,-0.8236,-0.0612,38.6008,56.9016,1.1377,0.1618,39.0151,57.0616,1.0438,0.3099,0.0001,0.0005,0.0003,0.0006,0.011,1.978,38.1211,56.6635,0.997,0.6708,0
51.505,38.6487,56.9043,1.0453,-1.9919,-0.8421,-0.0802,38.6008,56.9016,1.1377,0.1041,38.9432,57.0298,1.0408,0.3202,0.0003,-0.0006,0.0,0.0007,0.018,1.899,38.1202,56.6651,0.997,0.5821,0
51.547,38.5639,56.8686,1.0422,-2.0742,-0.8663,-0.059,38.6008,56.9016,1.1377,0.1075,38.8933,57.0079,1.0386,0.3577,-0.0004,0.0002,-0.0008,0.0009,0.025,1.95,37.8498,56.6118,1.014,0.7594,0
51.588,38.4754,56.8321,1.0393,-2.1677,-0.8873,-0.0849,38.4999,57.0126,1.1969,0.2409,38.7378,56.9711,1.0637,0.2979,-0.0,-0.0001,0.0003,0.0003,0.09,1.82,37.6379,56.596,1.012,0.8705,0
51.63,38.3824,56.7946,1.0353,-2.2848,-0.9088,-0.1042,38.4999,57.0126,1.1969,0.2957,38.6798,56.947,1.0614,0.3351,0.0,-0.0003,0.0013,0.0013,0.062,1.877,37.6337,56.6032,1.012,0.7732,0
51.671,38.2844,56.7564,1.0304,-2.4086,-0.9233,-0.1275,38.4009,56.6706,0.9962,0.1487,38.5518,56.8692,1.0513,0.291,0.0008,0.0008,-0.0002,0.0012,0.03,1.94,37.6259,56.6159,1.012,0.6735,0
51.713,38.1815,56.7179,1.0241,-2.517,-0.9193,-0.1659,38.4009,56.6706,0.9962,0.2262,38.4869,56.8448,1.0487,0.3316,-0.0001,-0.0003,-0.0004,0.0005,0.065,1.871,37.6285,56.6117,1.012,0.5632,0
51.755,38.0744,56.6802,1.0182,-2.613,-0.888,-0.1115,38.4009,56.6706,0.9962,0.3275,38.3845,56.809,1.0447,0.3368,0.0,-0.0014,0.0018,0.0022,0.0,2.105,37.2681,56.5749,1.037,0.8133,0
51.796,37.9639,56.6443,1.0143,-2.6784,-0.8379,-0.0867,37.9133,56.4301,1.1951,0.2849,38.2464,56.7215,1.0671,0.2975,-0.0003,-0.0,0.0003,0.0004,0.027,1.945,37.2589,56.5889,1.037,0.7075,0
51.838,37.8512,56.6107,1.0107,-2.7244,-0.7776,-0.0884,37.9133,56.4301,1.1951,0.2656,38.1405,56.6892,1.0649,0.3046,0.0003,-0.0007,0.0006,0.0009,0.0,2.091,37.004,56.5286,1.031,0.8514,0
51.879,37.737,56.5801,1.0069,-2.7525,-0.7005,-0.0915,37.9133,56.4301,1.1951,0.2984,38.0687,56.6699,1.0634,0.3483,-0.0002,0.0,-0.0004,0.0005,0.028,1.945,36.9945,56.5422,1.031,0.7439,0
51.921,37.6218,56.5528,1.0032,-2.7702,-0.6151,-0.0825,37.6373,56.5956,0.9262,0.0894,37.9026,56.6351,1.0412,0.295,-0.0001,-0.0002,0.0002,0.0003,0.092,1.849,36.9747,56.569,1.031,0.6479,0
51.963,37.5065,56.5293,1.0001,-2.7602,-0.5196,-0.0691,37.6373,56.5956,0.9262,0.1642,37.8323,56.6216,1.041,0.3411,0.0001,0.0,0.0009,0.0009,0.039,1.779,36.9747,56.569,1.031,0.5342,0
52.004,37.3922,56.5095,0.9959,-2.7298,-0.4436,-0.1353,37.6373,56.5956,0.9262,0.269,37.7279,56.6054,1.0398,0.352,-0.0007,-0.0003,0.0013,0.0015,0.044,1.887,36.6413,56.5206,0.992,0.7509,0
52.046,37.2795,56.493,0.9903,-2.6776,-0.3537,-0.1121,37.2363,56.5887,0.9126,0.1306,37.5792,56.5943,1.0119,0.317,0.0003,-0.0007,-0.0003,0.0008,0.12,1.855,36.6361,56.5271,0.992,0.6444,0
52.087,37.1694,56.4803,0.9865,-2.6141,-0.2673,-0.0774,37.2363,56.5887,0.9126,0.1473,37.4809,56.5861,1.0093,0.3298,-0.0003,-0.0004,0.0007,0.0008,0.168,1.761,36.62,56.5462,0.992,0.5533,0
52.129,37.0622,56.471,0.9838,-2.5371,-0.1869,-0.0546,37.2536,56.5153,0.9776,0.1966,37.3805,56.5644,1.0035,0.3324,-0.0011,0.0013,0.0001,0.0017,0.183,1.66,36.6146,56.5525,0.992,0.455,0
52.171,36.9583,56.4647,0.9806,-2.4576,-0.1221,-0.1022,37.2536,56.5153,0.9776,0.2996,37.2894,56.5608,1.0023,0.3455,-0.0001,0.0008,-0.0006,0.001,0.062,1.687,36.3105,56.4379,0.981,0.6483,0
52.212,36.8579,56.4609,0.9756,-2.3688,-0.0712,-0.1278,37.2536,56.5153,0.9776,0.3994,37.2312,56.5603,1.0,0.3871,0.0006,-0.0002,-0.0019,0.002,0.051,1.728,36.2993,56.4502,0.981,0.5587,0
52.254,36.7612,56.4588,0.9707,-2.2866,-0.0364,-0.1041,36.8518,56.5579,0.9716,0.1343,37.0787,56.5536,0.9893,0.3319,-0.0001,-0.0001,0.0,0.0001,0.084,1.844,35.759,56.2112,1.014,1.0332,0
52.295,36.667,56.4576,0.9675,-2.2438,-0.0255,-0.0522,36.8518,56.5579,0.9716,0.2103,37.0241,56.5536,0.9875,0.3703,0.0004,0.0005,-0.001,0.0012,0.087,1.885,35.7531,56.2171,1.014,0.9462,0
52.337,36.5734,56.4562,0.9667,-2.2584,-0.0445,0.0051,36.5536,56.5479,1.0296,0.113,36.8706,56.556,0.9974,0.315,-0.0006,0.0004,-0.0001,0.0007,0.101,1.736,35.7413,56.2288,1.014,0.8639,0
52.379,36.4782,56.4533,0.967,-2.3101,-0.0945,0.0081,36.5536,56.5479,1.0296,0.1362,36.8151,56.5559,0.9993,0.3536,-0.0007,0.0006,-0.0009,0.0013,0.093,1.778,35.7292,56.2402,1.014,0.7802,0
52.42,36.3802,56.4476,0.9673,-2.3901,-0.1759,0.0083,36.5536,56.5479,1.0296,0.2098,36.7287,56.5526,1.0021,0.3656,0.0006,-0.0003,0.0007,0.001,0.164,1.553,35.5058,56.16,0.992,0.9208,0
52.462,36.2784,56.4379,0.9677,-2.4943,-0.2862,0.0191,36.2549,56.3537,0.7822,0.2051,36.5812,56.5103,0.9634,0.3114,0.0003,0.001,-0.0005,0.0012,0.125,1.689,35.4995,56.1656,0.992,0.8254,0
52.503,36.1718,56.4231,0.9684,-2.6099,-0.4126,0.0076,36.2549,56.3537,0.7822,0.2154,36.4824,56.4956,0.9651,0.319,-0.0,-0.0003,0.0005,0.0006,0.128,1.773,35.4869,56.1764,0.992,0.7283,0
52.545,36.0605,56.4032,0.9679,-2.7162,-0.5264,-0.0274,36.2549,56.3537,0.7822,0.2734,36.413,56.482,0.9655,0.3611,0.0,0.0012,0.0004,0.0013,0.161,1.834,35.4741,56.187,0.992,0.6255,0
52.587,35.9452,56.3788,0.9669,-2.809,-0.6314,-0.0116,36.0375,56.3156,0.8952,0.1329,36.2474,56.4355,0.9479,0.3081,-0.0001,-0.0005,-0.0003,0.0006,0.173,1.725,35.2986,56.1276,0.967,0.6936,0
52.628,35.8267,56.3507,0.9668,-2.8653,-0.7087,0.0055,36.0375,56.3156,0.8952,0.2254,36.1738,56.4171,0.9473,0.354,-0.0003,-0.0007,-0.0008,0.0011,0.226,1.791,35.292,56.1327,0.967,0.5774,0
52.67,35.7068,56.3199,0.9677,-2.8784,-0.7562,0.0338,35.5569,56.1123,0.9557,0.2564,35.9722,56.3377,0.9471,0.2668,-0.0005,-0.0004,0.0007,0.0009,0.29,1.758,35.056,56.1106,0.945,0.6841,0
52.711,35.5875,56.2881,0.9693,-2.8466,-0.7602,0.0512,35.5569,56.1123,0.9557,0.179,35.8984,56.316,0.9473,0.3129,0.0002,-0.0006,0.0002,0.0007,0.361,1.753,35.0492,56.1154,0.945,0.5658,0
52.753,35.4704,56.2573,0.9723,-2.7773,-0.7179,0.088,35.5569,56.1123,0.9557,0.1696,35.7898,56.2842,0.949,0.3214,-0.0002,-0.0003,-0.001,0.0011,0.346,1.634,35.0287,56.1297,0.945,0.4605,0
52.795,35.3568,56.229,0.9762,-2.6802,-0.6431,0.0898,35.5569,56.1123,0.9557,0.2325,35.7199,56.2647,0.9509,0.3657,-0.0009,0.0001,0.0004,0.0009,0.333,1.693,34.7488,56.0863,0.958,0.6248,0
52.836,35.248,56.2047,0.9803,-2.5515,-0.5308,0.1143,35.4196,56.3841,0.73,0.3526,35.577,56.269,0.9145,0.3417,0.0007,-0.0005,-0.0006,0.001,0.407,1.715,34.7349,56.0954,0.958,0.5251,0
52.878,35.1446,56.1854,0.9855,-2.4261,-0.4041,0.1282,35.4196,56.3841,0.73,0.4247,35.5165,56.2579,0.9171,0.3851,-0.0003,0.0002,-0.0007,0.0007,0.46,1.66,34.7208,56.1042,0.958,0.4324,0
52.919,35.0461,56.1715,0.9904,-2.3219,-0.2877,0.082,34.9441,56.0657,0.8866,0.1799,35.3409,56.2131,0.9141,0.3073,-0.0011,-0.0003,-0.001,0.0015,0.423,1.733,34.4696,55.9608,0.938,0.616,0
52.961,34.9517,56.1622,0.993,-2.2184,-0.1677,0.0509,34.9441,56.0657,0.8866,0.1438,35.2871,56.209,0.9146,0.3476,0.0004,-0.0012,0.0002,0.0013,0.458,1.73,34.4552,55.9692,0.938,0.5355,0
53.003,34.8613,56.158,0.9949,-2.1359,-0.0477,0.0395,34.9441,56.0657,0.8866,0.1646,35.2109,56.2085,0.9143,0.3624,-0.0002,0.0007,0.001,0.0012,0.405,1.823,34.1844,55.8033,0.957,0.7652,0
53.044,34.7734,56.1582,0.9951,-2.0966,0.0391,-0.0347,34.867,56.3797,1.2255,0.3331,35.0919,56.2346,0.9703,0.3285,0.0003,-0.0004,0.0005,0.0007,0.327,1.577,34.177,55.8073,0.957,0.693,0
53.086,34.6862,56.1613,0.9931,-2.0949,0.0998,-0.045,34.867,56.3797,1.2255,0.3666,35.0156,56.2404,0.9673,0.3397,0.0001,0.0003,0.0007,0.0008,0.339,1.624,33.9338,55.5966,0.95,0.9417,0
53.127,34.5982,56.1659,0.9917,-2.1338,0.1113,-0.0166,34.867,56.3797,1.2255,0.4155,34.9643,56.2456,0.9655,0.3757,-0.0005,-0.0003,-0.0007,0.0009,0.321,1.656,33.9263,55.6003,0.95,0.8792,0
53.169,34.5076,56.1696,0.9912,-2.2097,0.0612,-0.0119,34.4869,56.1741,1.0384,0.0517,34.7974,56.2359,0.9818,0.2974,0.0006,0.0005,0.0011,0.0013,0.305,1.495,33.9113,55.6075,0.95,0.8206,0
53.211,34.4133,56.1696,0.991,-2.3059,-0.0588,-0.0002,34.4869,56.1741,1.0384,0.0876,34.7405,56.2373,0.9822,0.3342,-0.0002,-0.0002,0.0016,0.0016,0.297,1.532,33.8994,55.6129,0.95,0.7588,0
53.252,34.3151,56.1635,0.9909,-2.3975,-0.2291,-0.0019,34.4218,56.1732,1.0067,0.1082,34.6055,56.2189,0.9838,0.2957,-0.0002,0.0005,-0.0,0.0005,0.275,1.404,33.6797,55.3636,0.956,1.0221,0
53.294,34.2131,56.1484,0.9921,-2.4879,-0.4701,0.0414,34.4218,56.1732,1.0067,0.2106,34.5426,56.2087,0.9842,0.335,0.0006,0.0007,0.0,0.0009,0.295,1.451,33.6817,55.3628,0.956,0.9492,0
53.335,34.1076,56.1231,0.9936,-2.5649,-0.7265,0.0253,34.4218,56.1732,1.0067,0.3184,34.4441,56.182,0.9855,0.3417,0.0005,0.0002,-0.0002,0.0006,0.306,1.32,33.6774,55.3647,0.956,0.8728,0
53.377,33.9996,56.0866,0.9936,-2.6104,-1.0006,-0.0193,34.0957,55.8979,1.1408,0.258,34.3309,56.115,1.0156,0.3332,0.0003,0.0005,-0.0003,0.0006,0.291,1.438,33.4406,55.1229,0.983,1.1142,0
53.419,33.8904,56.0384,0.9919,-2.6231,-1.2804,-0.0639,34.0957,55.8979,1.1408,0.2899,34.2314,56.0654,1.015,0.3428,0.0006,-0.0005,0.0,0.0008,0.27,1.534,33.4373,55.1243,0.983,1.0203,0
53.46,33.7813,55.9791,0.9877,-2.6126,-1.5413,-0.1256,34.0957,55.8979,1.1408,0.359,34.1649,56.0239,1.0129,0.387,0.0005,-0.0005,-0.0007,0.001,0.293,1.404,33.4368,55.1245,0.983,0.9215,0
53.502,33.6734,55.9084,0.9829,-2.5601,-1.8277,-0.0952,33.7012,55.897,0.9233,0.0667,33.9894,55.9415,0.987,0.3177,0.0003,0.0009,0.0012,0.0015,0.238,1.561,33.4364,55.1246,0.983,0.8188,0
53.543,33.5687,55.8268,0.979,-2.4727,-2.0606,-0.0891,33.7012,55.897,0.9233,0.16,33.9262,55.8863,0.9834,0.3625,-0.0002,0.0005,0.0003,0.0006,0.21,1.641,33.2851,54.8976,0.974,0.9715,0
53.585,33.4681,55.7362,0.9762,-2.3603,-2.2658,-0.0349,33.7031,55.8856,0.8445,0.3081,33.8068,55.8138,0.957,0.3479,0.0004,-0.0002,0.0016,0.0016,0.266,1.454,33.1254,54.6937,0.988,1.0974,0
53.627,33.3723,55.6377,0.9758,-2.2498,-2.4379,0.0046,33.7031,55.8856,0.8445,0.4338,33.751,55.7496,0.9561,0.3954,0.0007,-0.0007,0.0001,0.001,0.232,1.535,33.125,54.6939,0.988,0.9757,0
53.668,33.2811,55.533,0.9763,-2.1406,-2.5655,0.0155,33.7031,55.8856,0.8445,0.5655,33.6725,55.6462,0.9558,0.408,-0.0009,-0.0001,0.0002,0.0009,0.177,1.662,33.1245,54.6941,0.988,0.8535,0
53.71,33.1943,55.4241,0.9774,-2.0325,-2.6479,0.0443,33.2266,55.4664,0.8266,0.1599,33.5437,55.5651,0.9348,0.3792,0.0003,0.0012,0.001,0.0016,0.22,1.526,33.1243,54.6942,0.988,0.7333,0
53.751,33.112,55.3129,0.9795,-1.9324,-2.6811,0.0425,33.2266,55.4664,0.8266,0.2451,33.4723,55.4602,0.9368,0.3916,0.0006,-0.0,-0.0006,0.0009,0.175,1.649,32.9358,54.4398,0.953,0.891,0
53.793,33.0338,55.2009,0.9811,-1.8349,-2.6903,0.0381,33.2266,55.4664,0.8266,0.3627,33.4278,55.3895,0.9379,0.439,-0.0006,0.0005,-0.0,0.0008,0.26,1.48,32.9353,54.44,0.953,0.7677,0
53.835,32.9596,55.0891,0.9836,-1.7332,-2.6706,0.0834,32.8297,55.2069,0.7976,0.2556,33.2559,55.2622,0.9156,0.3498,-0.0004,-0.0001,-0.001,0.0011,0.177,1.645,32.8147,54.1533,0.972,0.947,0
53.876,32.8897,54.9788,0.9876,-1.631,-2.6281,0.1029,32.8297,55.2069,0.7976,0.3029,33.2157,55.1946,0.9181,0.3971,0.0,-0.0004,-0.0004,0.0006,0.139,1.722,32.8145,54.1534,0.972,0.8289,0
53.918,32.8242,54.8704,0.9927,-1.5265,-2.5775,0.1398,32.8359,54.9496,0.9161,0.1108,33.0884,55.0536,0.9202,0.3295,-0.0002,0.0009,0.0012,0.0015,0.022,1.896,32.8144,54.1534,0.972,0.7174,0
53.959,32.7627,54.7641,0.998,-1.4388,-2.5293,0.0955,32.8359,54.9496,0.9161,0.2156,33.0522,54.9885,0.9236,0.3738,0.0008,-0.0001,-0.0005,0.0009,0.157,1.686,32.6159,53.848,0.942,0.9295,0
54.001,32.7045,54.6601,1.0007,-1.3607,-2.4686,0.0481,32.8359,54.9496,0.9161,0.329,33.0017,54.8933,0.9256,0.3852,0.0008,-0.0002,-0.0006,0.001,0.105,1.791,32.615,53.8484,0.942,0.8187,0
54.043,32.6497,54.5587,1.0029,-1.2777,-2.4047,0.0687,32.5279,54.6977,0.8631,0.2318,32.8876,54.7967,0.9139,0.3481,0.0009,0.001,-0.0001,0.0014,0.034,1.915,32.6149,53.8485,0.942,0.7137,0
54.084,32.5983,54.4598,1.0064,-1.2014,-2.3495,0.0941,32.5279,54.6977,0.8631,0.2866,32.8438,54.7066,0.9158,0.3597,0.0001,0.0009,-0.001,0.0014,0.117,1.767,32.4732,53.5981,0.932,0.8739,0
54.126,32.5496,54.363,1.0092,-1.1424,-2.2968,0.0529,32.5279,54.6977,0.8631,0.3658,32.8167,54.6482,0.9167,0.4015,-0.0002,-0.0008,-0.0006,0.001,0.085,1.829,32.4728,53.5983,0.932,0.7725,0
54.167,32.503,54.2684,1.0098,-1.0989,-2.2542,-0.0328,32.7875,54.3755,1.0589,0.3079,32.7739,54.518,0.9471,0.3736,-0.0004,-0.0004,-0.0001,0.0006,0.138,1.724,32.3177,53.3457,0.921,0.9453,0
54.209,32.4578,54.1752,1.0073,-1.0776,-2.2237,-0.0677,32.7875,54.3755,1.0589,0.3891,32.7496,54.4627,0.9457,0.4142,-0.0002,-0.0004,-0.0,0.0004,0.109,1.781,32.3168,53.3461,0.921,0.8455,0
54.251,32.413,54.0827,1.0047,-1.0781,-2.2244,-0.0556,32.5333,54.1443,1.0716,0.1508,32.6771,54.3301,0.9654,0.364,-0.0004,0.0003,0.0012,0.0013,0.039,1.922,32.3163,53.3463,0.921,0.7474,0
54.292,32.3677,53.9896,1.0019,-1.0975,-2.2444,-0.0713,32.5333,54.1443,1.0716,0.2371,32.652,54.2736,0.9637,0.4037,0.0001,-0.0,0.0003,0.0003,0.121,1.759,32.1911,53.0404,0.925,0.9685,0
54.334,32.3213,53.8952,0.999,-1.1288,-2.2878,-0.0682,32.5333,54.1443,1.0716,0.3351,32.6133,54.1875,0.961,0.4149,-0.0002,0.0001,-0.0006,0.0006,0.077,1.847,32.191,53.0404,0.925,0.8678,0
54.375,32.2732,53.7983,0.9962,-1.1757,-2.3611,-0.0589,32.4121,53.878,0.7728,0.2749,32.5572,54.0838,0.9264,0.4087,-0.0,0.0005,-0.0001,0.0005,0.022,1.955,32.1909,53.0405,0.925,0.7656,0
54.417,32.223,53.6979,0.9945,-1.2274,-2.4492,-0.0311,32.4121,53.878,0.7728,0.3426,32.5158,53.9929,0.9245,0.4215,-0.0006,0.0001,-0.0003,0.0007,0.13,1.739,32.049,52.7678,0.952,0.9471,0
54.459,32.1707,53.5938,0.995,-1.2774,-2.5364,0.0306,32.4121,53.878,0.7728,0.4341,32.4864,53.9295,0.9247,0.4662,0.0004,0.0002,-0.0006,0.0008,0.099,1.803,32.0487,52.768,0.952,0.8359,0
54.5,32.1165,53.4862,0.9967,-1.3193,-2.6217,0.0558,32.2583,53.5391,0.8138,0.2374,32.3898,53.7685,0.9075,0.403,0.0001,0.0005,0.0006,0.0008,0.016,1.968,31.9017,52.5014,0.949,1.0091,0
54.542,32.0607,53.3749,0.9993,-1.3535,-2.7109,0.0638,32.2583,53.5391,0.8138,0.3169,32.3545,53.6996,0.9096,0.447,-0.0011,0.0007,-0.0007,0.0015,0.119,1.761,31.9012,52.5015,0.949,0.8892,0
54.583,32.0038,53.26,1.0018,-1.3704,-2.7916,0.0556,32.2583,53.5391,0.8138,0.4219,32.3004,53.5921,0.9127,0.454,-0.0004,0.0005,-0.0002,0.0007,0.067,1.867,31.9007,52.5018,0.949,0.7671,0
54.625,31.9467,53.1423,1.0035,-1.3704,-2.8454,0.0251,31.9507,53.1155,1.063,0.0654,32.2069,53.4415,0.9402,0.4015,-0.0,-0.0013,0.0,0.0013,0.106,1.776,31.9004,52.5019,0.949,0.6445,0
54.667,31.89,53.0232,1.0045,-1.3482,-2.8667,0.0255,31.9507,53.1155,1.063,0.125,32.154,53.3309,0.9415,0.4103,0.0003,0.0,0.0001,0.0003,0.059,1.882,31.7294,52.2317,0.955,0.8092,0
54.708,31.8346,52.9038,1.0057,-1.3137,-2.8602,0.0304,31.9507,53.1155,1.063,0.2481,32.1197,53.2568,0.9425,0.4581,0.0001,0.0011,0.0006,0.0013,0.023,1.954,31.7291,52.2318,0.955,0.6822,0
54.75,31.7806,52.7851,1.0063,-1.2792,-2.8385,-0.0002,31.5717,52.9361,1.1407,0.2907,31.9798,53.0945,0.977,0.3692,-0.0007,0.0003,-0.0006,0.0009,0.07,1.859,31.5759,51.9713,0.963,0.8403,0
54.791,31.7283,52.6677,1.0059,-1.2375,-2.7972,-0.0132,31.5717,52.9361,1.1407,0.3387,31.9489,53.0225,0.9767,0.4188,0.0001,0.0009,0.0011,0.0014,0.035,1.929,31.5747,51.9717,0.963,0.714,0
54.833,31.6775,52.5523,1.0056,-1.2034,-2.7471,0.0026,31.842,52.7042,0.9056,0.2452,31.891,52.8755,0.9628,0.3897,0.0004,-0.0005,-0.0006,0.0009,0.021,1.957,31.574,51.972,0.963,0.591,0
54.875,31.6281,52.4391,1.0062,-1.1748,-2.6872,0.0234,31.842,52.7042,0.9056,0.3552,31.8628,52.8082,0.9628,0.4395,0.0001,-0.0007,0.0012,0.0014,0.031,1.866,31.5739,51.9721,0.963,0.4722,0
54.916,31.5797,52.3287,1.0069,-1.1505,-2.6191,0.0073,31.6643,52.2854,1.0975,0.1313,31.7928,52.6308,0.9817,0.3705,0.0004,-0.0008,0.0004,0.001,0.001,1.997,31.4637,51.6891,0.963,0.6515,0
54.958,31.5323,52.2213,1.0074,-1.1277,-2.5433,0.0157,31.6643,52.2854,1.0975,0.1722,31.766,52.5669,0.9805,0.418,-0.0004,-0.0007,0.0006,0.001,0.036,1.928,31.4636,51.6891,0.963,0.5384,0
54.999,31.4857,52.1171,1.0082,-1.1091,-2.4655,0.0219,31.6643,52.2854,1.0975,0.2611,31.7268,52.4747,0.9793,0.4322,-0.0,-0.0012,-0.0009,0.0015,0.0,2.141,31.3386,51.4012,0.967,0.7321,0
55.041,31.4399,52.0161,1.0087,-1.092,-2.3889,0.0128,31.4706,52.1822,0.8862,0.2086,31.6567,52.3698,0.9612,0.4175,0.0003,-0.0016,-0.0006,0.0017,0.0,2.019,31.3386,51.4012,0.967,0.6246,0
55.083,31.3946,51.9183,1.0101,-1.084,-2.3189,0.0477,31.4706,52.1822,0.8862,0.3013,31.6175,52.2841,0.9598,0.4314,0.0004,-0.0011,0.0004,0.0013,0.038,1.925,31.3386,51.4012,0.967,0.5219,0
55.124,31.3497,51.8228,1.0125,-1.0736,-2.2694,0.065,31.4706,52.1822,0.8862,0.3996,31.5917,52.229,0.9596,0.4757,-0.0005,0.0006,-0.0002,0.0008,0.036,1.864,31.3386,51.4012,0.967,0.4243,0
55.166,31.3052,51.7291,1.0153,-1.0631,-2.234,0.0621,31.3572,51.6022,1.011,0.1372,31.5086,52.0394,0.9705,0.3737,0.0003,0.0006,0.0004,0.0008,0.037,1.927,31.2104,51.1616,0.973,0.5769,0
55.207,31.2612,51.6367,1.0177,-1.0498,-2.2077,0.0519,31.3572,51.6022,1.011,0.1022,31.4818,51.9848,0.9709,0.4148,-0.0002,0.0001,0.001,0.0011,0.053,1.893,31.0493,50.872,0.975,0.7946,0
55.249,31.2177,51.545,1.0197,-1.0417,-2.1954,0.05,31.3129,51.6459,0.9801,0.1443,31.4166,51.8511,0.9716,0.3682,-0.0005,-0.0,0.0009,0.0011,0.0,2.018,31.0481,50.8725,0.975,0.695,0
55.291,31.1743,51.4533,1.022,-1.0443,-2.2092,0.0589,31.3129,51.6459,0.9801,0.241,31.3903,51.7968,0.9717,0.4089,0.0007,-0.0001,0.0002,0.0007,0.007,1.986,31.0478,50.8727,0.975,0.5962,0
55.332,31.1305,51.3607,1.0245,-1.053,-2.238,0.0593,31.3129,51.6459,0.9801,0.3415,31.3505,51.7143,0.9722,0.4198,-0.0003,0.0001,0.0001,0.0004,0.056,1.888,31.0472,50.8729,0.975,0.4973,0
55.374,31.0865,51.2668,1.0269,-1.0614,-2.2662,0.0541,31.0509,51.2942,1.0731,0.0644,31.2768,51.5907,0.9911,0.3774,-0.0006,-0.0004,0.0003,0.0008,0.0,2.004,30.8991,50.5893,0.977,0.7047,0
55.415,31.042,51.1716,1.0284,-1.0758,-2.3008,0.0248,31.0509,51.2942,1.0731,0.1308,31.2369,51.5049,0.9913,0.3879,0.0003,-0.0006,-0.001,0.0012,0.012,1.976,30.8983,50.5896,0.977,0.6016,0
55.457,30.9967,51.0748,1.0292,-1.0931,-2.3391,0.0128,31.0509,51.2942,1.0731,0.2302,31.2097,51.4465,0.9908,0.4301,-0.0003,0.0005,-0.0016,0.0018,0.027,1.887,30.8984,50.5896,0.977,0.4979,0
55.499,30.9509,50.9767,1.0298,-1.1029,-2.3673,0.0137,30.924,51.0938,0.9933,0.1256,31.1216,51.3027,0.9934,0.3697,0.0,-0.0004,0.0003,0.0005,0.0,2.022,30.7412,50.2917,0.985,0.7178,0
55.54,30.9048,50.8775,1.0301,-1.1119,-2.3917,0.0034,30.924,51.0938,0.9933,0.2203,31.0936,51.2425,0.9934,0.4126,-0.0004,-0.0001,-0.0007,0.0008,0.0,2.014,30.7411,50.2917,0.985,0.6099,0
55.582,30.8583,50.7773,1.0301,-1.1202,-2.4132,-0.0006,30.924,51.0938,0.9933,0.3254,31.0514,51.1508,0.993,0.4221,0.0003,0.001,0.0002,0.001,0.0,2.171,30.605,50.0201,0.991,0.7994,0
55.623,30.8114,50.6766,1.0303,-1.1264,-2.4194,-0.0061,30.8419,50.7078,1.2523,0.2263,30.99,51.0144,1.0371,0.3822,-0.0006,-0.0007,-0.0006,0.0011,0.0,2.018,30.6036,50.0206,0.991,0.6892,0
55.665,30.7643,50.5757,1.0289,-1.134,-2.4226,-0.0463,30.8419,50.7078,1.2523,0.2709,30.9475,50.9208,1.035,0.3908,0.0002,0.0,0.0,0.0002,0.018,1.964,30.4537,49.7804,0.988,0.8548,0
55.707,30.7169,50.4747,1.0267,-1.1431,-2.4217,-0.0571,30.8419,50.7078,1.2523,0.3476,30.919,50.8584,1.0327,0.4337,-0.0,-0.0002,-0.0004,0.0005,0.034,1.933,30.4527,49.7807,0.988,0.7436,0
55.748,30.6689,50.3738,1.0243,-1.1605,-2.4273,-0.0556,30.5032,50.2728,1.0422,0.1948,30.8002,50.666,1.0297,0.3204,0.0,-0.0002,-0.0003,0.0004,0.024,1.951,30.4511,49.7813,0.988,0.6322,0
55.79,30.6201,50.2722,1.0221,-1.181,-2.4482,-0.0527,30.5032,50.2728,1.0422,0.1186,30.7694,50.6028,1.0271,0.3628,-0.0001,-0.0,0.0006,0.0006,0.059,1.881,30.4511,49.7813,0.988,0.5202,0
55.831,30.5704,50.1697,1.0202,-1.2013,-2.4665,-0.0388,30.5032,50.2728,1.0422,0.125,30.7224,50.507,1.0236,0.37,0.0003,-0.0005,-0.0009,0.001,0.0,2.057,30.2839,49.4891,0.992,0.7389,0
55.873,30.5199,50.0666,1.018,-1.2192,-2.4819,-0.0752,30.641,50.2188,1.0605,0.1991,30.6772,50.3951,1.0354,0.3646,-0.0004,-0.0003,-0.0009,0.001,0.006,1.987,30.2829,49.4895,0.992,0.6244,0
55.915,30.4687,49.963,1.0142,-1.2342,-2.4864,-0.1011,30.641,50.2188,1.0605,0.3119,30.6289,50.2991,1.0328,0.3728,-0.0007,0.0003,0.0,0.0008,0.0,2.197,30.1342,49.2081,0.974,0.8266,0
55.956,30.4172,49.8597,1.0092,-1.239,-2.4684,-0.1235,30.5102,49.9296,0.9993,0.1168,30.5835,50.1804,1.0233,0.3615,-0.0006,0.0002,0.0011,0.0013,0.0,2.07,30.1339,49.2083,0.974,0.7113,0
55.998,30.3655,49.7576,1.0044,-1.2421,-2.4358,-0.1098,30.5102,49.9296,0.9993,0.2248,30.5363,50.087,1.0186,0.3713,0.0004,0.0003,-0.0012,0.0013,0.017,1.966,30.1333,49.2085,0.974,0.597,0
56.039,30.3136,49.6569,1.0001,-1.2476,-2.4043,-0.1029,30.5102,49.9296,0.9993,0.3362,30.5047,50.0259,1.0158,0.4158,-0.0004,-0.0,-0.002,0.002,0.0,2.007,29.9841,48.9369,0.966,0.7925,0
56.081,30.2616,49.5575,0.9958,-1.2479,-2.3687,-0.0828,30.4386,49.4888,0.7369,0.321,30.4553,49.8471,0.9671,0.3496,-0.0004,-0.0002,0.0001,0.0004,0.0,2.021,29.9822,48.9376,0.966,0.6806,0
56.123,30.2094,49.4595,0.9933,-1.2604,-2.3356,-0.0474,30.4386,49.4888,0.7369,0.3451,30.4251,49.7877,0.9663,0.3937,0.0004,-0.0006,-0.0004,0.0009,0.023,1.954,29.9819,48.9377,0.966,0.5699,0
56.164,30.1565,49.3629,0.9915,-1.2753,-2.3036,-0.0409,30.4386,49.4888,0.7369,0.4003,30.379,49.7002,0.9661,0.4049,0.0001,0.0007,-0.0002,0.0007,0.0,2.187,29.8416,48.6372,0.971,0.7914,0
56.206,30.103,49.2676,0.9899,-1.2931,-2.28,-0.0413,30.0677,49.3106,1.0464,0.0793,30.2895,49.5722,0.9787,0.3574,-0.0006,-0.0004,-0.0003,0.0008,0.0,2.034,29.8409,48.6374,0.971,0.6827,0
56.247,30.0487,49.1729,0.9882,-1.3109,-2.267,-0.0363,30.0677,49.3106,1.0464,0.1508,30.24,49.4856,0.9782,0.3667,0.0004,0.001,0.0012,0.0016,0.032,1.935,29.8406,48.6376,0.971,0.5746,0
56.289,29.9937,49.0786,0.9867,-1.3234,-2.2568,-0.0354,30.0677,49.3106,1.0464,0.2507,30.2064,49.4283,0.978,0.4093,-0.0,0.0006,-0.0012,0.0013,0.012,1.977,29.7085,48.354,0.982,0.7788,0
56.331,29.9385,48.9849,0.9865,-1.3276,-2.2435,0.0273,30.1321,49.2043,0.9185,0.3004,30.1453,49.3103,0.9608,0.3863,0.0,0.0001,0.0005,0.0005,0.0,2.05,29.7078,48.3542,0.982,0.6716,0
56.372,29.8831,48.8915,0.9884,-1.331,-2.247,0.0559,30.1321,49.2043,0.9185,0.4059,30.112,49.2548,0.9613,0.4303,0.0002,-0.0003,-0.0001,0.0003,0.007,1.986,29.7077,48.3543,0.982,0.5651,0
56.414,29.8276,48.7974,0.9902,-1.3341,-2.2674,0.029,29.9773,48.8422,0.9889,0.1563,30.047,49.1028,0.9645,0.3769,-0.0002,0.0003,-0.0017,0.0018,0.008,1.984,29.6096,48.0793,0.948,0.7517,0
56.455,29.7719,48.7021,0.9912,-1.3376,-2.3071,0.0207,29.9773,48.8422,0.9889,0.2486,30.0149,49.0453,0.9639,0.4214,-0.0001,0.0004,0.0005,0.0006,0.0,2.041,29.6095,48.0793,0.948,0.645,0
56.497,29.7161,48.6049,0.9921,-1.3393,-2.354,0.0295,29.7269,48.5074,0.9447,0.1089,29.9165,48.8775,0.9659,0.3394,0.0003,0.0005,-0.0003,0.0007,0.033,1.934,29.6095,48.0793,0.948,0.5381,0
56.539,29.6604,48.5059,0.992,-1.3317,-2.3944,-0.0123,29.7269,48.5074,0.9447,0.0816,29.8821,48.8175,0.9663,0.3832,0.0002,0.0006,-0.0004,0.0007,0.004,1.993,29.4908,47.8176,0.958,0.7097,0
56.58,29.6054,48.4051,0.9913,-1.3133,-2.4402,-0.0216,29.7269,48.5074,0.9447,0.1656,29.8311,48.7254,0.9659,0.3927,-0.0001,0.0007,0.0006,0.0009,0.015,1.969,29.4907,47.8176,0.958,0.5995,0
56.622,29.5512,48.3025,0.99,-1.2881,-2.4749,-0.0359,29.6554,48.4457,1.0303,0.1816,29.7704,48.616,0.9778,0.3827,0.0004,0.0001,0.0006,0.0007,0.0,2.17,29.4062,47.5035,0.978,0.8122,0
56.663,29.4984,48.199,0.9888,-1.2482,-2.49,-0.0243,29.6554,48.4457,1.0303,0.2953,29.7227,48.5204,0.9775,0.392,0.0004,0.0005,-0.0002,0.0007,0.0,2.027,29.407,47.5032,0.978,0.7019,0
56.705,29.4474,48.0951,0.988,-1.2022,-2.4991,-0.0087,29.4026,48.0545,0.9475,0.0727,29.642,48.3879,0.9691,0.3521,0.0009,0.0,0.0006,0.0011,0.043,1.914,29.4071,47.5031,0.978,0.5934,0
56.747,29.3984,47.9908,0.9886,-1.1544,-2.5008,0.0257,29.4026,48.0545,0.9475,0.0759,29.5982,48.2927,0.9689,0.3625,0.0001,0.0006,-0.0002,0.0006,0.0,2.181,29.4072,47.5031,0.978,0.488,0
56.788,29.3515,47.8871,0.99,-1.1003,-2.4787,0.0437,29.4026,48.0545,0.9475,0.1802,29.5707,48.2294,0.9696,0.407,-0.0008,-0.0001,-0.0011,0.0013,0.0,2.027,29.2491,47.1645,0.997,0.7298,0
56.83,29.3069,47.7846,0.9919,-1.0513,-2.4421,0.0335,29.3031,47.8598,1.2276,0.2474,29.4901,48.0815,1.0113,0.3494,-0.0006,-0.0003,0.0007,0.001,0.027,1.946,29.1499,46.9479,0.999,0.8513,0
56.871,29.264,47.6836,0.9926,-1.0139,-2.4116,0.0078,29.3031,47.8598,1.2276,0.2963,29.4658,48.0207,1.0108,0.3933,-0.0,-0.0002,0.0014,0.0014,0.015,1.97,29.1492,46.9481,0.999,0.7444,0
56.913,29.2223,47.5834,0.9929,-0.9909,-2.4026,0.0126,29.3031,47.8598,1.2276,0.3714,29.4309,47.9305,1.0094,0.4053,0.0004,0.0003,-0.0004,0.0006,0.0,2.021,29.1484,46.9484,0.999,0.6393,0
56.955,29.1812,47.4831,0.994,-0.9841,-2.413,0.0387,29.2646,47.5686,0.7504,0.2713,29.3743,47.8053,0.9691,0.3764,-0.0004,0.0007,0.0003,0.0009,0.058,1.885,29.0154,46.6108,0.985,0.888,0
56.996,29.1402,47.3822,0.9957,-0.9851,-2.4324,0.0426,29.2646,47.5686,0.7504,0.3323,29.3381,47.713,0.9706,0.3863,0.0005,-0.0008,0.0015,0.0018,0.008,1.985,29.0146,46.6111,0.985,0.7813,0
57.038,29.099,47.28,0.9975,-0.9938,-2.4707,0.0418,29.2646,47.5686,0.7504,0.4145,29.3139,47.6506,0.9717,0.4292,0.0006,0.0007,0.001,0.0014,0.0,2.045,29.0143,46.6112,0.985,0.6743,0
57.079,29.0573,47.1761,0.9986,-1.0062,-2.5118,0.014,29.1568,47.2059,1.0394,0.1116,29.2477,47.4781,0.9854,0.3572,-0.0006,0.0003,0.0001,0.0007,0.0,2.215,28.871,46.3153,0.978,0.881,0
57.121,29.0151,47.0705,0.9989,-1.0209,-2.5544,-0.0004,29.1568,47.2059,1.0394,0.2002,29.2222,47.4128,0.9856,0.4003,-0.0001,-0.0002,-0.001,0.001,0.013,1.974,28.8709,46.3153,0.978,0.7691,0
57.163,28.9721,46.9628,0.9987,-1.0416,-2.6092,0.0028,29.021,47.1284,0.9146,0.192,29.1503,47.276,0.9716,0.3613,-0.0009,0.0001,0.0002,0.0009,0.0,2.0,28.8708,46.3153,0.978,0.6557,0
57.204,28.9282,46.8529,0.9991,-1.0585,-2.6605,0.0135,29.021,47.1284,0.9146,0.3027,29.1233,47.209,0.9714,0.4069,-0.0001,0.0001,-0.0001,0.0002,0.061,1.877,28.8708,46.3153,0.978,0.541,0
57.246,28.884,46.7413,0.9999,-1.062,-2.6864,0.0238,29.021,47.1284,0.9146,0.4193,29.082,47.1066,0.9715,0.4165,0.0002,-0.0001,0.0001,0.0002,0.012,1.976,28.7683,46.1042,0.979,0.6479,0
57.287,28.8398,46.6295,1.0011,-1.0583,-2.6788,0.0315,28.9585,46.5387,1.061,0.161,29.0365,46.9464,0.9845,0.3734,0.0008,0.0003,0.0008,0.0011,0.058,1.884,28.7679,46.1044,0.979,0.5305,0
57.329,28.7959,46.5186,1.0026,-1.05,-2.6418,0.0421,28.9585,46.5387,1.061,0.174,28.9966,46.8463,0.9848,0.3847,0.0007,0.0003,-0.0003,0.0008,0.093,1.776,28.6222,45.8,0.978,0.7397,0
57.371,28.7525,46.4099,1.0039,-1.0323,-2.5788,0.024,28.7076,46.5952,0.9005,0.217,28.9254,46.7428,0.9736,0.3764,-0.0001,-0.001,-0.0001,0.001,0.005,1.99,28.6213,45.8003,0.978,0.6241,0
57.412,28.7099,46.3042,1.0047,-1.0139,-2.5048,0.008,28.7076,46.5952,0.9005,0.3092,28.8874,46.6474,0.9743,0.3876,-0.0002,-0.0,-0.0006,0.0006,0.056,1.888,28.4914,45.5189,0.98,0.8155,0
57.454,28.6681,46.2013,1.0047,-0.9992,-2.4419,-0.0027,28.7076,46.5952,0.9005,0.4094,28.8626,46.586,0.9742,0.4322,-0.0007,0.0008,-0.0012,0.0016,0.031,1.938,28.4899,45.5194,0.98,0.7052,0
57.495,28.6265,46.1005,1.0046,-0.9979,-2.4079,-0.008,28.5214,46.1765,0.9832,0.1315,28.7671,46.4302,0.9796,0.3593,-0.0003,-0.0002,-0.001,0.0011,0.024,1.952,28.4889,45.5198,0.98,0.5973,0
57.537,28.5848,46.0004,1.004,-1.0059,-2.3999,-0.0187,28.5214,46.1765,0.9832,0.1883,28.7417,46.3706,0.98,0.4028,0.0001,0.0001,0.0009,0.0009,0.056,1.887,28.4887,45.5198,0.98,0.4906,0
57.579,28.5427,45.9004,1.0032,-1.0133,-2.3988,-0.0143,28.5214,46.1765,0.9832,0.2777,28.7032,46.2814,0.9805,0.4141,0.0007,0.0004,0.0001,0.0008,0.021,1.958,28.3101,45.147,0.991,0.7885,0
57.62,28.5003,45.8005,1.0029,-1.0203,-2.3995,-0.0038,28.5858,45.9067,0.9602,0.1429,28.6558,46.1567,0.9768,0.3896,-0.0004,0.0007,0.0013,0.0015,0.0,2.067,28.1795,44.8959,0.979,0.96,0
57.662,28.4575,45.7001,1.0026,-1.0382,-2.4203,-0.0055,28.5858,45.9067,0.9602,0.2469,28.616,46.0665,0.9776,0.4,0.0003,0.0003,-0.0009,0.001,0.0,2.168,28.1766,44.8969,0.979,0.8512,0
57.703,28.4135,45.5983,1.0021,-1.0676,-2.4657,-0.0239,28.6169,45.5607,1.0537,0.2131,28.5874,45.921,0.991,0.3668,0.0006,-0.0015,-0.0009,0.0018,0.0,2.051,28.1752,44.8974,0.979,0.7407,0
57.745,28.3682,45.4943,1.0007,-1.1065,-2.5177,-0.0435,28.6169,45.5607,1.0537,0.2628,28.5443,45.8265,0.9906,0.3761,0.0003,-0.0001,0.0003,0.0005,0.001,1.999,28.1745,44.8976,0.979,0.6278,0
57.787,28.3212,45.3884,0.9986,-1.142,-2.559,-0.0525,28.6169,45.5607,1.0537,0.3466,28.5143,45.7619,0.9899,0.4205,-0.0003,0.0004,-0.0005,0.0007,0.036,1.928,28.1742,44.8977,0.979,0.5126,0
57.828,28.273,45.2814,0.9968,-1.1686,-2.57,-0.0147,28.1695,45.2218,0.904,0.1513,28.4152,45.5778,0.9737,0.3295,-0.0006,0.0004,0.0,0.0007,0.0,2.034,28.06,44.6071,1.004,0.7072,0
57.87,28.224,45.1746,0.9974,-1.1807,-2.5574,0.0284,28.1695,45.2218,0.904,0.1179,28.3844,45.5124,0.9745,0.3747,0.0005,-0.0003,-0.0003,0.0007,0.019,1.962,28.0597,44.6072,1.004,0.5907,0
57.911,28.1747,45.0685,0.9989,-1.1827,-2.5357,0.0429,28.0021,45.1909,1.0401,0.2156,28.2802,45.3673,0.9875,0.3171,0.0004,0.0008,0.0006,0.0011,0.0,2.006,27.9506,44.3345,1.03,0.768,0
57.953,28.1257,44.9637,1.0012,-1.1685,-2.4926,0.0616,28.0021,45.1909,1.0401,0.2616,28.2497,45.3019,0.9896,0.3604,0.0002,0.0005,0.0001,0.0005,0.0,2.013,27.9502,44.3347,1.03,0.6537,0
57.995,28.0776,44.861,1.0039,-1.1431,-2.4423,0.066,28.0021,45.1909,1.0401,0.3404,28.2048,45.2061,0.9935,0.3679,-0.0001,-0.0002,0.0002,0.0003,0.046,1.908,27.9496,44.3349,1.03,0.5421,0
58.036,28.0306,44.7605,1.0067,-1.1129,-2.3886,0.0673,27.9958,44.8536,1.0866,0.1276,28.1458,45.0908,1.0088,0.3498,0.0,-0.0004,-0.0003,0.0006,0.0,2.014,27.8308,44.0481,1.046,0.7409,0
58.078,27.9852,44.6624,1.0095,-1.0723,-2.3227,0.0649,27.9958,44.8536,1.0866,0.2064,28.105,45.0006,1.0114,0.3588,0.0009,0.0001,0.0003,0.001,0.004,1.991,27.8295,44.0485,1.046,0.6344,0
58.119,27.9414,44.5672,1.0122,-1.0322,-2.2581,0.0667,27.9958,44.8536,1.0866,0.3009,28.0792,44.9425,1.0131,0.3998,-0.0002,0.0009,-0.0005,0.001,0.036,1.928,27.8295,44.0485,1.046,0.5316,0
58.161,27.8992,44.4742,1.015,-0.9957,-2.2087,0.0917,27.9891,44.5598,0.8432,0.2119,28.0335,44.7958,0.9812,0.3501,0.0,0.0006,0.0,0.0006,0.0,2.114,27.6914,43.7362,1.044,0.7672,0
58.203,27.8584,44.3829,1.0202,-0.973,-2.1856,0.1435,27.9891,44.5598,0.8432,0.2823,28.011,44.7404,0.9832,0.3905,-0.0001,0.0008,-0.0002,0.0008,0.0,2.055,27.6904,43.7366,1.044,0.6682,0
58.244,27.818,44.2917,1.0267,-0.9685,-2.1936,0.1633,27.6422,44.4211,1.0041,0.2195,27.9187,44.6169,0.9909,0.3423,-0.0,-0.0002,0.0006,0.0007,0.031,1.937,27.5604,43.4522,1.011,0.8783,0
58.286,27.7775,44.1998,1.0323,-0.9754,-2.2168,0.1194,27.6422,44.4211,1.0041,0.2609,27.8964,44.5622,0.9938,0.3834,-0.0006,-0.0001,0.0005,0.0008,0.005,1.989,27.5585,43.4528,1.011,0.7788,0
58.327,27.7364,44.1063,1.0368,-0.9961,-2.2712,0.1012,27.6422,44.4211,1.0041,0.3302,27.8624,44.4785,0.9968,0.395,0.0003,-0.0009,-0.0004,0.001,0.0,2.07,27.5572,43.4532,1.011,0.6778,0
58.369,27.6943,44.0099,1.0407,-1.0246,-2.351,0.0824,27.7416,43.9099,0.9981,0.1186,27.8149,44.3278,0.9968,0.3429,-0.0001,-0.0003,-0.001,0.001,0.044,1.912,27.557,43.4532,1.011,0.5741,0
58.411,27.651,43.91,1.0436,-1.0519,-2.4363,0.0605,27.7416,43.9099,0.9981,0.1015,27.776,44.2366,0.9974,0.3528,-0.0004,-0.0003,0.0011,0.0012,0.0,2.056,27.4088,43.1779,1.015,0.7716,0
58.452,27.6066,43.8065,1.0466,-1.0746,-2.5193,0.0796,27.7416,43.9099,0.9981,0.1769,27.7492,44.1732,0.9978,0.3964,-0.0005,-0.0003,0.0003,0.0006,0.0,2.052,27.4063,43.1787,1.015,0.6597,0
58.494,27.5613,43.7,1.0498,-1.0954,-2.5845,0.066,27.6241,43.8387,1.1562,0.1857,27.6862,44.024,1.0232,0.3483,-0.0004,0.001,-0.0003,0.0011,0.016,1.968,27.4051,43.1791,1.015,0.5449,0
58.535,27.5153,43.5912,1.0529,-1.1092,-2.6249,0.0947,27.6241,43.8387,1.1562,0.2894,27.6575,43.9568,1.0228,0.3933,0.0002,0.0002,-0.0,0.0002,0.0,2.031,27.286,42.928,1.047,0.7018,0
58.577,27.4689,43.4816,1.0576,-1.1179,-2.6361,0.1222,27.563,43.3154,0.862,0.2733,27.6054,43.7643,1.0035,0.3186,0.0001,-0.0011,-0.0008,0.0014,0.0,2.205,27.1562,42.6445,1.055,0.8936,0
58.619,27.4222,43.3718,1.0628,-1.1223,-2.6304,0.1277,27.563,43.3154,0.862,0.2517,27.5768,43.6978,1.0067,0.3652,0.0,-0.0004,0.0004,0.0005,0.0,2.023,27.155,42.6448,1.055,0.7746,0
58.66,27.3753,43.2624,1.0681,-1.1308,-2.6195,0.1245,27.563,43.3154,0.862,0.2838,27.5337,43.5986,1.0116,0.3759,-0.0001,0.0001,-0.0005,0.0005,0.0,2.025,27.1542,42.6451,1.055,0.6559,0
58.702,27.3279,43.1537,1.0727,-1.1419,-2.6014,0.0915,27.2337,43.2806,1.2168,0.2139,27.4625,43.4784,1.0478,0.3524,0.0002,0.0002,-0.001,0.001,0.056,1.887,27.1528,42.6455,1.055,0.5378,0
58.743,27.2801,43.0462,1.0761,-1.1514,-2.5565,0.0818,27.2337,43.2806,1.2168,0.2773,27.4215,43.3805,1.0504,0.3639,0.0004,-0.0007,0.0004,0.0009,0.109,1.782,27.0488,42.3788,1.08,0.7064,0
58.785,27.232,42.9411,1.0796,-1.1566,-2.4925,0.0846,27.2337,43.2806,1.2168,0.3662,27.3939,43.3169,1.0523,0.4101,-0.0,-0.0008,-0.0004,0.0009,0.001,1.999,27.0476,42.3791,1.08,0.5915,0
58.827,27.1837,42.8388,1.0836,-1.1621,-2.4268,0.1058,27.1727,42.9652,0.9962,0.1541,27.3089,43.1724,1.0436,0.3586,0.0005,0.0008,0.0012,0.0016,0.082,1.835,27.047,42.3793,1.08,0.4794,0
58.868,27.1354,42.739,1.0878,-1.1525,-2.3688,0.0849,27.1727,42.9652,0.9962,0.2469,27.2797,43.1145,1.0457,0.4044,0.0005,-0.0006,0.0006,0.001,0.011,1.978,26.9338,42.1272,1.062,0.6447,0
58.91,27.0878,42.6417,1.0908,-1.1324,-2.3085,0.0683,27.0444,42.5985,1.0749,0.0633,27.2007,42.9433,1.0516,0.3244,-0.0003,0.0002,-0.0002,0.0005,0.071,1.858,26.9318,42.1278,1.062,0.5378,0
58.951,27.0413,42.5469,1.0937,-1.1036,-2.2489,0.0706,27.0444,42.5985,1.0749,0.055,27.1728,42.8875,1.0524,0.3675,0.0006,0.0009,-0.0001,0.0011,0.054,1.797,26.9315,42.1279,1.062,0.4343,0
58.993,26.9961,42.4545,1.0962,-1.0704,-2.1973,0.0282,27.1489,42.4822,0.9108,0.2419,27.1312,42.7449,1.0293,0.3272,0.0002,-0.0004,0.0009,0.001,0.034,1.931,26.8387,41.8604,1.023,0.6189,0
59.035,26.9523,42.3639,1.0975,-1.0355,-2.1544,0.0343,27.1489,42.4822,0.9108,0.2958,27.1048,42.6912,1.0287,0.3676,-0.0001,-0.0007,-0.0003,0.0008,0.064,1.872,26.8384,41.8605,1.023,0.5215,0
59.076,26.9099,42.275,1.0991,-1.0021,-2.1198,0.0413,27.1489,42.4822,0.9108,0.3681,27.0668,42.6126,1.028,0.379,-0.0006,-0.0,0.0016,0.0017,0.064,1.786,26.8381,41.8606,1.023,0.4274,0
59.118,26.8688,42.1873,1.0999,-0.9739,-2.0921,-0.0172,27.0237,42.3463,1.3118,0.3068,27.0303,42.5153,1.075,0.3664,-0.0004,0.0001,-0.0008,0.0008,0.003,1.986,26.719,41.5794,1.021,0.6311,0
59.159,26.8289,42.1006,1.0982,-0.9475,-2.0744,-0.0527,27.0237,42.3463,1.3118,0.3794,26.993,42.4383,1.0715,0.3764,0.0009,0.0004,0.0,0.001,0.071,1.779,26.6076,41.2834,1.027,0.8497,0
59.201,26.7899,42.014,1.096,-0.9272,-2.0873,-0.0574,26.7564,42.196,1.1685,0.1987,26.9335,42.3527,1.0884,0.3679,-0.0002,0.0006,0.0003,0.0007,0.074,1.852,26.6063,41.2837,1.027,0.7562,0
59.243,26.7514,41.9259,1.0929,-0.9223,-2.1434,-0.0832,26.7564,42.196,1.1685,0.2805,26.8986,42.2749,1.0849,0.3789,0.0005,-0.0005,-0.0,0.0007,0.038,1.924,26.6053,41.284,1.027,0.6617,0
59.284,26.7129,41.8347,1.0892,-0.9262,-2.2326,-0.0952,26.7564,42.196,1.1685,0.3725,26.8754,42.2209,1.082,0.4191,0.0001,-0.001,0.0003,0.0011,0.005,1.974,26.6039,41.2844,1.027,0.5644,0
59.326,26.6741,41.7393,1.085,-0.9361,-2.3354,-0.096,26.6994,41.7727,0.9576,0.1341,26.8125,42.0586,1.0541,0.3493,-0.0005,-0.0,0.0003,0.0005,0.073,1.802,26.5093,40.9868,1.038,0.7718,0
59.367,26.6348,41.6395,1.0825,-0.9489,-2.4411,-0.0376,26.6994,41.7727,0.9576,0.1937,26.7887,41.9966,1.0512,0.3901,0.0004,0.0013,-0.0012,0.0018,0.0,1.999,26.5084,40.987,1.038,0.6661,0
59.409,26.5951,41.5358,1.0815,-0.9553,-2.5245,-0.0168,26.6994,41.7727,0.9576,0.287,26.7524,41.899,1.0487,0.3972,0.0012,0.0001,0.0005,0.0013,0.109,1.781,26.4522,40.6891,1.006,0.862,0
59.451,26.5553,41.4291,1.08,-0.9526,-2.5871,-0.0579,26.5965,41.4464,0.966,0.1224,26.6996,41.761,1.0391,0.3642,-0.0006,0.0011,-0.0013,0.0018,0.046,1.908,26.4528,40.6889,1.006,0.7509,0
59.492,26.5158,41.32,1.0769,-0.9446,-2.644,-0.082,26.5965,41.4464,0.966,0.1865,26.6626,41.6592,1.0369,0.3717,-0.0,-0.0002,0.0001,0.0002,0.004,1.992,26.3707,40.3751,0.987,0.9602,0
59.534,26.4767,41.2089,1.073,-0.9312,-2.6804,-0.101,26.3893,41.0961,0.9732,0.1741,26.5967,41.5116,1.0257,0.329,-0.0004,0.0002,-0.0004,0.0006,0.07,2.143,26.3723,40.3747,0.987,0.8451,0
59.575,26.4384,41.0966,1.0687,-0.9074,-2.7089,-0.1047,26.3893,41.0961,0.9732,0.1074,26.5619,41.4103,1.0226,0.3403,-0.0006,-0.0002,-0.0008,0.001,0.123,1.954,26.3747,40.3741,0.987,0.7299,0
59.617,26.4014,40.9831,1.0644,-0.8727,-2.7345,-0.102,26.3893,41.0961,0.9732,0.1457,26.5395,41.342,1.0204,0.387,-0.0004,0.0006,-0.0004,0.0008,0.144,1.98,26.3751,40.374,0.987,0.6146,0
59.659,26.366,40.869,1.0596,-0.8279,-2.7359,-0.1246,26.3398,41.088,1.1418,0.2353,26.4757,41.1963,1.0391,0.3458,-0.0005,0.0003,-0.0009,0.0011,0.234,1.824,26.3755,40.3738,0.987,0.5006,0
59.7,26.3329,40.7557,1.0541,-0.7636,-2.7002,-0.1447,26.3398,41.088,1.1418,0.3437,26.4563,41.1277,1.0367,0.3923,0.0006,-0.0007,-0.0007,0.0011,0.221,1.967,26.3227,40.1148,0.974,0.646,0
59.742,26.3028,40.6446,1.0477,-0.6852,-2.6364,-0.1563,26.3488,40.622,0.9399,0.1194,26.4116,40.9538,1.0163,0.3293,-0.0003,-0.001,-0.0013,0.0016,0.272,1.856,26.2939,39.8162,0.97,0.8321,0
59.783,26.2762,40.5364,1.0411,-0.6008,-2.5656,-0.1587,26.3488,40.622,0.9399,0.1511,26.396,40.8888,1.0129,0.3733,0.0001,0.0005,-0.0007,0.0009,0.277,1.919,26.2953,39.8158,0.97,0.7244,0
59.825,26.2533,40.4309,1.0347,-0.5063,-2.5089,-0.1471,26.3488,40.622,0.9399,0.2337,26.3767,40.7944,1.008,0.3849,0.0001,0.0001,0.0002,0.0002,0.293,1.973,26.297,39.8153,0.97,0.6205,0
59.867,26.2343,40.3275,1.029,-0.415,-2.4594,-0.1297,26.3567,40.3791,0.9936,0.1374,26.361,40.6623,1.0037,0.3589,0.0,-0.0003,-0.0005,0.0006,0.327,1.841,26.2979,39.8151,0.97,0.5197,0
59.908,26.2191,40.2263,1.0239,-0.323,-2.4017,-0.1171,26.3567,40.3791,0.9936,0.2078,26.3493,40.5721,1.0006,0.3702,0.0005,0.0001,0.0007,0.0009,0.36,1.75,26.2984,39.8149,0.97,0.4224,0
59.95,26.2076,40.1279,1.0192,-0.2386,-2.3239,-0.101,26.0435,40.0625,0.9455,0.1914,26.2905,40.4384,0.9857,0.3232,0.0,-0.0004,-0.0007,0.0008,0.452,1.608,26.2409,39.5285,0.969,0.6024,0
59.991,26.1996,40.0331,1.0158,-0.158,-2.2348,-0.0741,26.0435,40.0625,0.9455,0.1736,26.2852,40.3566,0.9824,0.3363,0.0006,-0.0001,-0.0009,0.0011,0.405,1.818,26.2433,39.5278,0.969,0.5094,0
