time,gt_x,gt_y,gt_z,gt_vx,gt_vy,gt_vz,meas_x,meas_y,meas_z,gnss_error_mag,ekf_x,ekf_y,ekf_z,ekf_pos_error_mag,wind_x,wind_y,wind_z,wind_mag,rep_force_mag,nearest_neighbor_dist,target_x,target_y,target_z,tracking_error_mag,collision_flag
0.046,-0.0,-0.0,0.0673,-0.0,-0.0001,1.6313,-0.0958,-0.0341,0.1037,0.108,-0.0306,-0.0126,0.0733,0.0336,0.0001,0.0005,0.0005,0.0007,0.0,inf,-0.125,-0.125,1.0,0.9493,1
0.087,-0.0001,-0.0001,0.1384,-0.0064,-0.0065,1.7273,-0.0958,-0.0341,0.1037,0.1073,-0.0294,-0.014,0.1523,0.0353,0.0006,0.0009,-0.0005,0.0011,0.0,inf,-0.125,-0.125,1.0,0.8796,0
0.129,-0.0007,-0.0007,0.2091,-0.0219,-0.0221,1.662,-0.0958,-0.0341,0.1037,0.1458,-0.0288,-0.0153,0.2058,0.0318,-0.0008,-0.0002,-0.0011,0.0014,0.0,inf,-0.125,-0.125,1.0,0.8102,0
0.171,-0.0021,-0.0021,0.2759,-0.0448,-0.0423,1.5543,-0.0958,-0.0341,0.1037,0.1987,-0.0288,-0.018,0.2818,0.0316,-0.0002,-0.0004,0.0,0.0005,0.0,inf,-0.125,-0.125,1.0,0.7446,0
0.212,-0.0048,-0.0046,0.3404,-0.0875,-0.0779,1.5886,0.0434,-0.1812,0.2771,0.1937,-0.019,-0.063,0.2993,0.0728,0.0004,0.0002,0.0003,0.0006,0.0,inf,-0.125,-0.125,1.0,0.6812,0
0.254,-0.0093,-0.0085,0.4067,-0.1166,-0.1056,1.5764,0.0434,-0.1812,0.2771,0.2222,-0.0264,-0.0671,0.3619,0.0758,-0.0002,-0.0008,-0.0004,0.0009,0.0,inf,0.0,0.0,1.0,0.5934,0
0.295,-0.0142,-0.0131,0.4711,-0.1189,-0.1123,1.5157,0.0434,-0.1812,0.2771,0.2631,-0.0319,-0.0704,0.4024,0.0912,0.0,0.0,0.0004,0.0004,0.0,inf,0.0,0.0,1.0,0.5292,0
0.337,-0.0189,-0.0176,0.5328,-0.1062,-0.1025,1.4503,0.2889,-0.1712,0.4171,0.3629,0.0471,-0.097,0.4599,0.1263,-0.0003,0.0004,-0.0007,0.0008,0.0,inf,0.0,0.0,1.0,0.4679,0
0.379,-0.0231,-0.0214,0.5914,-0.0936,-0.0792,1.3717,0.2889,-0.1712,0.4171,0.3874,0.0445,-0.0992,0.4953,0.1409,0.0,0.0003,-0.0013,0.0013,0.0,inf,0.0,0.0,1.0,0.4098,0
0.42,-0.0268,-0.0242,0.6443,-0.0868,-0.0585,1.1604,-0.2216,-0.0968,0.7149,0.2196,-0.0134,-0.1031,0.5844,0.0999,-0.0005,0.0006,-0.0001,0.0008,0.0,inf,-0.0134,-0.1031,0.5844,0.0999,0
0.462,-0.0302,-0.0262,0.687,-0.0791,-0.0371,0.9173,-0.2216,-0.0968,0.7149,0.2059,-0.0149,-0.1047,0.6082,0.1123,-0.0007,0.0004,0.0003,0.0008,0.0,inf,24.875,4.875,1.0,25.3848,0
0.503,-0.0333,-0.0272,0.7197,-0.0695,-0.0116,0.6751,-0.2216,-0.0968,0.7149,0.2008,-0.0169,-0.106,0.6326,0.1186,0.0,-0.0004,0.0003,0.0005,0.0,inf,24.875,4.875,1.0,25.3877,0
0.541,-0.0357,-0.027,0.7408,-0.0571,0.0201,0.4878,-0.0754,0.1037,0.592,0.202,-0.0309,-0.061,0.636,0.1103,0.0004,0.0,0.0008,0.0008,0.0,inf,24.875,4.875,1.0,25.3897,0
0.582,-0.0375,-0.0248,0.759,-0.0268,0.0808,0.4088,-0.0754,0.1037,0.592,0.2141,-0.0319,-0.0592,0.6417,0.1223,0.0001,0.0004,0.0002,0.0004,0.0,inf,24.875,4.875,1.0,25.3909,0
0.624,-0.0373,-0.0199,0.7757,0.0363,0.1464,0.3953,0.2261,0.0015,0.7888,0.2646,0.0176,-0.0414,0.686,0.1073,0.0,-0.0002,0.0005,0.0006,0.0,inf,24.875,4.875,1.0,25.3896,0
0.666,-0.0336,-0.0125,0.7909,0.1439,0.2052,0.3554,0.2261,0.0015,0.7888,0.2601,0.0203,-0.0351,0.6925,0.1144,0.0001,-0.0001,-0.0007,0.0007,0.0,inf,24.875,4.875,1.0,25.3844,0
0.707,-0.0236,-0.0025,0.8057,0.3279,0.2699,0.3525,0.2261,0.0015,0.7888,0.2503,0.0306,-0.0229,0.7015,0.1192,-0.0002,-0.0002,-0.0001,0.0003,0.0,inf,24.875,4.875,1.0,25.3726,0
0.749,-0.0049,0.0102,0.8198,0.5451,0.3294,0.3146,-0.0001,-0.0875,0.8838,0.1169,0.0364,-0.034,0.7499,0.0924,-0.0001,0.0,-0.0,0.0001,0.0,inf,24.875,4.875,1.0,25.3517,0
0.79,0.023,0.0251,0.831,0.7786,0.3838,0.2302,-0.0001,-0.0875,0.8838,0.1266,0.066,-0.0199,0.7602,0.0942,0.0002,-0.0002,0.0005,0.0005,0.0,inf,24.875,4.875,1.0,25.3213,0
0.832,0.0613,0.0423,0.8385,1.0367,0.4363,0.14,-0.0001,-0.0875,0.8838,0.1507,0.0932,-0.0088,0.7645,0.0955,0.0004,0.0,-0.0018,0.0018,0.0,inf,24.875,4.875,1.0,25.2804,0
0.874,0.1102,0.0614,0.8419,1.2836,0.4731,0.033,0.1571,0.1346,0.861,0.089,0.1524,0.0286,0.7917,0.0733,-0.0001,-0.0001,-0.0006,0.0006,0.0,inf,24.875,4.875,1.0,25.2288,0
0.915,0.1693,0.0818,0.8414,1.5271,0.4986,-0.0449,0.1571,0.1346,0.861,0.0577,0.1942,0.0407,0.7917,0.0691,0.0002,-0.0003,0.0006,0.0007,0.0,inf,24.875,4.875,1.0,25.1669,0
0.957,0.2381,0.1027,0.8385,1.7507,0.505,-0.0786,0.2095,-0.0417,0.8844,0.1542,0.243,0.0428,0.8041,0.0693,-0.0005,-0.0,0.0,0.0005,0.0,inf,24.875,4.875,1.0,25.0953,0
0.998,0.3158,0.1236,0.8357,1.9484,0.4948,-0.0594,0.2095,-0.0417,0.8844,0.2025,0.2935,0.0556,0.8014,0.0794,-0.0002,0.0004,-0.0,0.0004,0.0,inf,24.875,4.875,1.0,25.0151,0
1.04,0.4005,0.1438,0.8336,2.0939,0.4772,-0.0417,0.2095,-0.0417,0.8844,0.2711,0.3776,0.0741,0.7981,0.0816,-0.0001,0.0001,-0.0009,0.0009,0.0,inf,24.875,4.875,1.0,24.9281,0
1.082,0.4902,0.1631,0.8325,2.1946,0.4491,-0.0135,0.4807,0.0525,0.7215,0.1569,0.4422,0.0833,0.7832,0.1054,-0.0002,0.0004,0.0003,0.0005,0.0,inf,24.875,4.875,1.0,24.8364,0
1.123,0.5832,0.1811,0.8325,2.2552,0.4197,0.0078,0.4807,0.0525,0.7215,0.1984,0.5316,0.0999,0.7821,0.1086,-0.0002,0.0004,0.0,0.0004,0.0,2.322,24.875,4.875,1.0,24.7417,0
1.165,0.6777,0.198,0.8332,2.277,0.3926,0.0243,0.3041,0.2419,0.8981,0.3818,0.5395,0.1315,0.8012,0.1567,-0.0002,0.0001,-0.0004,0.0005,0.0,2.322,24.875,4.875,1.0,24.6457,0
1.206,0.7727,0.2138,0.8344,2.2759,0.3702,0.0349,0.3041,0.2419,0.8981,0.4737,0.6275,0.1448,0.8018,0.164,0.0,0.0004,0.0009,0.001,0.0,2.407,24.875,4.875,1.0,24.5495,0
1.248,0.8671,0.2289,0.8361,2.2554,0.356,0.0412,0.3041,0.2419,0.8981,0.5666,0.6859,0.1529,0.8025,0.1993,-0.0,-0.0002,0.0004,0.0004,0.0,2.463,24.875,4.875,1.0,24.4539,0
1.29,0.9604,0.2436,0.8375,2.2241,0.3513,0.0277,0.8418,0.3064,0.9252,0.1603,0.7951,0.1915,0.827,0.1736,0.0001,-0.0007,0.0,0.0007,0.0,2.563,24.875,4.875,1.0,24.3595,0
1.331,1.0522,0.2582,0.8385,2.1883,0.352,0.0219,0.8418,0.3064,0.9252,0.2326,0.851,0.1994,0.8281,0.2099,-0.0003,0.0005,0.0004,0.0007,0.0,2.617,24.875,4.875,1.0,24.2665,0
1.373,1.1425,0.273,0.8394,2.1485,0.3575,0.0256,1.4113,0.2669,0.8328,0.2689,1.0182,0.2228,0.8241,0.1349,0.0001,0.0,-0.0001,0.0001,0.0,2.78,24.875,4.875,1.0,24.1751,0
1.414,1.2311,0.2881,0.8413,2.1093,0.3668,0.0578,1.4113,0.2669,0.8328,0.1816,1.0717,0.2314,0.8239,0.1701,-0.0001,0.0,-0.001,0.001,0.0,2.832,24.875,4.875,1.0,24.0852,0
1.46,1.3269,0.3052,0.8442,2.0749,0.3776,0.0667,1.4113,0.2669,0.8328,0.0934,1.1503,0.2449,0.8247,0.1876,0.0004,0.0006,-0.0001,0.0007,0.0,2.909,24.875,4.875,1.0,23.9879,0
1.502,1.4128,0.3212,0.8469,2.0538,0.3897,0.0605,1.2931,0.2409,0.8234,0.146,1.2515,0.2569,0.8273,0.1748,-0.0004,-0.0001,0.0004,0.0006,0.0,3.008,24.875,4.875,1.0,23.9005,0
1.543,1.4981,0.3377,0.8493,2.0404,0.4007,0.0573,1.2931,0.2409,0.8234,0.2281,1.3023,0.2664,0.8282,0.2094,-0.0004,-0.0011,-0.0004,0.0013,0.0,3.058,24.875,4.875,1.0,23.8137,0
1.585,1.583,0.3546,0.8517,2.038,0.4098,0.0565,1.5951,0.4352,0.8329,0.0837,1.4247,0.3114,0.8304,0.1654,0.0013,-0.0013,-0.0006,0.0019,0.0,3.175,24.875,4.875,1.0,23.7271,0
1.627,1.668,0.3718,0.854,2.0414,0.4168,0.0544,1.5951,0.4352,0.8329,0.0989,1.4758,0.3224,0.8313,0.1997,-0.0008,0.0004,-0.0012,0.0015,0.0,3.225,24.875,4.875,1.0,23.6404,0
1.668,1.7532,0.3892,0.8562,2.049,0.4173,0.0536,1.5951,0.4352,0.8329,0.1663,1.5529,0.3391,0.8327,0.2078,-0.0002,-0.001,0.0002,0.0011,0.0,3.301,24.875,4.875,1.0,23.5534,0
1.71,1.8389,0.4066,0.8587,2.0634,0.415,0.0709,1.7604,0.5346,0.7329,0.1959,1.6409,0.3837,0.8126,0.2045,-0.0001,-0.0005,0.0005,0.0007,0.0,3.387,24.875,4.875,1.0,23.4659,0
1.751,1.9252,0.4238,0.862,2.0785,0.4103,0.0836,1.7604,0.5346,0.7329,0.2369,1.7198,0.4007,0.8134,0.2123,-0.0006,0.0004,-0.0007,0.001,0.0,3.465,24.875,4.875,1.0,23.3779,0
1.793,2.0121,0.4407,0.8656,2.0925,0.4036,0.0778,1.9194,0.2391,0.8734,0.222,1.799,0.3809,0.8293,0.2243,0.0004,0.0005,-0.0002,0.0007,0.0,3.544,24.875,4.875,1.0,23.2893,0
1.835,2.0996,0.4574,0.8681,2.106,0.3988,0.0513,1.9194,0.2391,0.8734,0.2831,1.8782,0.3958,0.8318,0.2327,0.0001,-0.0001,0.0007,0.0007,0.0,3.623,24.875,4.875,1.0,23.2002,0
1.876,2.1877,0.474,0.87,2.1212,0.3959,0.0445,1.9194,0.2391,0.8734,0.3566,1.9314,0.4057,0.8329,0.2678,0.0002,0.0002,-0.0008,0.0008,0.0,3.675,24.875,4.875,1.0,23.1106,0
1.918,2.2764,0.4904,0.8719,2.1365,0.3948,0.0484,2.4019,0.5164,0.9987,0.1803,2.0886,0.441,0.8597,0.1946,-0.0001,-0.0002,0.0005,0.0006,0.0,3.83,24.875,4.875,1.0,23.0203,0
1.959,2.3658,0.5069,0.8741,2.1493,0.3946,0.0546,2.4019,0.5164,0.9987,0.1301,2.1433,0.4515,0.8603,0.2296,-0.0004,-0.0,0.0008,0.0009,0.0,3.885,24.875,4.875,1.0,22.9295,0
2.001,2.4556,0.5233,0.8764,2.1596,0.3928,0.0567,2.4019,0.5164,0.9987,0.1337,2.226,0.4671,0.8614,0.2368,0.0001,0.0009,-0.0006,0.0011,0.0,3.967,24.875,4.875,1.0,22.8382,0
2.043,2.5457,0.5396,0.879,2.1681,0.3924,0.0699,2.4307,0.5171,0.9132,0.1221,2.3109,0.4822,0.8681,0.242,-0.0,-0.0006,-0.0006,0.0008,0.0,4.051,24.875,4.875,1.0,22.7466,0
2.084,2.6363,0.556,0.8821,2.1769,0.394,0.0797,2.4307,0.5171,0.9132,0.2115,2.3925,0.4963,0.8689,0.2514,0.0002,-0.0003,-0.0007,0.0008,0.0,4.133,24.875,4.875,1.0,22.6545,0
2.126,2.7272,0.5725,0.8856,2.1856,0.3974,0.0832,2.4307,0.5171,0.9132,0.3029,2.447,0.5059,0.8696,0.2884,0.0002,0.0001,0.0002,0.0003,0.0,4.187,24.875,4.875,1.0,22.5622,0
2.167,2.8184,0.5892,0.8894,2.1944,0.4049,0.1022,2.7531,0.4378,0.7129,0.2415,2.5817,0.5111,0.8405,0.254,-0.0001,-0.0008,0.0012,0.0014,0.0,6.604,24.875,4.875,1.0,22.4694,0
2.205,2.9009,0.6046,0.8934,2.2022,0.4123,0.1089,2.7531,0.4378,0.7129,0.2867,2.6369,0.5215,0.8412,0.2816,-0.0002,0.0004,-0.0006,0.0008,0.0,6.66,24.875,4.875,1.0,22.3855,0
2.246,2.9928,0.6219,0.8977,2.2106,0.419,0.0927,2.8195,0.5216,0.9259,0.2023,2.7235,0.5339,0.8596,0.2859,0.0005,-0.0005,-0.0004,0.0009,0.0,6.748,24.875,4.875,1.0,22.2919,0
2.288,3.0851,0.6395,0.9013,2.2178,0.4239,0.0842,2.8195,0.5216,0.9259,0.2917,2.8074,0.5508,0.8612,0.2943,0.0004,-0.0003,0.0009,0.001,0.0,6.832,24.875,4.875,1.0,22.1979,0
2.33,3.1778,0.6572,0.9048,2.2273,0.424,0.0819,2.8195,0.5216,0.9259,0.3837,2.8635,0.5622,0.8621,0.331,-0.0002,0.0,0.0008,0.0008,0.0,6.889,24.875,4.875,1.0,22.1036,0
2.371,3.2707,0.6748,0.9081,2.235,0.422,0.0738,3.1298,0.6326,0.8499,0.1582,2.9867,0.5876,0.8632,0.3004,-0.0005,-0.0012,-0.001,0.0016,0.0,7.013,24.875,4.875,1.0,22.009,0
2.413,3.364,0.6923,0.9109,2.2426,0.4198,0.0668,3.1298,0.6326,0.8499,0.2493,3.0428,0.5983,0.8643,0.3379,-0.0001,-0.0005,-0.0004,0.0006,0.0,7.07,24.875,4.875,1.0,21.914,0
2.454,3.4577,0.7097,0.9137,2.2514,0.4167,0.0635,3.4155,0.7026,0.934,0.0474,3.18,0.6347,0.8779,0.2898,0.0002,0.0006,0.0011,0.0013,0.0,7.209,24.875,4.875,1.0,21.8188,0
2.496,3.5516,0.7271,0.9161,2.2577,0.415,0.0573,3.4155,0.7026,0.934,0.1395,3.2365,0.6465,0.8789,0.3274,0.0001,-0.0008,0.0005,0.0009,0.0,7.266,24.875,4.875,1.0,21.7232,0
2.538,3.6459,0.7443,0.9185,2.2652,0.4128,0.0551,3.4155,0.7026,0.934,0.2347,3.3215,0.6639,0.8802,0.3364,0.0,0.0005,0.0004,0.0007,0.0,7.352,24.875,4.875,1.0,21.6274,0
2.579,3.7404,0.7615,0.9207,2.272,0.411,0.0499,3.6799,0.6847,0.9099,0.0984,3.4351,0.6784,0.8875,0.3182,-0.0003,0.0001,0.0004,0.0006,0.0,7.466,24.875,4.875,1.0,21.5313,0
2.621,3.8352,0.7786,0.9226,2.2772,0.4105,0.0434,3.6799,0.6847,0.9099,0.182,3.5209,0.6958,0.8889,0.3267,0.0002,0.0006,0.0003,0.0007,0.0,7.553,24.875,4.875,1.0,21.435,0
2.662,3.9302,0.7956,0.9244,2.2841,0.4091,0.0415,3.6799,0.6847,0.9099,0.2743,3.5784,0.7074,0.8898,0.3644,0.0001,0.0002,0.0012,0.0013,0.0,7.611,24.875,4.875,1.0,21.3385,0
2.704,4.0255,0.8127,0.9261,2.2894,0.4093,0.0393,3.8048,0.6771,1.0016,0.2698,3.695,0.7193,0.9129,0.3437,-0.0001,-0.0008,-0.0001,0.0008,0.0,7.729,24.875,4.875,1.0,21.2417,0
2.746,4.121,0.8297,0.9273,2.2943,0.4088,0.0234,3.8048,0.6771,1.0016,0.3589,3.7531,0.7313,0.9141,0.3811,-0.001,-0.001,0.0013,0.0019,0.0,7.788,24.875,4.875,1.0,21.1447,0
2.787,4.2168,0.8467,0.9281,2.3016,0.4047,0.0191,3.8048,0.6771,1.0016,0.4515,3.8404,0.7494,0.9154,0.3889,0.0001,0.0006,0.0013,0.0014,0.0,7.876,24.875,4.875,1.0,21.0474,0
2.829,4.3128,0.8634,0.9289,2.3073,0.3997,0.0111,4.2486,0.7819,0.8543,0.1278,3.9636,0.7581,0.9085,0.3653,-0.0002,0.0002,-0.0012,0.0013,0.0,7.999,24.875,4.875,1.0,20.95,0
2.87,4.4091,0.8799,0.929,2.3144,0.3933,-0.0009,4.2486,0.7819,0.8543,0.2024,4.0511,0.7726,0.9102,0.3743,0.0003,-0.0001,0.0004,0.0005,0.0,8.087,24.875,4.875,1.0,20.8523,0
2.912,4.5057,0.8963,0.9289,2.3201,0.3941,-0.003,4.2486,0.7819,0.8543,0.2911,4.1096,0.7821,0.911,0.4127,-0.0005,0.0005,0.0014,0.0015,0.0,8.146,24.875,4.875,1.0,20.7544,0
2.954,4.6025,0.9128,0.929,2.3234,0.3979,0.007,4.6256,0.7924,0.8692,0.1364,4.281,0.7957,0.9032,0.3431,-0.0004,-0.0004,0.0006,0.0009,0.0,8.318,24.875,4.875,1.0,20.6562,0
2.995,4.6994,0.9296,0.9294,2.3281,0.4065,0.0101,4.6256,0.7924,0.8692,0.167,4.3388,0.8049,0.9039,0.3824,0.0002,0.0006,-0.0008,0.001,0.0,8.376,24.875,4.875,1.0,20.5579,0
3.037,4.7965,0.9468,0.9298,2.3342,0.4211,0.0093,4.6036,1.071,1.0172,0.2455,4.4583,0.8668,0.9258,0.3476,0.0003,0.0004,0.0004,0.0006,0.0,8.5,24.875,4.875,1.0,20.4593,0
3.078,4.894,0.9647,0.9299,2.3432,0.4345,-0.0009,4.6036,1.071,1.0172,0.3213,4.5156,0.8778,0.9269,0.3882,-0.0001,0.0015,-0.0001,0.0015,0.0,8.558,24.875,4.875,1.0,20.3602,0
3.12,4.9919,0.9831,0.9298,2.3565,0.4453,-0.0038,4.6036,1.071,1.0172,0.4076,4.6021,0.8949,0.9281,0.3996,-0.0001,-0.0002,0.0001,0.0002,0.0,11.165,24.875,4.875,1.0,20.2606,0
3.162,5.0904,1.0018,0.9298,2.3709,0.4547,0.006,4.998,0.9365,0.969,0.1198,4.729,0.9086,0.9335,0.3732,-0.0002,0.0003,0.0011,0.0011,0.0,11.29,24.875,4.875,1.0,20.1603,0
3.203,5.1896,1.021,0.9302,2.388,0.465,0.0113,4.998,0.9365,0.969,0.213,4.8178,0.9247,0.9343,0.384,-0.0009,-0.0002,-0.0015,0.0018,0.0,11.378,24.875,4.875,1.0,20.0593,0
3.245,5.2894,1.0406,0.9308,2.4037,0.4757,0.0239,5.2751,1.0724,0.8837,0.0586,4.9482,0.9597,0.9227,0.3508,-0.0,0.0002,-0.0006,0.0006,0.0,11.51,24.875,4.875,1.0,19.9575,0
3.286,5.3899,1.0607,0.9323,2.4156,0.4848,0.0405,5.2751,1.0724,0.8837,0.1252,5.0385,0.9767,0.9228,0.3614,-0.0005,0.0002,0.0011,0.0012,0.0,11.6,24.875,4.875,1.0,19.8551,0
3.328,5.4907,1.081,0.9341,2.4229,0.4907,0.0424,5.2751,1.0724,0.8837,0.2215,5.0991,0.9883,0.9234,0.4026,0.0005,0.0003,0.0006,0.0008,0.0,11.66,24.875,4.875,1.0,19.7522,0
3.37,5.5917,1.1016,0.9361,2.4257,0.4966,0.0528,5.4871,1.2212,0.8367,0.1875,5.2554,1.0462,0.9081,0.342,-0.0,-0.0005,0.0006,0.0008,0.0,11.819,24.875,4.875,1.0,19.6491,0
3.411,5.6928,1.1223,0.9384,2.4244,0.4991,0.0559,5.4871,1.2212,0.8367,0.2499,5.3165,1.0586,0.9087,0.3828,0.0,-0.0002,-0.0003,0.0003,0.0,11.88,24.875,4.875,1.0,19.5459,0
3.453,5.7937,1.1432,0.9407,2.4182,0.5013,0.0573,5.7327,1.2273,0.9016,0.111,5.4687,1.1038,0.9076,0.3291,-0.0011,-0.0003,-0.0004,0.0012,0.0,12.032,24.875,4.875,1.0,19.4429,0
3.494,5.8943,1.1641,0.9432,2.4107,0.5026,0.0634,5.7327,1.2273,0.9016,0.1784,5.5298,1.1164,0.9081,0.3693,0.0003,0.0003,-0.0003,0.0005,0.0,12.093,24.875,4.875,1.0,19.3402,0
3.536,5.9944,1.185,0.946,2.3989,0.5008,0.0665,5.7327,1.2273,0.9016,0.2688,5.6212,1.1353,0.909,0.3784,-0.0,0.0001,0.0004,0.0004,0.0,12.184,24.875,4.875,1.0,19.2378,0
3.578,6.0941,1.2059,0.9488,2.3869,0.4999,0.0777,6.0528,1.2506,0.8725,0.0976,5.7496,1.1693,0.8995,0.3499,-0.0007,-0.0001,-0.0,0.0007,0.0,12.314,24.875,4.875,1.0,19.136,0
3.619,6.1933,1.2266,0.9526,2.376,0.4961,0.0955,6.0528,1.2506,0.8725,0.1635,5.84,1.1892,0.8997,0.3592,0.0001,0.0006,0.001,0.0011,0.0,12.405,24.875,4.875,1.0,19.0346,0
3.661,6.2921,1.2471,0.9567,2.3683,0.4894,0.1001,6.0528,1.2506,0.8725,0.2537,5.8999,1.2024,0.9003,0.3988,-0.0003,-0.0001,0.0009,0.0009,0.0,12.464,24.875,4.875,1.0,18.9337,0
3.702,6.3906,1.2674,0.9605,2.3596,0.4838,0.0848,6.2791,1.214,0.9252,0.1286,6.045,1.2259,0.9088,0.3519,-0.0003,-0.0012,0.0008,0.0014,0.0,12.608,24.875,4.875,1.0,18.8332,0
3.744,6.4889,1.2874,0.9639,2.3583,0.4762,0.0812,6.2791,1.214,0.9252,0.2256,6.1027,1.2391,0.9097,0.3929,0.0,-0.0001,0.0003,0.0004,0.0,12.666,24.875,4.875,1.0,18.7329,0
3.786,6.5872,1.307,0.9672,2.3638,0.4659,0.0746,6.5609,1.2178,0.9609,0.0932,6.2591,1.2476,0.925,0.3362,-0.0004,0.0007,-0.0005,0.0009,0.0,12.82,24.875,4.875,1.0,18.6326,0
3.827,6.6859,1.3263,0.9694,2.3723,0.4594,0.041,6.5609,1.2178,0.9609,0.1657,6.3176,1.2588,0.9268,0.3769,-0.0004,0.0001,0.0004,0.0006,0.0,12.878,24.875,4.875,1.0,18.5321,0
3.869,6.785,1.3453,0.9709,2.383,0.4562,0.0308,6.5609,1.2178,0.9609,0.258,6.4058,1.2752,0.9283,0.3879,-0.0003,-0.0005,0.0008,0.001,0.0,12.966,24.875,4.875,1.0,18.4312,0
3.91,6.8845,1.3643,0.972,2.393,0.458,0.0233,6.8198,1.2787,1.1876,0.2408,6.5324,1.2879,0.9743,0.3604,0.0001,0.0,-0.0003,0.0003,0.0,13.088,24.875,4.875,1.0,18.3298,0
3.952,6.9844,1.3835,0.9728,2.4003,0.4618,0.0166,6.8198,1.2787,1.1876,0.2902,6.6224,1.3053,0.9754,0.3704,0.0001,0.0006,0.0007,0.001,0.0,13.178,24.875,4.875,1.0,18.2281,0
3.994,7.0846,1.4029,0.9735,2.4093,0.4672,0.0152,6.8198,1.2787,1.1876,0.3625,6.6827,1.3171,0.976,0.411,-0.0,-0.0002,0.0005,0.0006,0.0,13.238,24.875,4.875,1.0,18.1261,0
4.035,7.1852,1.4224,0.974,2.4167,0.4705,0.0125,7.0748,1.4039,1.0514,0.1361,6.8334,1.3434,0.99,0.3609,-0.0002,0.0001,0.0002,0.0003,0.0,13.387,24.875,4.875,1.0,18.0236,0
4.077,7.286,1.4421,0.9745,2.4221,0.4764,0.0101,7.0748,1.4039,1.0514,0.228,6.8937,1.3541,0.9906,0.4024,-0.0,0.0002,-0.0005,0.0005,0.0,13.448,24.875,4.875,1.0,17.9209,0
4.118,7.387,1.4622,0.9749,2.425,0.4851,0.0104,7.4091,1.4711,0.9484,0.0357,7.0657,1.3905,0.9833,0.3293,-0.0,0.0006,-0.0009,0.0011,0.0,13.621,24.875,4.875,1.0,17.8179,0
4.16,7.4881,1.4826,0.9755,2.4251,0.4942,0.0155,7.4091,1.4711,0.9484,0.0843,7.1275,1.4024,0.9836,0.3695,0.0005,-0.0001,-0.0002,0.0005,0.0,14.407,24.875,4.875,1.0,17.7148,0
4.202,7.589,1.5034,0.9762,2.4211,0.5049,0.0169,7.4091,1.4711,0.9484,0.1849,7.2201,1.4205,0.9843,0.3782,0.0001,-0.0,0.0001,0.0002,0.0,14.497,24.875,4.875,1.0,17.6117,0
4.243,7.6898,1.5247,0.9769,2.4147,0.5144,0.0154,7.7842,1.5999,1.0893,0.165,7.3723,1.4642,1.0027,0.3242,0.0001,0.0003,0.001,0.001,0.0,14.64,24.875,4.875,1.0,17.5088,0
4.285,7.7902,1.5463,0.9775,2.4061,0.5207,0.0139,7.7842,1.5999,1.0893,0.1242,7.4644,1.4841,1.0034,0.3327,0.0004,0.0001,-0.0004,0.0006,0.0,14.729,24.875,4.875,1.0,17.4061,0
4.326,7.8902,1.5681,0.978,2.3955,0.5228,0.0138,7.7842,1.5999,1.0893,0.1569,7.5255,1.4976,1.0038,0.3723,0.0007,0.0004,0.0006,0.0011,0.0,14.788,24.875,4.875,1.0,17.3037,0
4.368,7.9898,1.5899,0.9785,2.3863,0.5233,0.0088,7.9038,1.5023,1.0273,0.132,7.6709,1.5137,1.0096,0.3293,-0.0005,0.0003,-0.0003,0.0007,0.0,14.927,24.875,4.875,1.0,17.2018,0
4.41,8.0891,1.6117,0.9788,2.3815,0.5239,0.0051,7.9038,1.5023,1.0273,0.2205,7.7302,1.5263,1.0102,0.3702,-0.0004,0.0008,0.0003,0.0009,0.0,14.985,24.875,4.875,1.0,17.1002,0
4.451,8.1882,1.6335,0.979,2.3779,0.5218,0.0058,8.0685,1.5228,0.9479,0.1659,7.8651,1.5414,1.0004,0.3367,0.0001,-0.0001,-0.0006,0.0007,0.0,15.118,24.875,4.875,1.0,16.9987,0
4.493,8.2873,1.6552,0.9793,2.3779,0.5216,0.0076,8.0685,1.5228,0.9479,0.2576,7.924,1.5536,1.0008,0.3779,0.0002,0.0002,0.0001,0.0002,0.0,15.175,24.875,4.875,1.0,16.8973,0
4.534,8.3864,1.6769,0.9797,2.3794,0.5196,0.0099,8.0685,1.5228,0.9479,0.3546,8.0123,1.5717,1.0015,0.3892,0.0002,0.0004,0.0012,0.0013,0.0,15.261,24.875,4.875,1.0,16.7959,0
4.576,8.4856,1.6985,0.9801,2.3834,0.5177,0.0127,8.429,1.6543,1.0073,0.0768,8.1373,1.5992,1.0022,0.3629,0.0002,-0.0004,-0.0003,0.0005,0.0,15.383,24.875,4.875,1.0,16.6944,0
4.618,8.5851,1.7201,0.9807,2.3905,0.5174,0.0157,8.429,1.6543,1.0073,0.1714,8.226,1.6183,1.0027,0.3738,0.0001,-0.0008,0.0007,0.0011,0.0,15.469,24.875,4.875,1.0,16.5926,0
4.659,8.6849,1.7415,0.9814,2.3983,0.5151,0.0172,8.429,1.6543,1.0073,0.2716,8.2854,1.6311,1.0031,0.415,-0.0007,0.0002,0.0001,0.0007,0.0,15.527,24.875,4.875,1.0,16.4906,0
4.701,8.785,1.763,0.9826,2.4084,0.5144,0.0383,8.8415,1.6853,0.9922,0.0965,8.4633,1.6573,0.9982,0.339,0.0003,-0.0004,-0.0006,0.0008,0.0,15.701,24.875,4.875,1.0,16.3882,0
4.742,8.8856,1.7844,0.9845,2.4184,0.5139,0.0471,8.8415,1.6853,0.9922,0.1088,8.5223,1.6696,0.9984,0.3813,-0.0002,0.0007,-0.0006,0.0009,0.0,15.759,24.875,4.875,1.0,16.2853,0
4.784,8.9866,1.8058,0.9866,2.4284,0.5138,0.0565,8.9127,1.8766,0.9714,0.1035,8.6767,1.7227,0.9922,0.3209,-0.0001,0.0,-0.0011,0.0011,0.0,15.912,24.875,4.875,1.0,16.1821,0
4.826,9.088,1.8273,0.9891,2.4375,0.5181,0.0623,8.9127,1.8766,0.9714,0.183,8.7378,1.7355,0.9924,0.3621,0.0003,0.0008,-0.0007,0.0011,0.0,15.972,24.875,4.875,1.0,16.0785,0
4.867,9.1897,1.849,0.9918,2.4412,0.5222,0.0656,9.1599,1.9863,0.7595,0.2714,8.89,1.7927,0.954,0.3072,-0.0004,0.0005,0.0009,0.0011,0.0,16.131,24.875,4.875,1.0,15.9746,0
4.909,9.2914,1.8708,0.9947,2.4408,0.5258,0.0737,9.1599,1.9863,0.7595,0.2931,8.9518,1.8054,0.9543,0.3482,-0.0,0.0,-0.0005,0.0005,0.0,16.192,24.875,4.875,1.0,15.8705,0
4.95,9.393,1.8928,0.9978,2.4364,0.5284,0.0752,9.1599,1.9863,0.7595,0.3462,9.0443,1.8247,0.9551,0.3579,-0.0001,0.0005,-0.0008,0.0009,0.0,16.282,24.875,4.875,1.0,15.7666,0
4.992,9.4943,1.9149,1.001,2.4273,0.5316,0.0765,9.5496,1.9724,1.167,0.1842,9.1886,1.865,0.9894,0.3099,0.0001,0.0004,-0.0006,0.0007,0.0,16.416,24.875,4.875,1.0,15.6629,0
5.034,9.5952,1.9371,1.0042,2.4141,0.5335,0.0767,9.5496,1.9724,1.167,0.1727,9.2806,1.8858,0.9901,0.3191,-0.0002,-0.0002,-0.0003,0.0004,0.0,16.506,24.875,4.875,1.0,15.5597,0
5.079,9.7055,1.9616,1.0077,2.3993,0.5333,0.078,9.822,1.8997,0.9194,0.1587,9.4465,1.9085,0.9799,0.2658,-0.0007,-0.0004,0.0001,0.0008,0.0,16.67,24.875,4.875,1.0,15.4468,0
5.121,9.8051,1.9837,1.0108,2.3875,0.5297,0.0735,9.822,1.8997,0.9194,0.1253,9.5053,1.9229,0.9805,0.3074,-0.0001,-0.0003,-0.0002,0.0004,0.0,16.728,24.875,4.875,1.0,15.3447,0
5.163,9.9044,2.0057,1.0139,2.38,0.5248,0.0722,9.822,1.8997,0.9194,0.1641,9.5931,1.9445,0.9813,0.3189,0.0005,-0.0001,-0.0003,0.0005,0.0,16.501,24.875,4.875,1.0,15.2431,0
5.204,10.0035,2.0274,1.0168,2.3787,0.5196,0.0625,9.921,1.9702,1.1828,0.194,9.7022,1.96,1.0209,0.3088,0.0003,-0.0003,-0.0005,0.0006,0.0,16.587,24.875,4.875,1.0,15.1416,0
5.246,10.1027,2.0489,1.0187,2.3806,0.5122,0.0346,9.921,1.9702,1.1828,0.2572,9.79,1.9803,1.0227,0.3201,-0.0,0.0001,0.0005,0.0005,0.0,16.668,24.875,4.875,1.0,15.0402,0
5.287,10.2021,2.0701,1.0199,2.3894,0.5065,0.0261,9.921,1.9702,1.1828,0.3399,9.8488,1.9938,1.0233,0.3614,0.0004,-0.0004,0.0003,0.0006,0.0,16.723,24.875,4.875,1.0,14.9386,0
5.329,10.3019,2.0911,1.0209,2.4001,0.5027,0.0236,10.2377,2.0034,0.8686,0.1871,9.9984,2.0135,0.9983,0.3141,-0.0005,-0.0001,-0.0013,0.0014,0.0,16.872,24.875,4.875,1.0,14.8367,0
5.371,10.4021,2.112,1.0219,2.4097,0.4996,0.0224,10.2377,2.0034,0.8686,0.2496,10.0577,2.0264,0.9988,0.3556,0.0008,-0.0004,-0.0007,0.0011,0.0,16.927,24.875,4.875,1.0,14.7343,0
5.412,10.5028,2.1329,1.0228,2.4215,0.5019,0.0212,10.2377,2.0034,0.8686,0.3328,10.1474,2.0458,0.9995,0.3666,0.0001,0.0006,0.0003,0.0007,0.0,17.011,24.875,4.875,1.0,14.6315,0
5.454,10.6039,2.1538,1.0241,2.4331,0.5056,0.0489,10.5116,2.1909,1.0794,0.1139,10.2698,2.0823,1.0065,0.3421,0.0001,0.0002,0.0011,0.0011,0.0,17.124,24.875,4.875,1.0,14.5282,0
5.495,10.7055,2.175,1.0266,2.4409,0.5098,0.068,10.5116,2.1909,1.0794,0.2016,10.3605,2.1016,1.0063,0.3533,0.0,0.0007,0.0004,0.0008,0.0,17.209,24.875,4.875,1.0,14.4245,0
5.537,10.8073,2.1963,1.0296,2.4447,0.512,0.0729,10.5116,2.1909,1.0794,0.2999,10.4212,2.1145,1.0065,0.3954,-0.0002,0.0003,-0.0001,0.0004,0.0,17.266,24.875,4.875,1.0,14.3205,0
5.579,10.9092,2.2177,1.0322,2.4464,0.5162,0.0514,10.6566,2.3626,1.0298,0.2912,10.5462,2.1774,1.0158,0.3656,-0.0003,-0.0007,0.0008,0.0011,0.0,17.384,24.875,4.875,1.0,14.2164,0
5.62,11.0112,2.2393,1.0341,2.4482,0.5204,0.043,10.6566,2.3626,1.0298,0.3754,10.6057,2.1907,1.0164,0.4088,-0.0005,-0.0003,-0.001,0.0012,0.0,17.44,24.875,4.875,1.0,14.1122,0
5.662,11.1133,2.2611,1.0358,2.4521,0.5217,0.0408,10.9788,2.244,0.8032,0.2692,10.7544,2.2171,0.9793,0.3659,0.0003,0.0002,-0.0008,0.0009,0.0,17.593,24.875,4.875,1.0,14.0078,0
5.703,11.2155,2.2828,1.0378,2.4537,0.522,0.0489,10.9788,2.244,0.8032,0.3354,10.8155,2.2303,0.9795,0.4076,0.0005,0.0001,0.0005,0.0007,0.0,17.651,24.875,4.875,1.0,13.9034,0
5.745,11.3177,2.3045,1.0399,2.4519,0.5218,0.0516,10.9788,2.244,0.8032,0.4177,10.9072,2.2501,0.9802,0.4184,0.0003,-0.0002,0.0003,0.0005,0.0,17.737,24.875,4.875,1.0,13.7989,0
5.787,11.4198,2.3263,1.042,2.4488,0.5211,0.0483,11.3047,2.3673,0.9688,0.1425,11.0339,2.283,0.9807,0.3931,0.0002,0.0002,0.0001,0.0003,0.0,17.857,24.875,4.875,1.0,13.6945,0
5.828,11.5217,2.348,1.0438,2.4414,0.5215,0.0395,11.3047,2.3673,0.9688,0.2304,11.1261,2.3029,0.9818,0.4029,0.0006,-0.0004,0.0,0.0008,0.0,17.944,24.875,4.875,1.0,13.5904,0
5.87,11.6232,2.3697,1.0453,2.4324,0.5206,0.0368,11.3047,2.3673,0.9688,0.3276,11.1873,2.3162,0.9824,0.4436,0.0004,0.0004,0.0006,0.0008,0.0,18.002,24.875,4.875,1.0,13.4866,0
5.911,11.7243,2.3914,1.0469,2.4218,0.5184,0.043,11.6214,2.4729,1.0862,0.1371,11.3475,2.3639,0.9983,0.3809,-0.0003,0.0008,0.0002,0.0009,0.0,18.149,24.875,4.875,1.0,13.3833,0
5.953,11.8249,2.4129,1.0489,2.411,0.5172,0.0507,11.6214,2.4729,1.0862,0.2155,11.4077,2.3777,0.9985,0.4217,0.0003,0.0001,0.0006,0.0006,0.0,18.207,24.875,4.875,1.0,13.2804,0
5.995,11.9252,2.4344,1.0511,2.4034,0.5139,0.0533,11.6214,2.4729,1.0862,0.3083,11.4976,2.3982,0.9991,0.4323,0.0005,-0.0011,-0.0004,0.0012,0.0,18.292,24.875,4.875,1.0,13.1778,0
6.036,12.0253,2.4557,1.0535,2.3999,0.51,0.0652,11.8734,2.3829,1.1255,0.1832,11.6193,2.4062,1.0183,0.4105,-0.0005,-0.0002,0.0,0.0006,0.0,18.399,24.875,4.875,1.0,13.0756,0
6.078,12.1252,2.4769,1.0565,2.3993,0.5055,0.0743,11.8734,2.3829,1.1255,0.2775,11.7077,2.4254,1.0185,0.4224,0.0005,0.0002,0.0005,0.0008,0.0,18.483,24.875,4.875,1.0,12.9735,0
6.119,12.2253,2.4979,1.0596,2.4034,0.5047,0.0757,11.8734,2.3829,1.1255,0.376,11.7668,2.4381,1.0188,0.4642,0.0007,0.0002,-0.0001,0.0007,0.0,18.539,24.875,4.875,1.0,12.8712,0
6.161,12.3256,2.519,1.0633,2.4112,0.5077,0.1031,12.3289,2.3916,1.1289,0.1433,11.9576,2.4487,1.0325,0.376,0.0003,-0.0001,-0.0002,0.0004,0.0,19.082,24.875,4.875,1.0,12.7688,0
6.203,12.4262,2.5402,1.0679,2.4164,0.5113,0.1147,12.3289,2.3916,1.1289,0.1878,12.018,2.4614,1.0325,0.4173,0.0002,0.0004,0.0001,0.0005,0.0,19.138,24.875,4.875,1.0,12.666,0
6.244,12.527,2.5616,1.0728,2.4223,0.5154,0.1191,12.4276,2.5788,1.1194,0.1111,12.1727,2.497,1.054,0.3607,0.0002,0.001,0.0009,0.0013,0.0,19.271,24.875,4.875,1.0,12.563,0
6.286,12.628,2.5832,1.0767,2.4229,0.5206,0.0795,12.4276,2.5788,1.1194,0.2049,12.2343,2.5095,1.0553,0.4011,-0.0005,-0.0,-0.0001,0.0005,0.0,19.327,24.875,4.875,1.0,12.4598,0
6.327,12.7289,2.605,1.0797,2.42,0.5282,0.0664,12.4276,2.5788,1.1194,0.305,12.3267,2.5285,1.056,0.4101,0.0001,-0.0004,0.0,0.0004,0.0,19.411,24.875,4.875,1.0,12.3567,0
6.369,12.8296,2.6273,1.0824,2.4154,0.5381,0.0628,12.7104,2.6306,0.9665,0.1664,12.4461,2.5537,1.0415,0.3927,-0.0004,0.0002,0.001,0.0011,0.0,19.527,24.875,4.875,1.0,12.2536,0
6.411,12.9301,2.65,1.0849,2.4092,0.5494,0.0592,12.7104,2.6306,0.9665,0.2504,12.5368,2.572,1.042,0.4033,-0.0,-0.0007,0.0006,0.0009,0.0,19.61,24.875,4.875,1.0,12.1507,0
6.452,13.0303,2.6731,1.0874,2.403,0.5607,0.0596,12.7104,2.6306,0.9665,0.3447,12.5971,2.5846,1.0423,0.4445,0.0005,-0.0002,0.0003,0.0006,0.0,19.666,24.875,4.875,1.0,12.0479,0
6.494,13.1303,2.6968,1.0899,2.3956,0.5756,0.062,13.1157,2.64,0.9032,0.1957,12.7807,2.6165,1.0187,0.3657,-0.0004,-0.0002,0.0007,0.0008,0.0,19.845,24.875,4.875,1.0,11.9453,0
6.535,13.2299,2.7211,1.0926,2.3866,0.5881,0.0639,13.1157,2.64,0.9032,0.2356,12.8418,2.6306,1.0189,0.4053,-0.0002,-0.0003,0.0003,0.0004,0.0,19.901,24.875,4.875,1.0,11.8429,0
6.577,13.3292,2.7458,1.0948,2.3795,0.5959,0.0442,13.2564,2.7877,1.171,0.1134,12.9976,2.6815,1.0477,0.3411,-0.0002,0.0004,-0.0003,0.0005,0.0,20.035,24.875,4.875,1.0,11.7409,0
6.619,13.4282,2.7707,1.0964,2.3726,0.6006,0.0341,13.2564,2.7877,1.171,0.188,13.0574,2.697,1.0482,0.3811,-0.0,-0.0009,-0.0007,0.0012,0.0,20.091,24.875,4.875,1.0,11.639,0
6.66,13.527,2.7957,1.0977,2.3696,0.599,0.0309,13.2564,2.7877,1.171,0.2804,13.1468,2.7203,1.0486,0.3907,0.0001,0.0002,-0.0001,0.0003,0.0,20.174,24.875,4.875,1.0,11.5374,0
6.702,13.6256,2.8206,1.0992,2.3681,0.5926,0.0427,13.5965,2.7205,1.1294,0.1085,13.2834,2.7318,1.0595,0.3558,-0.0006,-0.0001,0.0001,0.0006,0.0,20.295,24.875,4.875,1.0,11.4358,0
6.743,13.7243,2.845,1.1012,2.3672,0.5834,0.0509,13.5965,2.7205,1.1294,0.1807,13.3728,2.7531,1.0593,0.3658,-0.0001,0.0004,0.0009,0.001,0.0,20.378,24.875,4.875,1.0,11.3344,0
6.785,13.823,2.8692,1.1032,2.3673,0.5759,0.0411,13.7172,2.9563,1.0469,0.1481,13.4905,2.8029,1.0601,0.3417,0.0002,-0.0011,-0.0002,0.0011,0.0,20.49,24.875,4.875,1.0,11.2331,0
6.827,13.9215,2.893,1.1047,2.365,0.5693,0.0338,13.7172,2.9563,1.0469,0.2215,13.5804,2.8244,1.0606,0.3508,-0.0,0.0003,0.0004,0.0005,0.0,20.573,24.875,4.875,1.0,11.1318,0
6.868,14.02,2.9166,1.1061,2.3637,0.5616,0.0325,13.7172,2.9563,1.0469,0.3111,13.6402,2.8386,1.0607,0.3904,-0.0001,-0.0002,0.0004,0.0005,0.0,20.629,24.875,4.875,1.0,11.0307,0
6.91,14.1185,2.9399,1.1072,2.3632,0.5576,0.0132,14.0032,2.8172,1.1361,0.1709,13.7857,2.8514,1.0796,0.3455,0.0001,-0.0004,-0.0,0.0004,0.0,20.756,24.875,4.875,1.0,10.9297,0
6.951,14.217,2.963,1.1072,2.3656,0.5542,-0.0072,14.0032,2.8172,1.1361,0.2604,13.8452,2.8645,1.0803,0.3856,-0.0001,-0.0003,0.0004,0.0005,0.0,20.811,24.875,4.875,1.0,10.8286,0
6.993,14.3157,2.9861,1.1068,2.3679,0.5535,-0.0132,14.1666,3.1361,1.0333,0.2239,13.9803,2.9277,1.0772,0.3417,-0.0,0.0007,0.0015,0.0017,0.0,20.942,24.875,4.875,1.0,10.7275,0
7.035,14.4144,3.0092,1.1054,2.3709,0.5546,-0.0432,14.1666,3.1361,1.0333,0.2876,14.0405,2.9407,1.0781,0.3811,0.0002,-0.0001,0.0011,0.0011,0.0,20.998,24.875,4.875,1.0,10.6262,0
7.076,14.5132,3.0323,1.1034,2.3736,0.5575,-0.0515,14.1666,3.1361,1.0333,0.3685,14.1309,2.9604,1.0785,0.3898,-0.0001,-0.0005,-0.0005,0.0007,0.0,21.083,24.875,4.875,1.0,10.5249,0
7.118,14.6122,3.0556,1.1012,2.3783,0.5592,-0.0539,14.4181,3.2555,0.9949,0.2982,14.2351,3.0268,1.065,0.3799,-0.0003,-0.0002,0.0003,0.0005,0.0,21.191,24.875,4.875,1.0,10.4233,0
7.159,14.7114,3.079,1.0989,2.382,0.561,-0.0569,14.4181,3.2555,0.9949,0.3578,14.326,3.0487,1.0652,0.3881,-0.0002,-0.0003,-0.0012,0.0013,0.0,20.427,24.875,4.875,1.0,10.3215,0
7.201,14.8107,3.1023,1.0965,2.3838,0.5596,-0.0579,14.4181,3.2555,0.9949,0.4335,14.3866,3.0633,1.0653,0.427,-0.0002,-0.0003,0.0012,0.0013,0.0,20.481,24.875,4.875,1.0,10.2197,0
7.243,14.91,3.1255,1.094,2.3835,0.5551,-0.0644,14.8031,3.0152,1.2765,0.2386,14.5461,3.0736,1.1026,0.3677,-0.0002,0.0003,-0.001,0.0011,0.0,20.604,24.875,4.875,1.0,10.1178,0
7.284,15.0093,3.1486,1.0911,2.3806,0.5504,-0.0704,14.8031,3.0152,1.2765,0.3077,14.6074,3.0875,1.1026,0.4067,0.0002,0.0002,-0.0011,0.0012,0.0,20.659,24.875,4.875,1.0,10.016,0
7.326,15.1084,3.1714,1.0882,2.3758,0.5465,-0.0707,15.1288,3.2723,1.2167,0.1647,14.7762,3.1351,1.115,0.3352,0.0003,0.0008,0.0001,0.0009,0.0,20.806,24.875,4.875,1.0,9.9145,0
7.367,15.2073,3.1941,1.0863,2.3701,0.5448,-0.0287,15.1288,3.2723,1.2167,0.1711,14.8371,3.1482,1.1135,0.374,-0.0001,0.0001,0.0006,0.0006,0.0,20.862,24.875,4.875,1.0,9.8132,0
7.409,15.3059,3.2168,1.0855,2.365,0.5469,-0.016,15.1288,3.2723,1.2167,0.2273,14.9281,3.1678,1.1126,0.3819,-0.0002,0.0002,-0.0005,0.0006,0.0,20.945,24.875,4.875,1.0,9.7121,0
7.451,15.4043,3.2397,1.0848,2.3578,0.5479,-0.0216,15.3326,3.5754,1.2165,0.3677,15.0522,3.2513,1.1311,0.3553,0.0005,0.0,0.001,0.0011,0.0,21.055,24.875,4.875,1.0,9.6113,0
7.492,15.5024,3.2626,1.0837,2.3529,0.5505,-0.0274,15.3326,3.5754,1.2165,0.3799,15.1413,3.2723,1.1307,0.3643,0.0001,-0.0013,0.0006,0.0014,0.0,21.136,24.875,4.875,1.0,9.5107,0
7.534,15.6004,3.2855,1.0826,2.351,0.5526,-0.0262,15.4593,3.3305,1.0725,0.1484,15.2451,3.2933,1.1194,0.3572,-0.0002,-0.0003,0.0006,0.0007,0.0,21.235,24.875,4.875,1.0,9.4102,0
7.575,15.6983,3.3086,1.0817,2.3527,0.5551,-0.0178,15.4593,3.3305,1.0725,0.2402,15.3328,3.3138,1.1186,0.3674,-0.0001,0.0003,-0.001,0.0011,0.0,21.315,24.875,4.875,1.0,9.3097,0
7.617,15.7965,3.3319,1.081,2.3606,0.561,-0.0162,15.4593,3.3305,1.0725,0.3374,15.3914,3.3276,1.1182,0.4069,-0.0003,-0.0005,0.0007,0.0009,0.0,21.368,24.875,4.875,1.0,9.209,0
7.659,15.8951,3.3554,1.0802,2.3703,0.5659,-0.0285,15.9654,3.3657,1.036,0.0836,15.5741,3.3529,1.1083,0.3223,-0.0003,-0.001,0.0006,0.0012,0.02,21.537,24.875,4.875,1.0,9.1079,0
7.7,15.9941,3.379,1.0787,2.3791,0.5679,-0.041,15.9654,3.3657,1.036,0.0531,15.6342,3.3669,1.1084,0.3613,-0.0001,-0.0001,0.0011,0.0011,0.034,21.592,24.875,4.875,1.0,9.0064,0
7.742,16.0934,3.4026,1.0769,2.3847,0.566,-0.045,15.9654,3.3657,1.036,0.1393,15.7247,3.3878,1.1081,0.3703,0.0005,0.0002,-0.0006,0.0008,0.054,21.675,24.875,4.875,1.0,8.9045,0
7.783,16.1929,3.4261,1.0751,2.39,0.5584,-0.0382,16.0456,3.3409,1.0519,0.1717,15.8389,3.3911,1.0969,0.3563,0.0002,0.0003,0.0004,0.0005,0.058,21.782,24.875,4.875,1.0,8.8025,0
7.825,16.2925,3.4491,1.0736,2.3912,0.5486,-0.0339,16.0456,3.3409,1.0519,0.2705,15.9296,3.4104,1.0963,0.3657,-0.0001,-0.0,0.0003,0.0003,0.077,21.865,24.875,4.875,1.0,8.7005,0
7.867,16.3921,3.4717,1.0722,2.3909,0.538,-0.0336,16.0456,3.3409,1.0519,0.371,15.99,3.423,1.0961,0.4058,0.0004,-0.0001,-0.0001,0.0004,0.09,21.92,24.875,4.875,1.0,8.5985,0
7.908,16.4917,3.4939,1.0708,2.39,0.5274,-0.0344,16.4074,3.3476,1.2722,0.2627,16.1457,3.4312,1.125,0.3558,0.0,0.0003,-0.0006,0.0007,0.098,22.047,24.875,4.875,1.0,8.4966,0
7.95,16.5913,3.5156,1.0694,2.3922,0.5157,-0.0345,16.4074,3.3476,1.2722,0.3212,16.2049,3.4436,1.1246,0.3969,-0.0003,0.0011,-0.001,0.0015,0.11,22.101,24.875,4.875,1.0,8.3948,0
7.991,16.6911,3.5367,1.068,2.3974,0.5001,-0.0251,16.7493,3.518,0.9327,0.1485,16.3789,3.4744,1.0897,0.3191,0.0005,-0.0001,-0.0003,0.0006,0.141,22.275,24.875,4.875,1.0,8.2929,0
8.033,16.7912,3.5572,1.0673,2.4046,0.483,-0.0135,16.7493,3.518,0.9327,0.1463,16.4381,3.4863,1.0892,0.3607,0.0002,0.0009,-0.0009,0.0013,0.153,22.33,24.875,4.875,1.0,8.1908,0
8.075,16.8915,3.5769,1.0668,2.4126,0.4643,-0.0096,16.7834,3.6189,1.126,0.1302,16.5798,3.5223,1.0959,0.3178,0.0002,-0.0007,-0.0011,0.0013,0.189,22.457,24.875,4.875,1.0,8.0886,0
8.116,16.9922,3.5958,1.0662,2.4181,0.4425,-0.0183,16.7834,3.6189,1.126,0.2184,16.6409,3.5326,1.0958,0.3582,-0.0006,-0.0007,-0.0003,0.001,0.199,22.513,24.875,4.875,1.0,7.9862,0
8.158,17.093,3.6137,1.0654,2.4209,0.4192,-0.0207,16.7834,3.6189,1.126,0.3155,16.7328,3.5469,1.0955,0.3676,0.0004,0.0003,-0.0011,0.0012,0.214,23.156,24.875,4.875,1.0,7.8838,0
8.199,17.1939,3.6305,1.0645,2.4189,0.3912,-0.0218,16.9922,3.6522,1.1195,0.2102,16.8305,3.5781,1.1002,0.3688,0.0002,0.0001,0.0003,0.0004,0.245,23.245,24.875,4.875,1.0,7.7816,0
8.241,17.2946,3.6461,1.0635,2.4159,0.3611,-0.026,16.9922,3.6522,1.1195,0.3076,16.9214,3.5924,1.0999,0.3788,-0.0,0.0002,-0.0022,0.0023,0.259,23.328,24.875,4.875,1.0,7.6796,0
8.283,17.3951,3.6604,1.0623,2.411,0.3275,-0.0291,16.9922,3.6522,1.1195,0.4071,16.9818,3.6009,1.0997,0.4193,0.0001,0.0002,-0.0006,0.0007,0.268,23.384,24.875,4.875,1.0,7.5781,0
8.324,17.4955,3.6733,1.0615,2.4061,0.2929,-0.0119,17.4378,3.4591,1.011,0.2275,17.148,3.5902,1.081,0.3578,0.0003,-0.0001,0.0011,0.0011,0.257,23.54,24.875,4.875,1.0,7.477,0
8.366,17.5957,3.6848,1.0612,2.403,0.262,-0.0045,17.4378,3.4591,1.011,0.28,17.2082,3.5971,1.0805,0.3977,-0.0002,-0.0002,0.0002,0.0004,0.264,23.595,24.875,4.875,1.0,7.3762,0
8.407,17.6957,3.695,1.061,2.4004,0.2334,-0.002,17.6824,3.7085,1.0349,0.0322,17.3676,3.6235,1.0732,0.3361,-0.0005,-0.0003,-0.0001,0.0006,0.29,23.745,24.875,4.875,1.0,7.2759,0
8.449,17.7957,3.7041,1.0609,2.3974,0.209,-0.0027,17.6824,3.7085,1.0349,0.1163,17.4274,3.6285,1.073,0.3761,0.0003,-0.0005,0.0012,0.0014,0.295,23.799,24.875,4.875,1.0,7.1758,0
8.491,17.8956,3.7124,1.0608,2.3982,0.1899,-0.0032,17.6824,3.7085,1.0349,0.2147,17.5171,3.6348,1.0727,0.3865,-0.0001,-0.0,-0.0003,0.0003,0.302,23.881,24.875,4.875,1.0,7.0758,0
8.532,17.9956,3.72,1.0607,2.4011,0.1755,0.0022,17.9788,3.7244,1.0046,0.0588,17.6525,3.6529,1.0603,0.3496,0.0003,0.0006,0.0011,0.0013,0.352,24.01,24.875,4.875,1.0,6.976,0
8.574,18.0957,3.727,1.0609,2.4051,0.1623,0.0055,17.9788,3.7244,1.0046,0.1298,17.7419,3.6577,1.06,0.3605,0.0,0.0005,0.0006,0.0008,0.402,24.092,24.875,4.875,1.0,6.8761,0
8.615,18.196,3.7334,1.0612,2.4073,0.1479,0.0052,17.9788,3.7244,1.0046,0.2246,17.8016,3.6604,1.0599,0.4011,0.0,0.0007,0.0009,0.0011,0.434,24.146,24.875,4.875,1.0,6.7761,0
8.657,18.2962,3.7392,1.0612,2.4022,0.132,-0.01,18.2311,3.7844,1.1139,0.0951,17.9639,3.6915,1.0736,0.3359,0.0006,0.0006,0.0006,0.001,0.561,24.291,24.875,4.875,1.0,6.6764,0
8.699,18.3961,3.7442,1.0604,2.3931,0.107,-0.0247,18.2311,3.7844,1.1139,0.178,18.0243,3.6947,1.0738,0.3753,-0.0005,0.0002,-0.0004,0.0007,0.59,24.346,24.875,4.875,1.0,6.5771,0
8.74,18.4955,3.7478,1.0592,2.3805,0.0674,-0.0293,18.4448,3.671,1.1317,0.1171,18.1794,3.6932,1.0832,0.3217,-0.0001,-0.0002,-0.0006,0.0007,0.627,24.483,24.875,4.875,1.0,6.4786,0
8.782,18.5943,3.7495,1.058,2.361,0.0169,-0.0312,18.4448,3.671,1.1317,0.1842,18.2402,3.6939,1.083,0.3593,-0.0004,0.0002,-0.0004,0.0006,0.636,24.538,24.875,4.875,1.0,6.381,0
8.823,18.6922,3.7489,1.0566,2.3434,-0.0377,-0.0329,18.4448,3.671,1.1317,0.2701,18.3304,3.6925,1.0826,0.3671,0.0001,-0.0006,-0.0009,0.0011,0.638,24.62,24.875,4.875,1.0,6.2847,0
8.865,18.7895,3.7461,1.0552,2.3255,-0.0937,-0.035,18.8893,3.5481,1.132,0.2346,18.4803,3.6632,1.0891,0.3218,0.0003,-0.0003,0.0006,0.0008,0.571,24.75,24.875,4.875,1.0,6.1896,0
8.907,18.8861,3.7411,1.0538,2.3155,-0.1388,-0.0305,18.8893,3.5481,1.132,0.2082,18.569,3.6557,1.0879,0.3301,-0.0009,0.0001,0.0003,0.001,0.538,24.83,24.875,4.875,1.0,6.0955,0
8.948,18.9825,3.7346,1.0526,2.3129,-0.1665,-0.0267,18.8893,3.5481,1.132,0.2231,18.6279,3.6496,1.0872,0.3663,-0.0001,-0.0002,0.0004,0.0005,0.51,24.883,24.875,4.875,1.0,6.0021,0
8.99,19.0791,3.7274,1.0523,2.3238,-0.1767,0.0093,18.9691,3.597,0.7771,0.3238,18.7738,3.6363,1.0301,0.3194,-0.0002,0.0012,0.0003,0.0012,0.429,25.037,24.875,4.875,1.0,5.9087,0
9.031,19.1762,3.7201,1.0532,2.338,-0.1672,0.0281,18.9691,3.597,0.7771,0.3664,18.8333,3.6307,1.0297,0.3552,0.0001,-0.0002,-0.0008,0.0008,0.394,25.091,24.875,4.875,1.0,5.8149,0
9.073,19.2739,3.7138,1.0544,2.3505,-0.1391,0.0211,19.3199,3.7618,1.083,0.0724,18.9977,3.6503,1.0433,0.2836,-0.0006,-0.001,0.0002,0.0012,0.355,25.238,24.875,4.875,1.0,5.7204,0
9.115,19.3722,3.709,1.0549,2.3635,-0.0936,0.0057,19.3199,3.7618,1.083,0.0794,19.0579,3.6475,1.0439,0.3204,-0.0002,0.0002,-0.0018,0.0019,0.322,25.292,24.875,4.875,1.0,5.6253,0
9.156,19.4709,3.7064,1.0549,2.374,-0.0352,-0.0016,19.3199,3.7618,1.083,0.1632,19.1487,3.6456,1.0444,0.328,0.0003,-0.0004,0.0006,0.0008,0.312,25.059,24.875,4.875,1.0,5.5293,0
9.198,19.57,3.7064,1.0547,2.3792,0.0297,-0.0081,19.4604,3.5858,1.0616,0.163,19.2585,3.6334,1.0483,0.3199,-0.0001,-0.0001,0.0003,0.0004,0.3,25.156,24.875,4.875,1.0,5.4325,0
9.239,19.6691,3.7091,1.0542,2.3806,0.0958,-0.0144,19.4604,3.5858,1.0616,0.2425,19.3488,3.6365,1.0485,0.3286,0.0001,-0.0003,0.0001,0.0003,0.303,25.239,24.875,4.875,1.0,5.3351,0
9.281,19.7683,3.7147,1.0535,2.3774,0.1629,-0.021,19.4604,3.5858,1.0616,0.3338,19.4089,3.6406,1.0485,0.367,-0.0007,0.0008,0.0007,0.0013,0.307,25.294,24.875,4.875,1.0,5.2372,0
9.323,19.8673,3.7229,1.0526,2.3746,0.2223,-0.0229,19.8201,3.693,1.1107,0.0806,19.5683,3.6543,1.0577,0.3068,-0.0008,0.0003,-0.0007,0.0011,0.321,25.438,24.875,4.875,1.0,5.1388,0
9.36,19.9562,3.7322,1.0517,2.369,0.2711,-0.0241,19.8201,3.693,1.1107,0.1534,19.628,3.6613,1.0572,0.3358,0.0002,-0.0,0.0004,0.0005,0.328,25.493,24.875,4.875,1.0,5.0501,0
9.402,20.0547,3.7445,1.0506,2.3617,0.3134,-0.0259,19.8201,3.693,1.1107,0.2476,19.6875,3.6696,1.0568,0.3748,-0.0003,0.0004,-0.0009,0.001,0.336,25.549,24.875,4.875,1.0,4.9513,0
9.443,20.153,3.7583,1.0494,2.3566,0.342,-0.034,19.962,3.6402,1.153,0.2474,19.8246,3.6776,1.073,0.339,-0.0004,-0.0002,-0.0007,0.0008,0.344,25.669,24.875,4.875,1.0,4.8525,0
9.485,20.2511,3.773,1.0479,2.3509,0.3577,-0.0375,19.962,3.6402,1.153,0.3351,19.884,3.6876,1.0726,0.3777,0.0001,-0.0004,0.0022,0.0023,0.354,25.725,24.875,4.875,1.0,4.7537,0
9.526,20.349,3.788,1.0463,2.3472,0.3609,-0.0326,20.4993,3.8116,1.0853,0.1571,20.065,3.7254,1.0694,0.2917,-0.0004,-0.0009,0.0005,0.0011,0.392,25.896,24.875,4.875,1.0,4.655,0
9.568,20.4467,3.8029,1.0457,2.3445,0.3529,-0.004,20.4993,3.8116,1.0853,0.0664,20.1232,3.7365,1.068,0.3309,0.0003,0.0002,-0.0016,0.0017,0.403,25.952,24.875,4.875,1.0,4.5565,0
9.61,20.5443,3.8172,1.0458,2.3438,0.3334,0.0057,20.4993,3.8116,1.0853,0.0601,20.2104,3.7527,1.0669,0.3407,0.0006,-0.0,-0.0,0.0006,0.419,26.034,24.875,4.875,1.0,4.4582,0
9.651,20.6421,3.8304,1.0461,2.3485,0.304,0.004,20.6322,3.8291,1.0537,0.0126,20.3355,3.7713,1.0663,0.3129,-0.0003,0.0001,0.0,0.0004,0.438,26.151,24.875,4.875,1.0,4.3601,0
9.693,20.74,3.8423,1.046,2.3535,0.2696,-0.0059,20.6322,3.8291,1.0537,0.109,20.4226,3.7834,1.0661,0.3235,0.0005,-0.0004,0.0005,0.0008,0.45,26.233,24.875,4.875,1.0,4.2622,0
9.734,20.8383,3.8527,1.0457,2.3607,0.2314,-0.0107,20.6322,3.8291,1.0537,0.2076,20.4808,3.7903,1.0658,0.3634,0.0001,-0.0003,0.0011,0.0011,0.457,26.287,24.875,4.875,1.0,4.1644,0
9.776,20.9368,3.8615,1.0445,2.3701,0.1974,-0.0403,20.8918,3.8729,1.0347,0.0474,20.6414,3.8093,1.065,0.3007,0.0003,-0.0005,-0.0006,0.0009,0.476,26.438,24.875,4.875,1.0,4.0667,0
9.818,21.0358,3.869,1.0425,2.3795,0.1667,-0.0513,20.8918,3.8729,1.0347,0.1442,20.7009,3.8131,1.0648,0.3403,0.0002,-0.0001,0.0016,0.0016,0.48,26.493,24.875,4.875,1.0,3.969,0
9.859,21.1351,3.8754,1.0403,2.3861,0.1443,-0.054,21.392,3.8382,1.054,0.2599,20.8979,3.8251,1.0631,0.2435,-0.0001,0.0004,-0.0002,0.0005,0.492,26.676,24.875,4.875,1.0,3.8714,0
9.901,21.2346,3.881,1.0379,2.3887,0.1273,-0.0585,21.392,3.8382,1.054,0.1639,20.9579,3.8284,1.0626,0.2828,0.0,-0.0008,0.0006,0.001,0.495,26.732,24.875,4.875,1.0,3.7738,0
9.942,21.3341,3.8861,1.0354,2.3868,0.1164,-0.0611,21.392,3.8382,1.054,0.0774,21.048,3.8327,1.0619,0.2923,-0.0006,0.0001,0.0008,0.001,0.499,26.816,24.875,4.875,1.0,3.6766,0
9.984,21.4335,3.8908,1.0329,2.3838,0.1123,-0.0615,21.4435,4.0744,1.1441,0.2149,21.167,3.8767,1.0747,0.2701,-0.0,-0.0006,0.0007,0.0009,0.543,26.927,24.875,4.875,1.0,3.5796,0
10.026,21.5327,3.8955,1.0303,2.3776,0.1115,-0.0616,21.4435,4.0744,1.1441,0.23,21.2553,3.8804,1.0735,0.2811,0.0002,0.0,0.0,0.0002,0.547,27.009,24.875,4.875,1.0,3.483,0
10.067,21.6316,3.9001,1.0278,2.3727,0.1116,-0.0612,21.4435,4.0744,1.1441,0.2816,21.314,3.8829,1.0726,0.3212,0.0001,0.0,-0.0,0.0001,0.55,27.064,24.875,4.875,1.0,3.3868,0
10.109,21.7304,3.9047,1.0251,2.3696,0.1117,-0.0704,21.7359,3.7696,1.1596,0.1907,21.4708,3.8716,1.0877,0.2691,0.0004,-0.0006,0.001,0.0013,0.538,27.202,24.875,4.875,1.0,3.291,0
10.15,21.8291,3.9095,1.0219,2.3672,0.1142,-0.079,21.7359,3.7696,1.1596,0.2173,21.5295,3.8752,1.0869,0.3084,0.0001,-0.0012,0.0016,0.002,0.542,27.257,24.875,4.875,1.0,3.1954,0
10.192,21.9277,3.9142,1.0186,2.3656,0.1158,-0.0817,21.7359,3.7696,1.1596,0.2786,21.6175,3.8806,1.0853,0.3191,-0.0003,-0.0001,0.0007,0.0007,0.547,27.288,24.875,4.875,1.0,3.1,0
10.234,22.0262,3.9191,1.0152,2.3646,0.1168,-0.0814,21.8799,3.8421,1.0219,0.1655,21.723,3.8741,1.0736,0.312,-0.0001,-0.0001,-0.0005,0.0006,0.541,27.388,24.875,4.875,1.0,3.0049,0
10.275,22.1247,3.924,1.0118,2.3633,0.1196,-0.0804,21.8799,3.8421,1.0219,0.2584,21.8115,3.8783,1.0721,0.3223,0.0007,0.0004,0.0007,0.001,0.545,27.471,24.875,4.875,1.0,2.9101,0
10.317,22.2232,3.9291,1.0084,2.3613,0.1267,-0.0817,21.8799,3.8421,1.0219,0.3544,21.8704,3.8813,1.0712,0.3615,-0.0002,-0.0005,0.0003,0.0006,0.548,27.526,24.875,4.875,1.0,2.8155,0
10.358,22.3215,3.9347,1.0051,2.3589,0.138,-0.0779,22.3026,3.8638,1.1784,0.1882,22.0336,3.8839,1.0856,0.3032,0.0004,0.0003,-0.0001,0.0005,0.551,27.672,24.875,4.875,1.0,2.7211,0
10.4,22.4197,3.9408,1.0019,2.3553,0.1531,-0.0767,22.3026,3.8638,1.1784,0.2254,22.0925,3.8876,1.0841,0.3416,-0.0001,0.0005,-0.0009,0.0011,0.554,27.728,24.875,4.875,1.0,2.627,0
10.442,22.5178,3.9475,0.999,2.3508,0.1705,-0.0559,22.3058,3.8778,0.9868,0.2235,22.2136,3.8945,1.0618,0.3151,0.0,-0.0001,0.0,0.0001,0.561,27.849,24.875,4.875,1.0,2.5331,0
10.483,22.6156,3.9551,0.9971,2.3453,0.1893,-0.0369,22.3058,3.8778,0.9868,0.3194,22.2726,3.8999,1.0602,0.353,-0.0,-0.0001,0.0001,0.0001,0.567,27.905,24.875,4.875,1.0,2.4395,0
10.525,22.7131,3.9634,0.9958,2.3384,0.2072,-0.0306,22.3058,3.8778,0.9868,0.4163,22.3609,3.9088,1.0584,0.3619,-0.0002,0.0007,-0.0007,0.001,0.576,27.988,24.875,4.875,1.0,2.3462,0
10.566,22.8105,3.9723,0.9947,2.3331,0.2204,-0.0232,22.8053,4.025,1.2099,0.2216,22.4954,3.9336,1.0798,0.3286,0.0001,-0.0003,-0.0011,0.0012,0.6,28.109,24.875,4.875,1.0,2.2533,0
10.608,22.9075,3.9817,0.9938,2.3248,0.2305,-0.019,22.8053,4.025,1.2099,0.2429,22.5831,3.9432,1.0771,0.3371,0.0006,-0.0005,0.0001,0.0007,0.61,28.192,24.875,4.875,1.0,2.1608,0
10.65,23.0041,3.9915,0.993,2.3153,0.2366,-0.0186,22.8053,4.025,1.2099,0.2961,22.6412,3.9499,1.0755,0.3745,0.0002,0.0007,-0.0007,0.001,0.617,28.247,24.875,4.875,1.0,2.069,0
10.691,23.1004,4.0014,0.9922,2.3059,0.2384,-0.0221,23.0636,3.9374,0.8989,0.119,22.8002,3.9556,1.0462,0.3084,0.0002,0.0006,-0.0002,0.0007,0.622,28.406,24.875,4.875,1.0,1.978,0
10.733,23.1962,4.0114,0.9912,2.2919,0.2403,-0.0244,23.0636,3.9374,0.8989,0.1777,22.8586,3.9621,1.0453,0.3454,-0.0002,0.0012,-0.0004,0.0013,0.629,28.461,24.875,4.875,1.0,1.888,0
10.774,23.2913,4.0215,0.9902,2.2765,0.2444,-0.0238,23.0636,3.9374,0.8989,0.2594,22.9456,3.9721,1.0439,0.3533,-0.0007,-0.0003,0.0003,0.0008,0.639,28.544,24.875,4.875,1.0,1.7991,0
10.816,23.3858,4.0318,0.9896,2.2618,0.2504,-0.0048,23.3108,3.8305,0.9637,0.2164,23.0643,3.9519,1.0266,0.3333,-0.0001,-0.0,-0.0006,0.0006,0.619,28.658,24.875,4.875,1.0,1.7114,0
10.858,23.4798,4.0424,0.9896,2.2495,0.2621,0.0048,23.3108,3.8305,0.9637,0.2723,23.149,3.9615,1.0254,0.3424,-0.0004,-0.0007,0.0003,0.0009,0.628,28.738,24.875,4.875,1.0,1.6248,0
10.899,23.5734,4.0539,0.9903,2.2494,0.2887,0.0304,23.5593,3.9378,0.821,0.2058,23.2721,3.9635,0.9939,0.3146,0.0008,0.0001,0.0007,0.0011,0.63,28.864,24.875,4.875,1.0,1.539,0
10.941,23.6677,4.0671,0.9926,2.2827,0.3424,0.0731,23.5593,3.9378,0.821,0.2407,23.3577,3.9754,0.9964,0.3233,-0.0002,-0.0009,0.0012,0.0015,0.642,28.944,24.875,4.875,1.0,1.4527,0
10.982,23.7646,4.0831,0.9963,2.365,0.4254,0.0977,23.5593,3.9378,0.821,0.3066,23.4163,3.9853,0.9993,0.3618,0.0002,0.0004,0.0002,0.0005,0.652,28.999,24.875,4.875,1.0,1.3638,0
11.024,23.8657,4.1033,1.0006,2.4812,0.535,0.1046,23.7893,4.1385,0.8592,0.1646,23.5701,4.0292,0.9804,0.3054,-0.0009,-0.0001,0.0,0.0009,0.696,29.154,24.875,4.875,1.0,1.2705,0
11.066,23.9719,4.1282,1.0042,2.5992,0.645,0.0668,23.7893,4.1385,0.8592,0.2334,23.6351,4.0452,0.9836,0.3474,-0.0003,-0.0008,-0.0004,0.0009,0.712,29.215,24.875,4.875,1.0,1.1719,0
11.107,24.0826,4.1576,1.0058,2.7037,0.7539,0.0114,24.0551,3.9684,0.9662,0.1952,23.8009,4.0543,0.9863,0.3007,0.0008,-0.0008,0.001,0.0015,0.721,29.37,24.875,4.875,1.0,1.0689,0
11.149,24.1972,4.1912,1.0048,2.7819,0.8518,-0.0475,24.0551,3.9684,0.9662,0.2671,23.8733,4.0759,0.9872,0.3442,-0.0002,-0.0005,-0.0005,0.0007,0.743,29.439,24.875,4.875,1.0,0.9628,0
11.19,24.3142,4.2289,1.0023,2.8231,0.9438,-0.0626,24.0551,3.9684,0.9662,0.3692,23.985,4.1128,0.9864,0.3494,0.0006,-0.0003,-0.0005,0.0008,0.779,30.01,24.875,4.875,1.0,0.8556,0
11.232,24.4318,4.27,1.0001,2.8166,1.0202,-0.039,24.327,4.2166,0.9784,0.1197,24.1087,4.1541,0.983,0.3437,0.0002,0.0005,-0.0004,0.0007,0.821,30.132,24.875,4.875,1.0,0.75,0
11.274,24.548,4.3137,0.9993,2.7589,1.0658,-0.0032,24.327,4.2166,0.9784,0.2423,24.2173,4.197,0.9829,0.3511,0.0004,-0.0006,0.0015,0.0017,0.864,30.239,24.875,4.875,1.0,0.6496,0
11.315,24.6607,4.3585,1.0,2.6529,1.0776,0.0326,24.327,4.2166,0.9784,0.3633,24.2874,4.2268,0.984,0.3962,0.0005,0.0004,-0.0001,0.0007,0.893,30.308,24.875,4.875,1.0,0.5592,0
11.357,24.7681,4.4028,1.0016,2.509,1.0453,0.0405,24.5217,4.3719,1.0797,0.2604,24.4189,4.2907,1.0038,0.3667,-0.0002,0.001,-0.0001,0.001,0.957,30.433,24.875,4.875,1.0,0.4842,0
11.398,24.8686,4.4448,1.0033,2.3292,0.9708,0.0365,24.5217,4.3719,1.0797,0.3626,24.4787,4.318,1.0061,0.41,0.0002,0.0008,0.0,0.0008,0.985,30.492,35.125,25.125,1.0,23.0839,0
11.44,24.9613,4.4827,1.0042,2.1336,0.8552,0.0138,25.0171,4.5214,1.0928,0.1117,24.6503,4.3815,1.0173,0.3273,0.0004,-0.0001,-0.0006,0.0007,1.048,30.658,35.125,25.125,1.0,23.0088,0
11.482,25.0455,4.5154,1.0041,1.934,0.7272,-0.0203,25.0171,4.5214,1.0928,0.0934,24.6995,4.401,1.017,0.3647,0.0002,0.0002,0.0006,0.0007,1.067,30.707,35.125,25.125,1.0,22.9423,0
11.523,25.122,4.5428,1.0022,1.7605,0.6016,-0.0649,25.0171,4.5214,1.0928,0.1403,24.7642,4.4241,1.0147,0.3772,0.0001,-0.0002,-0.0005,0.0006,1.086,30.771,35.125,25.125,1.0,22.8842,0
11.565,25.1918,4.5653,0.9989,1.6097,0.4921,-0.0832,25.0586,4.3372,1.1275,0.2938,24.8561,4.4223,1.0293,0.3662,0.0006,0.0002,0.0008,0.001,1.07,30.853,35.125,25.125,1.0,22.8335,0
11.606,25.2562,4.5839,0.9957,1.4952,0.4146,-0.0669,25.0586,4.3372,1.1275,0.3424,24.9082,4.4356,1.0245,0.3794,0.0003,0.0006,-0.0007,0.001,1.07,30.905,35.125,25.125,1.0,22.7888,0
11.648,25.3167,4.6,0.9937,1.425,0.3702,-0.0354,25.2503,4.625,1.0296,0.0795,25.0036,4.4782,1.024,0.3373,0.0007,0.0001,-0.0008,0.0011,1.081,31.0,35.125,25.125,1.0,22.7481,0
11.69,25.3753,4.6152,0.993,1.3971,0.3667,0.0,25.2503,4.625,1.0296,0.1306,25.0524,4.4889,1.0221,0.348,-0.0002,0.0009,-0.0006,0.0011,1.072,31.048,35.125,25.125,1.0,22.7092,0
11.731,25.4337,4.631,0.9938,1.4103,0.3942,0.0338,25.2503,4.625,1.0296,0.1869,25.0844,4.4962,1.0219,0.3754,-0.0005,-0.0002,0.0,0.0005,1.064,31.08,35.125,25.125,1.0,22.6699,0
11.773,25.4935,4.6486,0.9958,1.4621,0.446,0.057,25.5677,4.8436,1.0089,0.209,25.218,4.5723,1.0218,0.287,-0.0,-0.0001,-0.0008,0.0008,1.06,31.215,35.125,25.125,1.0,22.6285,0
11.814,25.5563,4.6689,0.9985,1.552,0.5252,0.0705,25.5677,4.8436,1.0089,0.1753,25.2542,4.584,1.0236,0.3148,-0.0004,-0.0,0.0005,0.0007,1.048,31.25,35.125,25.125,1.0,22.5834,0
11.856,25.6236,4.6929,1.0015,1.6671,0.6212,0.0694,25.8196,4.6911,1.0095,0.1962,25.4056,4.6232,1.0238,0.23,0.0004,-0.0,-0.0004,0.0006,0.975,31.398,35.125,25.125,1.0,22.5332,0
11.898,25.696,4.7214,1.0042,1.7978,0.7359,0.06,25.8196,4.6911,1.0095,0.1273,25.45,4.6413,1.0258,0.2596,0.0001,0.0002,-0.0012,0.0012,0.955,31.441,35.125,25.125,1.0,22.477,0
11.939,25.7739,4.7549,1.0063,1.9301,0.861,0.0398,25.8196,4.6911,1.0095,0.0785,25.5228,4.6741,1.0281,0.2647,0.0004,-0.0001,-0.0009,0.001,0.919,31.514,35.125,25.125,1.0,22.4139,0
11.981,25.8575,4.7938,1.0076,2.0661,0.9918,0.0312,25.8655,4.7195,1.0348,0.0795,25.6341,4.7075,1.0271,0.2403,-0.0003,-0.0003,-0.0003,0.0005,0.848,31.623,35.125,25.125,1.0,22.3438,0
12.022,25.9464,4.838,1.0087,2.1854,1.1203,0.0214,25.8655,4.7195,1.0348,0.1459,25.72,4.7523,1.0269,0.2428,-0.0002,-0.0001,-0.0004,0.0004,0.797,31.71,35.125,25.125,1.0,22.2668,0
12.064,26.0397,4.8876,1.0095,2.2806,1.2458,0.0151,26.0964,4.8689,1.039,0.0666,25.8288,4.7972,1.03,0.2304,0.0003,0.0002,-0.0002,0.0004,0.72,31.818,35.125,25.125,1.0,22.1832,0
12.106,26.1365,4.9423,1.01,2.3544,1.3667,0.011,26.0964,4.8689,1.039,0.0885,25.9203,4.8514,1.0299,0.2354,0.0002,0.0013,-0.0015,0.002,0.657,31.911,35.125,25.125,1.0,22.0938,0
12.147,26.2358,5.0019,1.0104,2.4007,1.4825,0.0117,26.0964,4.8689,1.039,0.1948,25.9835,4.8913,1.0296,0.2762,-0.0,0.0007,0.0011,0.0013,0.611,31.542,35.125,25.125,1.0,21.999,0
12.189,26.3363,5.0664,1.0115,2.4182,1.6029,0.0338,26.3283,5.1418,1.1543,0.1617,26.1245,4.9878,1.0474,0.2288,-0.0003,0.0004,0.0002,0.0006,0.502,31.682,35.125,25.125,1.0,21.8995,0
12.23,26.437,5.1358,1.0131,2.4094,1.7155,0.0417,26.3283,5.1418,1.1543,0.1783,26.1864,5.0329,1.0475,0.2731,0.0003,0.0011,0.0006,0.0013,0.451,31.746,35.125,25.125,1.0,21.7956,0
12.272,26.5365,5.2097,1.0149,2.367,1.8201,0.0443,26.5154,5.1571,0.9735,0.0702,26.316,5.1123,1.0384,0.2422,-0.0008,-0.0006,0.0003,0.001,0.336,31.882,35.125,25.125,1.0,21.6883,0
12.314,26.6337,5.2878,1.0165,2.3021,1.9162,0.0347,26.5154,5.1571,0.9735,0.1815,26.3738,5.1622,1.0395,0.2895,0.0001,0.0013,0.0016,0.0021,0.284,31.943,35.125,25.125,1.0,21.5782,0
12.355,26.7278,5.3697,1.0178,2.2172,2.0066,0.0297,26.5154,5.1571,0.9735,0.3038,26.4573,5.2417,1.0406,0.3001,-0.0005,0.0001,-0.0004,0.0007,0.207,32.032,35.125,25.125,1.0,21.4659,0
12.397,26.8177,5.4553,1.0193,2.1094,2.0909,0.0404,26.8769,5.5118,1.0557,0.0896,26.5801,5.335,1.0418,0.2673,0.0005,0.0006,0.0004,0.0009,0.087,32.161,35.125,25.125,1.0,21.352,0
12.438,26.9028,5.5441,1.021,1.9869,2.1606,0.0415,26.8769,5.5118,1.0557,0.054,26.6543,5.4198,1.0426,0.2788,0.0,-0.0001,0.0004,0.0004,0.012,32.243,35.125,25.125,1.0,21.2372,0
12.48,26.9828,5.6354,1.0226,1.8609,2.2149,0.0333,26.9253,5.5414,1.1123,0.142,26.7426,5.4867,1.0555,0.2844,-0.0001,-0.0006,0.0002,0.0006,0.0,32.332,35.125,25.125,1.0,21.122,0
12.522,27.0574,5.7286,1.0237,1.7338,2.2511,0.0201,26.9253,5.5414,1.1123,0.2456,26.8059,5.5739,1.0561,0.297,-0.0006,0.0001,-0.0001,0.0006,0.0,32.404,35.125,25.125,1.0,21.0074,0
12.563,27.1269,5.823,1.0242,1.6178,2.2769,0.0083,26.9253,5.5414,1.1123,0.3573,26.8442,5.6331,1.0561,0.3421,0.0002,-0.0004,0.0021,0.0022,0.0,32.449,35.125,25.125,1.0,20.8935,0
12.605,27.1919,5.9182,1.0242,1.5144,2.2885,-0.0059,26.9995,5.8685,0.8715,0.2506,26.9338,5.7573,1.0288,0.3041,0.0001,0.0005,0.0008,0.0009,0.0,32.561,35.125,25.125,1.0,20.7807,0
12.646,27.2529,6.0136,1.0238,1.4235,2.2924,-0.0142,26.9995,5.8685,0.8715,0.3293,26.9683,5.8165,1.0287,0.3462,-0.0,-0.0002,0.0005,0.0005,0.0,32.603,35.125,25.125,1.0,20.6692,0
12.688,27.3105,6.1092,1.0229,1.3499,2.2915,-0.025,27.2644,6.0756,1.0191,0.0571,27.0701,5.9393,1.029,0.2944,-0.0002,0.0001,0.0006,0.0006,0.0,32.718,35.125,25.125,1.0,20.5589,0
12.73,27.3653,6.2045,1.0218,1.2909,2.2878,-0.0278,27.2644,6.0756,1.0191,0.1637,27.1015,5.9968,1.029,0.3359,0.0001,0.0001,-0.0016,0.0016,0.0,32.757,35.125,25.125,1.0,20.4499,0
12.771,27.418,6.2997,1.0207,1.2486,2.281,-0.0262,27.2644,6.0756,1.0191,0.2717,27.146,6.0829,1.0289,0.348,-0.0006,-0.0003,0.0003,0.0007,0.0,32.813,35.125,25.125,1.0,20.3418,0
12.813,27.4695,6.3946,1.0201,1.2233,2.2747,-0.0004,27.3121,6.376,0.9397,0.1776,27.2092,6.1928,1.0094,0.3295,0.0002,-0.0002,-0.0,0.0003,0.0,32.896,35.125,25.125,1.0,20.2345,0
12.854,27.5201,6.4892,1.0204,1.2108,2.2686,0.0147,27.3121,6.376,0.9397,0.2502,27.2535,6.2797,1.009,0.3393,-0.0003,-0.0006,-0.0,0.0006,0.0,32.953,35.125,25.125,1.0,20.1278,0
12.896,27.5705,6.5837,1.0212,1.2107,2.2642,0.0203,27.3121,6.376,0.9397,0.3414,27.2826,6.3375,1.0091,0.379,0.0008,-0.0004,0.0001,0.0009,0.0,32.99,35.125,25.125,1.0,20.0213,0
12.938,27.6212,6.6779,1.0223,1.2228,2.2601,0.0287,27.6478,6.7339,0.9911,0.0694,27.3997,6.4935,1.0051,0.2887,-0.0009,0.0006,-0.0004,0.0012,0.0,33.128,35.125,25.125,1.0,19.9149,0
12.979,27.6725,6.772,1.0235,1.2367,2.2542,0.0309,27.6478,6.7339,0.9911,0.0557,27.4319,6.5516,1.0053,0.3268,0.0006,-0.0,0.0005,0.0008,0.0,33.168,35.125,25.125,1.0,19.8085,0
13.021,27.7243,6.8657,1.0248,1.2507,2.2472,0.029,27.6769,6.7488,1.1086,0.1515,27.5152,6.6603,1.0233,0.2932,-0.0003,0.0016,0.0001,0.0017,0.0,33.261,35.125,25.125,1.0,19.7021,0
13.062,27.7766,6.9592,1.026,1.26,2.2395,0.0281,27.6769,6.7488,1.1086,0.247,27.5473,6.7165,1.0236,0.334,-0.0007,0.0008,-0.0004,0.0012,0.0,33.301,35.125,25.125,1.0,19.5958,0
13.104,27.8294,7.0524,1.0271,1.2691,2.237,0.0272,27.9915,6.9801,1.1361,0.2083,27.6623,6.8396,1.0439,0.2711,0.0002,-0.0001,0.0009,0.0009,0.0,33.425,35.125,25.125,1.0,19.4896,0
13.146,27.8824,7.1456,1.028,1.2747,2.237,0.0177,27.9915,6.9801,1.1361,0.2258,27.6945,6.897,1.0444,0.312,-0.0001,0.001,-0.0006,0.0011,0.0,33.466,35.125,25.125,1.0,19.3834,0
13.187,27.9356,7.2388,1.0287,1.2775,2.2351,0.0168,27.9915,6.9801,1.1361,0.2857,27.743,6.9832,1.0448,0.3204,0.001,-0.0004,0.0009,0.0014,0.0,33.663,35.125,25.125,1.0,19.2771,0
13.229,27.9889,7.3319,1.0294,1.2809,2.2332,0.0103,28.1194,7.3934,1.078,0.1523,27.8382,7.106,1.0528,0.2726,0.0007,0.0001,-0.0011,0.0013,0.0,33.774,35.125,25.125,1.0,19.1708,0
13.27,28.0422,7.4249,1.0295,1.281,2.2311,-0.0001,28.1194,7.3934,1.078,0.0965,27.8879,7.1925,1.0536,0.28,0.0001,-0.0004,0.0004,0.0006,0.0,33.838,35.125,25.125,1.0,19.0646,0
13.312,28.0956,7.5178,1.0294,1.2781,2.2293,-0.002,28.1194,7.3934,1.078,0.1357,27.9211,7.2501,1.0539,0.3205,-0.0005,-0.0007,0.0009,0.0012,0.0,33.881,35.125,25.125,1.0,18.9585,0
13.354,28.1487,7.6107,1.0289,1.2731,2.2284,-0.0186,28.0407,7.6144,1.1031,0.1311,27.9896,7.3923,1.0653,0.2726,-0.0001,0.0001,-0.0003,0.0003,0.0,33.971,35.125,25.125,1.0,18.8526,0
13.395,28.2016,7.7035,1.028,1.2659,2.2299,-0.024,28.0407,7.6144,1.1031,0.1987,28.0223,7.4489,1.0656,0.3137,-0.0,0.0002,0.0002,0.0003,0.0,34.013,35.125,25.125,1.0,18.7468,0
13.437,28.2542,7.7966,1.027,1.2609,2.2351,-0.0261,28.0407,7.6144,1.1031,0.2909,28.0711,7.5339,1.066,0.3226,-0.0001,0.0003,-0.0012,0.0012,0.0,34.076,35.125,25.125,1.0,18.6409,0
13.478,28.3066,7.8899,1.0263,1.255,2.2433,-0.0047,28.468,7.8441,1.0411,0.1684,28.1676,7.6446,1.057,0.2836,0.0002,-0.0002,0.0002,0.0004,0.0,34.193,35.125,25.125,1.0,18.5349,0
13.52,28.3588,7.9835,1.0264,1.2504,2.2498,0.0079,28.468,7.8441,1.0411,0.1777,28.2144,7.7305,1.0566,0.2929,0.0005,-0.0004,-0.0008,0.001,0.0,34.255,35.125,25.125,1.0,18.4286,0
13.562,28.4109,8.0774,1.0269,1.2508,2.2554,0.0116,28.468,7.8441,1.0411,0.2406,28.2455,7.7879,1.0566,0.3347,-0.0003,-0.0003,0.0009,0.0009,0.0,34.297,35.125,25.125,1.0,18.3221,0
13.603,28.463,8.1714,1.0272,1.2504,2.2576,0.0056,28.334,8.0182,0.8976,0.2386,28.3097,7.912,1.0314,0.3014,-0.0002,-0.0007,0.0001,0.0008,0.0,34.391,35.125,25.125,1.0,18.2156,0
13.645,28.5151,8.2655,1.0274,1.2502,2.2601,0.0043,28.334,8.0182,0.8976,0.3329,28.3415,7.9692,1.0317,0.3435,-0.0003,0.0002,-0.0,0.0004,0.0,34.433,35.125,25.125,1.0,18.1089,0
13.686,28.5672,8.3597,1.0275,1.251,2.2619,0.0026,28.652,8.3892,1.0673,0.0982,28.439,8.1177,1.04,0.2742,0.0001,-0.0006,0.0004,0.0007,0.0,34.555,35.125,25.125,1.0,18.0022,0
13.728,28.6193,8.454,1.0274,1.2507,2.2644,-0.0085,28.652,8.3892,1.0673,0.0829,28.4712,8.1751,1.0406,0.3161,0.0011,-0.0,0.0005,0.0012,0.0,34.598,35.125,25.125,1.0,17.8954,0
13.77,28.6715,8.5484,1.0269,1.2506,2.2654,-0.0138,28.652,8.3892,1.0673,0.1654,28.5197,8.2613,1.0412,0.3251,-0.0002,-0.0005,-0.0004,0.0007,0.0,34.662,35.125,25.125,1.0,17.7885,0
13.811,28.7236,8.6429,1.0266,1.2503,2.2672,0.0015,28.6716,8.5752,1.0837,0.1026,28.5759,8.3705,1.0451,0.3103,-0.0009,-0.0008,0.001,0.0015,0.0,34.739,35.125,25.125,1.0,17.6816,0
13.853,28.7756,8.7373,1.0269,1.2483,2.2688,0.0098,28.6716,8.5752,1.0837,0.2008,28.6237,8.4564,1.045,0.3199,-0.0006,0.0004,-0.0006,0.0009,0.0,34.803,35.125,25.125,1.0,17.5747,0
13.894,28.8276,8.8319,1.0274,1.2479,2.2699,0.0134,28.6716,8.5752,1.0837,0.3056,28.6555,8.5138,1.045,0.3621,0.0005,0.0011,0.0003,0.0012,0.0,34.846,35.125,25.125,1.0,17.4678,0
13.936,28.8796,8.9265,1.0284,1.2456,2.272,0.0343,28.9785,8.8277,0.9189,0.1776,28.7527,8.6584,1.02,0.2968,-0.0007,0.0,0.0003,0.0008,0.0,34.978,35.125,25.125,1.0,17.3608,0
13.978,28.9314,9.0211,1.03,1.2447,2.2686,0.0419,28.9785,8.8277,0.9189,0.228,28.7831,8.717,1.02,0.3385,0.0005,-0.0001,0.0004,0.0006,0.0,35.02,35.125,25.125,1.0,17.2539,0
14.019,28.9834,9.1155,1.0322,1.2488,2.262,0.0576,28.8464,9.0799,0.9629,0.1576,28.8422,8.8639,1.0086,0.2896,-0.0006,0.0006,-0.001,0.0013,0.0,35.114,35.125,25.125,1.0,17.1471,0
14.061,29.0355,9.2096,1.0347,1.2543,2.2555,0.0631,28.8464,9.0799,0.9629,0.2403,28.8734,8.922,1.0087,0.3312,0.0003,-0.0006,0.0002,0.0007,0.0,35.157,35.125,25.125,1.0,17.0406,0
14.102,29.0879,9.3034,1.0374,1.2592,2.2481,0.0632,29.1388,9.2327,1.0187,0.0891,28.9607,9.0472,1.0137,0.287,-0.0,0.001,0.0003,0.0011,0.0,35.267,35.125,25.125,1.0,16.9343,0
14.144,29.1405,9.397,1.0396,1.2642,2.2455,0.0457,29.1388,9.2327,1.0187,0.1656,28.9926,9.1038,1.0145,0.3294,-0.0006,0.0006,-0.0002,0.0009,0.0,35.311,35.125,25.125,1.0,16.8281,0
14.186,29.1932,9.4906,1.0413,1.2663,2.2471,0.0406,29.1388,9.2327,1.0187,0.2645,29.0407,9.1886,1.0153,0.3393,-0.0003,0.0008,-0.0006,0.0011,0.0,35.195,35.125,25.125,1.0,16.7219,0
14.227,29.246,9.5844,1.043,1.2663,2.2546,0.0394,29.1962,9.5475,1.0477,0.0622,29.0964,9.2994,1.0212,0.3226,-0.001,0.0005,0.0018,0.0021,0.0,35.273,35.125,25.125,1.0,16.6155,0
14.269,29.2988,9.6786,1.0446,1.2671,2.2664,0.0384,29.1962,9.5475,1.0477,0.1665,29.1445,9.3839,1.0217,0.3334,0.001,0.0006,0.0004,0.0012,0.0,35.338,35.125,25.125,1.0,16.5087,0
14.31,29.3515,9.7733,1.0462,1.2662,2.28,0.0369,29.1962,9.5475,1.0477,0.2741,29.1765,9.4407,1.0221,0.3767,-0.0001,0.0006,-0.0006,0.0009,0.0,35.382,35.125,25.125,1.0,16.4015,0
14.352,29.4042,9.8687,1.0478,1.262,2.2935,0.0424,29.3405,9.7727,1.0977,0.1255,29.2535,9.583,1.0334,0.3234,0.0002,-0.0002,0.0009,0.0009,0.0,35.486,35.125,25.125,1.0,16.2937,0
14.394,29.4567,9.9645,1.0496,1.2575,2.3051,0.0427,29.3405,9.7727,1.0977,0.2293,29.2856,9.6408,1.0336,0.3665,-0.0002,0.0,0.0007,0.0007,0.0,35.531,35.125,25.125,1.0,16.1856,0
14.435,29.5089,10.0608,1.0514,1.2504,2.3161,0.0432,29.4933,10.0982,0.9935,0.0707,29.3617,9.7969,1.0254,0.3033,0.0004,-0.0,0.002,0.002,0.0,35.644,35.125,25.125,1.0,16.0771,0
14.477,29.5609,10.1575,1.0535,1.2451,2.3252,0.0533,29.4933,10.0982,0.9935,0.1081,29.393,9.8558,1.0253,0.3464,0.0004,-0.0004,-0.0014,0.0015,0.0,35.688,35.125,25.125,1.0,15.9683,0
14.518,29.6127,10.2544,1.0558,1.2401,2.3271,0.0566,29.4933,10.0982,0.9935,0.2062,29.4397,9.9445,1.0254,0.3562,-0.0003,0.0002,-0.0017,0.0017,0.0,35.755,35.125,25.125,1.0,15.8594,0
14.56,29.6643,10.3514,1.0581,1.2373,2.3238,0.049,29.6291,10.2982,1.0185,0.075,29.4993,10.0584,1.0279,0.3375,0.0001,0.0004,-0.0007,0.0008,0.0,35.839,35.125,25.125,1.0,15.7507,0
14.602,29.7158,10.4481,1.0598,1.2365,2.3184,0.0352,29.6291,10.2982,1.0185,0.178,29.5454,10.147,1.0289,0.3473,0.0002,0.0009,-0.0,0.0009,0.0,35.905,35.125,25.125,1.0,15.6421,0
14.643,29.7673,10.5444,1.0611,1.2364,2.3083,0.0305,29.6291,10.2982,1.0185,0.2855,29.5762,10.2057,1.0293,0.3902,-0.0001,-0.0006,0.0005,0.0008,0.0,35.949,35.125,25.125,1.0,15.5339,0
14.685,29.8188,10.6404,1.0622,1.2351,2.2991,0.0207,29.7816,10.5825,1.0673,0.069,29.6497,10.3469,1.0387,0.3395,-0.0006,0.0003,0.0014,0.0015,0.0,36.053,35.125,25.125,1.0,15.426,0
14.726,29.8703,10.7361,1.0629,1.2363,2.2944,0.0129,29.7816,10.5825,1.0673,0.1774,29.6792,10.4038,1.0391,0.3841,0.0001,-0.0004,0.0001,0.0004,0.0,36.096,35.125,25.125,1.0,15.3185,0
14.768,29.9219,10.8316,1.0633,1.2429,2.2926,0.0096,29.8516,10.84,0.9697,0.1174,29.75,10.5496,1.0294,0.332,-0.0001,0.0007,0.0012,0.0014,0.0,36.204,35.125,25.125,1.0,15.2111,0
14.81,29.9739,10.9273,1.0635,1.251,2.298,0.0015,29.8516,10.84,0.9697,0.1771,29.7805,10.6055,1.0299,0.3769,-0.0002,-0.0005,-0.0005,0.0008,0.0,36.247,35.125,25.125,1.0,15.1034,0
14.851,30.0262,11.0232,1.0635,1.2584,2.3079,-0.0008,29.8516,10.84,0.9697,0.2699,29.8266,10.6895,1.0305,0.3902,-0.0003,0.0003,0.0008,0.0009,0.0,36.313,35.125,25.125,1.0,14.9954,0
14.893,30.0788,11.1197,1.0637,1.2637,2.3204,0.0111,30.1085,11.1531,1.1038,0.0601,29.907,10.824,1.0403,0.3427,0.0006,0.0001,0.0004,0.0007,0.0,36.422,35.125,25.125,1.0,14.8868,0
14.934,30.1315,11.2167,1.0643,1.2671,2.3344,0.0181,30.1085,11.1531,1.1038,0.0783,29.9547,10.9094,1.0403,0.3553,-0.0001,0.0003,-0.0001,0.0003,0.0,36.49,35.125,25.125,1.0,14.7777,0
14.976,30.1843,11.3142,1.0652,1.2685,2.3455,0.0202,30.1085,11.1531,1.1038,0.1822,29.9866,10.9668,1.0405,0.4005,0.0003,0.0,-0.0008,0.0009,0.0,36.536,35.125,25.125,1.0,14.6681,0
15.018,30.2372,11.4122,1.0665,1.2691,2.356,0.042,30.1904,11.3938,0.9803,0.0998,30.0639,11.1292,1.0265,0.3343,-0.0005,-0.0001,0.0004,0.0007,0.0,36.657,35.125,25.125,1.0,14.558,0
15.059,30.2901,11.5105,1.0685,1.268,2.3623,0.0514,30.1904,11.3938,0.9803,0.177,30.0947,11.1881,1.0264,0.3793,0.0005,0.0003,-0.0,0.0006,0.0,36.703,35.125,25.125,1.0,14.4477,0
15.101,30.3429,11.6089,1.0707,1.2683,2.3613,0.0522,30.2868,11.6981,1.1384,0.1251,30.1706,11.3528,1.0486,0.3095,-0.0002,-0.0001,0.0003,0.0004,0.0,36.815,35.125,25.125,1.0,14.3373,0
15.142,30.3957,11.7072,1.0725,1.2668,2.3575,0.0355,30.2868,11.6981,1.1384,0.1276,30.202,11.4116,1.0493,0.3542,0.0006,0.0008,-0.0,0.001,0.0,36.861,35.125,25.125,1.0,14.227,0
15.184,30.4484,11.8053,1.0738,1.2636,2.3528,0.0318,30.2868,11.6981,1.1384,0.2044,30.249,11.4997,1.0497,0.3657,-0.0005,0.0001,0.0003,0.0006,0.0,37.07,35.125,25.125,1.0,14.117,0
15.226,30.501,11.9033,1.0752,1.2601,2.3485,0.0376,30.6336,12.0289,1.0571,0.1836,30.3406,11.6487,1.0497,0.302,0.0002,0.0006,0.0008,0.001,0.0,37.198,35.125,25.125,1.0,14.0072,0
15.267,30.5535,12.0011,1.0769,1.2581,2.3454,0.0418,30.6336,12.0289,1.0571,0.0872,30.3857,11.7371,1.0497,0.3139,0.0001,0.0004,0.0013,0.0014,0.0,37.265,35.125,25.125,1.0,13.8976,0
15.309,30.6058,12.0987,1.0787,1.2546,2.3416,0.0434,30.6336,12.0289,1.0571,0.0782,30.4157,11.7959,1.0498,0.3587,0.0003,0.0006,-0.0005,0.0008,0.0,37.31,35.125,25.125,1.0,13.7882,0
15.35,30.6581,12.1962,1.0801,1.2538,2.3387,0.0269,30.6974,12.1058,0.9604,0.1551,30.512,11.9383,1.0386,0.2993,0.0004,0.0004,-0.0008,0.001,0.0,37.445,35.125,25.125,1.0,13.6789,0
15.392,30.7103,12.2936,1.0811,1.2535,2.3357,0.0215,30.6974,12.1058,0.9604,0.2236,30.5428,11.9973,1.0389,0.3429,-0.0002,0.0007,0.0014,0.0016,0.0,37.49,35.125,25.125,1.0,13.5699,0
15.434,30.7625,12.3908,1.0818,1.2519,2.331,0.0092,30.7224,12.4599,1.1272,0.0919,30.6194,12.1584,1.0566,0.2741,0.0003,-0.0003,0.0005,0.0006,0.0,37.605,35.125,25.125,1.0,13.461,0
15.475,30.8146,12.4879,1.0819,1.2471,2.3286,-0.002,30.7224,12.4599,1.1272,0.1064,30.6509,12.2173,1.0571,0.3172,-0.0002,-0.0012,-0.0009,0.0016,0.0,37.652,35.125,25.125,1.0,13.3523,0
15.517,30.8664,12.5848,1.0817,1.2417,2.3258,-0.0108,30.9297,12.6993,1.1705,0.1582,30.7412,12.3752,1.0805,0.2442,0.0003,-0.0002,0.0002,0.0005,0.0,37.777,35.125,25.125,1.0,13.2438,0
15.558,30.918,12.6817,1.0804,1.2343,2.3253,-0.0398,30.9297,12.6993,1.1705,0.0926,30.773,12.4338,1.0814,0.2872,0.0001,-0.0005,-0.0003,0.0006,0.0,37.824,35.125,25.125,1.0,13.1355,0
15.6,30.9692,12.7786,1.0786,1.2242,2.3265,-0.0479,30.9297,12.6993,1.1705,0.1277,30.8205,12.5217,1.0819,0.2968,-0.0,-0.0004,-0.0004,0.0005,0.0,37.895,35.125,25.125,1.0,13.0273,0
15.642,31.0199,12.8755,1.0765,1.2096,2.326,-0.0522,30.9372,12.8825,0.9881,0.1212,30.8676,12.6336,1.0672,0.286,-0.0003,0.0001,-0.0002,0.0004,0.0,37.977,35.125,25.125,1.0,12.9193,0
15.683,31.0699,12.9725,1.0742,1.1953,2.3262,-0.0559,30.9372,12.8825,0.9881,0.182,30.9134,12.7205,1.0675,0.2967,0.001,0.0001,-0.0009,0.0013,0.0,38.046,35.125,25.125,1.0,12.8114,0
15.725,31.1194,13.0694,1.0718,1.1812,2.3262,-0.0589,30.9372,12.8825,0.9881,0.2741,30.9435,12.7784,1.0676,0.3401,-0.0008,-0.0001,0.0005,0.0009,0.0,38.092,35.125,25.125,1.0,12.7038,0
15.766,31.1683,13.1663,1.0696,1.1684,2.3265,-0.0492,31.1717,12.9927,1.2169,0.2277,31.0276,12.899,1.0902,0.3028,-0.0003,-0.0002,0.001,0.0011,0.0,38.202,35.125,25.125,1.0,12.5964,0
15.808,31.2168,13.2634,1.0676,1.1599,2.3308,-0.0443,31.1717,12.9927,1.2169,0.3123,31.0572,12.9567,1.0899,0.3464,0.0012,0.0004,-0.0012,0.0017,0.0,38.247,35.125,25.125,1.0,12.4891,0
15.85,31.2649,13.3606,1.0658,1.1511,2.3365,-0.039,31.1823,13.3305,1.2333,0.1891,31.1154,13.1002,1.1082,0.3033,-0.0,0.0013,0.0001,0.0013,0.0,38.342,35.125,25.125,1.0,12.3817,0
15.891,31.3127,13.4581,1.065,1.1447,2.3432,-0.0081,31.1823,13.3305,1.2333,0.2482,31.144,13.1592,1.107,0.3458,0.0001,-0.0003,-0.0007,0.0008,0.0,38.388,35.125,25.125,1.0,12.2741,0
15.933,31.3604,13.5559,1.065,1.1434,2.349,0.0026,31.1823,13.3305,1.2333,0.3329,31.1866,13.248,1.1061,0.3559,-0.0004,-0.0009,-0.0009,0.0013,0.0,38.456,35.125,25.125,1.0,12.1664,0
15.974,31.408,13.6538,1.065,1.145,2.3511,-0.0056,31.5494,13.663,1.0684,0.1417,31.2749,13.3783,1.1024,0.3083,0.0003,-0.0004,-0.0006,0.0008,0.0,38.58,35.125,25.125,1.0,12.0585,0
16.016,31.4559,13.7518,1.0646,1.1504,2.3512,-0.0106,31.5494,13.663,1.0684,0.129,31.3176,13.4682,1.1023,0.3178,0.0,0.0009,0.0005,0.001,0.0,38.648,35.125,25.125,1.0,11.9506,0
16.058,31.504,13.8497,1.0639,1.1573,2.3482,-0.0255,31.6012,13.6397,0.9105,0.2777,31.3941,13.5526,1.0746,0.3169,-0.0003,-0.0008,0.0002,0.0009,0.0,38.753,35.125,25.125,1.0,11.8427,0
16.099,31.5523,13.9474,1.0626,1.1632,2.3421,-0.0338,31.6012,13.6397,0.9105,0.3467,31.4383,13.6411,1.0749,0.3271,-0.0001,-0.0003,-0.0003,0.0005,0.0,38.822,35.125,25.125,1.0,11.7348,0
16.141,31.6009,14.0449,1.0611,1.1664,2.3368,-0.0366,31.6012,13.6397,0.9105,0.4323,31.4679,13.6999,1.075,0.37,0.0002,-0.001,0.0,0.001,0.0,38.869,35.125,25.125,1.0,11.6272,0
16.182,31.6495,14.1421,1.06,1.1675,2.3329,-0.0195,31.432,13.9866,1.1309,0.2766,31.5054,13.8346,1.0805,0.3402,-0.0006,0.001,-0.0006,0.0013,0.0,38.999,35.125,25.125,1.0,11.5198,0
16.224,31.6981,14.2393,1.0593,1.1664,2.3315,-0.0133,31.432,13.9866,1.1309,0.3739,31.5349,13.8931,1.0802,0.3834,0.0001,0.0005,-0.0009,0.001,0.0,39.045,35.125,25.125,1.0,11.4125,0
16.266,31.7467,14.3365,1.0588,1.164,2.3331,-0.0121,31.432,13.9866,1.1309,0.476,31.5789,13.9807,1.0801,0.3939,-0.0007,0.0004,-0.0004,0.0009,0.0,39.115,35.125,25.125,1.0,11.3053,0
16.307,31.7951,14.4337,1.0585,1.1586,2.3359,-0.0021,31.8069,14.3721,0.92,0.1521,31.6518,14.1036,1.051,0.3599,0.0001,-0.0005,-0.0008,0.001,0.0,39.231,35.125,25.125,1.0,11.198,0
16.349,31.8432,14.5312,1.0585,1.1515,2.3432,0.0025,31.8069,14.3721,0.92,0.2141,31.697,14.1907,1.051,0.3707,0.0003,0.0004,-0.0012,0.0013,0.0,39.301,35.125,25.125,1.0,11.0906,0
16.39,31.891,14.6291,1.0587,1.1427,2.3526,0.0076,31.951,14.6627,1.1378,0.1048,31.7612,14.328,1.0631,0.3279,-0.001,-0.0001,-0.0004,0.0011,0.0,39.404,35.125,25.125,1.0,10.983,0
16.432,31.9384,14.7272,1.0593,1.1351,2.3588,0.0169,31.951,14.6627,1.1378,0.1024,31.8029,14.4177,1.0625,0.3379,0.0004,-0.0003,-0.0001,0.0006,0.0,39.473,35.125,25.125,1.0,10.8753,0
16.474,31.9856,14.8256,1.0601,1.1314,2.3632,0.0208,31.951,14.6627,1.1378,0.1838,31.8306,14.4776,1.0624,0.381,0.0006,-0.0003,0.0003,0.0008,0.0,39.519,35.125,25.125,1.0,10.7674,0
16.515,32.0327,14.9241,1.0608,1.1292,2.3625,0.0072,32.024,14.9087,0.8875,0.1741,31.9032,14.6352,1.0374,0.3174,0.0003,-0.0002,0.0001,0.0004,0.0,39.646,35.125,25.125,1.0,10.6595,0
16.557,32.0798,15.0224,1.0607,1.1314,2.3578,-0.0052,32.024,14.9087,0.8875,0.2146,31.931,14.6951,1.0379,0.3603,0.0,0.0003,0.0007,0.0007,0.0,39.692,35.125,25.125,1.0,10.5517,0
16.598,32.127,15.1206,1.0604,1.1349,2.3519,-0.0069,32.0681,15.0629,1.0418,0.0845,31.9943,14.8405,1.0385,0.3107,0.0008,0.0002,-0.0007,0.0011,0.0,39.801,35.125,25.125,1.0,10.4442,0
16.64,32.1743,15.2183,1.0602,1.1376,2.3415,-0.0067,32.0681,15.0629,1.0418,0.1892,32.0226,14.9001,1.0386,0.3532,0.0001,-0.0003,-0.0,0.0003,0.0,39.848,35.125,25.125,1.0,10.3369,0
16.682,32.2218,15.3156,1.0599,1.1416,2.3308,-0.0063,32.0681,15.0629,1.0418,0.2964,32.0652,14.9891,1.0388,0.3628,0.0008,-0.0001,0.0002,0.0008,0.0,39.918,35.125,25.125,1.0,10.2301,0
16.723,32.2694,15.4125,1.06,1.1432,2.3223,0.0129,32.2759,15.306,1.1304,0.1279,32.1314,15.0967,1.0497,0.3448,0.0,0.0,-0.0003,0.0003,0.0,40.013,35.125,25.125,1.0,10.1237,0
16.765,32.317,15.5092,1.0608,1.1403,2.3175,0.0236,32.2759,15.306,1.1304,0.2187,32.1752,15.1833,1.0493,0.3556,-0.0002,-0.0004,-0.0002,0.0005,0.0,40.084,35.125,25.125,1.0,10.0176,0
16.806,32.3645,15.6058,1.0618,1.1387,2.3199,0.0253,32.2759,15.306,1.1304,0.3201,32.2043,15.2409,1.0493,0.3987,-0.0007,0.0006,-0.0013,0.0016,0.0,40.131,35.125,25.125,1.0,9.9116,0
16.848,32.4118,15.7026,1.0627,1.1341,2.3249,0.0176,32.2127,15.61,1.0744,0.2199,32.2478,15.3932,1.0553,0.3502,0.0001,0.0002,0.0007,0.0008,0.0,40.225,35.125,25.125,1.0,9.8055,0
16.89,32.459,15.7995,1.0634,1.1274,2.33,0.015,32.2127,15.61,1.0744,0.3109,32.2763,15.4519,1.0554,0.3927,-0.0004,-0.0004,-0.0018,0.0019,0.0,40.272,35.125,25.125,1.0,9.6993,0
16.931,32.5058,15.8968,1.0639,1.1221,2.3374,0.0115,32.5633,15.8181,0.8237,0.2592,32.3656,15.5961,1.0184,0.3349,-0.0003,-0.0001,0.0004,0.0005,0.0,40.414,35.125,25.125,1.0,9.5929,0
16.973,32.5524,15.9944,1.0644,1.1159,2.345,0.0103,32.5633,15.8181,0.8237,0.2985,32.394,15.6552,1.0187,0.3771,0.0003,0.0005,-0.0007,0.0009,0.0,40.461,35.125,25.125,1.0,9.4864,0
17.014,32.5988,16.0922,1.0648,1.1115,2.3493,0.0146,32.7886,16.1724,1.082,0.2067,32.5013,15.8152,1.0253,0.2962,0.0002,0.0001,-0.0002,0.0003,0.0,40.615,35.125,25.125,1.0,9.3797,0
17.056,32.645,16.1902,1.0661,1.1043,2.3558,0.0392,32.7886,16.1724,1.082,0.1456,32.5307,15.8734,1.0247,0.3393,0.0006,-0.0002,0.0011,0.0012,0.0,40.664,35.125,25.125,1.0,9.2728,0
17.098,32.6907,16.2885,1.0679,1.0927,2.3629,0.0457,32.7886,16.1724,1.082,0.1525,32.5744,15.9609,1.0247,0.3503,0.0003,-0.0002,-0.0002,0.0004,0.0,40.735,35.125,25.125,1.0,9.1659,0
17.139,32.736,16.3872,1.0698,1.0802,2.3719,0.0399,32.6882,16.3244,1.1499,0.1125,32.6211,16.0815,1.0466,0.3274,-0.0,0.0014,-0.0009,0.0016,0.0,40.817,35.125,25.125,1.0,9.0588,0
17.181,32.7807,16.4862,1.0713,1.0675,2.3808,0.036,32.6882,16.3244,1.1499,0.2023,32.6633,16.1707,1.0468,0.3375,0.0002,0.0,0.0011,0.0012,0.0,40.889,35.125,25.125,1.0,8.9515,0
17.222,32.8248,16.5855,1.0727,1.0536,2.3862,0.0264,32.8345,16.6033,1.0444,0.0348,32.7095,16.2965,1.0489,0.3121,0.0001,-0.0004,0.0009,0.001,0.0,41.106,35.125,25.125,1.0,8.8441,0
17.264,32.8686,16.6851,1.0734,1.0474,2.3897,0.0128,32.8345,16.6033,1.0444,0.0932,32.7473,16.3866,1.0495,0.3231,0.0003,0.0005,0.0003,0.0006,0.0,41.174,35.125,25.125,1.0,8.7367,0
17.306,32.9122,16.7847,1.0738,1.0478,2.3916,0.0081,32.8345,16.6033,1.0444,0.1995,32.7723,16.4467,1.0495,0.3666,0.0006,0.0006,-0.002,0.0022,0.0,41.219,35.125,25.125,1.0,8.6292,0
17.347,32.9559,16.8843,1.0738,1.0505,2.3924,-0.0071,33.0715,16.7671,1.2451,0.2376,32.865,16.5887,1.0831,0.3095,-0.0,-0.0009,0.001,0.0014,0.0,41.347,35.125,25.125,1.0,8.5217,0
17.389,32.9998,16.9841,1.0734,1.0531,2.3932,-0.0125,33.0715,16.7671,1.2451,0.2858,32.8916,16.6488,1.083,0.3524,-0.0,0.0004,-0.0004,0.0006,0.0,41.394,35.125,25.125,1.0,8.4141,0
17.43,33.0437,17.0837,1.0731,1.0541,2.3923,0.0063,33.0376,16.9736,1.0805,0.1106,32.9491,16.7839,1.0767,0.3144,-0.0006,0.0003,-0.0007,0.0009,0.0,41.499,35.125,25.125,1.0,8.3066,0
17.472,33.0877,17.1834,1.0738,1.057,2.3913,0.0237,33.0376,16.9736,1.0805,0.2158,32.9749,16.8433,1.0759,0.3583,-0.0005,-0.0,0.0003,0.0006,0.0,41.545,35.125,25.125,1.0,8.1991,0
17.514,33.1318,17.2831,1.0749,1.0618,2.3924,0.0279,33.0376,16.9736,1.0805,0.3236,33.0137,16.9324,1.0753,0.37,0.0001,0.0006,-0.0008,0.001,0.0,41.614,35.125,25.125,1.0,8.0916,0
17.555,33.1761,17.3827,1.0756,1.0657,2.3915,-0.0011,33.1239,17.3104,0.9258,0.1744,33.0588,17.056,1.0575,0.3476,-0.0009,-0.0005,0.0006,0.0012,0.0,41.707,35.125,25.125,1.0,7.9842,0
17.597,33.2206,17.4824,1.075,1.0702,2.3914,-0.0183,33.1239,17.3104,0.9258,0.2474,33.0984,17.1456,1.0582,0.3587,0.0004,-0.0002,-0.0005,0.0007,0.0,41.777,35.125,25.125,1.0,7.8767,0
17.638,33.2653,17.582,1.0741,1.0733,2.3917,-0.0234,33.1239,17.3104,0.9258,0.3403,33.1249,17.2052,1.0582,0.4024,0.0013,-0.0007,-0.0001,0.0015,0.0,41.823,35.125,25.125,1.0,7.7692,0
17.68,33.3101,17.6817,1.0733,1.0752,2.3915,-0.0173,33.2204,17.7016,1.09,0.0934,33.1795,17.3766,1.0617,0.332,0.0004,-0.0002,-0.0014,0.0014,0.0,41.939,35.125,25.125,1.0,7.6618,0
17.722,33.3549,17.7814,1.0726,1.0762,2.3934,-0.0164,33.2204,17.7016,1.09,0.1574,33.2059,17.436,1.0616,0.3763,-0.0005,0.0002,-0.0008,0.001,0.0,41.986,35.125,25.125,1.0,7.5543,0
17.763,33.3997,17.8811,1.0719,1.0761,2.395,-0.0192,33.4086,18.0362,1.0023,0.1702,33.2697,17.6144,1.0549,0.2973,-0.0006,-0.0002,0.0013,0.0014,0.0,42.115,35.125,25.125,1.0,7.4469,0
17.805,33.4446,17.981,1.0706,1.0789,2.3982,-0.0392,33.4086,18.0362,1.0023,0.0949,33.2947,17.6732,1.0554,0.3427,0.0003,-0.0004,-0.0001,0.0006,0.0,42.16,35.125,25.125,1.0,7.3393,0
17.846,33.4896,18.081,1.0688,1.0815,2.4035,-0.0446,33.4086,18.0362,1.0023,0.114,33.3324,17.7617,1.0555,0.3562,0.0006,0.0005,-0.0003,0.0008,0.0,42.229,35.125,25.125,1.0,7.2317,0
17.888,33.5348,18.1813,1.067,1.0843,2.4098,-0.0407,33.5475,18.1542,1.0412,0.0395,33.3957,17.885,1.0513,0.3277,-0.0006,0.0001,0.0014,0.0015,0.062,42.336,35.125,25.125,1.0,7.1238,0
17.93,33.5799,18.2819,1.0655,1.0791,2.416,-0.0325,33.5475,18.1542,1.0412,0.1339,33.4351,17.9749,1.0509,0.3397,0.0,-0.0,0.0005,0.0005,0.102,42.407,35.125,25.125,1.0,7.0157,0
17.971,33.6245,18.3826,1.0642,1.0656,2.4202,-0.0285,33.5475,18.1542,1.0412,0.2422,33.4611,18.035,1.0508,0.3844,-0.0005,0.0005,0.0007,0.001,0.15,42.454,35.125,25.125,1.0,6.9076,0
18.013,33.6684,18.4835,1.0636,1.0371,2.4218,0.0115,33.6543,18.3714,1.1678,0.1536,33.5352,18.1803,1.0609,0.3312,-0.0006,-0.0,0.0005,0.0008,0.325,42.577,35.125,25.125,1.0,6.7996,0
18.054,33.7105,18.5844,1.0651,0.9867,2.4205,0.0498,33.6543,18.3714,1.1678,0.243,33.5609,18.2412,1.06,0.3744,0.0001,0.001,-0.0007,0.0012,0.382,42.624,35.125,25.125,1.0,6.6921,0
18.096,33.7501,18.6852,1.0675,0.9162,2.4165,0.0616,33.5832,18.7268,0.9984,0.1854,33.5916,18.4044,1.053,0.3228,-0.0003,0.0001,-0.0,0.0003,0.442,42.72,35.125,25.125,1.0,6.5853,0
18.138,33.7864,18.7858,1.0697,0.835,2.4123,0.0447,33.5832,18.7268,0.9984,0.2233,33.6118,18.4653,1.054,0.3652,-0.0007,0.0006,0.0007,0.0011,0.475,42.763,35.125,25.125,1.0,6.4794,0
18.179,33.8191,18.8862,1.0713,0.7421,2.4074,0.0335,33.5832,18.7268,0.9984,0.2939,33.6381,18.5565,1.0548,0.3764,0.0005,0.0003,-0.0002,0.0006,0.508,42.763,35.125,25.125,1.0,6.3744,0
18.221,33.8478,18.9864,1.0725,0.646,2.406,0.0239,33.5832,18.7268,0.9984,0.3781,33.6528,18.6172,1.055,0.418,-0.0006,0.0005,-0.0003,0.0008,0.519,42.802,35.125,25.125,1.0,6.2705,0
18.262,33.8727,19.0868,1.0733,0.555,2.4135,0.0179,33.7814,18.895,1.0162,0.2199,33.7001,18.756,1.0493,0.3738,0.0001,-0.0004,-0.0019,0.002,0.555,42.903,35.125,25.125,1.0,6.1671,0
18.304,33.8937,19.1877,1.0739,0.467,2.4274,0.0093,33.7814,18.895,1.0162,0.3187,33.7105,18.8169,1.0493,0.4143,-0.0002,0.0002,-0.0003,0.0004,0.547,42.938,35.125,25.125,1.0,6.0641,0
18.346,33.9114,19.2893,1.0741,0.3916,2.4478,0.002,33.8933,19.2827,1.2003,0.1277,33.7584,18.9842,1.0743,0.3413,0.0001,-0.0006,0.0013,0.0014,0.551,43.045,35.125,25.125,1.0,5.961,0
18.387,33.9261,19.3917,1.074,0.3225,2.4666,-0.0046,33.8933,19.2827,1.2003,0.17,33.7652,19.0465,1.0737,0.3809,-0.0003,-0.0001,-0.0007,0.0008,0.531,43.078,35.125,25.125,1.0,5.8578,0
18.429,33.9383,19.4949,1.0737,0.2704,2.4854,-0.0086,33.8933,19.2827,1.2003,0.2512,33.7725,19.1407,1.0726,0.391,0.0001,0.0001,-0.0011,0.0011,0.495,43.125,35.125,25.125,1.0,5.7543,0
18.47,33.9488,19.5988,1.073,0.2403,2.4989,-0.0256,33.8343,19.5184,1.1341,0.1527,33.7932,19.2635,1.086,0.3698,-0.0011,-0.0002,-0.0005,0.0012,0.466,43.193,35.125,25.125,1.0,5.6505,0
18.512,33.9584,19.7031,1.0718,0.2254,2.5036,-0.0331,33.8343,19.5184,1.1341,0.2311,33.7998,19.3572,1.0852,0.3807,0.0001,0.0013,0.0008,0.0016,0.466,43.24,35.125,25.125,1.0,5.5465,0
18.554,33.9678,19.8073,1.0704,0.2275,2.5014,-0.0259,34.0117,19.6932,1.0606,0.1227,33.8396,19.473,1.0782,0.3582,0.0011,0.0006,0.0006,0.0014,0.506,43.326,35.125,25.125,1.0,5.4426,0
18.595,33.9775,19.9114,1.0697,0.2353,2.495,-0.0137,34.0117,19.6932,1.0606,0.2211,33.8461,19.5675,1.0767,0.3682,0.0002,0.0006,-0.0005,0.0008,0.513,43.374,35.125,25.125,1.0,5.3388,0
18.637,33.9876,20.0152,1.0692,0.252,2.4846,-0.0096,34.0117,19.6932,1.0606,0.323,33.8507,19.6304,1.076,0.4085,-0.0007,0.0007,0.0006,0.0012,0.517,43.406,35.125,25.125,1.0,5.2353,0
18.678,33.9986,20.1184,1.0688,0.2715,2.4703,-0.0133,33.9694,20.2453,0.9228,0.1956,33.8769,19.8228,1.0515,0.3201,-0.0002,-0.0014,0.0016,0.0021,0.544,43.519,35.125,25.125,1.0,5.1322,0
18.72,34.0104,20.221,1.0681,0.2924,2.4559,-0.0175,33.9694,20.2453,0.9228,0.153,33.8824,19.8847,1.0514,0.3602,-0.0001,0.0002,-0.0001,0.0002,0.549,43.551,35.125,25.125,1.0,5.0296,0
18.762,34.023,20.3229,1.0674,0.3105,2.4383,-0.015,34.1188,20.4014,1.151,0.1494,33.928,20.0509,1.0639,0.2881,0.0,-0.0004,-0.0005,0.0006,0.595,43.661,35.125,25.125,1.0,4.9274,0
18.803,34.0362,20.4241,1.0673,0.3234,2.4233,0.0039,34.1188,20.4014,1.151,0.1198,33.9339,20.1113,1.0628,0.3292,0.001,0.0008,-0.0002,0.0012,0.601,43.694,35.125,25.125,1.0,4.8258,0
18.845,34.0499,20.5248,1.0676,0.3291,2.4121,0.0113,34.1188,20.4014,1.151,0.1641,33.9434,20.2012,1.0617,0.3408,0.0003,0.0004,0.0017,0.0017,0.61,43.742,35.125,25.125,1.0,4.7246,0
18.886,34.0636,20.6252,1.0682,0.3285,2.4084,0.0141,33.9746,20.4573,0.9698,0.214,33.959,20.3012,1.0466,0.3412,-0.0012,0.0014,-0.0011,0.0021,0.626,43.804,35.125,25.125,1.0,4.6238,0
18.928,34.0772,20.7255,1.0688,0.3229,2.4064,0.015,33.9746,20.4573,0.9698,0.3038,33.9704,20.3914,1.0463,0.3515,0.0001,0.0002,-0.0019,0.0019,0.637,43.855,35.125,25.125,1.0,4.5231,0
18.97,34.0903,20.8258,1.0694,0.3102,2.4057,0.0148,33.9746,20.4573,0.9698,0.3989,33.9778,20.4514,1.0461,0.3917,-0.0003,0.0005,-0.0009,0.001,0.644,43.889,35.125,25.125,1.0,4.4225,0
19.011,34.1028,20.926,1.0699,0.2895,2.4063,0.0042,34.2161,20.8853,1.1135,0.128,34.029,20.6111,1.0598,0.3236,0.0,0.0005,0.0004,0.0006,0.696,44.002,35.125,25.125,1.0,4.3222,0
19.053,34.1142,21.0263,1.0698,0.2604,2.4078,-0.005,34.2161,20.8853,1.1135,0.1794,34.0354,20.6714,1.0598,0.3637,0.0006,0.0,-0.0002,0.0006,0.702,44.035,35.125,25.125,1.0,4.2221,0
19.094,34.1244,21.1267,1.0695,0.2274,2.4081,-0.0103,34.2161,20.8853,1.1135,0.262,34.0436,20.7619,1.0595,0.3737,0.0004,-0.0006,0.0018,0.0019,0.71,44.084,35.125,25.125,1.0,4.1222,0
19.136,34.1329,21.2271,1.069,0.1878,2.411,-0.0093,33.9856,21.0278,1.0398,0.2496,34.0425,20.8657,1.0551,0.3728,-0.0001,0.0004,0.0008,0.0009,0.709,44.131,35.125,25.125,1.0,4.0228,0
19.178,34.1398,21.3275,1.0687,0.1472,2.4119,-0.0078,33.9856,21.0278,1.0398,0.3383,34.0489,20.9556,1.0543,0.3832,-0.0008,-0.0002,0.0007,0.0011,0.716,44.059,35.125,25.125,1.0,3.9238,0
19.219,34.1451,21.428,1.0683,0.1101,2.4125,-0.0126,34.189,21.2395,1.1074,0.1975,34.0726,21.0551,1.0637,0.38,-0.0003,0.0004,-0.0007,0.0008,0.739,44.123,35.125,25.125,1.0,3.8252,0
19.261,34.1489,21.5286,1.0676,0.0778,2.4155,-0.0202,34.189,21.2395,1.1074,0.2946,34.0745,21.1437,1.0631,0.3921,-0.0004,0.0001,0.0001,0.0005,0.741,44.166,35.125,25.125,1.0,3.7271,0
19.302,34.1515,21.6293,1.0667,0.0503,2.419,-0.0239,34.189,21.2395,1.1074,0.3937,34.0747,21.2029,1.0624,0.4334,-0.0003,0.0001,-0.0003,0.0004,0.741,44.194,35.125,25.125,1.0,3.6293,0
19.344,34.1531,21.7303,1.0659,0.0293,2.4249,-0.0158,34.1716,21.8115,0.9973,0.1079,34.0894,21.3912,1.0495,0.3454,0.0005,-0.0008,-0.0006,0.0011,0.756,44.297,35.125,25.125,1.0,3.5317,0
19.386,34.154,21.8314,1.0653,0.0164,2.4303,-0.0126,34.1716,21.8115,0.9973,0.073,34.0882,21.4503,1.0488,0.3871,0.0003,-0.0007,-0.0002,0.0008,0.755,44.324,35.125,25.125,1.0,3.4343,0
19.427,34.1546,21.9328,1.0649,0.0124,2.4344,-0.0037,34.1307,21.9777,1.1402,0.0909,34.0962,21.6295,1.0598,0.3089,0.0001,0.0,0.0008,0.0008,0.763,44.413,35.125,25.125,1.0,3.3371,0
19.473,34.1551,22.0444,1.065,0.014,2.4338,0.0063,34.1307,21.9777,1.1402,0.1035,34.0951,21.7218,1.0582,0.3282,-0.0001,0.0006,0.0003,0.0007,0.762,44.456,35.125,25.125,1.0,3.2303,0
19.515,34.1559,22.1457,1.0653,0.0246,2.4287,0.0027,34.3026,21.8879,1.0788,0.2969,34.1315,21.8046,1.0644,0.342,0.0003,-0.0,-0.0006,0.0006,0.798,44.525,35.125,25.125,1.0,3.1336,0
19.556,34.1572,22.2467,1.0648,0.0343,2.4213,-0.0182,34.3026,21.8879,1.0788,0.3874,34.1325,21.8961,1.064,0.3515,0.0003,-0.0001,0.0011,0.0011,0.799,44.569,35.125,25.125,1.0,3.0373,0
19.598,34.1589,22.3474,1.0639,0.0436,2.413,-0.0249,34.3026,21.8879,1.0788,0.4817,34.1334,21.9569,1.0633,0.3914,-0.0002,0.0013,0.0006,0.0014,0.8,44.599,35.125,25.125,1.0,2.9415,0
19.639,34.1608,22.4478,1.0628,0.0484,2.4051,-0.0251,34.1643,22.599,1.0701,0.1515,34.1374,22.1489,1.062,0.2998,-0.0004,-0.0007,-0.0005,0.001,0.804,44.694,35.125,25.125,1.0,2.8463,0
19.681,34.163,22.5478,1.0619,0.0552,2.3979,-0.0218,34.1643,22.599,1.0701,0.0519,34.1379,22.209,1.0609,0.3398,0.0002,0.0009,0.0002,0.001,0.805,44.724,35.125,25.125,1.0,2.7516,0
19.723,34.1655,22.6475,1.061,0.0643,2.3876,-0.0194,34.1643,22.599,1.0701,0.0493,34.1389,22.2986,1.0594,0.3499,0.0003,-0.0001,-0.0005,0.0006,0.806,44.768,35.125,25.125,1.0,2.6575,0
19.764,34.1683,22.7468,1.06,0.0714,2.3787,-0.0333,34.3348,22.684,1.0878,0.1801,34.1746,22.4192,1.0659,0.3277,0.0006,-0.0002,0.0006,0.0008,0.841,44.856,35.125,25.125,1.0,2.5641,0
19.806,34.1714,22.8457,1.0583,0.0758,2.3717,-0.0443,34.3348,22.684,1.0878,0.2318,34.1767,22.5066,1.0646,0.3392,0.0003,-0.0,0.0007,0.0008,0.843,44.9,35.125,25.125,1.0,2.4714,0
19.847,34.1747,22.9444,1.0564,0.0801,2.366,-0.0505,33.9986,22.8993,1.1351,0.198,34.1515,22.6296,1.0766,0.3163,0.0006,0.0012,-0.0008,0.0015,0.818,44.936,35.125,25.125,1.0,2.3794,0
19.889,34.178,23.043,1.0539,0.0818,2.3683,-0.0654,33.9986,22.8993,1.1351,0.2438,34.1554,22.7186,1.075,0.3259,0.0002,-0.0,0.001,0.001,0.822,44.983,35.125,25.125,1.0,2.2879,0
19.931,34.1816,23.1416,1.051,0.0868,2.3654,-0.0705,33.9986,22.8993,1.1351,0.315,34.1581,22.7779,1.0736,0.3652,-0.0001,0.0016,0.0002,0.0016,0.825,45.015,35.125,25.125,1.0,2.1969,0
19.972,34.1853,23.2401,1.0479,0.0937,2.3605,-0.0817,34.109,23.2937,1.1686,0.1526,34.1549,22.9532,1.0867,0.2911,-0.0001,0.0014,0.0005,0.0015,0.822,45.096,35.125,25.125,1.0,2.1067,0
20.014,34.1894,23.3382,1.0443,0.1037,2.3503,-0.0859,34.109,23.2937,1.1686,0.1546,34.1582,23.0124,1.0848,0.3298,0.001,0.0001,-0.0006,0.0012,0.825,45.128,35.125,25.125,1.0,2.0174,0
20.055,34.1941,23.4359,1.0407,0.1187,2.3369,-0.0871,34.1039,23.5572,0.9363,0.1837,34.1494,23.1825,1.0583,0.2579,0.0002,0.0008,-0.001,0.0013,0.816,45.211,35.125,25.125,1.0,1.9291,0
20.097,34.1994,23.5329,1.0372,0.138,2.3227,-0.0823,34.1039,23.5572,0.9363,0.1411,34.1522,23.241,1.0568,0.2964,0.0003,-0.0003,0.0015,0.0015,0.819,45.243,35.125,25.125,1.0,1.8419,0
20.139,34.2058,23.6293,1.0338,0.1652,2.3065,-0.0813,34.1039,23.5572,0.9363,0.1584,34.1577,23.3279,1.0546,0.3059,-0.0005,-0.0005,0.0012,0.0014,0.824,45.291,35.125,25.125,1.0,1.7559,0
20.18,34.2134,23.7251,1.0304,0.1985,2.2892,-0.0826,34.2194,23.6193,0.9728,0.1206,34.1751,23.4353,1.037,0.2923,-0.0002,-0.0009,-0.0005,0.001,0.842,45.364,35.125,25.125,1.0,1.6709,0
20.222,34.2226,23.82,1.0271,0.2396,2.2726,-0.0731,34.2194,23.6193,0.9728,0.208,34.1847,23.523,1.0339,0.2995,0.0006,0.0001,0.0013,0.0014,0.851,46.061,35.125,25.125,1.0,1.5868,0
20.263,34.2338,23.9147,1.0246,0.2951,2.2778,-0.0472,34.2194,23.6193,0.9728,0.3003,34.1926,23.5811,1.0322,0.3363,-0.0017,0.0003,0.0013,0.0022,0.859,46.097,35.125,25.125,1.0,1.5032,0
20.305,34.248,24.0106,1.024,0.382,2.329,0.0125,34.2119,23.8392,0.8809,0.2262,34.2073,23.7076,1.0065,0.3062,0.0,0.0003,-0.0013,0.0013,0.874,46.18,35.125,25.125,1.0,1.4183,0
20.347,34.2662,24.1096,1.0251,0.4849,2.4163,0.0309,34.2119,23.8392,0.8809,0.3112,34.2195,23.7674,1.0077,0.3458,-0.0006,-0.0006,-0.0005,0.001,0.886,46.22,35.125,25.125,1.0,1.3301,0
20.388,34.289,24.2126,1.0261,0.6018,2.523,0.0176,34.2962,23.996,0.9219,0.2405,34.2533,23.8927,0.9953,0.3234,0.0004,-0.0007,0.0009,0.0012,0.92,46.315,35.125,25.125,1.0,1.2377,0
20.43,34.3168,24.3203,1.0261,0.7195,2.6297,-0.0158,34.2962,23.996,0.9219,0.3412,34.2722,23.9583,0.996,0.3659,-0.0006,0.0005,0.0005,0.0009,0.939,46.364,35.125,25.125,1.0,1.1408,0
20.471,34.3493,24.432,1.0246,0.8289,2.7219,-0.0506,34.2962,23.996,0.9219,0.4511,34.306,24.0615,0.9953,0.3742,0.0002,0.0002,-0.0009,0.001,0.973,46.446,35.125,25.125,1.0,1.0404,0
20.513,34.3861,24.5471,1.0224,0.9193,2.7928,-0.0469,34.525,24.4921,0.9576,0.1629,34.3647,24.2002,0.9851,0.3495,0.0001,0.0005,-0.0008,0.001,1.031,46.568,35.125,25.125,1.0,0.9383,0
20.555,34.4258,24.6644,1.0211,0.977,2.8234,-0.0162,34.525,24.4921,0.9576,0.2087,34.4055,24.3082,0.9831,0.3588,0.0006,-0.0003,0.0001,0.0007,1.072,46.658,35.125,25.125,1.0,0.8376,0
20.596,34.467,24.7818,1.0214,0.9945,2.807,0.0233,34.6265,24.8859,1.0536,0.1931,34.4654,24.4684,0.9941,0.3145,-0.0001,0.0002,-0.0013,0.0013,1.132,46.789,35.125,25.125,1.0,0.7424,0
20.638,34.5082,24.8975,1.0232,0.9753,2.7441,0.0608,34.6265,24.8859,1.0536,0.1227,34.5071,24.5743,0.9954,0.3244,0.0002,0.0007,-0.0006,0.0009,1.174,46.878,35.125,25.125,1.0,0.6579,0
20.679,34.5475,25.0094,1.0267,0.9135,2.6303,0.1042,34.6265,24.8859,1.0536,0.149,34.5338,24.6422,0.9974,0.3685,-0.0002,-0.0005,0.0001,0.0005,1.2,46.935,35.125,25.125,1.0,0.5895,0
20.721,34.5836,25.1159,1.0304,0.8251,2.4944,0.0636,34.5336,25.1916,0.9176,0.1448,34.5616,24.829,0.9923,0.2903,-0.0001,-0.0016,0.0007,0.0018,1.211,47.057,54.875,34.875,1.0,22.5162,0
20.763,34.6155,25.216,1.0316,0.7132,2.3243,-0.0054,34.5336,25.1916,0.9176,0.1425,34.5811,24.8884,0.994,0.3316,0.0001,-0.001,0.0003,0.0011,1.216,47.104,54.875,34.875,1.0,22.4442,0
20.804,34.6423,25.3088,1.0294,0.5834,2.1479,-0.0938,34.5336,25.1916,0.9176,0.1951,34.6047,24.9693,0.993,0.3435,-0.0003,-0.0008,0.0004,0.001,1.211,47.166,54.875,34.875,1.0,22.3802,0
20.846,34.6634,25.3946,1.0234,0.4396,1.9878,-0.1817,34.6476,25.4569,0.942,0.1037,34.6199,25.1073,0.9782,0.294,-0.0002,-0.0005,0.0003,0.0006,1.161,47.255,54.875,34.875,1.0,22.3246,0
20.887,34.6783,25.474,1.0144,0.2914,1.8423,-0.2358,34.6476,25.4569,0.942,0.0805,34.6289,25.1752,0.9685,0.3063,-0.0001,0.0002,-0.0005,0.0005,1.131,47.3,54.875,34.875,1.0,22.2775,0
20.929,34.6872,25.5478,1.0045,0.1576,1.7204,-0.2337,34.8013,25.5662,1.1857,0.2149,34.6634,25.285,1.0007,0.264,0.0004,0.0008,-0.0004,0.001,1.088,47.38,54.875,34.875,1.0,22.2383,0
20.971,34.6916,25.6176,0.9957,0.0717,1.6403,-0.1815,34.8013,25.5662,1.1857,0.2253,34.6619,25.3442,0.9917,0.275,0.0003,0.0001,0.0002,0.0004,1.046,47.412,54.875,34.875,1.0,22.2051,0
21.012,34.6938,25.6849,0.9901,0.0476,1.6023,-0.0933,34.8013,25.5662,1.1857,0.2527,34.659,25.3816,0.9878,0.3053,0.0001,-0.0001,0.0008,0.0008,1.017,47.43,54.875,34.875,1.0,22.1752,0
21.054,34.6966,25.7516,0.9882,0.0901,1.6065,-0.0112,34.6587,25.7807,1.0741,0.0983,34.6674,25.5133,1.0011,0.2404,0.001,-0.0008,-0.0008,0.0015,0.923,47.505,54.875,34.875,1.0,22.1451,0
21.095,34.7025,25.8193,0.9892,0.1931,1.6465,0.0507,34.6587,25.7807,1.0741,0.103,34.6695,25.5529,1.0024,0.2688,-0.0006,-0.0001,0.0006,0.0008,0.893,47.527,54.875,34.875,1.0,22.1119,0
21.137,34.714,25.8893,0.9922,0.3524,1.7106,0.0832,34.7738,25.9493,0.8417,0.1727,34.6898,25.6738,0.9757,0.2175,-0.0004,0.0009,-0.0004,0.0011,0.805,47.614,54.875,34.875,1.0,22.0728,0
21.179,34.7335,25.9626,0.9966,0.5631,1.7975,0.1127,34.7738,25.9493,0.8417,0.1606,34.6999,25.7171,0.9789,0.2485,-0.0004,-0.0007,-0.0001,0.0008,0.773,47.645,54.875,34.875,1.0,22.0253,0
21.22,34.7621,26.0394,1.001,0.7921,1.8811,0.0955,34.7738,25.9493,0.8417,0.1834,34.7254,25.7859,0.9839,0.2567,-0.0009,0.001,0.0002,0.0014,0.726,47.444,54.875,34.875,1.0,21.968,0
21.262,34.8005,26.1197,1.004,1.027,1.9618,0.0521,34.5584,26.2064,1.0277,0.2582,34.7226,25.9066,0.9935,0.2271,-0.0001,0.0,0.0012,0.0012,0.618,47.505,54.875,34.875,1.0,21.9007,0
21.303,34.8486,26.2031,1.005,1.255,2.0327,0.0023,34.5584,26.2064,1.0277,0.291,34.7701,25.9838,0.9951,0.2331,0.0003,-0.0003,-0.0011,0.0011,0.568,47.585,54.875,34.875,1.0,21.8234,0
21.345,34.9059,26.2891,1.0042,1.4758,2.0865,-0.0299,34.8485,26.3538,0.7504,0.2682,34.8159,26.0898,0.9515,0.2249,0.0004,-0.0,-0.0004,0.0005,0.486,47.689,54.875,34.875,1.0,21.7367,0
21.387,34.9723,26.3769,1.003,1.6853,2.1192,-0.0312,34.8485,26.3538,0.7504,0.2822,34.883,26.1704,0.9488,0.2314,-0.0,-0.0002,-0.0004,0.0004,0.43,47.788,54.875,34.875,1.0,21.6411,0
21.428,35.0467,26.4653,1.0017,1.8638,2.1217,-0.0293,34.8485,26.3538,0.7504,0.3389,34.9338,26.2248,0.9469,0.2713,-0.0008,0.0013,0.0001,0.0015,0.391,47.859,54.875,34.875,1.0,21.5379,0
21.47,35.1278,26.5532,1.0005,2.0055,2.0987,-0.0337,35.1077,26.5099,0.8349,0.1723,35.0274,26.3472,0.9332,0.2389,0.0004,-0.0001,-0.0001,0.0004,0.292,48.004,54.875,34.875,1.0,21.429,0
21.511,35.2141,26.6397,0.9989,2.1215,2.0528,-0.0413,35.1077,26.5099,0.8349,0.2346,35.0836,26.3997,0.9329,0.281,0.0006,0.0005,-0.0001,0.0008,0.249,48.079,54.875,34.875,1.0,21.316,0
21.553,35.3047,26.7237,0.9973,2.2124,1.9821,-0.0361,35.1077,26.5099,0.8349,0.3329,35.1728,26.476,0.9323,0.2881,-0.0004,0.0008,-0.0001,0.0009,0.184,48.193,54.875,34.875,1.0,21.2,0
21.595,35.3985,26.8043,0.9962,2.28,1.8902,-0.0144,35.2353,26.8291,1.1606,0.233,35.2309,26.5876,0.9682,0.2753,-0.0001,-0.0001,-0.0001,0.0002,0.076,48.293,54.875,34.875,1.0,21.0825,0
21.636,35.4946,26.8807,0.9959,2.3272,1.7857,-0.0004,35.2353,26.8291,1.1606,0.3114,35.3214,26.6569,0.9681,0.2844,0.0011,0.0001,0.0007,0.0013,0.01,48.404,54.875,34.875,1.0,20.9645,0
21.678,35.5922,26.9524,0.996,2.3521,1.6676,0.0076,35.5301,26.9863,1.0402,0.0834,35.4121,26.7486,0.9767,0.2727,-0.001,-0.0003,-0.0002,0.001,0.0,48.526,54.875,34.875,1.0,20.8469,0
21.719,35.6905,27.0191,0.9967,2.3617,1.5467,0.0199,35.5301,26.9863,1.0402,0.1694,35.5049,26.806,0.976,0.2833,-0.0001,-0.0005,-0.0005,0.0007,0.0,48.633,54.875,34.875,1.0,20.7307,0
21.761,35.7888,27.081,0.9976,2.3533,1.4363,0.02,35.5301,26.9863,1.0402,0.2787,35.5669,26.8407,0.9758,0.3277,0.0005,-0.0003,0.0009,0.0011,0.0,48.702,54.875,34.875,1.0,20.6163,0
21.803,35.8865,27.1386,0.9983,2.3373,1.3437,0.0122,35.8766,27.0305,0.9001,0.1464,35.7,26.9216,0.9653,0.288,0.0001,0.0003,-0.0003,0.0004,0.0,48.856,54.875,34.875,1.0,20.5041,0
21.844,35.9834,27.1929,0.9986,2.3168,1.2701,0.0049,35.8766,27.0305,0.9001,0.2178,35.7595,26.9515,0.9655,0.3309,-0.0004,0.0009,-0.0016,0.0019,0.0,48.921,54.875,34.875,1.0,20.3938,0
21.886,36.0794,27.2444,0.9988,2.2933,1.2142,0.0059,35.8766,27.0305,0.9001,0.3108,35.8476,26.9932,0.9654,0.3434,-0.0005,0.0004,-0.0007,0.0009,0.0,49.015,54.875,34.875,1.0,20.2855,0
21.927,36.1745,27.2941,0.9991,2.2728,1.1761,0.0062,36.0778,27.2319,1.1731,0.2086,35.9377,27.0642,1.0009,0.33,-0.0006,0.0008,0.0007,0.0012,0.0,49.12,54.875,34.875,1.0,20.1787,0
21.969,36.2689,27.3425,0.9994,2.2614,1.1535,0.0072,36.0778,27.2319,1.1731,0.2809,36.0214,27.1035,1.0011,0.344,0.0007,-0.0002,-0.0019,0.002,0.0,49.209,54.875,34.875,1.0,20.073,0
22.011,36.3629,27.3904,0.9997,2.253,1.1481,0.0093,36.0778,27.2319,1.1731,0.3694,36.077,27.1292,1.0013,0.3873,0.0006,-0.0004,-0.0006,0.0009,0.0,49.268,54.875,34.875,1.0,19.9679,0
22.052,36.4567,27.4384,1.0005,2.2529,1.1549,0.026,36.4169,27.3608,1.1637,0.185,36.2199,27.2134,1.0261,0.3276,-0.0003,0.0002,0.0003,0.0005,0.0,49.425,54.875,34.875,1.0,19.8629,0
22.094,36.5507,27.4868,1.0018,2.2572,1.1677,0.0344,36.4169,27.3608,1.1637,0.2449,36.2757,27.2407,1.0261,0.3698,0.0001,-0.0001,-0.0001,0.0001,0.0,49.485,54.875,34.875,1.0,19.7577,0
22.135,36.6449,27.5358,1.0033,2.2649,1.1839,0.0366,36.4842,27.6177,1.0512,0.1867,36.3861,27.348,1.0331,0.3211,-0.0001,0.0014,-0.0016,0.0021,0.0,49.632,54.875,34.875,1.0,19.652,0
22.177,36.7395,27.5855,1.0043,2.2767,1.1999,0.02,36.4842,27.6177,1.0512,0.2616,36.4423,27.3778,1.0337,0.3637,-0.0003,-0.0016,-0.0005,0.0017,0.0,49.694,54.875,34.875,1.0,19.5456,0
22.219,36.8347,27.6358,1.005,2.2909,1.2145,0.0146,36.4842,27.6177,1.0512,0.354,36.5273,27.4233,1.0341,0.3749,0.0003,-0.0007,0.0003,0.0008,0.0,49.082,54.875,34.875,1.0,19.4386,0
22.26,36.9305,27.6867,1.0057,2.3042,1.2245,0.0183,37.0137,27.7959,1.1687,0.2132,36.6623,27.5192,1.0547,0.32,-0.0004,0.0004,-0.0006,0.0008,0.0,49.24,54.875,34.875,1.0,19.3308,0
22.302,37.0268,27.7378,1.0067,2.3198,1.2265,0.0292,37.0137,27.7959,1.1687,0.1726,36.7481,27.567,1.0542,0.3303,0.0004,0.0001,0.0001,0.0004,0.0,49.336,54.875,34.875,1.0,19.2223,0
22.343,37.1238,27.7888,1.008,2.3323,1.2216,0.0317,37.0137,27.7959,1.1687,0.1949,36.8058,27.5988,1.0542,0.3733,-0.0003,-0.0001,-0.0004,0.0006,0.0,49.4,54.875,34.875,1.0,19.1134,0
22.385,37.2212,27.8395,1.0094,2.3404,1.2128,0.032,37.1251,27.89,1.177,0.1998,36.9459,27.6901,1.0754,0.32,-0.0001,0.0008,0.0009,0.0012,0.0,49.56,54.875,34.875,1.0,19.0041,0
22.427,37.3188,27.8898,1.0107,2.3451,1.2047,0.0309,37.1251,27.89,1.177,0.2554,37.0049,27.7205,1.0754,0.3625,0.0005,0.0003,-0.0003,0.0006,0.0,49.625,54.875,34.875,1.0,18.8948,0
22.468,37.4165,27.9398,1.0119,2.3442,1.1967,0.0297,37.1251,27.89,1.177,0.3386,37.0936,27.7655,1.0754,0.3724,0.0007,0.0011,0.0006,0.0014,0.0,49.722,54.875,34.875,1.0,18.7855,0
22.51,37.5141,27.9895,1.0133,2.3403,1.1892,0.0391,37.4944,27.8205,0.9881,0.172,37.2233,27.8055,1.058,0.347,-0.0004,-0.0006,0.0001,0.0007,0.0,49.853,54.875,34.875,1.0,18.6765,0
22.551,37.6115,28.0389,1.0151,2.3326,1.183,0.045,37.4944,27.8205,0.9881,0.2493,37.3121,27.8501,1.0578,0.3564,-0.0003,0.0006,-0.0001,0.0007,0.0,49.95,54.875,34.875,1.0,18.5678,0
22.593,37.7084,28.0881,1.017,2.3206,1.1777,0.0462,37.4944,27.8205,0.9881,0.3438,37.3711,27.8797,1.0578,0.3986,-0.0001,0.0003,0.0017,0.0017,0.0,50.014,54.875,34.875,1.0,18.4596,0
22.635,37.8048,28.1371,1.0186,2.3102,1.1746,0.0318,37.6445,28.2955,1.1075,0.2423,37.5009,27.9938,1.0697,0.3398,0.0002,-0.001,0.0009,0.0014,0.0,50.179,54.875,34.875,1.0,18.3519,0
22.676,37.9009,28.186,1.0198,2.304,1.1743,0.0261,37.6445,28.2955,1.1075,0.2923,37.5581,28.0227,1.0699,0.3831,-0.0001,-0.0004,0.0004,0.0006,0.0,50.242,54.875,34.875,1.0,18.2445,0
22.718,37.9969,28.235,1.0209,2.3016,1.1773,0.0261,38.1259,28.3639,1.0226,0.1824,37.7328,28.1228,1.0633,0.29,-0.0007,-0.0001,0.0005,0.0008,0.0,50.44,54.875,34.875,1.0,18.1373,0
22.759,38.0927,28.2841,1.0217,2.3002,1.1793,0.0152,38.1259,28.3639,1.0226,0.0864,37.7899,28.1527,1.0637,0.3328,0.0001,0.0004,-0.0001,0.0004,0.0,50.503,54.875,34.875,1.0,18.0301,0
22.801,38.1886,28.3333,1.0222,2.3041,1.1817,0.0095,38.1259,28.3639,1.0226,0.0698,37.8757,28.1976,1.0639,0.3437,-0.0001,0.0005,-0.0008,0.0009,0.0,50.597,54.875,34.875,1.0,17.9229,0
22.843,38.2847,28.3826,1.0225,2.3083,1.1846,0.0029,38.4052,28.5006,1.1581,0.2164,38.0225,28.2795,1.0829,0.2882,0.0001,-0.0004,0.0021,0.0021,0.0,50.758,54.875,34.875,1.0,17.8154,0
22.884,38.381,28.432,1.0222,2.3115,1.1843,-0.0131,38.4052,28.5006,1.1581,0.1542,38.1098,28.3254,1.0835,0.2978,-0.0004,0.0001,0.0001,0.0004,0.0,50.855,54.875,34.875,1.0,17.7078,0
22.926,38.4774,28.4813,1.0215,2.3134,1.181,-0.0185,38.4052,28.5006,1.1581,0.1557,38.168,28.3559,1.0836,0.3395,-0.0004,-0.0,-0.0013,0.0013,0.0,50.919,54.875,34.875,1.0,17.6001,0
22.967,38.5738,28.5303,1.021,2.3147,1.1759,-0.0033,38.6189,28.5341,0.9756,0.0641,38.3325,28.4316,1.062,0.2639,0.0001,0.0006,-0.0007,0.0009,0.0,51.098,54.875,34.875,1.0,17.4924,0
23.009,38.6702,28.5791,1.0211,2.3141,1.1671,0.0042,38.6189,28.5341,0.9756,0.082,38.3909,28.4617,1.0618,0.3058,-0.0006,-0.0,-0.0011,0.0012,0.0,51.163,54.875,34.875,1.0,17.3849,0
23.051,38.7666,28.6276,1.0213,2.3141,1.1605,0.0065,38.798,28.46,1.0156,0.1706,38.5363,28.498,1.0537,0.2663,-0.0008,-0.0005,0.0007,0.0012,0.0,51.303,54.875,34.875,1.0,17.2774,0
23.092,38.8631,28.6758,1.0217,2.3143,1.155,0.0098,38.798,28.46,1.0156,0.2255,38.5941,28.5267,1.0536,0.3092,0.0005,0.0006,-0.0012,0.0015,0.0,51.366,54.875,34.875,1.0,17.1701,0
23.134,38.9595,28.7239,1.0221,2.3152,1.1522,0.0108,38.798,28.46,1.0156,0.3095,38.6809,28.5696,1.0537,0.32,-0.0003,0.0002,-0.0002,0.0004,0.0,51.46,54.875,34.875,1.0,17.0628,0
23.175,39.056,28.772,1.0226,2.317,1.1557,0.0129,38.798,28.46,1.0156,0.4049,38.7389,28.5982,1.0536,0.3629,0.0002,0.0012,0.0002,0.0012,0.0,52.274,54.875,34.875,1.0,16.9555,0
23.217,39.1526,28.8202,1.0233,2.3168,1.1588,0.0189,39.0674,28.8704,1.1649,0.1727,38.886,28.6963,1.0717,0.2979,0.0005,-0.0002,-0.0,0.0006,0.0,52.444,54.875,34.875,1.0,16.848,0
23.259,39.249,28.8685,1.0241,2.3128,1.1585,0.0213,39.0674,28.8704,1.1649,0.2298,38.9446,28.7265,1.0716,0.3392,-0.0003,0.0002,-0.0005,0.0006,0.0,52.509,54.875,34.875,1.0,16.7407,0
23.3,39.3453,28.9167,1.0251,2.309,1.1537,0.0283,39.2726,28.8398,0.9202,0.149,39.0814,28.7879,1.044,0.2943,-0.0005,-0.0002,0.0011,0.0012,0.0,52.659,54.875,34.875,1.0,16.6335,0
23.342,39.4414,28.9646,1.0265,2.3032,1.1465,0.0356,39.2726,28.8398,0.9202,0.2352,39.1392,28.8177,1.0439,0.3364,-0.0002,0.0005,0.0001,0.0005,0.0,52.723,54.875,34.875,1.0,16.5267,0
23.383,39.5372,29.0121,1.028,2.2989,1.1387,0.0378,39.2726,28.8398,0.9202,0.3337,39.2258,28.8618,1.0439,0.3462,-0.0004,0.0001,0.0005,0.0007,0.0,52.818,54.875,34.875,1.0,16.4201,0
23.425,39.6329,29.0595,1.0295,2.2956,1.1322,0.0342,39.5178,29.0239,1.1753,0.1891,39.3299,28.9174,1.0671,0.3368,0.0002,-0.001,-0.0001,0.0011,0.0,52.929,54.875,34.875,1.0,16.3139,0
23.467,39.7286,29.1065,1.0309,2.2972,1.1272,0.0316,39.5178,29.0239,1.1753,0.2685,39.4149,28.9602,1.0673,0.348,-0.0003,-0.0009,0.0005,0.0011,0.0,53.022,54.875,34.875,1.0,16.2077,0
23.508,39.8244,29.1534,1.0322,2.3011,1.1231,0.0299,39.5178,29.0239,1.1753,0.3623,39.4717,28.9886,1.0673,0.3909,-0.0005,0.0004,0.0012,0.0013,0.0,53.084,54.875,34.875,1.0,16.1015,0
23.55,39.9205,29.2002,1.0336,2.3085,1.1235,0.0368,39.7627,29.1619,1.0046,0.1649,39.6106,29.0594,1.0551,0.341,-0.0005,0.0008,0.0007,0.0012,0.0,53.238,54.875,34.875,1.0,15.9951,0
23.591,40.0168,29.247,1.0351,2.3153,1.1265,0.0379,39.7627,29.1619,1.0046,0.2697,39.6685,29.0875,1.0551,0.3836,0.0004,0.0013,-0.0008,0.0016,0.0,53.301,54.875,34.875,1.0,15.8884,0
23.633,40.1134,29.294,1.0367,2.3204,1.1267,0.0346,39.9855,29.3041,0.8936,0.1922,39.8046,29.1634,1.0296,0.3354,-0.0003,-0.0004,0.0001,0.0005,0.0,53.458,54.875,34.875,1.0,15.7814,0
23.675,40.2102,29.341,1.038,2.325,1.1282,0.0289,39.9855,29.3041,0.8936,0.2696,39.8629,29.1914,1.0299,0.3782,0.0,-0.0001,-0.0002,0.0003,0.0,53.521,54.875,34.875,1.0,15.6743,0
23.716,40.3071,29.388,1.0391,2.3261,1.1311,0.0274,39.9855,29.3041,0.8936,0.3628,39.9506,29.2335,1.0302,0.3886,-0.0003,-0.0012,0.0003,0.0013,0.0,53.616,54.875,34.875,1.0,15.567,0
23.758,40.404,29.4352,1.0403,2.327,1.1332,0.0299,40.2158,29.3894,0.909,0.234,40.0549,29.2909,1.009,0.3791,-0.0002,-0.0009,-0.0011,0.0014,0.0,53.736,54.875,34.875,1.0,15.4597,0
23.799,40.501,29.4825,1.0416,2.327,1.1359,0.0311,40.2158,29.3894,0.909,0.328,40.1429,29.3342,1.0092,0.3889,-0.0002,0.0001,-0.0015,0.0016,0.0,53.832,54.875,34.875,1.0,15.3523,0
23.841,40.5979,29.5298,1.0429,2.3254,1.1352,0.0328,40.2158,29.3894,0.909,0.4286,40.2016,29.3632,1.0093,0.4312,0.0015,-0.0001,-0.0002,0.0015,0.0,53.896,54.875,34.875,1.0,15.2449,0
23.883,40.6948,29.5771,1.044,2.3248,1.1329,0.0195,40.6116,29.6848,1.0593,0.137,40.3594,29.4583,1.021,0.3566,-0.0008,0.0011,-0.0002,0.0013,0.0,54.075,54.875,34.875,1.0,15.1376,0
23.924,40.7916,29.6242,1.0447,2.3225,1.1318,0.0132,40.6116,29.6848,1.0593,0.1905,40.4179,29.4865,1.0214,0.399,0.0001,0.0005,-0.0002,0.0006,0.0,54.138,54.875,34.875,1.0,15.0304,0
23.966,40.8883,29.6713,1.0452,2.3196,1.1291,0.0154,40.7693,29.6036,1.0555,0.1373,40.5611,29.5457,1.026,0.351,-0.0,0.0003,-0.0004,0.0005,0.0,54.287,54.875,34.875,1.0,14.9234,0
24.007,40.9849,29.7184,1.0459,2.3174,1.1281,0.0196,40.7693,29.6036,1.0555,0.2444,40.6199,29.5737,1.026,0.3932,-0.0002,-0.0003,-0.0003,0.0004,0.0,54.35,54.875,34.875,1.0,14.8164,0
24.049,41.0814,29.7654,1.0468,2.3125,1.1297,0.0217,40.7693,29.6036,1.0555,0.3516,40.7079,29.6156,1.0261,0.4029,-0.0002,0.0009,-0.0001,0.001,0.0,54.445,54.875,34.875,1.0,14.7097,0
24.091,41.1776,29.8125,1.0474,2.3085,1.1301,-0.0004,41.3088,29.8034,1.0216,0.134,40.8675,29.6747,1.0307,0.3398,0.0001,0.0005,0.0007,0.0009,0.0,54.607,54.875,34.875,1.0,14.603,0
24.132,41.2737,29.8596,1.0469,2.3044,1.1318,-0.016,41.3088,29.8034,1.0216,0.071,40.9547,29.7166,1.0316,0.3499,0.0007,-0.0009,0.0013,0.0017,0.0,54.702,54.875,34.875,1.0,14.4966,0
24.174,41.3696,29.9068,1.0462,2.2999,1.1342,-0.0195,41.3088,29.8034,1.0216,0.1225,41.0127,29.7445,1.0318,0.3923,-0.0,-0.0008,-0.0012,0.0014,0.0,54.764,54.875,34.875,1.0,14.3903,0
24.215,41.4654,29.9542,1.0454,2.2989,1.1381,-0.0167,41.4067,30.115,1.1039,0.1809,41.1588,29.8499,1.0431,0.3239,-0.0003,-0.0007,0.0003,0.0008,0.0,54.632,54.875,34.875,1.0,14.284,0
24.257,41.5612,30.0017,1.0448,2.299,1.1432,-0.0124,41.4067,30.115,1.1039,0.2005,41.2156,29.8784,1.0431,0.367,-0.0003,0.0003,0.0006,0.0007,0.0,54.694,54.875,34.875,1.0,14.1777,0
24.299,41.6571,30.0494,1.0443,2.302,1.1454,-0.0104,41.605,30.0624,0.9567,0.1027,41.36,29.9463,1.0275,0.3149,0.0005,0.0001,0.001,0.0011,0.0,54.853,54.875,34.875,1.0,14.0713,0
24.34,41.7531,30.0972,1.0441,2.3094,1.1471,-0.0033,41.605,30.0624,0.9567,0.1755,41.4176,29.9746,1.0275,0.3576,0.0006,-0.0003,-0.0002,0.0007,0.0,54.915,54.875,34.875,1.0,13.9647,0
24.382,41.8495,30.145,1.044,2.3171,1.1475,-0.0009,41.605,30.0624,0.9567,0.2725,41.5045,30.0171,1.0275,0.3684,0.0006,0.0003,0.0001,0.0007,0.0,55.01,54.875,34.875,1.0,13.8578,0
24.423,41.9463,30.1927,1.044,2.3249,1.1444,0.0016,41.9071,30.1043,1.088,0.1062,41.621,30.0593,1.0371,0.3516,0.0002,-0.0003,-0.0006,0.0007,0.0,55.127,54.875,34.875,1.0,13.7505,0
24.465,42.0433,30.2403,1.0442,2.3344,1.1415,0.0062,41.9071,30.1043,1.088,0.1975,41.7063,30.1021,1.037,0.3644,-0.0004,-0.0014,-0.0007,0.0016,0.0,55.22,54.875,34.875,1.0,13.6431,0
24.507,42.1409,30.2877,1.0445,2.3447,1.1347,0.0069,41.9071,30.1043,1.088,0.3003,41.7635,30.1305,1.0371,0.4088,-0.0001,-0.0009,0.001,0.0014,0.0,55.283,54.875,34.875,1.0,13.5353,0
24.548,42.2388,30.3349,1.0448,2.3574,1.1283,0.0064,42.048,30.4395,1.033,0.2179,41.8941,30.222,1.0368,0.3628,0.0,0.0012,0.0004,0.0013,0.0,55.439,54.875,34.875,1.0,13.4271,0
24.59,42.3373,30.3818,1.045,2.3695,1.1238,0.0066,42.048,30.4395,1.033,0.2953,41.9523,30.2496,1.0369,0.4072,0.0008,-0.0003,0.0003,0.0009,0.0,55.502,54.875,34.875,1.0,13.3186,0
24.631,42.4363,30.4285,1.0453,2.3815,1.1205,0.0069,42.3147,30.3078,1.0626,0.1723,42.0918,30.2971,1.0375,0.3688,0.0002,0.0003,0.0024,0.0024,0.0,55.643,54.875,34.875,1.0,13.2096,0
24.673,42.5358,30.4752,1.0463,2.3909,1.1203,0.0313,42.3147,30.3078,1.0626,0.2778,42.1509,30.3249,1.0368,0.4133,-0.0003,0.0001,0.0007,0.0008,0.0,55.707,54.875,34.875,1.0,13.1002,0
24.715,42.6356,30.5219,1.0478,2.3955,1.1219,0.039,42.3147,30.3078,1.0626,0.386,42.2399,30.3666,1.0365,0.4252,0.0002,-0.0004,-0.0005,0.0007,0.0,55.802,54.875,34.875,1.0,12.9906,0
24.756,42.7354,30.5687,1.0494,2.3968,1.1241,0.0387,42.7781,30.4258,0.8826,0.2238,42.3882,30.3995,1.0121,0.3881,-0.0007,-0.0008,0.0005,0.0012,0.0,55.947,54.875,34.875,1.0,12.8809,0
24.798,42.8352,30.6156,1.0509,2.3921,1.1275,0.0326,42.7781,30.4258,0.8826,0.26,42.4782,30.4403,1.0126,0.3995,0.0006,-0.0001,0.0015,0.0017,0.0,56.043,54.875,34.875,1.0,12.7711,0
24.839,42.9347,30.6627,1.0522,2.3851,1.1339,0.0319,42.7781,30.4258,0.8826,0.3308,42.538,30.4676,1.0128,0.4439,-0.0007,0.0008,0.0002,0.0011,0.0,56.107,54.875,34.875,1.0,12.6616,0
24.881,43.0339,30.7101,1.0536,2.3751,1.1396,0.0354,42.8457,30.7042,1.0755,0.1895,42.6692,30.5518,1.0224,0.3988,-0.0002,-0.0,-0.0003,0.0003,0.0,56.259,54.875,34.875,1.0,12.5524,0
24.923,43.1326,30.7578,1.0552,2.3649,1.1482,0.0397,42.8457,30.7042,1.0755,0.2926,42.727,30.5806,1.0224,0.4438,0.0001,-0.0003,0.0,0.0003,0.0,56.322,54.875,34.875,1.0,12.4434,0
24.964,43.231,30.8057,1.0569,2.3594,1.1515,0.0413,43.1251,30.7123,1.1265,0.1574,42.8708,30.6413,1.0402,0.3963,-0.0007,0.0003,-0.0012,0.0014,0.0,56.47,54.875,34.875,1.0,12.3347,0
25.006,43.3292,30.8537,1.0586,2.3554,1.1525,0.0404,43.1251,30.7123,1.1265,0.2574,42.9281,30.6703,1.0402,0.4414,-0.0009,0.0004,0.0008,0.0013,0.0,56.533,54.875,34.875,1.0,12.2262,0
25.047,43.4273,30.9018,1.0603,2.3555,1.1533,0.0408,43.1251,30.7123,1.1265,0.3628,43.0142,30.7139,1.0403,0.4543,-0.0003,-0.0008,0.0012,0.0015,0.0,56.628,54.875,34.875,1.0,12.1177,0
25.089,43.5255,30.9498,1.0621,2.3581,1.1524,0.0496,43.4245,30.961,1.1007,0.1088,43.1454,30.784,1.0479,0.4149,0.0001,0.0003,0.0008,0.0008,0.0,56.772,54.875,34.875,1.0,12.0092,0
25.131,43.6238,30.9978,1.0643,2.3607,1.1527,0.0557,43.4245,30.961,1.1007,0.206,43.2338,30.8275,1.0476,0.426,0.0004,-0.0,0.0008,0.0009,0.0,56.869,54.875,34.875,1.0,11.9006,0
25.172,43.7222,31.0458,1.0667,2.3617,1.1508,0.0578,43.4245,30.961,1.1007,0.3115,43.2928,30.8564,1.0475,0.4697,0.0007,-0.0001,-0.0004,0.0008,0.0,56.933,54.875,34.875,1.0,11.792,0
25.214,43.8206,31.0937,1.0691,2.3585,1.1451,0.0533,43.6965,31.1701,1.1149,0.1528,43.4486,30.9554,1.0602,0.3969,0.0005,-0.0004,-0.0001,0.0007,0.0,57.608,54.875,34.875,1.0,11.6835,0
25.255,43.9187,31.1412,1.0712,2.3536,1.1373,0.0484,43.6965,31.1701,1.1149,0.2284,43.5082,30.985,1.0602,0.4394,0.0005,0.0003,-0.0007,0.0008,0.0,57.674,54.875,34.875,1.0,11.5752,0
25.297,44.0167,31.1883,1.0731,2.3484,1.1243,0.0457,43.6965,31.1701,1.1149,0.3234,43.5974,31.0289,1.0602,0.4488,0.0001,-0.0003,-0.0015,0.0015,0.0,57.771,54.875,34.875,1.0,11.4673,0
25.339,44.1143,31.2348,1.0748,2.3397,1.109,0.036,43.9287,31.1866,0.9715,0.2179,43.7136,31.0829,1.047,0.4294,0.0001,-0.0005,-0.0002,0.0006,0.0,57.898,54.875,34.875,1.0,11.3599,0
25.38,44.2116,31.2807,1.0761,2.3314,1.0937,0.0286,43.9287,31.1866,0.9715,0.316,43.8021,31.1246,1.0473,0.4392,0.0003,-0.0003,-0.0002,0.0005,0.0,57.994,54.875,34.875,1.0,11.2531,0
25.422,44.3087,31.3259,1.0773,2.3259,1.0798,0.0255,43.9287,31.1866,0.9715,0.4183,43.8608,31.152,1.0473,0.4813,-0.0001,0.0005,-0.0003,0.0006,0.0,58.057,54.875,34.875,1.0,11.1467,0
25.463,44.4054,31.3707,1.0781,2.3182,1.0708,0.0168,44.2031,31.1737,0.9647,0.3043,44.006,31.1921,1.0349,0.4396,-0.0004,0.0,0.0008,0.0009,0.0,58.201,54.875,34.875,1.0,11.0408,0
25.505,44.5019,31.4152,1.0788,2.3131,1.0659,0.0148,44.2031,31.1737,0.9647,0.4007,44.064,31.2179,1.035,0.4823,-0.0007,-0.0008,0.0006,0.0012,0.0,58.263,54.875,34.875,1.0,10.9352,0
25.547,44.5982,31.4595,1.0793,2.3109,1.0645,0.0079,44.3167,31.2366,1.2245,0.3873,44.1904,31.2573,1.069,0.4553,-0.0002,0.0003,-0.0002,0.0004,0.0,58.384,54.875,34.875,1.0,10.8298,0
25.588,44.6945,31.504,1.0795,2.3105,1.0674,0.0006,44.3167,31.2366,1.2245,0.485,44.2486,31.2829,1.0691,0.4977,0.0005,-0.0,-0.0001,0.0005,0.0,58.446,54.875,34.875,1.0,10.7244,0
25.63,44.7907,31.5485,1.0794,2.3109,1.0714,-0.0009,44.7546,31.6276,1.1217,0.0967,44.4062,31.3759,1.0776,0.4215,0.0004,-0.0,-0.0016,0.0016,0.0,58.624,54.875,34.875,1.0,10.6191,0
25.671,44.8871,31.5933,1.0794,2.3142,1.0798,-0.0025,44.7546,31.6276,1.1217,0.1432,44.4632,31.4022,1.0775,0.465,-0.0005,-0.0012,0.0016,0.0021,0.0,58.686,54.875,34.875,1.0,10.5135,0
25.713,44.9837,31.6386,1.0792,2.3216,1.0896,-0.004,44.7546,31.6276,1.1217,0.2332,44.5489,31.442,1.0773,0.4771,0.0001,0.0007,-0.0008,0.0011,0.0,58.778,54.875,34.875,1.0,10.4076,0
25.755,45.0806,31.6841,1.0789,2.3315,1.0979,-0.0124,44.966,31.657,1.0834,0.1179,44.6781,31.498,1.0799,0.4435,-0.0001,-0.0002,-0.0006,0.0006,0.0,58.915,54.875,34.875,1.0,10.3014,0
25.796,45.178,31.7302,1.0783,2.342,1.1115,-0.018,44.966,31.657,1.0834,0.2244,44.7656,31.5363,1.0798,0.4557,0.0005,0.0003,-0.0009,0.001,0.0,59.008,54.875,34.875,1.0,10.1945,0
25.838,45.2758,31.7768,1.0775,2.3512,1.1263,-0.0219,45.2756,31.6829,1.2118,0.1639,44.9026,31.5911,1.1021,0.4176,0.0007,-0.001,0.0,0.0012,0.0,59.148,54.875,34.875,1.0,10.0871,0
25.879,45.3739,31.824,1.0763,2.3581,1.1362,-0.0308,45.2756,31.6829,1.2118,0.219,44.9907,31.6337,1.1018,0.4287,0.0004,0.0015,-0.0015,0.0022,0.0,59.244,54.875,34.875,1.0,9.9792,0
25.921,45.4723,31.8715,1.075,2.3634,1.1425,-0.0341,45.2756,31.6829,1.2118,0.305,45.0496,31.6624,1.1015,0.4724,0.0,0.0008,-0.0008,0.0011,0.0,59.308,54.875,34.875,1.0,9.871,0
25.963,45.5709,31.9191,1.0734,2.367,1.1406,-0.0422,45.6029,32.0059,0.9834,0.1291,45.2293,31.7598,1.0836,0.377,-0.0003,-0.001,-0.0006,0.0012,0.0,59.512,54.875,34.875,1.0,9.7626,0
26.004,45.6696,31.9665,1.0715,2.3699,1.1346,-0.0454,45.6029,32.0059,0.9834,0.1174,45.2886,31.7881,1.0834,0.4208,-0.0001,-0.0008,0.0022,0.0023,0.0,59.576,54.875,34.875,1.0,9.6542,0
26.046,45.7683,32.0136,1.0696,2.3696,1.1252,-0.0471,45.5862,32.0484,0.9631,0.2138,45.4185,31.8707,1.0587,0.378,-0.0013,0.0004,0.0009,0.0016,0.0,59.732,54.875,34.875,1.0,9.5459,0
26.087,45.8671,32.0602,1.0684,2.3691,1.1134,-0.0173,45.5862,32.0484,0.9631,0.3002,45.4783,31.899,1.0577,0.421,0.001,0.0011,-0.0004,0.0015,0.0,59.797,54.875,34.875,1.0,9.4377,0
26.129,45.9657,32.1063,1.068,2.368,1.1005,-0.0072,45.5862,32.0484,0.9631,0.398,45.5679,31.941,1.057,0.431,-0.0003,-0.0007,-0.001,0.0013,0.0,59.894,54.875,34.875,1.0,9.3298,0
26.171,46.0643,32.1518,1.0673,2.3642,1.0868,-0.0354,45.7604,31.9403,1.2626,0.4187,45.658,31.9646,1.0973,0.4484,0.0003,-0.0002,0.001,0.001,0.0,59.975,54.875,34.875,1.0,9.2221,0
26.212,46.1627,32.1969,1.0652,2.3595,1.0767,-0.0589,45.7604,31.9403,1.2626,0.5165,45.7469,32.0038,1.0977,0.4596,-0.0006,0.0001,-0.0001,0.0007,0.0,59.608,54.875,34.875,1.0,9.1148,0
26.254,46.261,32.2415,1.0625,2.3564,1.0671,-0.0627,46.1648,32.3778,1.1548,0.1906,45.869,32.0877,1.1047,0.4232,0.0009,0.0007,-0.0003,0.0012,0.0,59.753,54.875,34.875,1.0,9.0078,0
26.295,46.3591,32.2858,1.0602,2.3537,1.0608,-0.0545,46.1648,32.3778,1.1548,0.2349,45.9575,32.1256,1.1037,0.4346,0.0003,-0.0004,-0.0004,0.0006,0.0,59.847,54.875,34.875,1.0,8.901,0
26.337,46.4571,32.3299,1.0579,2.3529,1.0576,-0.0519,46.1648,32.3778,1.1548,0.3117,46.0164,32.1506,1.1032,0.478,0.0,0.0,-0.0,0.0,0.0,59.909,54.875,34.875,1.0,8.7944,0
26.379,46.5551,32.3739,1.0557,2.3509,1.055,-0.0547,46.303,32.2992,1.2475,0.3255,46.1523,32.2161,1.1261,0.4383,-0.0002,-0.0004,0.0001,0.0005,0.0,60.053,54.875,34.875,1.0,8.6878,0
26.42,46.6531,32.4178,1.0534,2.3501,1.0511,-0.0552,46.303,32.2992,1.2475,0.4175,46.2114,32.2419,1.1255,0.4808,0.0001,0.0016,0.0006,0.0017,0.0,60.116,54.875,34.875,1.0,8.5814,0
26.462,46.751,32.4616,1.0512,2.3498,1.0482,-0.0529,46.5838,32.429,1.1679,0.2064,46.3562,32.3131,1.1307,0.4292,0.0005,-0.0004,-0.0006,0.0009,0.0,60.274,54.875,34.875,1.0,8.4751,0
26.503,46.8489,32.5051,1.049,2.349,1.0425,-0.0533,46.5838,32.429,1.1679,0.3003,46.4155,32.3398,1.13,0.4708,0.0008,-0.0002,0.001,0.0013,0.0,60.337,54.875,34.875,1.0,8.3688,0
26.545,46.9468,32.5484,1.0467,2.3508,1.0338,-0.0526,47.0677,32.5436,1.257,0.2426,46.6017,32.4103,1.1473,0.3851,0.0003,0.0003,0.0011,0.0012,0.0,60.527,54.875,34.875,1.0,8.2627,0
26.587,47.0448,32.5912,1.0449,2.352,1.023,-0.0397,47.0677,32.5436,1.257,0.2186,46.6614,32.4371,1.146,0.4254,0.0002,0.0005,0.0017,0.0018,0.0,60.591,54.875,34.875,1.0,8.1566,0
26.628,47.1427,32.6335,1.0434,2.3496,1.0108,-0.0358,47.0677,32.5436,1.257,0.2437,46.7511,32.4767,1.1446,0.4339,0.0003,0.0009,-0.0008,0.0012,0.0,60.687,54.875,34.875,1.0,8.0507,0
26.67,47.2406,32.6754,1.042,2.3472,0.9992,-0.029,47.0708,32.6344,1.0526,0.175,46.8596,32.5211,1.1279,0.4199,0.0006,0.0006,-0.0002,0.0009,0.0,60.804,54.875,34.875,1.0,7.9451,0
26.711,47.3383,32.7169,1.0409,2.3465,0.9942,-0.0243,47.0708,32.6344,1.0526,0.2802,46.9479,32.5569,1.1266,0.4305,0.0003,0.0003,0.0,0.0004,0.0,60.897,54.875,34.875,1.0,7.8397,0
26.753,47.4361,32.7582,1.0399,2.3449,0.9927,-0.0244,47.253,32.6397,1.1565,0.2473,47.0512,32.594,1.1313,0.4283,-0.0003,-0.0005,-0.0,0.0006,0.0,61.002,54.875,34.875,1.0,7.7343,0
26.795,47.5338,32.7997,1.0388,2.3467,0.9959,-0.0272,47.253,32.6397,1.1565,0.344,47.1395,32.6306,1.1303,0.4387,-0.0005,0.0003,0.0004,0.0008,0.0,61.095,54.875,34.875,1.0,7.629,0
26.836,47.6316,32.8413,1.0376,2.3487,1.0017,-0.0334,47.7504,32.8147,1.1112,0.1422,47.2914,32.6833,1.1289,0.3861,0.0004,0.001,-0.0014,0.0018,0.0,61.25,54.875,34.875,1.0,7.5235,0
26.878,47.7295,32.8831,1.0358,2.3504,1.0068,-0.0489,47.7504,32.8147,1.1112,0.104,47.3805,32.7207,1.1284,0.3959,0.0007,-0.0,0.0016,0.0018,0.0,61.344,54.875,34.875,1.0,7.418,0
26.919,47.8275,32.9252,1.0336,2.3516,1.0113,-0.0551,47.7504,32.8147,1.1112,0.1555,47.44,32.7458,1.1278,0.4372,0.0001,0.0005,-0.0016,0.0017,0.0,61.407,54.875,34.875,1.0,7.3123,0
26.961,47.9255,32.9674,1.0312,2.3525,1.0155,-0.0595,47.9547,32.9125,1.0632,0.0699,47.6027,32.8105,1.1171,0.3691,-0.0002,-0.0004,0.0002,0.0005,0.0,61.579,54.875,34.875,1.0,7.2066,0
27.003,48.0236,33.0098,1.0286,2.3563,1.0174,-0.0625,47.9547,32.9125,1.0632,0.1241,47.6609,32.8363,1.1164,0.4115,-0.0002,-0.0004,-0.0012,0.0013,0.0,61.641,54.875,34.875,1.0,7.1008,0
27.044,48.1219,33.0522,1.026,2.3605,1.0177,-0.0632,47.9547,32.9125,1.0632,0.221,47.7483,32.8752,1.1153,0.4229,-0.0002,0.0,0.0007,0.0008,0.0,61.735,54.875,34.875,1.0,6.9949,0
27.086,48.2204,33.0946,1.0234,2.3693,1.0142,-0.0653,48.2717,33.0946,1.0607,0.0634,47.8903,32.9373,1.1064,0.375,0.0,0.0004,-0.001,0.0011,0.0,61.888,54.875,34.875,1.0,6.8887,0
27.127,48.3194,33.1367,1.0206,2.382,1.0085,-0.0666,48.2717,33.0946,1.0607,0.0752,47.9771,32.9759,1.1055,0.3876,0.0009,0.0009,-0.0004,0.0014,0.0,61.981,54.875,34.875,1.0,6.7822,0
27.169,48.419,33.1786,1.0178,2.3949,1.0018,-0.0675,48.2717,33.0946,1.0607,0.1748,48.0354,33.0014,1.1048,0.4313,0.0001,-0.0002,-0.0006,0.0007,0.0,62.043,54.875,34.875,1.0,6.6752,0
27.211,48.519,33.2202,1.0147,2.4068,0.9957,-0.0797,48.3791,33.2217,1.1101,0.1694,48.1876,33.0726,1.1068,0.3743,0.0,-0.0012,0.001,0.0016,0.0,62.239,54.875,34.875,1.0,6.5679,0
27.252,48.6195,33.2615,1.0113,2.4149,0.991,-0.0851,48.3791,33.2217,1.1101,0.263,48.248,33.0969,1.1062,0.4173,0.0007,0.0003,-0.0,0.0008,0.0,62.302,54.875,34.875,1.0,6.4602,0
27.294,48.7203,33.3028,1.0078,2.4197,0.9884,-0.0793,48.5039,33.332,1.1029,0.2381,48.3775,33.1716,1.1019,0.3788,0.0004,-0.0006,0.0009,0.0011,0.0,62.45,54.875,34.875,1.0,6.3524,0
27.335,48.8211,33.3438,1.0047,2.4212,0.9831,-0.0711,48.5039,33.332,1.1029,0.3323,48.4386,33.1961,1.1009,0.4212,0.0003,-0.0006,-0.001,0.0012,0.0,62.515,54.875,34.875,1.0,6.2445,0
27.377,48.922,33.3847,1.0018,2.4192,0.9782,-0.0702,48.8979,33.2224,1.2884,0.3303,48.5951,33.2326,1.1302,0.3827,0.0003,-0.0007,-0.0002,0.0008,0.0,62.66,54.875,34.875,1.0,6.1367,0
27.419,49.0227,33.4253,0.9987,2.4139,0.9718,-0.0729,48.8979,33.2224,1.2884,0.375,48.6558,33.2566,1.1292,0.4243,-0.0008,0.0003,-0.0007,0.0011,0.0,62.724,54.875,34.875,1.0,6.0292,0
27.46,49.1231,33.4656,0.9957,2.4075,0.9656,-0.0721,48.8979,33.2224,1.2884,0.4422,48.7467,33.2924,1.1276,0.4349,0.0005,-0.0,0.0004,0.0006,0.0,62.819,54.875,34.875,1.0,5.9221,0
27.502,49.2232,33.5058,0.9927,2.4004,0.963,-0.0708,49.1196,33.3361,0.9868,0.199,48.8654,33.3208,1.1037,0.4179,0.0001,0.0005,0.0011,0.0012,0.0,62.937,54.875,34.875,1.0,5.8152,0
27.543,49.3231,33.5459,0.9898,2.3934,0.9616,-0.0712,49.1196,33.3361,0.9868,0.2923,48.956,33.356,1.1024,0.4284,0.0004,0.0003,-0.0012,0.0013,0.023,63.032,54.875,34.875,1.0,5.7088,0
27.585,49.4226,33.586,0.9869,2.3855,0.9624,-0.07,49.1196,33.3361,0.9868,0.3928,49.0162,33.3796,1.1015,0.47,-0.0,-0.001,-0.0002,0.001,0.046,63.095,54.875,34.875,1.0,5.6027,0
27.627,49.5218,33.626,0.984,2.3761,0.9598,-0.0648,49.4118,33.4403,0.9469,0.219,49.167,33.4305,1.0734,0.4149,0.0003,0.0002,-0.0,0.0003,0.097,63.252,54.875,34.875,1.0,5.497,0
27.668,49.6207,33.6658,0.9815,2.3702,0.9478,-0.0585,49.4118,33.4403,0.9469,0.3093,49.2264,33.4557,1.0726,0.456,0.001,-0.0006,0.0006,0.0013,0.122,63.315,54.875,34.875,1.0,5.3917,0
27.71,49.7193,33.7048,0.9791,2.366,0.9242,-0.054,49.4118,33.4403,0.9469,0.4069,49.3152,33.4928,1.0715,0.4656,-0.0002,-0.0003,-0.0002,0.0004,0.159,63.409,54.875,34.875,1.0,5.2869,0
27.751,49.8179,33.7426,0.9771,2.365,0.8915,-0.04,49.7303,33.6574,1.1726,0.2305,49.4431,33.5406,1.0849,0.4392,0.0002,0.0003,-0.0007,0.0008,0.207,63.539,54.875,34.875,1.0,5.1824,0
27.793,49.9165,33.7788,0.9757,2.3669,0.85,-0.0306,49.7303,33.6574,1.1726,0.2969,49.5311,33.5733,1.0834,0.4498,0.0005,0.0007,0.0005,0.001,0.24,63.631,54.875,34.875,1.0,5.0783,0
27.835,50.0151,33.8131,0.9745,2.3686,0.8019,-0.0273,49.7303,33.6574,1.1726,0.3803,49.5897,33.5938,1.0826,0.4907,0.0005,0.0003,0.0003,0.0006,0.26,63.691,54.875,34.875,1.0,4.9746,0
27.876,50.1139,33.8454,0.9734,2.3719,0.7509,-0.0262,50.0997,33.812,0.8503,0.1284,49.766,33.6557,1.0435,0.4024,0.0008,0.0,-0.0006,0.001,0.322,63.877,54.875,34.875,1.0,4.8712,0
27.918,50.2128,33.8754,0.9723,2.3754,0.6936,-0.0286,50.0997,33.812,0.8503,0.1781,49.8249,33.672,1.0432,0.4436,0.0007,0.0,-0.0004,0.0008,0.339,63.935,54.875,34.875,1.0,4.7683,0
27.959,50.3118,33.903,0.971,2.3775,0.6381,-0.0297,50.3212,33.8078,0.8669,0.1414,49.9881,33.7144,1.0098,0.3766,-0.0002,-0.0001,0.0001,0.0002,0.381,64.1,54.875,34.875,1.0,4.6656,0
28.001,50.411,33.9282,0.9704,2.3826,0.5802,-0.0063,50.3212,33.8078,0.8669,0.1824,50.047,33.7271,1.0091,0.4176,0.0006,-0.0001,0.0007,0.0009,0.394,64.156,54.875,34.875,1.0,4.5634,0
28.043,50.5103,33.9512,0.9704,2.386,0.529,0.0007,50.3212,33.8078,0.8669,0.2589,50.1356,33.7436,1.0087,0.4301,-0.0005,-0.0002,-0.0004,0.0007,0.41,64.239,54.875,34.875,1.0,4.4614,0
28.084,50.6099,33.9723,0.9704,2.3905,0.4862,0.0011,50.3922,33.9273,1.1193,0.2675,50.2411,33.7881,1.0268,0.416,-0.0,-0.0001,-0.0007,0.0007,0.455,64.348,54.875,34.875,1.0,4.3597,0
28.126,50.7096,33.9916,0.9704,2.3947,0.4447,-0.0003,50.3922,33.9273,1.1193,0.3564,50.3311,33.8018,1.0265,0.4271,0.0004,-0.0005,0.0008,0.001,0.468,64.431,54.875,34.875,1.0,4.2582,0
28.167,50.8094,34.0092,0.9703,2.3985,0.4075,-0.0041,50.3922,33.9273,1.1193,0.4505,50.3911,33.8096,1.0264,0.4669,-0.0006,-0.001,0.0003,0.0012,0.476,64.486,54.875,34.875,1.0,4.1568,0
28.209,50.9094,34.0254,0.9702,2.4011,0.3735,-0.0023,50.7716,33.9101,0.961,0.18,50.5453,33.8429,1.0149,0.4098,0.0,-0.0011,-0.0001,0.0011,0.51,64.692,54.875,34.875,1.0,4.0557,0
28.251,51.0096,34.0403,0.9701,2.4047,0.3425,-0.0031,50.7716,33.9101,0.961,0.2714,50.6054,33.8499,1.0148,0.449,0.0003,0.0006,0.0006,0.0008,0.517,64.747,54.875,34.875,1.0,3.9546,0
28.292,51.1098,34.0539,0.9699,2.4052,0.3153,-0.0058,51.0143,33.9632,1.1395,0.2147,50.7538,33.8838,1.0372,0.4003,0.0006,0.0001,0.0005,0.0007,0.55,64.886,54.875,34.875,1.0,3.8538,0
28.334,51.21,34.0665,0.9693,2.4041,0.2924,-0.0205,51.0143,33.9632,1.1395,0.2792,50.8135,33.8909,1.0372,0.439,-0.0005,-0.0,-0.0003,0.0005,0.558,64.94,54.875,34.875,1.0,3.7533,0
28.375,51.3101,34.0781,0.9683,2.403,0.2669,-0.0266,51.0143,33.9632,1.1395,0.3606,50.903,33.9004,1.0369,0.4495,0.0004,-0.0004,0.0009,0.001,0.567,65.02,54.875,34.875,1.0,3.653,0
28.417,51.4102,34.0886,0.9672,2.3986,0.2417,-0.0215,51.3473,34.1701,1.1984,0.253,51.0333,33.9478,1.0609,0.4131,-0.0006,-0.0009,-0.0005,0.0012,0.615,65.151,54.875,34.875,1.0,3.5531,0
28.459,51.5101,34.0982,0.9664,2.3972,0.2183,-0.0175,51.3473,34.1701,1.1984,0.2923,51.1208,33.9536,1.0595,0.4255,0.0001,-0.0003,0.0011,0.0011,0.62,65.228,54.875,34.875,1.0,3.4536,0
28.5,51.61,34.1067,0.9657,2.4006,0.1937,-0.0171,51.5088,34.1974,0.9807,0.1367,51.2438,34.0008,1.0465,0.3896,-0.0004,0.0005,-0.0011,0.0013,0.667,65.358,54.875,34.875,1.0,3.3544,0
28.542,51.7101,34.1142,0.965,2.4048,0.17,-0.0177,51.5088,34.1974,0.9807,0.2184,51.3338,34.0059,1.0456,0.3998,-0.0001,-0.0003,-0.0,0.0003,0.673,65.437,54.875,34.875,1.0,3.2552,0
28.583,51.8104,34.1207,0.9643,2.4074,0.1434,-0.0173,51.5088,34.1974,0.9807,0.3116,51.3939,34.0085,1.0449,0.4388,-0.0,0.0,-0.0002,0.0002,0.675,65.489,54.875,34.875,1.0,3.1563,0
28.625,51.9107,34.1261,0.9636,2.4062,0.1165,-0.0091,51.7795,34.0852,0.9492,0.1382,51.5445,34.0238,1.0263,0.3854,-0.0007,-0.0003,-0.0003,0.0008,0.69,65.627,54.875,34.875,1.0,3.0577,0
28.667,52.0109,34.1303,0.9635,2.4027,0.0921,-0.001,51.7795,34.0852,0.9492,0.2362,51.6047,34.0246,1.0257,0.4243,-0.0003,0.0001,0.0011,0.0011,0.691,65.678,54.875,34.875,1.0,2.9596,0
28.708,52.1108,34.1337,0.9635,2.3965,0.0726,0.001,52.2781,34.1044,0.7869,0.245,51.7982,34.0418,0.9864,0.3267,-0.0007,-0.0006,-0.0009,0.0013,0.708,65.857,54.875,34.875,1.0,2.8621,0
28.75,52.2106,34.1364,0.9638,2.3915,0.0569,0.0133,52.2781,34.1044,0.7869,0.1921,51.8584,34.0424,0.9864,0.3652,0.0002,-0.0008,0.0002,0.0008,0.709,65.908,54.875,34.875,1.0,2.7651,0
28.791,52.3101,34.1385,0.9645,2.3872,0.0449,0.0169,52.2781,34.1044,0.7869,0.1837,51.9485,34.0426,0.9868,0.3748,-0.0002,-0.0002,0.0003,0.0004,0.709,65.985,54.875,34.875,1.0,2.6688,0
28.833,52.4095,34.1401,0.9652,2.3808,0.0364,0.02,52.4422,34.1277,0.9005,0.0735,52.0867,34.0591,0.9718,0.3328,0.0001,-0.0017,0.0004,0.0017,0.726,66.112,54.875,34.875,1.0,2.573,0
28.875,52.5085,34.1415,0.9663,2.3742,0.0321,0.0307,52.4422,34.1277,0.9005,0.0944,52.1764,34.0594,0.9724,0.3422,-0.0001,-0.0,-0.0004,0.0004,0.726,66.189,54.875,34.875,1.0,2.4778,0
28.916,52.6072,34.1428,0.9677,2.3646,0.0295,0.0355,52.4422,34.1277,0.9005,0.1788,52.236,34.0595,0.973,0.3805,0.0012,-0.0003,-0.0004,0.0013,0.726,66.239,54.875,34.875,1.0,2.3833,0
28.958,52.7055,34.144,0.9692,2.3556,0.0288,0.0281,52.5426,34.3996,0.9606,0.3032,52.3694,34.1199,0.9749,0.3371,0.0002,-0.0003,-0.0004,0.0006,0.787,66.383,54.875,34.875,1.0,2.2895,0
28.999,52.8035,34.1451,0.97,2.349,0.0232,0.0166,52.5426,34.3996,0.9606,0.3646,52.4277,34.1206,0.976,0.3767,0.0007,-0.001,0.0007,0.0013,0.787,66.432,54.875,34.875,1.0,2.1965,0
29.041,52.9013,34.1459,0.9706,2.3466,0.0136,0.0126,52.8568,34.2362,1.1891,0.2405,52.5811,34.1422,1.0066,0.3223,-0.0002,0.0,-0.0002,0.0003,0.809,66.569,54.875,34.875,1.0,2.1043,0
29.083,52.9991,34.1462,0.9717,2.3449,0.0016,0.0342,52.8568,34.2362,1.1891,0.2749,52.6405,34.1428,1.0059,0.3602,-0.0002,0.0008,-0.0003,0.0009,0.809,66.62,54.875,34.875,1.0,2.0127,0
29.124,53.0967,34.146,0.9733,2.3424,-0.0099,0.0407,52.8568,34.2362,1.1891,0.3351,52.7296,34.1432,1.0056,0.3686,0.0007,-0.0019,0.0,0.0021,0.81,66.696,54.875,34.875,1.0,1.9221,0
29.166,53.1942,34.1453,0.9753,2.3364,-0.0185,0.0561,53.0778,34.1186,0.8831,0.1508,52.8416,34.1404,0.9842,0.3527,-0.0007,0.0002,-0.0007,0.001,0.807,66.793,54.875,34.875,1.0,1.8325,0
29.207,53.2914,34.1444,0.9779,2.3329,-0.0265,0.0676,53.0778,34.1186,0.8831,0.2351,52.9284,34.1403,0.9846,0.3631,-0.0,-0.0004,0.0,0.0004,0.807,67.352,54.875,34.875,1.0,1.7441,0
29.249,53.3886,34.1432,0.9808,2.3297,-0.0303,0.0688,53.0778,34.1186,0.8831,0.3267,52.9862,34.1401,0.9852,0.4025,-0.0003,-0.0003,-0.0015,0.0015,0.807,67.401,54.875,34.875,1.0,1.6569,0
29.291,53.4856,34.142,0.984,2.3291,-0.0271,0.0755,53.2857,34.1759,0.94,0.2075,53.119,34.1448,0.9862,0.3666,-0.0009,-0.0017,-0.0008,0.0021,0.812,67.516,54.875,34.875,1.0,1.571,0
29.332,53.5831,34.1412,0.9872,2.352,-0.0065,0.0831,53.2857,34.1759,0.94,0.3031,53.1769,34.1447,0.9889,0.4062,0.0003,-0.0002,-0.0019,0.002,0.811,67.565,54.875,34.875,1.0,1.4858,0
29.374,53.6825,34.1419,0.9912,2.424,0.0403,0.1063,53.2857,34.1759,0.94,0.4015,53.2657,34.146,0.9938,0.4168,0.0,0.0001,0.0002,0.0003,0.813,67.641,54.875,34.875,1.0,1.3998,0
29.415,53.7863,34.1453,0.9961,2.5523,0.1201,0.1274,53.7262,34.0561,1.0635,0.1269,53.4106,34.1318,1.0014,0.3759,0.0004,0.001,-0.0001,0.0011,0.798,67.756,54.875,34.875,1.0,1.3106,0
29.457,53.896,34.1526,1.0012,2.7002,0.2208,0.1091,53.7262,34.0561,1.0635,0.205,53.5118,34.1396,1.0046,0.3844,0.0009,-0.0001,-0.0007,0.0011,0.806,67.846,54.875,34.875,1.0,1.2167,0
29.499,54.0118,34.1642,1.0045,2.8387,0.3242,0.0442,54.061,34.1522,0.9798,0.0563,53.6697,34.1488,1.0065,0.3425,-0.0002,-0.0009,-0.001,0.0013,0.815,67.985,54.875,34.875,1.0,1.1182,0
29.54,54.1327,34.1801,1.004,2.9507,0.4319,-0.0499,54.061,34.1522,0.9798,0.0807,53.7832,34.1659,1.0063,0.3498,-0.0006,-0.0,-0.0004,0.0007,0.833,68.09,54.875,34.875,1.0,1.0169,0
29.582,54.2579,34.2009,1.0006,3.0459,0.5544,-0.102,54.061,34.1522,0.9798,0.2039,53.8622,34.1809,1.0038,0.3962,0.0003,-0.0002,0.0008,0.0009,0.848,68.166,54.875,34.875,1.0,0.9139,0
29.623,54.3862,34.2266,0.9956,3.098,0.6661,-0.131,54.4248,34.2697,1.1525,0.1673,54.0684,34.2156,1.0223,0.3191,0.0002,0.0002,0.0005,0.0006,0.882,68.357,54.875,34.875,1.0,0.8121,0
29.665,54.5152,34.2568,0.9907,3.0866,0.7714,-0.0995,54.4248,34.2697,1.1525,0.1858,54.1486,34.2359,1.0181,0.3683,-0.0001,-0.0012,0.0001,0.0012,0.903,68.436,54.875,34.875,1.0,0.7153,0
29.707,54.6423,34.2909,0.9878,3.0083,0.8501,-0.0448,54.546,34.3988,1.2121,0.2669,54.3148,34.2901,1.0478,0.3329,-0.0,-0.0013,0.0,0.0013,0.957,68.601,54.875,34.875,1.0,0.6289,0
29.748,54.7649,34.3271,0.986,2.8769,0.8826,-0.0333,54.546,34.3988,1.2121,0.3227,54.3891,34.314,1.0462,0.3808,0.0007,0.0009,0.001,0.0015,0.981,68.677,54.875,34.875,1.0,0.559,0
29.79,54.88,34.3638,0.9859,2.6501,0.8686,0.0473,54.546,34.3988,1.2121,0.4049,54.4928,34.3506,1.0453,0.392,-0.0001,-0.0008,-0.0016,0.0018,1.017,68.784,59.875,59.875,1.0,25.9956,0
29.831,54.9845,34.3988,0.9893,2.3903,0.814,0.0974,54.8818,34.5081,0.8822,0.1843,54.6176,34.3942,1.0209,0.3683,0.0006,-0.0003,-0.0012,0.0014,1.061,68.916,59.875,59.875,1.0,25.9414,0
29.873,55.0783,34.4313,0.9931,2.1376,0.7527,0.0789,54.8818,34.5081,0.8822,0.2383,54.6986,34.4246,1.0256,0.3811,-0.0007,0.0008,-0.0009,0.0014,1.091,68.999,59.875,59.875,1.0,25.8919,0
29.915,55.1619,34.461,0.9951,1.9029,0.6774,0.0198,54.8818,34.5081,0.8822,0.3056,54.7449,34.4427,1.0276,0.4186,0.0008,0.0003,-0.0006,0.0011,1.106,69.048,59.875,59.875,1.0,25.8473,0
29.956,55.2361,34.4874,0.9944,1.6838,0.5975,-0.0464,55.1242,34.7503,1.0641,0.2941,54.8738,34.5163,1.0311,0.3653,0.0002,0.0007,0.0002,0.0008,1.157,69.194,59.875,59.875,1.0,25.8079,0
29.998,55.3016,34.5107,0.9913,1.4851,0.5279,-0.0904,55.1242,34.7503,1.0641,0.307,54.9085,34.5293,1.0286,0.3953,-0.0001,-0.0004,0.0001,0.0005,1.16,69.231,59.875,59.875,1.0,25.7734,0
30.039,55.3596,34.5314,0.9873,1.3222,0.4765,-0.0966,55.4997,34.4342,1.0518,0.1823,55.0574,34.5311,1.027,0.3049,-0.0002,-0.0008,-0.0012,0.0015,1.108,69.359,59.875,59.875,1.0,25.7427,0
30.081,55.4118,34.5505,0.9838,1.201,0.4475,-0.0691,55.4997,34.4342,1.0518,0.1608,55.0848,34.5416,1.0235,0.3295,-0.0007,-0.0001,-0.0002,0.0008,1.105,69.389,59.875,59.875,1.0,25.7148,0
30.123,55.46,34.5692,0.9818,1.1277,0.4525,-0.0292,55.4997,34.4342,1.0518,0.1571,55.1214,34.5567,1.02,0.341,-0.0002,-0.0,0.0009,0.001,1.1,69.428,59.875,59.875,1.0,25.6881,0
30.164,55.5062,34.5887,0.9816,1.102,0.4891,0.0109,55.4423,34.6516,0.9213,0.108,55.2041,34.5822,1.0035,0.3029,-0.0002,-0.0002,0.0003,0.0005,1.076,69.514,59.875,59.875,1.0,25.6609,0
30.206,55.5525,34.6106,0.9828,1.1254,0.5573,0.0438,55.4423,34.6516,0.9213,0.1327,55.2412,34.6004,1.0041,0.3122,-0.0002,-0.0007,-0.0,0.0007,1.069,69.32,59.875,59.875,1.0,25.6315,0
30.247,55.6007,34.6358,0.9851,1.186,0.6501,0.0628,55.4423,34.6516,0.9213,0.1714,55.267,34.615,1.0054,0.3349,0.0001,0.0004,0.0001,0.0005,1.064,69.349,59.875,59.875,1.0,25.5985,0
30.289,55.6521,34.6655,0.9882,1.2771,0.766,0.081,55.5239,34.6585,1.0664,0.1504,55.3634,34.6532,1.0144,0.2902,-0.0006,-0.0005,0.0007,0.001,1.026,69.449,59.875,59.875,1.0,25.5607,0
30.331,55.7077,34.7003,0.9915,1.3848,0.8902,0.0778,55.5239,34.6585,1.0664,0.2028,55.3971,34.6756,1.0157,0.3125,-0.0002,-0.0001,0.0018,0.0018,1.017,69.489,59.875,59.875,1.0,25.5173,0
30.372,55.7683,34.7404,0.9946,1.5128,1.0264,0.0769,55.6949,34.9354,0.9473,0.2137,55.4997,34.7578,1.001,0.2692,-0.0007,-0.0007,0.0011,0.0015,0.988,69.62,59.875,59.875,1.0,25.4679,0
30.414,55.8343,34.7863,0.9978,1.6443,1.163,0.0764,55.6949,34.9354,0.9473,0.2103,55.5411,34.789,1.001,0.2933,-0.0003,-0.0007,0.0004,0.0008,0.97,69.671,59.875,59.875,1.0,25.412,0
30.455,55.9056,34.8378,1.0008,1.7649,1.2924,0.0642,55.9076,34.8135,1.1388,0.1402,55.6574,34.8379,1.0281,0.2497,0.0001,-0.0,-0.0003,0.0003,0.892,69.791,59.875,59.875,1.0,25.3499,0
30.497,55.9816,34.8943,1.0026,1.8702,1.4082,0.0295,55.9076,34.8135,1.1388,0.1749,55.705,34.8764,1.0285,0.2784,0.0001,-0.0009,0.0008,0.0012,0.866,69.851,59.875,59.875,1.0,25.2823,0
30.539,56.0617,34.9556,1.0034,1.9636,1.5234,0.0141,55.9076,34.8135,1.1388,0.2496,55.7811,34.9395,1.0279,0.2822,0.0001,-0.0002,-0.0001,0.0002,0.818,69.947,59.875,59.875,1.0,25.2095,0
30.58,56.1452,35.0216,1.0038,2.034,1.631,0.0079,56.15,34.9675,0.8711,0.1434,55.8899,34.9838,1.0035,0.2581,0.0007,-0.0003,-0.0006,0.0009,0.728,70.066,59.875,59.875,1.0,25.1317,0
30.622,56.2311,35.0919,1.0041,2.0757,1.734,0.0085,56.15,34.9675,0.8711,0.1993,55.9709,35.0549,1.003,0.2628,-0.0002,-0.0002,0.0006,0.0007,0.666,70.171,59.875,59.875,1.0,25.0496,0
30.663,56.318,35.1664,1.0046,2.0893,1.8323,0.015,56.15,34.9675,0.8711,0.2926,56.0258,35.1055,1.0028,0.2984,-0.0006,0.0009,0.0017,0.002,0.622,70.243,59.875,59.875,1.0,24.9633,0
30.705,56.4048,35.2448,1.0054,2.0738,1.9218,0.0205,56.5748,35.0967,1.1686,0.2784,56.1971,35.1754,1.0325,0.2207,0.0002,-0.0001,-0.0007,0.0007,0.461,70.42,59.875,59.875,1.0,24.8734,0
30.747,56.4901,35.3269,1.0064,2.0213,2.0087,0.0281,56.5748,35.0967,1.1686,0.2941,56.2506,35.2297,1.0331,0.2599,-0.0002,-0.0005,-0.0001,0.0006,0.413,70.493,59.875,59.875,1.0,24.7803,0
30.788,56.5725,35.4125,1.0077,1.9394,2.0914,0.0342,56.4689,35.5959,1.1978,0.2837,56.3449,35.3599,1.0641,0.2404,-0.0001,-0.0001,0.0014,0.0014,0.322,70.634,59.875,59.875,1.0,24.6844,0
30.83,56.6511,35.5013,1.0088,1.839,2.1622,0.0192,56.4689,35.5959,1.1978,0.2791,56.3905,35.4171,1.0653,0.2796,-0.0005,0.0006,0.0003,0.0008,0.276,70.702,59.875,59.875,1.0,24.586,0
30.871,56.7251,35.5929,1.0093,1.7238,2.2274,0.007,56.4689,35.5959,1.1978,0.3181,56.4539,35.5064,1.0665,0.2903,-0.001,0.0004,-0.0009,0.0014,0.213,70.8,59.875,59.875,1.0,24.4855,0
30.913,56.7941,35.687,1.0094,1.5969,2.2827,0.0052,56.7787,35.7885,0.998,0.1033,56.5522,35.5967,1.0522,0.2617,0.0006,-0.0003,0.0001,0.0007,0.114,70.931,59.875,59.875,1.0,24.3834,0
30.955,56.8576,35.7833,1.0102,1.4636,2.3299,0.0244,56.7787,35.7885,0.998,0.0799,56.6073,35.6855,1.0521,0.272,-0.001,0.0009,-0.0008,0.0016,0.059,71.022,59.875,59.875,1.0,24.28,0
30.996,56.9156,35.8812,1.0112,1.3346,2.3669,0.0222,56.7787,35.7885,0.998,0.1658,56.6399,35.746,1.0523,0.3098,0.0002,0.0003,0.0013,0.0013,0.027,71.08,59.875,59.875,1.0,24.1756,0
31.038,56.9683,35.9805,1.0119,1.2085,2.3952,0.0169,56.9629,35.8163,0.9039,0.1966,56.7428,35.8411,1.0274,0.2655,0.0003,-0.0001,0.0013,0.0013,0.0,71.219,59.875,59.875,1.0,24.0706,0
31.079,57.0159,36.0808,1.0125,1.0892,2.4165,0.0087,56.9629,35.8163,0.9039,0.2908,56.7694,35.9025,1.0274,0.3046,0.0002,0.0027,0.0005,0.0027,0.0,71.273,59.875,59.875,1.0,23.9653,0
31.121,57.0588,36.1819,1.0126,0.9859,2.435,-0.0013,57.1332,36.241,1.0086,0.0951,56.8643,36.0399,1.0238,0.2412,-0.0002,-0.0,-0.0011,0.0012,0.0,71.423,59.875,59.875,1.0,23.8598,0
31.163,57.0978,36.2837,1.0125,0.8975,2.4487,-0.0044,57.1332,36.241,1.0086,0.0556,56.8851,36.1018,1.0234,0.2802,-0.0003,0.001,0.0008,0.0013,0.0,71.472,59.875,59.875,1.0,23.7542,0
31.204,57.1336,36.386,1.0123,0.8289,2.4574,-0.0034,57.1332,36.241,1.0086,0.145,56.9125,36.1951,1.0227,0.2923,-0.0003,-0.0012,0.0008,0.0015,0.0,71.451,59.875,59.875,1.0,23.6484,0
31.246,57.1669,36.4884,1.0124,0.7784,2.4586,0.0112,57.137,36.5224,1.1145,0.1116,56.9757,36.3126,1.0354,0.2608,0.0001,-0.0004,0.0003,0.0005,0.0,71.562,59.875,59.875,1.0,23.5428,0
31.287,57.1986,36.5908,1.0131,0.7468,2.4531,0.0204,57.137,36.5224,1.1145,0.1369,57.0019,36.4063,1.0347,0.2705,0.0001,-0.0001,0.0002,0.0003,0.0,71.631,59.875,59.875,1.0,23.4375,0
31.329,57.2292,36.6928,1.0141,0.7283,2.4451,0.025,57.137,36.5224,1.1145,0.2182,57.0184,36.4686,1.0345,0.3084,0.0006,-0.0001,-0.0001,0.0006,0.0,71.677,59.875,59.875,1.0,23.3327,0
31.371,57.2594,36.7944,1.0149,0.7217,2.4342,0.0144,57.1475,36.9208,0.9617,0.177,57.071,36.6347,1.0249,0.2472,-0.0001,0.0001,0.0004,0.0004,0.0,71.806,59.875,59.875,1.0,23.2283,0
31.412,57.2894,36.8956,1.0154,0.7231,2.4248,0.0086,57.1475,36.9208,0.9617,0.1538,57.0885,36.6956,1.0251,0.2837,0.0001,-0.0005,-0.0011,0.0012,0.0,71.852,59.875,59.875,1.0,23.1244,0
31.454,57.3197,36.9965,1.0162,0.7289,2.4201,0.0321,57.1546,36.883,0.983,0.203,57.1234,36.8142,1.0138,0.2679,-0.0003,0.0005,0.0002,0.0006,0.0,71.943,59.875,59.875,1.0,23.0207,0
31.495,57.3503,37.0973,1.0179,0.7414,2.4163,0.0431,57.1546,36.883,0.983,0.2923,57.1407,36.874,1.0136,0.3063,0.0003,0.0003,0.0003,0.0005,0.0,71.988,59.875,59.875,1.0,22.9172,0
31.537,57.3816,37.198,1.0197,0.759,2.4165,0.0451,57.2765,37.4042,1.0239,0.2315,57.1859,37.0412,1.0189,0.2507,0.0004,-0.0009,0.0007,0.0012,0.0,72.11,59.875,59.875,1.0,22.8137,0
31.579,57.4136,37.2987,1.021,0.7768,2.4207,0.0235,57.2765,37.4042,1.0239,0.173,57.2039,37.1008,1.0196,0.2884,-0.0002,-0.0005,-0.001,0.0012,0.0,72.155,59.875,59.875,1.0,22.7101,0
31.62,57.4465,37.3998,1.0218,0.799,2.4285,0.0178,57.2765,37.4042,1.0239,0.17,57.2318,37.1903,1.02,0.2999,0.0006,-0.0003,0.0009,0.0012,0.0,72.224,59.875,59.875,1.0,22.6061,0
31.662,57.4803,37.5012,1.0226,0.8202,2.4384,0.0209,57.5369,37.5058,0.7803,0.2489,57.3067,37.2977,0.9779,0.2711,0.0001,0.0001,0.0007,0.0007,0.0,72.348,59.875,59.875,1.0,22.5016,0
31.703,57.5148,37.603,1.0237,0.8341,2.4503,0.0319,57.5369,37.5058,0.7803,0.2631,57.339,37.3879,0.9778,0.2816,-0.0007,-0.0007,0.0007,0.0013,0.0,72.422,59.875,59.875,1.0,22.3967,0
31.745,57.5498,37.7054,1.0251,0.8435,2.46,0.0346,57.5369,37.5058,0.7803,0.3161,57.3609,37.4484,0.9779,0.3224,-0.0001,0.0001,0.0004,0.0004,0.0,72.471,59.875,59.875,1.0,22.2913,0
31.787,57.585,37.8081,1.0267,0.8459,2.4701,0.0425,57.6428,37.7324,1.0398,0.0961,57.437,37.5832,0.9859,0.2723,0.0002,0.0007,-0.0008,0.0011,0.0,72.603,59.875,59.875,1.0,22.1854,0
31.828,57.6202,37.9112,1.0287,0.8437,2.4773,0.052,57.6428,37.7324,1.0398,0.1805,57.4584,37.6444,0.9859,0.3149,0.0002,0.0006,0.0001,0.0007,0.0,72.653,59.875,59.875,1.0,22.0793,0
31.87,57.6553,38.0145,1.0309,0.8397,2.4811,0.054,57.6952,38.3261,1.0284,0.3142,57.5279,37.8418,0.9974,0.2172,0.0007,0.0001,-0.0001,0.0007,0.0,72.811,59.875,59.875,1.0,21.9729,0
31.911,57.6901,38.118,1.0324,0.8324,2.4836,0.0277,57.6952,38.3261,1.0284,0.2083,57.5495,37.9037,0.9984,0.2585,0.0006,-0.0007,0.0001,0.0009,0.0,72.861,59.875,59.875,1.0,21.8665,0
31.953,57.7245,38.2214,1.0334,0.8207,2.4839,0.021,57.6952,38.3261,1.0284,0.1088,57.5815,37.9966,0.999,0.2686,0.0001,-0.0005,0.0003,0.0006,0.0,72.936,59.875,59.875,1.0,21.7601,0
31.995,57.7584,38.325,1.0342,0.8064,2.4845,0.0182,57.7485,38.375,1.0359,0.0511,57.6285,38.1171,1.0057,0.2468,0.0004,-0.0008,0.0005,0.001,0.0,73.036,59.875,59.875,1.0,21.6538,0
32.036,57.7917,38.4285,1.0349,0.7919,2.4863,0.0156,57.7485,38.375,1.0359,0.0687,57.659,38.2099,1.0061,0.2573,0.0003,0.0005,-0.0005,0.0007,0.0,73.11,59.875,59.875,1.0,21.5475,0
32.078,57.8243,38.5321,1.0355,0.7762,2.4878,0.0142,57.7485,38.375,1.0359,0.1744,57.6791,38.2719,1.0063,0.2994,0.0005,0.0006,0.0009,0.0012,0.0,73.159,59.875,59.875,1.0,21.4412,0
32.119,57.8564,38.6358,1.0361,0.7627,2.4877,0.0176,57.9203,38.5608,1.169,0.1654,57.7405,38.4124,1.0324,0.2517,0.0,0.0007,-0.0007,0.001,0.0,73.28,59.875,59.875,1.0,21.3349,0
32.161,57.8878,38.7394,1.037,0.7499,2.4844,0.0213,57.9203,38.5608,1.169,0.2245,57.7579,38.4752,1.0323,0.2945,0.0001,0.0003,0.0001,0.0003,0.0,73.327,59.875,59.875,1.0,21.2289,0
32.203,57.919,38.8428,1.0379,0.7458,2.4785,0.0228,58.1656,38.8135,1.0686,0.2503,57.8523,38.6158,1.0378,0.2365,0.0005,-0.0004,0.0012,0.0013,0.0,73.479,59.875,59.875,1.0,21.123,0
32.244,57.95,38.9459,1.039,0.7448,2.4698,0.0272,58.1656,38.8135,1.0686,0.2548,57.8703,38.6784,1.0376,0.2791,0.0004,-0.0004,-0.0007,0.0009,0.0,73.768,59.875,59.875,1.0,21.0175,0
32.286,57.9811,39.0485,1.0401,0.7466,2.4595,0.0287,58.1656,38.8135,1.0686,0.3002,57.8972,38.7719,1.0376,0.2891,-0.0004,0.0008,-0.0012,0.0015,0.0,73.839,59.875,59.875,1.0,20.9124,0
32.327,58.0122,39.1508,1.0413,0.7503,2.4503,0.0232,57.9327,39.0499,1.0883,0.1368,57.9207,38.8749,1.05,0.2908,0.0002,-0.0004,-0.0012,0.0013,0.0,73.911,59.875,59.875,1.0,20.8078,0
32.369,58.0436,39.2526,1.0418,0.7547,2.4389,0.0032,57.9327,39.0499,1.0883,0.2357,57.9484,38.967,1.0509,0.3012,0.0001,0.0004,-0.0004,0.0006,0.0,73.982,59.875,59.875,1.0,20.7036,0
32.411,58.0752,39.354,1.0417,0.7595,2.4298,-0.0026,57.9327,39.0499,1.0883,0.3391,57.9671,39.0281,1.051,0.3436,-0.0002,0.0001,0.0006,0.0007,0.0,74.03,59.875,59.875,1.0,20.5998,0
32.452,58.1069,39.4552,1.0413,0.7609,2.4251,-0.0178,58.0831,39.4052,1.1419,0.1148,58.0183,39.1839,1.0688,0.2867,0.0001,0.0001,0.001,0.0011,0.0,74.152,59.875,59.875,1.0,20.4963,0
32.494,58.1386,39.5561,1.0404,0.7605,2.4217,-0.0238,58.0831,39.4052,1.1419,0.1901,58.0379,39.245,1.069,0.3283,0.0004,0.0001,0.0007,0.0008,0.0,74.201,59.875,59.875,1.0,20.393,0
32.535,58.1702,39.657,1.0394,0.7584,2.4214,-0.0246,58.2116,39.5109,1.0632,0.1538,58.0962,39.3709,1.0658,0.2967,-0.0006,-0.0001,0.0001,0.0006,0.0,74.316,59.875,59.875,1.0,20.2898,0
32.577,58.2017,39.7579,1.0387,0.7516,2.4212,-0.0102,58.2116,39.5109,1.0632,0.2484,58.1164,39.4318,1.0654,0.3381,-0.0003,0.0011,0.0007,0.0014,0.0,74.366,59.875,59.875,1.0,20.1866,0
32.619,58.2328,39.8588,1.0384,0.7444,2.4199,-0.0056,58.2116,39.5109,1.0632,0.3494,58.1465,39.5232,1.0652,0.3476,-0.0007,0.0004,-0.0006,0.001,0.0,74.439,59.875,59.875,1.0,20.0835,0
32.66,58.2636,39.9596,1.0384,0.7341,2.4195,0.0024,58.2132,39.8337,1.1894,0.203,58.1746,39.6361,1.0841,0.3386,0.0005,0.0003,0.0025,0.0025,0.0,74.52,59.875,59.875,1.0,19.9805,0
32.702,58.2939,40.0604,1.0386,0.7229,2.4204,0.0073,58.2132,39.8337,1.1894,0.284,58.2028,39.7276,1.0838,0.348,-0.0008,-0.0006,0.0009,0.0013,0.0,74.592,59.875,59.875,1.0,19.8776,0
32.743,58.3239,40.1613,1.0389,0.7155,2.4242,0.0086,58.2959,39.9976,1.0351,0.1662,58.232,39.8274,1.0751,0.3483,0.0003,-0.0006,0.0002,0.0007,0.0,74.67,59.875,59.875,1.0,19.7746,0
32.785,58.3535,40.2625,1.0394,0.7085,2.4298,0.0122,58.2959,39.9976,1.0351,0.2711,58.2581,39.9188,1.0748,0.3584,0.0011,-0.0003,0.0001,0.0012,0.0,74.741,59.875,59.875,1.0,19.6715,0
32.827,58.383,40.3638,1.0399,0.7041,2.4336,0.0138,58.2959,39.9976,1.0351,0.3764,58.2753,39.9799,1.0746,0.4002,0.0001,-0.0001,-0.0004,0.0004,0.0,74.787,59.875,59.875,1.0,19.5682,0
32.868,58.4122,40.4653,1.0405,0.7023,2.4376,0.0135,58.4735,40.4874,1.2428,0.2125,58.3348,40.1427,1.1083,0.3387,0.0003,-0.0004,-0.001,0.0011,0.0,74.919,59.875,59.875,1.0,19.4648,0
32.91,58.4415,40.5669,1.0402,0.7015,2.4404,-0.0191,58.4735,40.4874,1.2428,0.22,58.3526,40.2025,1.1091,0.3814,0.0006,-0.0003,0.0001,0.0007,0.0,74.966,59.875,59.875,1.0,19.3613,0
32.951,58.4707,40.6688,1.0391,0.7024,2.4479,-0.0306,58.4735,40.4874,1.2428,0.2728,58.3793,40.2924,1.1093,0.3936,0.0004,-0.001,0.0004,0.0012,0.0,75.036,59.875,59.875,1.0,19.2575,0
32.993,58.5,40.771,1.0377,0.7021,2.4577,-0.0285,58.3977,40.7939,1.102,0.1229,58.3979,40.4337,1.1049,0.3587,-0.0003,-0.0011,0.0004,0.0012,0.0,75.128,59.875,59.875,1.0,19.1535,0
33.035,58.5292,40.8736,1.0369,0.7012,2.4687,-0.0147,58.3977,40.7939,1.102,0.167,58.424,40.5245,1.1041,0.3708,-0.0008,0.0003,-0.0001,0.0008,0.0,75.198,59.875,59.875,1.0,19.049,0
33.076,58.5585,40.9768,1.0364,0.7046,2.4808,-0.0112,58.3977,40.7939,1.102,0.2522,58.4413,40.5853,1.1038,0.4141,-0.0002,0.0002,0.0006,0.0007,0.0,75.245,59.875,59.875,1.0,18.9441,0
33.118,58.5879,41.0804,1.036,0.7074,2.4903,-0.0125,58.5865,40.8791,1.2667,0.3062,58.4925,40.7245,1.1323,0.3808,0.0002,0.0012,-0.0003,0.0012,0.0,75.359,59.875,59.875,1.0,18.8387,0
33.159,58.6175,41.1843,1.0354,0.7104,2.498,-0.0157,58.5865,40.8791,1.2667,0.3842,58.5104,40.7863,1.1321,0.4234,0.0001,-0.0008,0.0003,0.0009,0.0,75.407,59.875,59.875,1.0,18.733,0
33.201,58.6471,41.2885,1.0347,0.7121,2.5031,-0.0164,58.5865,40.8791,1.2667,0.4745,58.5373,40.8795,1.1318,0.4345,0.0005,-0.0003,-0.0007,0.0009,0.0,75.48,59.875,59.875,1.0,18.627,0
33.243,58.6767,41.3928,1.0342,0.7089,2.5038,-0.007,58.7949,41.3727,0.9177,0.1672,58.5969,41.0306,1.0928,0.3756,0.0001,0.0013,0.0013,0.0019,0.0,75.294,59.875,59.875,1.0,18.521,0
33.284,58.7062,41.4972,1.0341,0.7068,2.5028,0.0005,58.7949,41.3727,0.9177,0.1921,58.6227,41.1252,1.0923,0.3857,0.0002,0.0002,0.001,0.001,0.0,75.366,59.875,59.875,1.0,18.415,0
33.326,58.7356,41.6013,1.0341,0.7066,2.4967,-0.0054,58.6793,41.5918,1.0502,0.0593,58.6495,41.2608,1.0893,0.3556,-0.0001,0.0003,0.0004,0.0005,0.0,75.461,59.875,59.875,1.0,18.3092,0
33.367,58.7651,41.7052,1.0333,0.7079,2.49,-0.0277,58.6793,41.5918,1.0502,0.1432,58.6759,41.3544,1.0901,0.3664,-0.0001,0.0005,-0.0025,0.0026,0.0,75.533,59.875,59.875,1.0,18.2037,0
33.409,58.7946,41.8088,1.0319,0.7092,2.4824,-0.0343,58.6793,41.5918,1.0502,0.2464,58.6935,41.4166,1.0901,0.4091,0.0006,-0.0006,0.0005,0.0009,0.0,75.581,59.875,59.875,1.0,18.0985,0
33.451,58.8242,41.912,1.0306,0.7086,2.4731,-0.028,58.8697,41.7808,0.8847,0.2015,58.7473,41.571,1.0545,0.3503,-0.0002,0.0006,0.0002,0.0006,0.0,75.714,59.875,59.875,1.0,17.9937,0
33.492,58.8537,42.0148,1.0296,0.71,2.4641,-0.024,58.8697,41.7808,0.8847,0.2757,58.7645,41.6329,1.0544,0.393,-0.0004,-0.0001,-0.0011,0.0012,0.0,75.761,59.875,59.875,1.0,17.8894,0
33.534,58.8834,42.1173,1.0287,0.7131,2.4571,-0.0136,58.9714,42.07,1.0677,0.1073,58.83,41.7937,1.054,0.329,0.0007,0.0002,0.0011,0.0013,0.0,75.903,59.875,59.875,1.0,17.7854,0
33.575,58.9131,42.2196,1.0284,0.7122,2.451,-0.0036,58.9714,42.07,1.0677,0.1653,58.8491,41.8554,1.0538,0.3706,-0.0004,0.0001,0.0004,0.0006,0.0,75.952,59.875,59.875,1.0,17.6816,0
33.617,58.9427,42.3216,1.0283,0.7061,2.4466,-0.0009,58.9714,42.07,1.0677,0.2563,58.8775,41.9478,1.0536,0.3802,-0.0001,-0.0006,-0.0004,0.0007,0.0,76.025,59.875,59.875,1.0,17.5782,0
33.659,58.9718,42.4235,1.0282,0.6958,2.4447,-0.0089,58.9784,42.3564,1.1164,0.111,58.9139,42.0755,1.0665,0.3548,0.0,-0.0003,0.0006,0.0007,0.0,76.123,59.875,59.875,1.0,17.4749,0
33.7,59.0005,42.5253,1.0276,0.6804,2.4435,-0.0153,58.9784,42.3564,1.1164,0.1921,58.9417,42.1668,1.0667,0.3654,-0.0001,0.0007,-0.0005,0.0008,0.0,76.196,59.875,59.875,1.0,17.3717,0
33.742,59.0284,42.6271,1.0269,0.6628,2.4444,-0.0172,58.9784,42.3564,1.1164,0.2895,58.9597,42.2277,1.0667,0.4073,0.0011,-0.0005,-0.0008,0.0014,0.0,76.244,59.875,59.875,1.0,17.2686,0
33.783,59.0557,42.729,1.0264,0.6466,2.4469,-0.0093,59.0292,42.7077,0.9582,0.0762,58.9938,42.4007,1.0466,0.3347,-0.0001,-0.0007,-0.0009,0.0011,0.0,76.369,59.875,59.875,1.0,17.1656,0
33.825,59.0823,42.8311,1.0261,0.6343,2.4509,-0.0061,59.0292,42.7077,0.9582,0.1505,59.01,42.4618,1.0465,0.3768,0.0002,-0.0001,-0.0014,0.0015,0.0,76.415,59.875,59.875,1.0,17.0624,0
33.867,59.1086,42.9333,1.0259,0.6272,2.4549,0.0,59.228,42.8226,1.1234,0.1898,59.0699,42.6095,1.0574,0.3276,0.0001,-0.0008,-0.0008,0.0011,0.0,76.544,59.875,59.875,1.0,16.9591,0
33.908,59.1346,43.0356,1.0261,0.6213,2.4555,0.0077,59.228,42.8226,1.1234,0.2521,59.0859,42.671,1.0571,0.3691,-0.0002,-0.0002,0.0005,0.0006,0.0,76.591,59.875,59.875,1.0,16.8557,0
33.95,59.1604,43.1379,1.0265,0.6186,2.4559,0.0103,59.0689,43.0438,1.0612,0.1357,59.1016,42.8128,1.0574,0.3319,-0.0002,-0.001,0.0007,0.0012,0.0,76.681,59.875,59.875,1.0,16.7523,0
33.991,59.1861,43.2403,1.027,0.6165,2.4579,0.0116,59.0689,43.0438,1.0612,0.2313,59.1165,42.8738,1.0572,0.3742,-0.0002,0.0005,-0.001,0.0011,0.0,76.727,59.875,59.875,1.0,16.649,0
34.033,59.2118,43.3428,1.0275,0.6178,2.4603,0.0133,59.0689,43.0438,1.0612,0.333,59.1388,42.9655,1.057,0.3854,-0.0001,0.0,0.0006,0.0006,0.0,76.796,59.875,59.875,1.0,16.5456,0
34.075,59.2376,43.4454,1.0281,0.6218,2.4658,0.0129,59.294,43.3407,0.8742,0.1944,59.1738,43.0868,1.0273,0.3643,-0.0004,-0.0002,-0.0002,0.0005,0.0,76.895,59.875,59.875,1.0,16.442,0
34.116,59.2637,43.5483,1.0285,0.6317,2.4708,0.0076,59.294,43.3407,0.8742,0.2603,59.1943,43.1798,1.0276,0.3749,-0.0003,0.0002,-0.0009,0.001,0.0,76.963,59.875,59.875,1.0,16.3382,0
34.158,59.2904,43.6513,1.0288,0.6458,2.4752,0.0055,59.294,43.3407,0.8742,0.3469,59.2084,43.242,1.0276,0.4174,-0.0001,0.0002,0.0004,0.0005,0.0,77.009,59.875,59.875,1.0,16.2343,0
34.199,59.3177,43.7545,1.0289,0.6625,2.4775,0.004,59.5601,43.6094,1.1164,0.2957,59.2927,43.3925,1.0461,0.3632,0.001,-0.0008,0.0004,0.0013,0.0,77.613,59.875,59.875,1.0,16.1302,0
34.241,59.3457,43.8578,1.0286,0.68,2.4803,-0.0159,59.5601,43.6094,1.1164,0.3397,59.3089,43.4561,1.0466,0.4038,0.0004,-0.0002,-0.0002,0.0005,0.0,77.661,59.875,59.875,1.0,16.026,0
34.283,59.3743,43.9611,1.0277,0.6937,2.4786,-0.0224,59.5601,43.6094,1.1164,0.4075,59.3338,43.5514,1.0468,0.4122,0.0,0.0004,0.0003,0.0005,0.0,77.735,59.875,59.875,1.0,15.9218,0
34.324,59.4035,44.0643,1.0268,0.7026,2.4742,-0.025,59.4925,43.9027,1.0356,0.1847,59.3785,43.667,1.0469,0.3986,-0.0002,-0.0,0.0001,0.0002,0.0,77.836,59.875,59.875,1.0,15.8178,0
34.366,59.4329,44.1673,1.0255,0.7073,2.4698,-0.0335,59.4925,43.9027,1.0356,0.2714,59.4048,43.7607,1.0473,0.4081,0.0004,-0.0012,-0.0001,0.0012,0.0,77.909,59.875,59.875,1.0,15.714,0
34.407,59.4623,44.2701,1.0241,0.7061,2.464,-0.0349,59.4925,43.9027,1.0356,0.3688,59.4225,43.8229,1.0473,0.4495,0.0003,0.0004,0.0008,0.001,0.0,77.959,59.875,59.875,1.0,15.6104,0
34.449,59.4917,44.3727,1.0231,0.7026,2.4607,-0.012,59.3404,44.3858,1.3222,0.3355,59.4303,44.0113,1.0885,0.3723,-0.0,-0.0005,-0.0003,0.0006,0.0,78.065,59.875,59.875,1.0,15.5071,0
34.491,59.5208,44.4751,1.0228,0.6978,2.459,-0.0034,59.3404,44.3858,1.3222,0.3608,59.4467,44.0732,1.088,0.4138,-0.0001,-0.0006,0.0005,0.0008,0.0,78.114,59.875,59.875,1.0,15.404,0
34.532,59.5498,44.5776,1.0227,0.6933,2.4599,-0.0024,59.619,44.6714,0.9485,0.1382,59.5001,44.2599,1.0651,0.3243,-0.0002,0.0002,0.0013,0.0013,0.0,78.265,59.875,59.875,1.0,15.3009,0
34.574,59.5786,44.6802,1.0226,0.6875,2.4622,-0.0018,59.619,44.6714,0.9485,0.085,59.5165,44.3216,1.065,0.3663,0.0002,0.0005,-0.001,0.0011,0.0,78.313,59.875,59.875,1.0,15.1978,0
34.615,59.6071,44.7828,1.0226,0.6808,2.4638,0.0007,59.6872,44.8626,1.0523,0.117,59.5624,44.4931,1.0613,0.2956,0.0007,-0.0003,0.0,0.0008,0.0,78.448,59.875,59.875,1.0,15.0946,0
34.657,59.6353,44.8855,1.0229,0.6755,2.4661,0.0115,59.6872,44.8626,1.0523,0.0639,59.5772,44.5548,1.0608,0.3378,0.0002,0.0006,-0.0009,0.0011,0.0,78.495,59.875,59.875,1.0,14.9915,0
34.699,59.6634,44.9883,1.0235,0.6727,2.4686,0.0142,59.6872,44.8626,1.0523,0.1311,59.5994,44.6475,1.0605,0.3487,0.0002,0.0006,0.0,0.0007,0.0,78.565,59.875,59.875,1.0,14.8882,0
34.74,59.6914,45.0912,1.0241,0.6739,2.4706,0.0126,59.5635,45.0849,1.0615,0.1335,59.6133,44.7742,1.0612,0.3286,0.0003,-0.0,-0.0011,0.0011,0.0,78.648,59.875,59.875,1.0,14.785,0
34.782,59.7194,45.1942,1.0245,0.6701,2.4745,0.0104,59.5635,45.0849,1.0615,0.194,59.6382,44.8657,1.0612,0.3404,0.0007,0.0005,-0.0006,0.0011,0.0,78.72,59.875,59.875,1.0,14.6816,0
34.823,59.7472,45.2975,1.025,0.664,2.4812,0.0104,59.5635,45.0849,1.0615,0.2833,59.6547,44.9268,1.0611,0.3837,0.0004,0.0001,-0.0004,0.0006,0.0,78.768,59.875,59.875,1.0,14.5781,0
34.865,59.7746,45.4011,1.0256,0.6515,2.4908,0.0217,59.9258,45.2383,1.0142,0.2225,59.7255,45.0732,1.051,0.3325,-0.0001,-0.0002,0.0005,0.0006,0.0,78.91,59.875,59.875,1.0,14.4743,0
34.907,59.8014,45.5051,1.0267,0.6377,2.4995,0.0263,59.9258,45.2383,1.0142,0.2946,59.7416,45.1356,1.0508,0.3751,-0.0003,-0.0004,-0.0002,0.0005,0.0,78.959,59.875,59.875,1.0,14.3702,0
34.948,59.8277,45.6094,1.0277,0.6245,2.5054,0.0191,59.7789,45.3175,1.0156,0.2962,59.7706,45.2565,1.0479,0.358,0.0005,-0.0005,-0.0,0.0007,0.0,79.051,59.875,59.875,1.0,14.2658,0
34.99,59.8534,45.7138,1.0282,0.6119,2.5069,0.0086,59.7789,45.3175,1.0156,0.4035,59.7861,45.3199,1.0481,0.4001,-0.0001,0.0001,0.0003,0.0003,0.0,79.1,59.875,59.875,1.0,14.1612,0
35.031,59.8787,45.8182,1.0285,0.601,2.5058,0.0042,59.7789,45.3175,1.0156,0.5108,59.8087,45.415,1.0482,0.4097,0.0004,-0.0001,0.0003,0.0005,0.0,79.173,59.875,59.875,1.0,14.0568,0
35.073,59.9035,45.9225,1.0288,0.592,2.4985,0.0149,59.8927,46.065,0.9737,0.1532,59.837,45.5862,1.0329,0.3428,0.0002,-0.0003,-0.0003,0.0005,0.0,79.295,59.875,59.875,1.0,13.9526,0
35.115,59.928,46.0264,1.0296,0.5833,2.4903,0.0228,59.8927,46.065,0.9737,0.0766,59.8585,45.6803,1.0325,0.353,0.0002,0.0003,0.0002,0.0004,0.0,79.366,59.875,59.875,1.0,13.8487,0
35.156,59.9522,46.13,1.0306,0.5789,2.4819,0.0252,59.8927,46.065,0.9737,0.1049,59.8726,45.7428,1.0324,0.3953,0.0004,-0.0001,0.0006,0.0007,0.0,79.414,59.875,59.875,1.0,13.7453,0
35.198,59.9762,46.2332,1.0317,0.5767,2.4731,0.026,59.9867,46.032,0.8844,0.2496,59.9107,45.8812,1.0074,0.3588,-0.0001,0.0002,0.0022,0.0022,0.0,79.527,59.875,59.875,1.0,13.6422,0
35.239,60.0003,46.3361,1.0328,0.577,2.4665,0.0266,59.9867,46.032,0.8844,0.3386,59.9243,45.9433,1.0075,0.4009,0.0001,-0.0003,0.0008,0.0008,0.0,79.302,59.875,59.875,1.0,13.5395,0
35.281,60.0243,46.4387,1.0339,0.5778,2.4588,0.0263,59.9867,46.032,0.8844,0.4349,59.9446,46.036,1.0076,0.4114,0.0004,0.0015,-0.0008,0.0017,0.0,79.372,59.875,59.875,1.0,13.4372,0
35.323,60.0485,46.541,1.035,0.5825,2.4532,0.0248,60.0637,46.587,1.1118,0.0909,59.9822,46.1936,1.0258,0.3538,0.0005,0.0,-0.0005,0.0007,0.0,79.49,59.875,59.875,1.0,13.3352,0
35.364,60.0728,46.6431,1.036,0.5843,2.4507,0.0226,60.0637,46.587,1.1118,0.0948,60.0041,46.286,1.0259,0.3638,-0.0007,0.0003,0.0012,0.0014,0.0,79.561,59.875,59.875,1.0,13.2334,0
35.406,60.0972,46.7452,1.0368,0.5841,2.4476,0.0119,60.0321,46.8951,1.2456,0.2652,60.0238,46.4417,1.0678,0.3138,-0.0004,0.0012,0.0016,0.0021,0.0,79.661,59.875,59.875,1.0,13.1317,0
35.447,60.1214,46.8472,1.0365,0.5806,2.4501,-0.017,60.0321,46.8951,1.2456,0.2324,60.0464,46.5322,1.0689,0.3254,-0.0001,-0.0013,0.0004,0.0014,0.0,79.731,59.875,59.875,1.0,13.0302,0
35.489,60.1455,46.9494,1.0356,0.5734,2.4553,-0.0246,60.0321,46.8951,1.2456,0.2448,60.0612,46.5928,1.0689,0.368,0.0004,0.0001,-0.0003,0.0005,0.0,79.778,59.875,59.875,1.0,12.9285,0
35.531,60.1692,47.0519,1.0345,0.5655,2.4655,-0.029,60.1288,46.9267,1.0275,0.1318,60.0955,46.7393,1.0627,0.3224,0.0004,0.0003,0.0008,0.0009,0.0,79.892,59.875,59.875,1.0,12.8265,0
35.572,60.1925,47.1549,1.0332,0.5534,2.4769,-0.0304,60.1288,46.9267,1.0275,0.237,60.11,46.8002,1.0626,0.3654,-0.0007,0.0007,0.0023,0.0025,0.0,79.938,59.875,59.875,1.0,12.7241,0
35.614,60.2153,47.2584,1.0317,0.542,2.4877,-0.05,60.1542,47.2424,1.1129,0.1028,60.1352,46.9643,1.076,0.308,-0.001,-0.0001,-0.0002,0.001,0.0,80.052,59.875,59.875,1.0,12.6213,0
35.655,60.2376,47.3623,1.0291,0.5314,2.497,-0.0706,60.1542,47.2424,1.1129,0.1683,60.1485,47.0269,1.0764,0.3502,-0.0002,-0.0,-0.0007,0.0008,0.0,80.099,59.875,59.875,1.0,12.518,0
35.697,60.2595,47.4664,1.026,0.5215,2.4996,-0.0775,60.1542,47.2424,1.1129,0.2623,60.168,47.1212,1.0763,0.3606,0.0007,0.0,-0.0012,0.0014,0.0,80.17,59.875,59.875,1.0,12.4146,0
35.739,60.2811,47.5705,1.0232,0.5136,2.4989,-0.0515,60.3025,47.3933,1.1723,0.2326,60.2014,47.2287,1.0856,0.3565,0.0004,-0.0001,0.0003,0.0005,0.0,80.258,59.875,59.875,1.0,12.3112,0
35.78,60.3023,47.6746,1.0215,0.5073,2.4969,-0.0332,60.3025,47.3933,1.1723,0.3192,60.2194,47.3226,1.0844,0.3671,-0.0006,0.0001,0.0008,0.001,0.0,80.327,59.875,59.875,1.0,12.2079,0
35.822,60.3234,47.7785,1.0203,0.5058,2.4907,-0.024,60.1904,47.8145,0.9518,0.1539,60.2272,47.4632,1.0599,0.3321,-0.0002,-0.0002,0.0012,0.0013,0.0,80.418,59.875,59.875,1.0,12.1048,0
35.863,60.3445,47.8821,1.0197,0.5081,2.4833,-0.0089,60.1904,47.8145,0.9518,0.1815,60.2456,47.5573,1.059,0.3418,0.0002,-0.0002,0.0002,0.0004,0.0,80.488,59.875,59.875,1.0,12.0021,0
35.905,60.3658,47.9854,1.0195,0.5122,2.4758,-0.0029,60.1904,47.8145,0.9518,0.2541,60.2579,47.6198,1.0586,0.3832,-0.0007,0.0004,0.0006,0.001,0.0,80.535,59.875,59.875,1.0,11.8997,0
35.947,60.3872,48.0884,1.0194,0.5157,2.4689,0.0001,60.4131,48.0218,0.9082,0.1322,60.3023,47.7754,1.0349,0.3247,-0.0003,0.0003,0.0003,0.0005,0.0,80.664,59.875,59.875,1.0,11.7977,0
35.988,60.4088,48.1912,1.0191,0.5197,2.4652,-0.011,60.4131,48.0218,0.9082,0.2026,60.3152,47.8386,1.0352,0.3652,-0.0001,0.0007,0.0001,0.0007,0.0,80.712,59.875,59.875,1.0,11.696,0
36.03,60.4304,48.2938,1.0186,0.5193,2.4594,-0.0141,60.4131,48.0218,0.9082,0.2941,60.3348,47.933,1.0353,0.3736,0.0001,-0.0004,-0.0009,0.001,0.0,80.783,59.875,59.875,1.0,11.5945,0
36.071,60.452,48.3961,1.0183,0.5169,2.4528,0.0053,60.502,48.2427,1.2462,0.2792,60.3765,48.042,1.0652,0.3651,0.0001,0.0004,0.0011,0.0012,0.0,80.876,59.875,59.875,1.0,11.4934,0
36.113,60.4735,48.4983,1.0189,0.5148,2.4513,0.0193,60.502,48.2427,1.2462,0.3432,60.3962,48.1338,1.0643,0.3754,-0.0,0.0004,-0.0014,0.0015,0.0,80.946,59.875,59.875,1.0,11.3925,0
36.155,60.4949,48.6004,1.0198,0.5122,2.4525,0.019,60.4142,48.6166,1.1391,0.145,60.4069,48.2683,1.0789,0.3486,-0.0,0.0006,0.001,0.0012,0.0,81.032,59.875,59.875,1.0,11.2917,0
36.196,60.5162,48.7027,1.0202,0.5103,2.4569,0.0046,60.4142,48.6166,1.1391,0.1787,60.4244,48.3593,1.079,0.3602,0.0004,-0.0002,0.0014,0.0014,0.0,81.1,59.875,59.875,1.0,11.1907,0
36.238,60.5374,48.8053,1.0203,0.5088,2.4667,0.0007,60.4142,48.6166,1.1391,0.2547,60.436,48.4202,1.0789,0.4025,-0.0005,-0.0002,0.0004,0.0006,0.0,81.368,59.875,59.875,1.0,11.0896,0
36.279,60.5586,48.9083,1.0201,0.5066,2.4768,-0.0096,60.4712,48.8457,1.0988,0.1332,60.4631,48.5842,1.0836,0.3438,-0.0005,0.0002,0.0006,0.0008,0.0,81.486,59.875,59.875,1.0,10.988,0
36.321,60.5796,49.0117,1.0196,0.5028,2.4852,-0.0137,60.4712,48.8457,1.0988,0.2135,60.4754,48.6461,1.0834,0.3854,0.0001,-0.0002,0.0005,0.0005,0.0,81.532,59.875,59.875,1.0,10.8862,0
36.363,60.6004,49.1154,1.019,0.4969,2.4931,-0.0143,60.5779,49.1573,1.0507,0.0572,60.5104,48.8177,1.0773,0.3164,-0.0005,0.001,-0.0015,0.0019,0.0,81.663,59.875,59.875,1.0,10.784,0
36.404,60.621,49.2195,1.0185,0.4899,2.5008,-0.0121,60.5779,49.1573,1.0507,0.0822,60.5228,48.881,1.0769,0.3572,-0.0006,0.0005,0.0,0.0008,0.0,81.711,59.875,59.875,1.0,10.6816,0
36.446,60.6412,49.3237,1.018,0.4807,2.5042,-0.0116,60.5779,49.1573,1.0507,0.181,60.5412,48.9764,1.0765,0.3662,0.0003,-0.0006,0.0006,0.0009,0.0,81.782,59.875,59.875,1.0,10.5791,0
36.487,60.6609,49.4281,1.0175,0.4685,2.5057,-0.0112,60.7312,49.4419,0.9985,0.0741,60.5821,49.1081,1.063,0.3327,-0.0003,0.0,0.0004,0.0005,0.0,81.895,59.875,59.875,1.0,10.4764,0
36.529,60.6802,49.5325,1.0171,0.4577,2.5059,-0.0102,60.7312,49.4419,0.9985,0.1056,60.5985,49.2014,1.0626,0.3441,0.0002,-0.0006,0.0011,0.0013,0.0,81.963,59.875,59.875,1.0,10.3738,0
36.571,60.6991,49.6369,1.0167,0.4486,2.5032,-0.0088,60.7312,49.4419,0.9985,0.1984,60.6092,49.2636,1.0623,0.3867,-0.0006,-0.0003,-0.001,0.0012,0.0,82.009,59.875,59.875,1.0,10.2712,0
36.612,60.7176,49.7412,1.0163,0.4405,2.5012,-0.0079,60.6752,49.7862,1.0924,0.098,60.6334,49.4376,1.0662,0.319,-0.0005,0.0013,0.0002,0.0014,0.0,82.132,59.875,59.875,1.0,10.1688,0
36.654,60.7358,49.8453,1.0161,0.4344,2.498,-0.0034,60.6752,49.7862,1.0924,0.1139,60.6432,49.4997,1.0658,0.3612,0.0009,-0.0001,-0.0003,0.0009,0.0,82.177,59.875,59.875,1.0,10.0666,0
36.695,60.7538,49.9493,1.016,0.4303,2.4938,-0.0017,60.6752,49.7862,1.0924,0.1965,60.6576,49.5929,1.0653,0.3724,0.0002,0.0005,0.0006,0.0008,0.0,82.244,59.875,59.875,1.0,9.9645,0
36.737,60.7716,50.0532,1.0158,0.4285,2.4917,-0.0126,60.7204,50.0052,1.0507,0.0784,60.6781,49.7254,1.065,0.3444,-0.0002,-0.0004,-0.0001,0.0005,0.0,82.34,59.875,59.875,1.0,9.8627,0
36.779,60.7895,50.1569,1.015,0.4279,2.4894,-0.0214,60.7204,50.0052,1.0507,0.1704,60.6925,49.8186,1.065,0.3555,0.0002,-0.0004,-0.0005,0.0007,0.0,82.407,59.875,59.875,1.0,9.761,0
36.82,60.8073,50.2606,1.0141,0.4289,2.4889,-0.0213,60.7204,50.0052,1.0507,0.2723,60.7021,49.8807,1.0647,0.3975,0.0003,0.0003,-0.001,0.001,0.0,82.452,59.875,59.875,1.0,9.6595,0
36.862,60.8252,50.3643,1.0136,0.4264,2.4896,-0.004,60.7249,50.2477,1.0341,0.1552,60.7277,50.0414,1.0556,0.3399,-0.0,-0.0006,0.0002,0.0007,0.0,82.57,59.875,59.875,1.0,9.558,0
36.903,60.8428,50.468,1.0136,0.4205,2.4879,0.0029,60.7249,50.2477,1.0341,0.2508,60.7388,50.1046,1.0552,0.3803,0.0003,0.0004,0.0014,0.0015,0.0,82.617,59.875,59.875,1.0,9.4566,0
36.945,60.8601,50.5717,1.0138,0.4112,2.4874,0.0044,60.9574,50.5239,1.103,0.1403,60.7903,50.2616,1.0629,0.3216,0.0004,0.0002,-0.0009,0.001,0.0,82.752,59.875,59.875,1.0,9.3553,0
36.987,60.877,50.6753,1.014,0.3994,2.4866,0.0048,60.9574,50.5239,1.103,0.1931,60.8007,50.3241,1.0626,0.3627,-0.0004,0.0004,-0.0,0.0006,0.0,82.798,59.875,59.875,1.0,9.2541,0
37.028,60.8933,50.7789,1.0143,0.3868,2.4867,0.0106,60.8368,50.5672,0.9373,0.2323,60.8205,50.4495,1.0406,0.3384,-0.0002,0.0002,-0.0001,0.0003,0.0,82.892,59.875,59.875,1.0,9.1529,0
37.07,60.9091,50.8826,1.0149,0.3717,2.4912,0.0164,60.8368,50.5672,0.9373,0.3328,60.83,50.5113,1.0403,0.3805,0.0006,0.0006,0.0007,0.0011,0.0,82.937,59.875,59.875,1.0,9.0517,0
37.111,60.9243,50.9865,1.0156,0.3584,2.4963,0.0179,60.8368,50.5672,0.9373,0.4355,60.8436,50.6042,1.04,0.3915,0.0,0.0003,0.0006,0.0007,0.0,83.004,59.875,59.875,1.0,8.9502,0
37.153,60.939,51.0906,1.0163,0.3474,2.4998,0.0199,61.0659,51.1271,0.9163,0.1657,60.8939,50.7494,1.018,0.3442,0.0001,-0.0001,-0.0003,0.0003,0.0,83.134,59.875,59.875,1.0,8.8486,0
37.195,60.9532,51.1949,1.0174,0.3353,2.5061,0.0286,61.0659,51.1271,0.9163,0.1659,60.9083,50.8426,1.0176,0.3552,0.0006,-0.0002,0.0007,0.0009,0.0,83.202,59.875,59.875,1.0,8.7468,0
37.236,60.9669,51.2995,1.0187,0.325,2.5123,0.0327,61.0659,51.1271,0.9163,0.2236,60.9175,50.9049,1.0175,0.3977,0.0002,-0.0001,-0.0,0.0002,0.0,82.979,59.875,59.875,1.0,8.6448,0
37.278,60.9802,51.4043,1.0199,0.3144,2.5152,0.0232,60.9535,51.3265,1.0225,0.0823,60.9368,51.0735,1.0207,0.3336,0.0002,-0.0013,-0.0012,0.0018,0.0,83.097,59.875,59.875,1.0,8.5426,0
37.319,60.9931,51.5091,1.0207,0.3036,2.5176,0.019,60.9535,51.3265,1.0225,0.1869,60.9454,51.1372,1.0208,0.375,-0.0003,-0.0012,-0.0001,0.0013,0.0,83.142,59.875,59.875,1.0,8.4403,0
37.361,61.0055,51.614,1.0213,0.294,2.5168,-0.0018,60.9987,51.5278,1.1308,0.1395,60.9645,51.2888,1.0445,0.3286,-0.0003,-0.0,-0.0003,0.0004,0.0,83.247,59.875,59.875,1.0,8.338,0
37.403,61.0175,51.7188,1.0206,0.2833,2.5142,-0.0246,60.9987,51.5278,1.1308,0.2213,60.972,51.3516,1.045,0.3708,-0.0004,0.0004,0.0002,0.0006,0.0,83.291,59.875,59.875,1.0,8.2358,0
37.444,61.0291,51.8235,1.0194,0.2741,2.5107,-0.0319,60.907,51.7974,0.9958,0.1271,60.9686,51.5102,1.0331,0.3194,0.0,0.0005,0.0002,0.0005,0.0,83.387,59.875,59.875,1.0,8.1338,0
37.486,61.0403,51.928,1.0186,0.2653,2.5056,-0.0091,60.907,51.7974,0.9958,0.188,60.9749,51.5733,1.0323,0.3609,0.0004,-0.0007,-0.001,0.0013,0.0,83.43,59.875,59.875,1.0,8.032,0
37.527,61.0512,52.0323,1.0184,0.2602,2.501,-0.0033,60.907,51.7974,0.9958,0.2766,60.984,51.6679,1.0318,0.3708,-0.0003,0.0006,-0.0013,0.0014,0.0,83.495,59.875,59.875,1.0,7.9304,0
37.569,61.0621,52.1364,1.0183,0.2617,2.496,-0.0048,61.0077,52.1587,0.9957,0.0629,60.9987,51.816,1.0268,0.3267,-0.0002,0.0001,-0.0007,0.0007,0.0,83.598,59.875,59.875,1.0,7.8291,0
37.611,61.073,52.2401,1.0181,0.2612,2.4843,-0.0061,61.0077,52.1587,0.9957,0.1067,61.0096,51.9118,1.0267,0.3345,0.0003,0.0002,-0.001,0.0011,0.0,83.666,59.875,59.875,1.0,7.7283,0
37.652,61.0838,52.3434,1.0178,0.2605,2.4712,-0.007,61.0077,52.1587,0.9957,0.201,61.0168,51.9753,1.0267,0.3742,-0.0002,-0.0008,-0.0007,0.001,0.0,83.71,59.875,59.875,1.0,7.6281,0
37.694,61.0946,52.446,1.0181,0.2556,2.4581,0.0205,61.0461,52.3319,1.1527,0.183,61.034,52.1262,1.0411,0.3263,-0.0,-0.0001,0.0009,0.0009,0.0,83.815,59.875,59.875,1.0,7.5284,0
37.735,61.1051,52.5482,1.0192,0.2493,2.4489,0.0311,61.0461,52.3319,1.1527,0.2609,61.0414,52.1882,1.0406,0.3663,-0.0,0.0007,0.0001,0.0007,0.0,83.859,59.875,59.875,1.0,7.4293,0
37.777,61.1153,52.6501,1.0206,0.2405,2.4409,0.0363,61.1325,52.6206,0.9267,0.0999,61.0626,52.3431,1.0213,0.3114,-0.001,-0.0002,-0.0005,0.0011,0.0,83.973,59.875,59.875,1.0,7.3307,0
37.819,61.1251,52.7517,1.0222,0.2291,2.4374,0.038,61.1325,52.6206,0.9267,0.1624,61.0683,52.4046,1.0212,0.3517,-0.0005,0.0002,0.0005,0.0008,0.0,84.016,59.875,59.875,1.0,7.2322,0
37.86,61.1344,52.8532,1.0238,0.2197,2.4379,0.0382,61.1325,52.6206,0.9267,0.2521,61.0765,52.4967,1.0211,0.3612,-0.0001,0.0001,-0.0009,0.0009,0.0,84.079,59.875,59.875,1.0,7.1339,0
37.902,61.1433,52.9548,1.0253,0.2099,2.4375,0.031,61.0872,52.9784,1.0815,0.0829,61.0802,52.6338,1.0352,0.3273,-0.0003,-0.0004,-0.0002,0.0005,0.0,84.165,59.875,59.875,1.0,7.0355,0
37.943,61.1519,53.0564,1.026,0.2041,2.4405,0.0088,61.0872,52.9784,1.0815,0.1156,61.0864,52.7256,1.0358,0.3374,0.0002,-0.0004,-0.001,0.0011,0.0,84.227,59.875,59.875,1.0,6.9371,0
37.985,61.1603,53.1582,1.0262,0.2009,2.4455,0.0033,61.0872,52.9784,1.0815,0.2018,61.0903,52.787,1.0358,0.3779,-0.0002,-0.0004,0.0006,0.0007,0.0,84.268,59.875,59.875,1.0,6.8387,0
38.027,61.1687,53.2602,1.0267,0.1997,2.4506,0.0179,61.1355,53.2702,0.9318,0.101,61.1077,52.9539,1.0156,0.3125,0.0,0.0004,-0.001,0.0011,0.0,84.388,59.875,59.875,1.0,6.7401,0
38.068,61.1769,53.3625,1.0276,0.197,2.4575,0.0258,61.1355,53.2702,0.9318,0.1393,61.1123,53.0143,1.0153,0.3544,0.0004,0.0002,-0.0007,0.0008,0.0,84.429,59.875,59.875,1.0,6.6414,0
38.11,61.185,53.465,1.0287,0.1927,2.4645,0.0237,61.1241,53.3927,0.9794,0.1066,61.1182,53.1664,1.0112,0.3066,-0.0002,-0.0001,-0.0009,0.0009,0.0,84.528,59.875,59.875,1.0,6.5425,0
38.151,61.193,53.568,1.0295,0.1881,2.4748,0.017,61.1241,53.3927,0.9794,0.1948,61.122,53.228,1.0114,0.3478,-0.0003,-0.0006,-0.0005,0.0009,0.0,84.57,59.875,59.875,1.0,6.4433,0
38.193,61.2007,53.6713,1.0302,0.1841,2.4843,0.0156,61.113,53.7423,1.1332,0.1528,61.1324,53.3963,1.0317,0.2833,-0.0,-0.0,-0.0001,0.0001,0.0,84.681,59.875,59.875,1.0,6.3438,0
38.235,61.2083,53.7749,1.0307,0.1771,2.4875,0.0111,61.113,53.7423,1.1332,0.1437,61.138,53.4589,1.0317,0.3237,-0.0002,-0.0008,-0.0008,0.0012,0.0,84.904,59.875,59.875,1.0,6.2442,0
38.276,61.2154,53.8786,1.0311,0.1666,2.488,0.0088,61.113,53.7423,1.1332,0.1987,61.1459,53.5528,1.0316,0.3332,-0.0003,0.0002,-0.0006,0.0007,0.0,84.969,59.875,59.875,1.0,6.1445,0
38.318,61.222,53.9822,1.0316,0.1499,2.4832,0.0156,61.1954,54.0061,0.9586,0.0813,61.1529,53.6858,1.0181,0.3046,-0.0001,-0.0004,0.0014,0.0015,0.0,85.059,59.875,59.875,1.0,6.0449,0
38.359,61.2279,54.0855,1.0324,0.1369,2.4794,0.0206,61.1954,54.0061,0.9586,0.1132,61.1572,53.778,1.0178,0.3159,-0.0003,0.0007,0.0007,0.0011,0.0,85.12,59.875,59.875,1.0,5.9455,0
38.401,61.2333,54.1888,1.0333,0.1262,2.4758,0.0217,61.1954,54.0061,0.9586,0.201,61.1598,53.8394,1.0177,0.3573,-0.0001,0.0003,0.0006,0.0007,0.0,85.161,59.875,59.875,1.0,5.8463,0
38.443,61.2385,54.2919,1.0345,0.1195,2.4743,0.0349,61.2601,54.2141,0.9762,0.0995,61.1845,53.9907,1.0086,0.3071,-0.0008,0.0009,0.0003,0.0013,0.0,85.275,59.875,59.875,1.0,5.7473,0
38.484,61.2433,54.3949,1.0361,0.1133,2.473,0.0417,61.2601,54.2141,0.9762,0.1912,61.1874,54.0513,1.0085,0.3492,-0.0006,0.0,-0.0005,0.0008,0.0,85.316,59.875,59.875,1.0,5.6484,0
38.526,61.2478,54.498,1.0379,0.1044,2.4758,0.0435,61.3559,54.5967,1.1171,0.1664,61.2177,54.2243,1.0286,0.2755,0.0009,0.0008,-0.001,0.0016,0.0,85.445,59.875,59.875,1.0,5.5496,0
38.567,61.252,54.6013,1.0393,0.0961,2.481,0.0281,61.3559,54.5967,1.1171,0.1299,61.2196,54.2851,1.0288,0.318,-0.0002,0.0,-0.0001,0.0002,0.0,85.485,59.875,59.875,1.0,5.4507,0
38.609,61.2557,54.7048,1.0403,0.0848,2.4871,0.0233,61.3559,54.5967,1.1171,0.1662,61.222,54.3766,1.0287,0.3301,0.0009,-0.0001,-0.0001,0.0009,0.0,85.544,59.875,59.875,1.0,5.3515,0
38.651,61.259,54.8086,1.0411,0.0735,2.4946,0.0113,61.3341,54.7324,0.9876,0.1196,61.2405,54.5028,1.0247,0.3068,0.0002,0.0001,-0.0008,0.0009,0.0,85.639,59.875,59.875,1.0,5.2522,0
38.692,61.2618,54.9126,1.0414,0.0626,2.4976,0.0034,61.3341,54.7324,0.9876,0.2015,61.2413,54.597,1.0248,0.3167,-0.0004,0.0001,-0.0006,0.0007,0.0,85.699,59.875,59.875,1.0,5.1527,0
38.734,61.2641,55.0167,1.0413,0.0505,2.4958,-0.0061,61.3808,55.0594,1.0431,0.1242,61.2671,54.7341,1.0292,0.2828,0.0004,-0.0007,-0.0005,0.0009,0.0,85.804,59.875,59.875,1.0,5.0532,0
38.775,61.266,55.1206,1.0409,0.0379,2.4899,-0.0116,61.3808,55.0594,1.0431,0.1301,61.268,54.828,1.0292,0.2928,0.0006,-0.0002,0.0006,0.0009,0.0,85.864,59.875,59.875,1.0,4.9539,0
38.817,61.2672,55.224,1.0404,0.0253,2.4787,-0.012,61.3808,55.0594,1.0431,0.2,61.268,54.8903,1.029,0.3339,0.0001,0.0007,0.0008,0.0011,0.0,85.904,59.875,59.875,1.0,4.855,0
38.859,61.268,55.3271,1.0395,0.014,2.467,-0.0308,61.2518,55.2124,1.0464,0.116,61.2631,55.0406,1.0352,0.2865,-0.0007,0.0005,0.0002,0.0009,0.0,85.995,59.875,59.875,1.0,4.7566,0
38.9,61.2684,55.4295,1.038,0.0023,2.4518,-0.0397,61.2518,55.2124,1.0464,0.2179,61.2621,55.1031,1.0352,0.3265,0.0003,0.0005,-0.0012,0.0014,0.0,86.033,59.875,59.875,1.0,4.6589,0
38.942,61.2682,55.5313,1.0366,-0.011,2.4319,-0.0178,61.2728,55.6323,0.886,0.1814,61.2649,55.2797,1.0048,0.2536,-0.0002,-0.0005,0.0002,0.0006,0.0,86.151,59.875,59.875,1.0,4.5618,0
38.983,61.2673,55.6321,1.0365,-0.0278,2.411,0.0082,61.2728,55.6323,0.886,0.1506,61.2638,55.3414,1.0041,0.2925,0.0003,-0.0012,0.0003,0.0013,0.0,86.19,59.875,59.875,1.0,4.4657,0
39.025,61.2658,55.7321,1.0371,-0.0436,2.3929,0.015,61.2728,55.6323,0.886,0.1812,61.2614,55.4331,1.0039,0.3009,-0.0002,-0.0005,0.0004,0.0006,0.0,86.246,59.875,59.875,1.0,4.3703,0
39.067,61.2636,55.8315,1.0375,-0.0602,2.3782,0.0053,61.4268,55.8254,0.9841,0.1719,61.2873,55.5573,1.0033,0.2774,0.0008,0.0001,0.0003,0.0008,0.0,86.345,59.875,59.875,1.0,4.2755,0
39.108,61.2607,55.9303,1.0375,-0.0782,2.3653,-0.0031,61.4268,55.8254,0.9841,0.2036,61.2837,55.6469,1.0038,0.2863,-0.0002,0.0003,-0.0004,0.0006,0.0,86.4,59.875,59.875,1.0,4.1812,0
39.15,61.257,56.0286,1.0373,-0.0956,2.3556,-0.0098,61.295,56.0263,0.9402,0.1043,61.2828,55.7642,0.9959,0.2688,0.0005,-0.0001,0.001,0.0012,0.0,86.475,59.875,59.875,1.0,4.0873,0
39.191,61.2526,56.1267,1.0366,-0.1142,2.3536,-0.0224,61.295,56.0263,0.9402,0.1454,61.2775,55.853,0.9967,0.2777,-0.0002,0.0011,0.0004,0.0012,0.0,86.527,59.875,59.875,1.0,3.9936,0
39.233,61.2475,56.2248,1.0355,-0.1313,2.3562,-0.0264,61.295,56.0263,0.9402,0.2252,61.2734,55.9121,0.997,0.3161,-0.0003,0.0005,-0.0001,0.0006,0.0,86.302,59.875,59.875,1.0,3.8999,0
39.275,61.2417,56.3231,1.034,-0.1444,2.3607,-0.0454,61.1321,56.2903,1.2247,0.2223,61.2455,56.0607,1.0358,0.2624,-0.0009,0.0013,0.0004,0.0016,0.0,86.372,59.875,59.875,1.0,3.806,0
39.316,61.2354,56.4216,1.0319,-0.1575,2.3678,-0.0528,61.1321,56.2903,1.2247,0.255,61.241,56.1196,1.0356,0.302,0.0005,0.0001,-0.0013,0.0014,0.0,86.407,59.875,59.875,1.0,3.7118,0
39.358,61.2285,56.5204,1.0297,-0.1698,2.3742,-0.0532,61.1321,56.2903,1.2247,0.3166,61.2339,56.2083,1.0349,0.3122,-0.0006,0.0012,-0.0008,0.0016,0.0,86.459,59.875,59.875,1.0,3.6175,0
39.399,61.2212,56.6195,1.0277,-0.1813,2.3813,-0.0432,61.1105,56.6257,1.0086,0.1125,61.2085,56.34,1.0279,0.2798,-0.0001,0.0004,0.001,0.0011,0.0,86.525,59.875,59.875,1.0,3.523,0
39.441,61.2133,56.7188,1.026,-0.1957,2.3864,-0.0366,61.1105,56.6257,1.0086,0.1398,61.2004,56.4297,1.0271,0.2894,-0.0008,0.0,-0.0016,0.0018,0.0,86.577,59.875,59.875,1.0,3.4283,0
39.483,61.2048,56.8183,1.0246,-0.2099,2.3868,-0.0304,61.1557,56.7429,0.8619,0.186,61.1873,56.5352,0.9977,0.2849,-0.0004,-0.0008,0.0,0.0009,0.0,86.639,59.875,59.875,1.0,3.3336,0
39.524,61.1957,56.9177,1.0237,-0.226,2.3867,-0.0141,61.1557,56.7429,0.8619,0.2416,61.1778,56.6242,0.9972,0.2953,0.0001,0.0003,0.0004,0.0006,0.0,86.69,59.875,59.875,1.0,3.2389,0
39.566,61.186,57.0172,1.0233,-0.2409,2.387,-0.0088,61.1557,56.7429,0.8619,0.3197,61.1709,56.6835,0.9972,0.3351,-0.0001,-0.0003,0.0006,0.0007,0.0,86.723,59.875,59.875,1.0,3.1443,0
39.607,61.1756,57.1166,1.0229,-0.2552,2.3878,-0.0137,61.1763,56.9891,1.1835,0.2051,61.1639,56.819,1.0289,0.298,0.0007,0.0001,-0.0006,0.0009,0.0,86.802,59.875,59.875,1.0,3.0497,0
39.649,61.1646,57.2162,1.0221,-0.2719,2.3908,-0.0206,61.1763,56.9891,1.1835,0.2788,61.1568,56.8783,1.0287,0.3381,-0.0002,-0.0005,0.0001,0.0005,0.0,86.835,59.875,59.875,1.0,2.9551,0
39.691,61.1529,57.3159,1.0212,-0.2879,2.3945,-0.0224,61.165,57.2899,0.8676,0.1563,61.1474,57.031,1.0004,0.2857,-0.0008,0.0004,-0.0012,0.0015,0.0,86.931,59.875,59.875,1.0,2.8605,0
39.732,61.1405,57.4157,1.0208,-0.3053,2.3955,-0.0046,61.165,57.2899,0.8676,0.1997,61.1391,57.092,1.0,0.3244,0.0008,-0.0002,-0.0018,0.002,0.0,86.964,59.875,59.875,1.0,2.7659,0
39.774,61.1274,57.5155,1.0207,-0.3229,2.3936,0.0016,61.165,57.2899,0.8676,0.2752,61.1259,57.1834,0.9999,0.3327,-0.0002,-0.0002,0.0012,0.0012,0.0,87.014,59.875,59.875,1.0,2.6714,0
39.815,61.1135,57.6151,1.0209,-0.3398,2.387,0.0008,61.0785,57.6669,0.9543,0.0913,61.1093,57.3183,0.9944,0.298,0.0002,0.0004,0.0001,0.0005,0.0,87.09,59.875,59.875,1.0,2.5771,0
39.857,61.099,57.7144,1.0207,-0.3572,2.3778,-0.0082,61.0785,57.6669,0.9543,0.0841,61.0946,57.4082,0.9953,0.3072,-0.0003,-0.0002,0.0001,0.0004,0.0,87.138,59.875,59.875,1.0,2.4833,0
39.899,61.0837,57.8131,1.0202,-0.3742,2.3639,-0.013,61.0785,57.6669,0.9543,0.1604,61.0844,57.4679,0.9957,0.3461,-0.0005,0.0004,0.0004,0.0007,0.0,87.169,59.875,59.875,1.0,2.3901,0
39.94,61.0677,57.9112,1.0196,-0.3912,2.3481,-0.0147,61.1888,57.9004,1.1159,0.1551,61.094,57.6211,1.0136,0.2914,-0.0001,-0.0005,0.001,0.0011,0.0,87.274,59.875,59.875,1.0,2.2977,0
39.982,61.0509,58.0088,1.0193,-0.414,2.3333,-0.0047,61.1888,57.9004,1.1159,0.2002,61.0841,57.6796,1.0133,0.3309,-0.0002,0.0,-0.001,0.001,0.0,87.305,59.875,59.875,1.0,2.2059,0
40.023,61.0331,58.1056,1.0191,-0.4411,2.3184,-0.002,61.1888,57.9004,1.1159,0.2752,61.0682,57.7666,1.013,0.3409,0.0001,-0.0009,-0.0012,0.0015,0.0,87.351,59.875,59.875,1.0,2.1148,0
40.065,61.0139,58.2019,1.0192,-0.4757,2.3045,0.0052,60.9336,57.9931,0.9849,0.2263,61.0284,57.8678,1.0068,0.3346,0.0001,-0.0008,-0.0007,0.001,0.0,87.388,59.875,59.875,1.0,2.024,0
40.107,60.9933,58.2975,1.0195,-0.5075,2.2864,0.0113,60.9336,57.9931,0.9849,0.3122,61.0075,57.9555,1.0064,0.3425,-0.0004,-0.0005,0.0008,0.001,0.0,87.43,59.875,59.875,1.0,1.9338,0
40.148,60.9715,58.3924,1.02,-0.5355,2.2684,0.0123,61.2444,58.4357,0.9738,0.2801,61.0369,58.0825,1.0016,0.3172,-0.0004,-0.001,-0.0006,0.0012,0.0,87.536,59.875,59.875,1.0,1.8442,0
40.19,60.9486,58.4865,1.0205,-0.5625,2.2514,0.0113,61.2444,58.4357,0.9738,0.3037,61.0149,58.1656,1.0018,0.3282,0.0003,-0.001,-0.002,0.0023,0.0,87.575,59.875,59.875,1.0,1.7553,0
40.231,60.9245,58.58,1.021,-0.5908,2.2381,0.0105,61.2444,58.4357,0.9738,0.354,60.9994,58.2206,1.0019,0.3676,0.0008,-0.0005,0.0002,0.0009,0.0,87.599,59.875,59.875,1.0,1.667,0
40.273,60.8992,58.673,1.0212,-0.6211,2.2285,-0.0115,60.9326,58.7403,1.1492,0.1484,60.9663,58.3921,1.0291,0.2889,-0.0004,-0.0009,0.0018,0.0021,0.0,88.001,59.875,59.875,1.0,1.5793,0
40.315,60.8725,58.7658,1.0202,-0.661,2.2292,-0.027,60.9326,58.7403,1.1492,0.1445,60.9491,58.448,1.0287,0.327,0.0002,0.0017,0.0011,0.0021,0.0,88.025,59.875,59.875,1.0,1.4919,0
40.356,60.8434,58.8592,1.0194,-0.7319,2.2568,-0.011,60.8636,58.8018,1.0487,0.0675,60.9098,58.5809,1.0334,0.2865,0.0003,-0.0006,0.0017,0.0018,0.0,88.083,59.875,59.875,1.0,1.4036,0
40.398,60.8107,58.9547,1.0188,-0.836,2.3252,-0.019,60.8636,58.8018,1.0487,0.1645,60.8885,58.6381,1.0339,0.3263,0.0001,-0.0,0.001,0.001,0.0,88.105,59.875,59.875,1.0,1.3126,0
40.439,60.7729,59.0538,1.0175,-0.9667,2.4244,-0.0428,60.8636,58.8018,1.0487,0.2696,60.851,58.7277,1.034,0.3357,-0.0005,0.0004,0.0006,0.0009,0.0,88.136,59.875,59.875,1.0,1.217,0
40.481,60.7294,59.1572,1.0148,-1.1081,2.5334,-0.0863,60.7808,59.052,1.0146,0.1171,60.8138,58.8423,1.0301,0.3264,0.0001,-0.0008,0.0003,0.0008,0.0,88.184,59.875,59.875,1.0,1.116,0
40.523,60.68,59.2652,1.0101,-1.2512,2.637,-0.1327,60.7808,59.052,1.0146,0.2359,60.7647,58.9412,1.0267,0.3353,0.0005,0.0001,-0.0005,0.0007,0.0,88.214,59.875,59.875,1.0,1.0099,0
40.564,60.6247,59.3771,1.0038,-1.3883,2.7224,-0.1566,60.5813,59.3214,0.9695,0.0785,60.7025,59.0646,1.0139,0.3222,0.0008,-0.0003,0.0016,0.0018,0.0,88.251,59.875,59.875,1.0,0.8999,0
40.606,60.5639,59.4918,0.9976,-1.5112,2.7679,-0.1369,60.5813,59.3214,0.9695,0.1735,60.6415,59.1703,1.0083,0.3309,0.0002,0.0001,0.0001,0.0002,0.0,88.276,59.875,59.875,1.0,0.7883,0
40.647,60.4988,59.6072,0.9929,-1.6015,2.7619,-0.092,60.5813,59.3214,0.9695,0.2983,60.5974,59.2415,1.0055,0.3789,-0.0005,-0.0008,-0.0005,0.0011,0.0,88.291,59.875,59.875,1.0,0.6789,0
40.689,60.4308,59.7211,0.9899,-1.6492,2.7061,-0.06,60.5775,59.541,1.0964,0.2556,60.5386,59.3894,1.02,0.3501,0.0003,-0.0008,-0.0006,0.0011,0.0,88.345,59.875,59.875,1.0,0.5768,0
40.731,60.3617,59.8316,0.9883,-1.6593,2.5962,-0.0188,60.5775,59.541,1.0964,0.3777,60.4944,59.456,1.02,0.3996,-0.0006,0.0007,-0.001,0.0014,0.0,88.357,59.875,59.875,1.0,0.4888,0
40.772,60.2933,59.9363,0.9883,-1.6218,2.44,0.0096,60.1525,60.032,1.0211,0.1733,60.3866,59.6357,1.0203,0.3164,0.0001,-0.0002,-0.0005,0.0005,0.0,88.397,60.0,60.0,1.0,0.3004,0
40.814,60.2281,60.0325,0.9916,-1.4947,2.1704,0.1903,60.1525,60.032,1.0211,0.0811,60.3468,59.6925,1.0226,0.3615,-0.0007,-0.0001,0.0003,0.0007,0.0,88.406,60.3468,59.6925,1.0226,0.3615,0
40.855,60.1689,60.1176,1.0007,-1.3703,1.9639,0.1824,60.1525,60.032,1.0211,0.0895,60.294,59.765,1.0337,0.3755,0.0003,-0.0008,-0.0002,0.0008,0.0,88.414,34.875,54.875,1.0,25.8315,0
40.897,60.1147,60.1947,1.0069,-1.2414,1.7476,0.1327,60.2283,60.1287,1.0282,0.1331,60.2544,59.8713,1.029,0.353,0.0003,-0.0003,-0.0002,0.0004,0.0,88.457,34.875,54.875,1.0,25.7942,0
40.939,60.0659,60.2622,1.0114,-1.118,1.5156,0.0849,60.2283,60.1287,1.0282,0.2109,60.2142,59.9256,1.032,0.3684,0.0005,0.0003,-0.0001,0.0006,0.0,88.463,34.875,54.875,1.0,25.7605,0
40.98,60.0218,60.3201,1.014,-1.0134,1.287,0.0524,60.0356,60.1163,0.9868,0.2061,60.1576,59.9916,1.0227,0.3556,-0.0003,-0.0001,0.0,0.0004,0.0,88.467,34.875,54.875,1.0,25.7295,0
41.022,59.9814,60.3685,1.0156,-0.9348,1.0598,0.0256,60.0356,60.1163,0.9868,0.2596,60.1254,60.027,1.0213,0.3707,0.0003,-0.0005,0.0001,0.0006,0.0,88.467,34.875,54.875,1.0,25.7004,0
41.063,59.9437,60.4077,1.0163,-0.8899,0.8462,0.0097,60.0356,60.1163,0.9868,0.307,60.106,60.0435,1.0196,0.3987,-0.0007,-0.0006,-0.0,0.0009,0.0,88.465,34.875,54.875,1.0,25.6719,0
41.105,59.9069,60.4384,1.0165,-0.8809,0.6557,-0.0066,59.9596,60.4083,1.0127,0.0609,60.0448,60.133,1.024,0.3352,-0.0006,-0.0002,0.0015,0.0016,0.0,88.48,34.875,54.875,1.0,25.6427,0
41.147,59.8698,60.4619,1.0158,-0.9038,0.4857,-0.0223,59.9596,60.4083,1.0127,0.1046,60.0237,60.141,1.0234,0.3559,-0.0001,0.0004,0.0002,0.0004,0.0,88.47,34.875,54.875,1.0,25.6116,0
41.188,59.8307,60.4784,1.0148,-0.9711,0.327,-0.0226,59.9136,60.5679,1.0769,0.1368,59.973,60.2264,1.0312,0.2898,0.0003,-0.0,-0.0002,0.0004,0.0,88.489,34.875,54.875,1.0,25.5771,0
41.23,59.7881,60.4888,1.0141,-1.0686,0.1923,-0.0154,59.9136,60.5679,1.0769,0.1611,59.9473,60.2277,1.0305,0.3063,0.0004,-0.0004,0.0008,0.001,0.0,88.471,34.875,54.875,1.0,25.5378,0
41.271,59.7409,60.4943,1.0134,-1.1908,0.0859,-0.0148,59.9136,60.5679,1.0769,0.1981,59.9038,60.2239,1.0296,0.3161,-0.0007,-0.0004,0.0009,0.0012,0.0,88.407,34.875,54.875,1.0,25.4929,0
41.313,59.6881,60.4959,1.0127,-1.3301,0.0058,-0.0175,59.649,60.5552,0.9731,0.0813,59.8305,60.2879,1.0186,0.2521,-0.0,0.0,-0.0002,0.0002,0.0,88.399,34.875,54.875,1.0,25.4418,0
41.355,59.6294,60.495,1.0121,-1.4723,-0.0413,-0.0133,59.649,60.5552,0.9731,0.0744,59.774,60.282,1.0172,0.2575,-0.0001,0.0005,0.0002,0.0005,0.0,88.354,34.875,54.875,1.0,25.3843,0
41.396,59.565,60.4927,1.0116,-1.6016,-0.065,-0.0131,59.649,60.5552,0.9731,0.1115,59.7321,60.277,1.0162,0.2729,0.0004,-0.0005,0.0007,0.0009,0.0,88.32,34.875,54.875,1.0,25.3211,0
41.438,59.4958,60.4898,1.0106,-1.7063,-0.0692,-0.0329,59.719,60.4144,0.9203,0.2523,59.6696,60.3015,1.0048,0.2564,0.0,0.0004,-0.0002,0.0005,0.0,88.293,34.875,54.875,1.0,25.2529,0
41.479,59.4226,60.487,1.009,-1.7957,-0.0633,-0.0397,59.719,60.4144,0.9203,0.3178,59.6228,60.2981,1.0045,0.2752,0.0001,-0.0007,0.0006,0.0009,0.0,88.257,34.875,54.875,1.0,25.1809,0
41.521,59.3461,60.4848,1.0075,-1.8699,-0.0435,-0.0286,59.3168,60.6144,1.0446,0.1379,59.5067,60.3476,1.0073,0.2113,-0.0002,-0.0003,0.0012,0.0013,0.0,88.206,34.875,54.875,1.0,25.1058,0
41.563,59.2668,60.4835,1.0067,-1.925,-0.0224,-0.0131,59.3168,60.6144,1.0446,0.1452,59.4563,60.3457,1.0066,0.2343,-0.0003,0.0,0.0011,0.0011,0.0,88.168,34.875,54.875,1.0,25.0283,0
41.604,59.1857,60.4831,1.0063,-1.9595,0.0026,-0.0053,59.3168,60.6144,1.0446,0.1894,59.3787,60.3439,1.006,0.2379,0.0001,0.001,-0.0001,0.001,0.0,88.111,34.875,54.875,1.0,24.9492,0
41.646,59.1037,60.4838,1.0061,-1.9747,0.0264,-0.0094,58.8541,60.6097,1.0928,0.2927,59.2433,60.3903,1.0226,0.1688,0.0004,-0.0002,-0.001,0.0011,0.0,88.043,34.875,54.875,1.0,24.8694,0
41.687,59.0213,60.4853,1.0056,-1.9792,0.0452,-0.0124,58.8541,60.6097,1.0928,0.2259,59.1659,60.3915,1.0227,0.1733,-0.0001,-0.0001,-0.0005,0.0006,0.0,87.988,34.875,54.875,1.0,24.7895,0
41.729,58.9389,60.4875,1.0051,-1.9754,0.0583,-0.0132,58.7487,60.2562,0.999,0.2995,59.0526,60.3712,1.0195,0.1633,-0.0001,0.0003,0.0002,0.0004,0.0,87.892,34.875,54.875,1.0,24.7097,0
41.771,58.8567,60.4902,1.0045,-1.9677,0.0654,-0.017,58.7487,60.2562,0.999,0.2577,58.9769,60.3741,1.0198,0.1677,-0.0001,-0.0001,0.0,0.0002,0.0,87.84,34.875,54.875,1.0,24.6303,0
41.812,58.775,60.4928,1.0037,-1.9566,0.0629,-0.019,58.7487,60.2562,0.999,0.2381,58.9266,60.3761,1.0199,0.1921,-0.0002,-0.0004,-0.0005,0.0007,0.0,87.805,34.875,54.875,1.0,24.5514,0
41.854,58.6938,60.4953,1.003,-1.9433,0.0546,-0.0077,58.7027,60.6823,1.0971,0.2095,58.8178,60.4307,1.0289,0.1422,-0.0002,-0.0002,0.0003,0.0004,0.0,87.763,34.875,54.875,1.0,24.4729,0
41.895,58.6131,60.4974,1.003,-1.9285,0.0449,0.0052,58.7027,60.6823,1.0971,0.226,58.7683,60.4324,1.0285,0.1701,-0.0001,0.0,-0.0004,0.0004,0.0,87.728,34.875,54.875,1.0,24.3949,0
41.937,58.5331,60.4989,1.0034,-1.9162,0.0285,0.0092,58.5469,60.5192,1.0908,0.0909,58.6681,60.4463,1.0345,0.1482,0.0001,0.0006,0.0013,0.0015,0.0,87.665,34.875,54.875,1.0,24.3173,0
41.979,58.4535,60.4997,1.0045,-1.9055,0.0123,0.0362,58.5469,60.5192,1.0908,0.1287,58.6199,60.4464,1.0336,0.1771,0.0003,0.0006,-0.0003,0.0008,0.0,87.631,34.875,54.875,1.0,24.2401,0
42.02,58.3742,60.4999,1.0062,-1.8992,-0.0007,0.0447,58.5469,60.5192,1.0908,0.1933,58.5481,60.4458,1.0331,0.184,0.0002,-0.0007,-0.0007,0.001,0.0,87.579,34.875,54.875,1.0,24.1631,0
42.062,58.2951,60.4996,1.0078,-1.8994,-0.0109,0.0253,58.4013,60.6709,1.0921,0.2185,58.4802,60.4859,1.0478,0.1898,-0.0001,-0.0005,-0.0004,0.0006,0.0,87.556,34.875,54.875,1.0,24.0861,0
42.103,58.2158,60.4989,1.0085,-1.908,-0.0206,0.0114,58.4013,60.6709,1.0921,0.2664,58.4098,60.4857,1.0482,0.1985,-0.0003,0.0002,-0.0005,0.0006,0.0,87.505,34.875,54.875,1.0,24.0088,0
42.145,58.136,60.4978,1.0089,-1.9213,-0.0302,0.0091,58.201,60.4839,1.0491,0.0776,58.3247,60.4889,1.0478,0.1928,-0.0003,0.0002,0.0003,0.0005,0.0,87.447,34.875,54.875,1.0,23.931,0
42.187,58.0556,60.4963,1.0093,-1.9353,-0.0416,0.0128,58.201,60.4839,1.0491,0.1512,58.2498,60.4897,1.0475,0.198,-0.0001,-0.0007,0.0004,0.0008,0.0,87.393,34.875,54.875,1.0,23.8525,0
42.228,57.9747,60.4943,1.0099,-1.9485,-0.0536,0.0141,58.201,60.4839,1.0491,0.2299,58.1994,60.4899,1.0473,0.2279,0.0005,0.0006,-0.0001,0.0008,0.0,87.357,34.875,54.875,1.0,23.7734,0
42.27,57.8932,60.4918,1.0108,-1.9612,-0.0646,0.0282,58.0981,60.5984,0.8723,0.2692,58.1135,60.5029,1.0165,0.2206,0.0003,0.0005,0.0003,0.0007,0.0,87.368,34.875,54.875,1.0,23.6936,0
42.311,57.8112,60.489,1.0121,-1.9753,-0.071,0.0332,58.0981,60.5984,0.8723,0.3374,58.0638,60.5014,1.0164,0.253,-0.0001,0.0003,-0.0004,0.0005,0.0,87.331,34.875,54.875,1.0,23.6132,0
42.353,57.7285,60.4859,1.0135,-1.9907,-0.0742,0.0295,57.8945,60.5043,0.854,0.2309,57.9634,60.4956,0.9919,0.2361,0.0004,-0.0,0.0001,0.0005,0.0,87.258,34.875,54.875,1.0,23.5323,0
42.395,57.6453,60.4828,1.0145,-2.0054,-0.0734,0.0237,57.8945,60.5043,0.854,0.2973,57.9124,60.493,0.9921,0.2683,0.0001,0.0002,-0.0008,0.0008,0.0,87.22,34.875,54.875,1.0,23.4506,0
42.436,57.5614,60.4798,1.0155,-2.018,-0.0702,0.0217,57.525,60.4881,0.9738,0.0559,57.782,60.4869,0.9916,0.222,0.0001,-0.0003,-0.0009,0.0009,0.0,87.122,34.875,54.875,1.0,23.3685,0
42.478,57.4771,60.477,1.0159,-2.0289,-0.0646,0.0051,57.525,60.4881,0.9738,0.0648,57.7305,60.4839,0.9922,0.2546,0.0003,0.0003,-0.0006,0.0008,0.0,87.083,34.875,54.875,1.0,23.286,0
42.519,57.3923,60.4745,1.016,-2.0395,-0.0571,-0.0,57.525,60.4881,0.9738,0.14,57.6527,60.4799,0.9925,0.2616,0.0006,-0.0002,0.0013,0.0015,0.0,87.025,34.875,54.875,1.0,23.2031,0
42.561,57.3071,60.4724,1.016,-2.0466,-0.0473,-0.0002,57.4053,60.3591,1.0247,0.1501,57.5645,60.4655,0.9976,0.2581,0.0001,-0.0008,-0.0008,0.0012,0.0,86.952,34.875,54.875,1.0,23.1199,0
42.603,57.2217,60.4705,1.0161,-2.0526,-0.0424,0.0032,57.4053,60.3591,1.0247,0.2149,57.4862,60.4656,0.9975,0.2652,-0.0006,-0.0008,0.0003,0.001,0.0,86.896,34.875,54.875,1.0,23.0366,0
42.644,57.1361,60.4688,1.0162,-2.0571,-0.0435,0.0054,57.4053,60.3591,1.0247,0.2908,57.434,60.4658,0.9975,0.2985,0.0004,0.0003,0.0,0.0005,0.0,86.859,34.875,54.875,1.0,22.9531,0
42.686,57.0503,60.4668,1.0166,-2.0614,-0.0486,0.0147,57.2555,60.3312,0.9834,0.2482,57.33,60.4427,0.9926,0.2818,0.0005,0.0001,-0.0003,0.0006,0.0,86.769,34.875,54.875,1.0,22.8694,0
42.727,56.9642,60.4646,1.0174,-2.0688,-0.0569,0.0232,57.2555,60.3312,0.9834,0.3222,57.2775,60.4424,0.9924,0.315,-0.0002,-0.0001,-0.0002,0.0003,0.0,86.731,34.875,54.875,1.0,22.7855,0
42.769,56.8779,60.462,1.0185,-2.0751,-0.0694,0.0255,56.8605,60.5434,1.0731,0.0996,57.1371,60.4526,1.0064,0.2597,-0.0009,0.0001,-0.0006,0.0011,0.0,86.637,34.875,54.875,1.0,22.7011,0
42.811,56.7912,60.4588,1.0194,-2.0827,-0.0805,0.0207,56.8605,60.5434,1.0731,0.1218,57.0839,60.45,1.0066,0.2931,-0.0002,0.0003,0.0007,0.0008,0.0,86.597,34.875,54.875,1.0,22.6164,0
42.852,56.7043,60.4553,1.0202,-2.0894,-0.0896,0.0189,56.8605,60.5434,1.0731,0.187,57.0038,60.4457,1.0067,0.3,-0.0001,-0.0001,0.0008,0.0008,0.0,86.537,34.875,54.875,1.0,22.5313,0
42.894,56.6171,60.4514,1.0211,-2.0952,-0.0952,0.0275,56.7568,60.4682,1.048,0.1433,56.9164,60.4491,1.0117,0.2995,-0.0005,0.001,-0.0006,0.0013,0.0,86.477,34.875,54.875,1.0,22.4458,0
42.935,56.5296,60.4472,1.0224,-2.1064,-0.1036,0.0328,56.7568,60.4682,1.048,0.2297,56.8383,60.4452,1.0114,0.3089,0.0002,0.0006,0.0002,0.0007,0.0,86.419,34.875,54.875,1.0,22.36,0
42.977,56.4415,60.4428,1.0238,-2.1191,-0.1103,0.0343,56.7568,60.4682,1.048,0.3173,56.7857,60.4424,1.0114,0.3444,0.0002,0.0006,-0.0007,0.0009,0.0,86.379,34.875,54.875,1.0,22.2736,0
43.019,56.3529,60.4381,1.0253,-2.1315,-0.1153,0.0425,56.4011,60.5174,0.9316,0.1319,56.6476,60.4491,0.9953,0.2964,0.0007,-0.0003,0.0004,0.0008,0.0,86.288,34.875,54.875,1.0,22.1867,0
43.06,56.2638,60.4331,1.0274,-2.1456,-0.1188,0.0515,56.4011,60.5174,0.9316,0.1874,56.5949,60.4455,0.9951,0.3329,-0.0002,0.0009,-0.0007,0.0011,0.0,86.248,34.875,54.875,1.0,22.0992,0
43.102,56.174,60.4282,1.0296,-2.1614,-0.1204,0.0539,56.4011,60.5174,0.9316,0.2629,56.5151,60.4402,0.995,0.343,0.0002,-0.0001,-0.0004,0.0005,0.0,86.188,34.875,54.875,1.0,22.0111,0
43.143,56.0836,60.4232,1.0317,-2.1772,-0.1177,0.0469,56.064,60.1943,0.9923,0.2331,56.3846,60.3991,0.9966,0.3039,0.0004,0.0,-0.0002,0.0005,0.0,86.067,34.875,54.875,1.0,21.9224,0
43.185,55.9925,60.4183,1.0335,-2.1948,-0.1168,0.0418,56.064,60.1943,0.9923,0.2387,56.3034,60.3956,0.9969,0.3139,0.0006,0.0,-0.0,0.0006,0.0,86.007,34.875,54.875,1.0,21.833,0
43.227,55.9007,60.4134,1.0352,-2.2111,-0.1186,0.0413,56.064,60.1943,0.9923,0.2766,56.2487,60.3933,0.9969,0.3507,0.0006,0.0008,-0.0001,0.001,0.0,85.463,34.875,54.875,1.0,21.7429,0
43.268,55.8083,60.4084,1.0365,-2.2228,-0.1222,0.0204,55.7934,60.433,0.9868,0.0574,56.081,60.3968,0.9999,0.2754,-0.0002,0.0008,-0.001,0.0013,0.0,85.347,34.875,54.875,1.0,21.6523,0
43.31,55.7155,60.4032,1.0372,-2.2295,-0.1292,0.0122,55.7934,60.433,0.9868,0.0975,56.0241,60.3942,1.0002,0.3109,-0.0003,0.0003,-0.0004,0.0006,0.0,85.305,34.875,54.875,1.0,21.5612,0
43.351,55.6226,60.3976,1.0377,-2.2299,-0.1361,0.0185,55.4427,60.3979,1.0185,0.1809,55.8495,60.3922,1.0005,0.23,0.0001,0.0005,0.0024,0.0024,0.0,85.18,34.875,54.875,1.0,21.47,0
43.393,55.5297,60.3917,1.0387,-2.2285,-0.1459,0.028,55.4427,60.3979,1.0185,0.0895,55.7936,60.3895,1.0003,0.2667,-0.0,-0.0001,-0.0003,0.0004,0.0,85.139,34.875,54.875,1.0,21.3788,0
43.435,55.4368,60.3854,1.04,-2.2265,-0.1574,0.0316,55.4427,60.3979,1.0185,0.0255,55.7098,60.3849,1.0002,0.2758,0.0004,-0.0008,0.0005,0.001,0.0,85.076,34.875,54.875,1.0,21.2875,0
43.476,55.3441,60.3786,1.0414,-2.2254,-0.1669,0.0385,55.351,60.2489,1.1129,0.1483,55.5935,60.3537,1.0178,0.2517,0.0005,-0.0008,0.0003,0.001,0.0,84.971,34.875,54.875,1.0,21.1961,0
43.518,55.2514,60.3715,1.0431,-2.2264,-0.1723,0.0433,55.351,60.2489,1.1129,0.1727,55.51,60.3466,1.0176,0.2611,-0.0001,0.0001,-0.0006,0.0006,0.0,84.907,34.875,54.875,1.0,21.1048,0
43.559,55.1586,60.3642,1.045,-2.2277,-0.1755,0.0457,55.351,60.2489,1.1129,0.2344,55.4543,60.3417,1.0175,0.2979,0.0001,0.0006,0.0002,0.0006,0.0,84.864,34.875,54.875,1.0,21.0133,0
43.601,55.0657,60.357,1.0465,-2.2316,-0.1731,0.0284,55.1683,60.1882,0.9364,0.2261,55.3254,60.3097,1.0075,0.2668,-0.0004,0.0006,0.0006,0.001,0.0,84.752,34.875,54.875,1.0,20.9217,0
43.643,54.9726,60.3499,1.0475,-2.2378,-0.169,0.0203,55.1683,60.1882,0.9364,0.2771,55.2703,60.3052,1.0078,0.3037,0.0002,-0.0002,-0.0006,0.0007,0.0,84.71,34.875,54.875,1.0,20.83,0
43.684,54.8791,60.3429,1.0483,-2.2493,-0.1649,0.0182,55.0055,60.342,0.9309,0.1725,55.1494,60.3039,0.9966,0.278,0.0003,-0.0007,-0.0005,0.001,0.0,84.626,34.875,54.875,1.0,20.738,0
43.726,54.7851,60.3361,1.0487,-2.2617,-0.1614,0.0071,55.0055,60.342,0.9309,0.25,55.0932,60.2991,0.997,0.3147,-0.0009,-0.0003,0.0001,0.001,0.0,84.583,34.875,54.875,1.0,20.6455,0
43.767,54.6905,60.3296,1.0489,-2.275,-0.1549,0.0023,55.0055,60.342,0.9309,0.3366,55.0083,60.2923,0.9973,0.3241,-0.0001,-0.0002,0.0011,0.0011,0.0,84.519,34.875,54.875,1.0,20.5526,0
43.809,54.5954,60.3232,1.0492,-2.2881,-0.1482,0.0165,54.7003,60.2618,1.0247,0.1239,54.8985,60.2786,0.9983,0.3106,0.0003,0.0003,-0.0007,0.0008,0.0,84.432,34.875,54.875,1.0,20.4593,0
43.851,54.4998,60.3172,1.0502,-2.3006,-0.1433,0.0267,54.7003,60.2618,1.0247,0.2095,54.8121,60.2708,0.9979,0.32,-0.0004,-0.0,-0.0,0.0004,0.0,84.366,34.875,54.875,1.0,20.3655,0
43.892,54.4037,60.3113,1.0513,-2.3103,-0.138,0.0191,54.4695,60.4031,1.0698,0.1144,54.7009,60.2904,1.0151,0.3001,0.0001,-0.0002,-0.0005,0.0005,0.0,84.3,34.875,54.875,1.0,20.2713,0
43.934,54.3072,60.3056,1.0513,-2.3203,-0.1372,-0.0085,54.4695,60.4031,1.0698,0.1902,54.6132,60.284,1.0163,0.3087,0.0003,0.0004,0.0004,0.0006,0.0,84.234,34.875,54.875,1.0,20.1769,0
43.975,54.2104,60.2999,1.0508,-2.3277,-0.1388,-0.0149,54.4695,60.4031,1.0698,0.2795,54.5544,60.2799,1.0165,0.3463,-0.0001,-0.0002,0.0001,0.0002,0.0,84.19,34.875,54.875,1.0,20.082,0
44.017,54.1133,60.294,1.0503,-2.3319,-0.1428,-0.0048,53.8796,60.3744,0.8538,0.3157,54.3639,60.2872,0.9859,0.2589,-0.0,0.0,-0.0004,0.0004,0.0,84.066,34.875,54.875,1.0,19.987,0
44.059,54.0159,60.288,1.0504,-2.3408,-0.1461,0.0073,53.8796,60.3744,0.8538,0.2544,54.3065,60.2821,0.9856,0.2977,-0.0001,-0.0001,0.0004,0.0004,0.0,84.022,34.875,54.875,1.0,19.8917,0
44.1,53.9182,60.2818,1.0508,-2.3501,-0.1494,0.0096,53.9078,60.2755,1.0776,0.0295,54.1621,60.2756,1.0011,0.249,-0.0003,-0.0007,0.0001,0.0008,0.0,83.915,34.875,54.875,1.0,19.7959,0
44.142,53.82,60.2755,1.0511,-2.362,-0.1514,0.0091,53.9078,60.2755,1.0776,0.0917,54.1037,60.2708,1.0012,0.2881,0.0002,0.0006,0.0003,0.0007,0.0,83.871,34.875,54.875,1.0,19.6998,0
44.183,53.7213,60.2691,1.0516,-2.3732,-0.1579,0.0107,53.9078,60.2755,1.0776,0.1884,54.0156,60.2634,1.0012,0.2986,0.0001,0.0006,-0.0003,0.0007,0.0,83.805,34.875,54.875,1.0,19.6031,0
44.225,53.6223,60.2624,1.052,-2.3809,-0.1641,0.0151,53.5478,60.311,1.06,0.0893,53.8814,60.2685,1.0084,0.2629,0.0003,0.0006,-0.0005,0.0008,0.0,83.714,34.875,54.875,1.0,19.506,0
44.267,53.5229,60.2554,1.053,-2.3869,-0.1709,0.0295,53.5478,60.311,1.06,0.0613,53.7918,60.2612,1.0079,0.2727,-0.0002,-0.0001,-0.0009,0.0009,0.0,84.187,34.875,54.875,1.0,19.4086,0
44.308,53.4234,60.2481,1.0544,-2.3882,-0.1782,0.0335,53.5478,60.311,1.06,0.1395,53.7319,60.2562,1.0078,0.3121,-0.0006,-0.0003,-0.0001,0.0007,0.0,84.142,34.875,54.875,1.0,19.311,0
44.35,53.3239,60.2405,1.0555,-2.3884,-0.1871,0.0224,53.2142,60.2384,0.8902,0.1984,53.5568,60.2508,0.9911,0.2418,-0.0005,-0.0004,0.0011,0.0013,0.0,84.019,34.875,54.875,1.0,19.2134,0
44.391,53.2244,60.2325,1.0563,-2.3886,-0.1966,0.0168,53.2142,60.2384,0.8902,0.1665,53.4971,60.2463,0.9913,0.2807,-0.0004,-0.0003,0.0003,0.0006,0.0,83.975,34.875,54.875,1.0,19.1156,0
44.433,53.1248,60.224,1.057,-2.3907,-0.2105,0.0175,53.2609,60.1546,0.9528,0.1849,53.378,60.2216,0.9848,0.2633,0.0003,-0.0005,-0.0001,0.0006,0.0,83.876,34.875,54.875,1.0,19.0176,0
44.475,53.0252,60.2149,1.0578,-2.3927,-0.2224,0.0197,53.2609,60.1546,0.9528,0.265,53.3184,60.2156,0.9848,0.3022,-0.0001,-0.0012,0.0009,0.0015,0.0,83.83,34.875,54.875,1.0,18.9195,0
44.516,52.9253,60.2054,1.0587,-2.398,-0.2323,0.0212,53.2609,60.1546,0.9528,0.3555,53.2288,60.206,0.9849,0.3123,-0.0002,-0.0006,0.0005,0.0008,0.0,83.762,34.875,54.875,1.0,18.821,0
44.558,52.8253,60.1956,1.0596,-2.4057,-0.2389,0.0152,52.7461,60.2513,1.2215,0.1887,53.0913,60.2048,1.0297,0.2679,0.0001,0.0001,0.0009,0.0009,0.0,83.661,34.875,54.875,1.0,18.7223,0
44.599,52.7248,60.1855,1.0595,-2.4153,-0.2433,-0.0099,52.7461,60.2513,1.2215,0.1761,53.0007,60.1934,1.0307,0.2775,-0.0002,-0.0002,0.0006,0.0007,0.0,83.59,34.875,54.875,1.0,18.6231,0
44.641,52.6239,60.1753,1.0589,-2.4248,-0.2444,-0.0175,52.7461,60.2513,1.2215,0.2171,52.94,60.1857,1.0309,0.3175,-0.0001,0.001,-0.0003,0.001,0.0,83.543,34.875,54.875,1.0,18.5235,0
44.683,52.5228,60.1652,1.0577,-2.4316,-0.2421,-0.0384,52.5523,60.0632,1.0912,0.1113,52.786,60.1637,1.0445,0.2635,0.0008,0.0007,0.001,0.0014,0.0,83.42,34.875,54.875,1.0,18.4237,0
44.724,52.4213,60.1551,1.0559,-2.4381,-0.2447,-0.0465,52.5523,60.0632,1.0912,0.1638,52.7253,60.1583,1.0447,0.3043,-0.0,0.0011,0.0002,0.0011,0.0,83.374,34.875,54.875,1.0,18.3236,0
44.766,52.3195,60.1448,1.0541,-2.445,-0.2492,-0.0315,52.2487,60.0812,0.9519,0.1396,52.5547,60.1361,1.0243,0.2372,0.0004,0.001,-0.0004,0.0012,0.0,83.244,34.875,54.875,1.0,18.2232,0
44.807,52.2175,60.1342,1.0533,-2.4495,-0.2558,-0.0129,52.2487,60.0812,0.9519,0.1186,52.4922,60.13,1.0238,0.2763,-0.0003,0.0008,-0.0006,0.001,0.0,83.197,34.875,54.875,1.0,18.1225,0
44.849,52.1154,60.1234,1.0529,-2.4516,-0.2638,-0.0079,52.0974,60.1888,1.0023,0.0846,52.3465,60.1314,1.0231,0.2331,0.0001,0.0002,0.0004,0.0004,0.0,83.098,34.875,54.875,1.0,18.0217,0
44.891,52.0132,60.1122,1.052,-2.4541,-0.2715,-0.0272,52.0974,60.1888,1.0023,0.1242,52.2846,60.125,1.0237,0.2732,0.0004,-0.0005,-0.0011,0.0013,0.0,83.051,34.875,54.875,1.0,17.9207,0
44.932,51.9109,60.1007,1.0507,-2.4548,-0.2828,-0.0355,52.0974,60.1888,1.0023,0.2119,52.1916,60.1149,1.024,0.2823,0.0005,0.0006,-0.0003,0.0008,0.0,82.98,34.875,54.875,1.0,17.8195,0
44.974,51.8087,60.0886,1.0488,-2.4558,-0.2937,-0.0613,51.8467,59.9563,0.8899,0.2102,52.0745,60.077,1.0078,0.2693,-0.0006,-0.0002,0.0015,0.0016,0.0,82.875,34.875,54.875,1.0,17.7182,0
45.015,51.7062,60.0762,1.0457,-2.4594,-0.2995,-0.0791,51.8467,59.9563,0.8899,0.2417,51.9819,60.064,1.0086,0.2784,-0.0,-0.0005,0.0003,0.0006,0.0,82.802,34.875,54.875,1.0,17.6166,0
45.057,51.6037,60.0637,1.0424,-2.4628,-0.3022,-0.0745,51.6469,60.1279,1.1621,0.1425,51.8753,60.0679,1.0288,0.272,0.0008,-0.0004,0.0011,0.0014,0.0,82.73,34.875,54.875,1.0,17.5149,0
45.099,51.501,60.0512,1.04,-2.4677,-0.2997,-0.0488,51.6469,60.1279,1.1621,0.2052,51.7844,60.0553,1.0277,0.2837,-0.0002,-0.0001,-0.0006,0.0006,0.0,82.659,34.875,54.875,1.0,17.4131,0
45.14,51.398,60.0387,1.0381,-2.4755,-0.2958,-0.0421,51.6469,60.1279,1.1621,0.292,51.7236,60.047,1.0274,0.3259,-0.0005,0.0002,-0.0009,0.001,0.0,82.611,34.875,54.875,1.0,17.3111,0
45.182,51.2947,60.0265,1.0363,-2.4831,-0.2905,-0.046,51.3819,60.1405,0.9526,0.1662,51.5707,60.0508,1.0167,0.2778,-0.0,0.0003,0.0002,0.0003,0.0,82.511,34.875,54.875,1.0,17.2089,0
45.223,51.191,60.0145,1.0343,-2.4895,-0.2872,-0.047,51.3819,60.1405,0.9526,0.2429,51.5081,60.043,1.0168,0.3188,-0.0,0.0001,0.0001,0.0001,0.0,82.463,34.875,54.875,1.0,17.1064,0
45.265,51.0873,60.0026,1.0324,-2.4917,-0.2861,-0.0475,51.1793,59.9162,1.1267,0.1576,51.3727,60.0132,1.0293,0.2857,-0.0013,-0.0005,0.0003,0.0015,0.0,81.923,34.875,54.875,1.0,17.0038,0
45.307,50.9834,59.9907,1.0313,-2.4926,-0.2859,-0.0142,51.1793,59.9162,1.1267,0.2303,51.3107,60.0059,1.0284,0.3277,0.0003,0.0015,-0.0003,0.0015,0.0,81.875,34.875,54.875,1.0,16.9012,0
45.348,50.8795,59.9787,1.031,-2.4946,-0.2869,-0.0047,50.8536,59.8913,1.0563,0.0946,51.1539,59.9783,1.0346,0.2744,0.0003,-0.0009,0.0001,0.0009,0.0,81.749,34.875,54.875,1.0,16.7986,0
45.39,50.7755,59.9667,1.0304,-2.4963,-0.2899,-0.0167,50.8536,59.8913,1.0563,0.1116,51.0918,59.9712,1.0349,0.3163,0.0005,-0.0001,-0.0007,0.0008,0.0,81.701,34.875,54.875,1.0,16.6959,0
45.431,50.6715,59.9545,1.0297,-2.4983,-0.2964,-0.0195,50.8536,59.8913,1.0563,0.1946,50.9986,59.9604,1.0349,0.3273,-0.0008,0.0007,0.0007,0.0013,0.0,81.631,34.875,54.875,1.0,16.5931,0
45.473,50.5674,59.942,1.0289,-2.4988,-0.3024,-0.0209,50.6723,60.0726,1.097,0.1808,50.8888,59.9695,1.046,0.3231,0.0003,-0.0007,0.0004,0.0009,0.0,81.562,34.875,54.875,1.0,16.4902,0
45.515,50.4633,59.9292,1.0279,-2.4969,-0.3112,-0.0245,50.6723,60.0726,1.097,0.2628,50.796,59.9569,1.046,0.3344,-0.0008,0.0004,-0.0004,0.0009,0.0,81.49,34.875,54.875,1.0,16.3872,0
45.556,50.3593,59.9161,1.0268,-2.4956,-0.3199,-0.0257,50.6723,60.0726,1.097,0.357,50.7342,59.9481,1.046,0.3768,0.0004,-0.001,-0.0009,0.0014,0.0,81.442,34.875,54.875,1.0,16.2842,0
45.598,50.2554,59.9026,1.0258,-2.4921,-0.3265,-0.02,50.2333,59.9668,0.9301,0.1174,50.5582,59.9414,1.0247,0.3053,-0.0001,0.001,0.0004,0.001,0.0,81.321,34.875,54.875,1.0,16.1813,0
45.639,50.1516,59.8888,1.0252,-2.488,-0.3332,-0.0126,50.2333,59.9668,0.9301,0.1476,50.4955,59.933,1.0245,0.3467,-0.0008,0.0003,-0.0006,0.0011,0.0,81.273,34.875,54.875,1.0,16.0784,0
45.681,50.048,59.8748,1.0247,-2.4834,-0.3397,-0.0096,49.9356,59.8634,0.8666,0.1944,50.3192,59.9093,1.0001,0.2745,0.0008,0.0003,0.0014,0.0017,0.0,81.14,34.875,54.875,1.0,15.9756,0
45.723,49.9447,59.8605,1.0241,-2.4759,-0.3471,-0.0188,49.9356,59.8634,0.8666,0.1578,50.2568,59.9002,1.0005,0.3154,-0.0005,-0.0006,-0.0005,0.0009,0.0,81.092,34.875,54.875,1.0,15.873,0
45.764,49.8417,59.8458,1.0232,-2.4679,-0.3549,-0.0213,49.9356,59.8634,0.8666,0.1834,50.1635,59.8862,1.0007,0.325,-0.0004,0.001,0.0007,0.0013,0.0,81.019,34.875,54.875,1.0,15.7706,0
45.806,49.7391,59.8309,1.0224,-2.4585,-0.3591,-0.0174,49.8507,59.8955,1.1454,0.1782,50.0475,59.8837,1.0232,0.3129,0.0003,0.0,-0.0001,0.0003,0.0,80.937,34.875,54.875,1.0,15.6686,0
45.847,49.637,59.8158,1.0217,-2.4473,-0.367,-0.014,49.8507,59.8955,1.1454,0.2595,49.9541,59.8713,1.023,0.322,0.0003,0.0009,-0.0001,0.001,0.0,80.865,34.875,54.875,1.0,15.5669,0
45.889,49.5351,59.8003,1.0212,-2.4407,-0.3751,-0.0132,49.8507,59.8955,1.1454,0.3522,49.8922,59.8628,1.023,0.3624,0.0005,0.0006,0.0003,0.0008,0.0,80.817,34.875,54.875,1.0,15.4654,0
45.931,49.4336,59.7844,1.0208,-2.4344,-0.3865,-0.0034,49.6432,59.8869,0.904,0.2609,49.7575,59.8597,1.0015,0.3331,0.0002,-0.0002,-0.0015,0.0015,0.0,80.728,34.875,54.875,1.0,15.3641,0
45.972,49.3323,59.7679,1.0208,-2.4293,-0.4044,-0.001,49.6432,59.8869,0.904,0.3527,49.6958,59.8519,1.0016,0.3735,-0.0005,-0.0001,0.0018,0.0019,0.0,80.681,34.875,54.875,1.0,15.2628,0
46.014,49.2311,59.7507,1.0207,-2.4267,-0.4228,-0.0009,49.3648,59.7216,0.9227,0.1683,49.5613,59.8192,0.9885,0.3387,-0.0001,-0.0007,-0.0008,0.0011,0.0,80.569,34.875,54.875,1.0,15.1615,0
46.055,49.1301,59.7326,1.0207,-2.4243,-0.442,-0.0007,49.3648,59.7216,0.9227,0.2546,49.5006,59.8103,0.9886,0.38,0.001,0.0003,0.0007,0.0012,0.0,80.522,34.875,54.875,1.0,15.06,0
46.097,49.029,59.7138,1.0207,-2.4254,-0.4615,-0.0014,49.3648,59.7216,0.9227,0.3499,49.4097,59.7962,0.9888,0.3907,-0.0005,0.0009,-0.0002,0.001,0.0,80.451,34.875,54.875,1.0,14.9583,0
46.139,48.9279,59.6942,1.0206,-2.429,-0.4773,-0.0065,49.0761,59.5658,1.0578,0.1996,49.2997,59.7442,1.0032,0.3756,0.0001,-0.0009,0.0006,0.0011,0.0,80.338,34.875,54.875,1.0,14.8563,0
46.18,48.8266,59.6739,1.0199,-2.4347,-0.491,-0.0218,49.0761,59.5658,1.0578,0.2746,49.2095,59.727,1.0039,0.3869,0.0,-0.0003,-0.0008,0.0008,0.0,80.265,34.875,54.875,1.0,14.7539,0
46.222,48.7249,59.6533,1.0188,-2.4442,-0.5003,-0.0272,49.0761,59.5658,1.0578,0.364,49.149,59.7152,1.0041,0.4289,-0.0004,-0.0001,-0.0011,0.0012,0.0,80.216,34.875,54.875,1.0,14.651,0
46.263,48.6229,59.6323,1.0174,-2.4535,-0.5036,-0.0391,48.5177,59.695,1.1772,0.2013,48.9509,59.6923,1.035,0.3339,0.0005,-0.0007,-0.0017,0.0019,0.0,80.343,34.875,54.875,1.0,14.5477,0
46.305,48.5205,59.6113,1.0157,-2.4608,-0.503,-0.043,48.5177,59.695,1.1772,0.182,48.8896,59.6799,1.0351,0.3759,-0.0006,0.0001,0.0009,0.0011,0.0,80.293,34.875,54.875,1.0,14.4441,0
46.347,48.4178,59.5905,1.014,-2.4651,-0.4981,-0.0285,48.5896,59.6751,1.0157,0.1915,48.753,59.6602,1.0273,0.3426,0.0004,-0.0,0.001,0.0011,0.0,80.189,34.875,54.875,1.0,14.3403,0
46.388,48.3151,59.5698,1.0133,-2.4671,-0.4921,-0.0126,48.5896,59.6751,1.0157,0.294,48.6914,59.6476,1.0268,0.3846,-0.0002,0.0002,0.0014,0.0014,0.0,80.139,34.875,54.875,1.0,14.2365,0
46.43,48.2123,59.5495,1.0129,-2.4666,-0.4845,-0.0077,48.5896,59.6751,1.0157,0.3977,48.5989,59.6291,1.0266,0.395,0.0006,0.0001,0.0002,0.0007,0.0,80.065,34.875,54.875,1.0,14.1327,0
46.471,48.1095,59.5296,1.0127,-2.4675,-0.4736,0.0017,48.1968,59.4367,0.9543,0.1402,48.4709,59.5881,1.0123,0.3662,0.0009,0.0004,-0.0006,0.0012,0.0,79.952,34.875,54.875,1.0,14.0291,0
46.513,48.0067,59.51,1.013,-2.4661,-0.4662,0.0084,48.1968,59.4367,0.9543,0.212,48.3789,59.5718,1.012,0.3773,-0.0002,0.0009,0.0001,0.0009,0.0,79.879,34.875,54.875,1.0,13.9257,0
46.555,47.9039,59.4907,1.0134,-2.4651,-0.4641,0.0145,47.9629,59.6211,1.012,0.1431,48.2508,59.5677,1.01,0.3553,0.0002,0.0006,-0.0001,0.0006,0.0,79.792,34.875,54.875,1.0,13.8224,0
46.596,47.8013,59.4713,1.0143,-2.4639,-0.4643,0.0264,47.9629,59.6211,1.012,0.2204,48.1577,59.5507,1.0096,0.3652,0.0001,-0.0004,-0.0004,0.0006,0.0,79.718,34.875,54.875,1.0,13.7191,0
46.638,47.6987,59.4519,1.0155,-2.4587,-0.4678,0.0301,47.9629,59.6211,1.012,0.3137,48.0958,59.5393,1.0095,0.4066,0.0001,-0.0007,-0.0007,0.001,0.0,79.669,34.875,54.875,1.0,13.616,0
46.679,47.5964,59.4323,1.0166,-2.454,-0.4724,0.0106,47.5633,59.5271,1.1993,0.2085,47.9146,59.5132,1.0473,0.3297,0.0,-0.0006,-0.0002,0.0006,0.0,79.526,34.875,54.875,1.0,13.5131,0
46.721,47.4943,59.4125,1.0164,-2.4449,-0.4784,-0.0127,47.5633,59.5271,1.1993,0.2266,47.8519,59.4996,1.0479,0.3694,-0.0005,-0.0005,0.0011,0.0013,0.0,79.474,34.875,54.875,1.0,13.4103,0
46.763,47.3927,59.3926,1.0157,-2.4324,-0.478,-0.0211,47.5633,59.5271,1.1993,0.2844,47.7584,59.4791,1.0481,0.3772,-0.0,0.0003,-0.0003,0.0004,0.0,79.398,34.875,54.875,1.0,13.308,0
46.804,47.2917,59.3727,1.0147,-2.4198,-0.4746,-0.0292,47.2785,59.4852,1.0124,0.1133,47.6235,59.471,1.0448,0.3474,-0.0014,-0.0009,0.001,0.0019,0.0,79.304,34.875,54.875,1.0,13.2062,0
46.846,47.1911,59.3531,1.0131,-2.4075,-0.4685,-0.045,47.2785,59.4852,1.0124,0.1584,47.5332,59.4522,1.0453,0.3576,-0.0002,0.0001,0.0001,0.0003,0.0,79.231,34.875,54.875,1.0,13.105,0
46.887,47.091,59.3337,1.0111,-2.399,-0.4643,-0.0502,47.2785,59.4852,1.0124,0.2411,47.4734,59.4398,1.0452,0.3983,0.0001,-0.0008,-0.0015,0.0017,0.0,79.182,34.875,54.875,1.0,13.0043,0
46.929,46.9912,59.3144,1.0091,-2.3947,-0.4602,-0.0311,47.0529,59.3459,1.1243,0.1344,47.3178,59.4056,1.0518,0.3418,-0.0004,0.0002,-0.0001,0.0005,0.0,79.054,34.875,54.875,1.0,12.9039,0
46.971,46.8914,59.2952,1.0084,-2.3945,-0.46,-0.0092,47.0529,59.3459,1.1243,0.2051,47.2586,59.3933,1.0509,0.3824,0.0002,-0.0001,-0.0,0.0002,0.0,79.007,34.875,54.875,1.0,12.8036,0
47.012,46.7916,59.2761,1.0082,-2.3994,-0.4609,-0.006,46.8122,59.122,0.7664,0.2875,47.099,59.3297,1.0051,0.3121,0.0003,-0.0003,-0.0006,0.0007,0.0,78.861,34.875,54.875,1.0,12.7033,0
47.054,46.6914,59.2568,1.0079,-2.4062,-0.4641,-0.0084,46.8122,59.122,0.7664,0.3018,47.0393,59.3171,1.0052,0.3531,0.0002,0.0001,0.0004,0.0005,0.0,78.812,34.875,54.875,1.0,12.6027,0
47.095,46.591,59.2373,1.0075,-2.4142,-0.469,-0.0087,46.8122,59.122,0.7664,0.347,46.9496,59.298,1.0052,0.3637,0.0004,-0.0002,0.0007,0.0008,0.0,78.74,34.875,54.875,1.0,12.5018,0
47.137,46.4902,59.2177,1.0076,-2.4218,-0.473,0.0206,46.5463,59.1395,0.9494,0.1125,46.8203,59.2556,0.9892,0.3327,-0.0,0.0,0.0005,0.0005,0.0,78.626,34.875,54.875,1.0,12.4005,0
47.179,46.3891,59.1978,1.009,-2.4311,-0.4807,0.0412,46.5463,59.1395,0.9494,0.1779,46.7294,59.2349,0.9885,0.3429,0.0008,-0.0,-0.0001,0.0008,0.0,78.551,34.875,54.875,1.0,12.2988,0
47.22,46.2876,59.1776,1.0109,-2.4394,-0.4878,0.0466,46.5463,59.1395,0.9494,0.2686,46.6685,59.2209,0.9884,0.384,0.0007,-0.0009,-0.0011,0.0016,0.0,78.501,34.875,54.875,1.0,12.1968,0
47.262,46.1858,59.1572,1.0121,-2.4451,-0.4923,0.0128,46.3535,59.1651,1.0577,0.1739,46.522,59.199,1.0072,0.3388,0.0004,-0.0001,-0.0001,0.0004,0.0,78.276,34.875,54.875,1.0,12.0943,0
47.303,46.0839,59.1365,1.0123,-2.4492,-0.4995,-0.0003,46.3535,59.1651,1.0577,0.2749,46.4604,59.1866,1.0076,0.3799,0.0001,0.0003,-0.0004,0.0005,0.0,78.227,34.875,54.875,1.0,11.9916,0
47.345,45.9818,59.1155,1.0122,-2.4505,-0.5078,-0.0053,45.8014,59.0933,0.8306,0.2569,46.2618,59.152,0.979,0.2844,-0.0007,-0.0002,0.0004,0.0008,0.0,78.077,34.875,54.875,1.0,11.8888,0
47.387,45.8797,59.0941,1.0119,-2.4511,-0.5202,-0.0082,45.8014,59.0933,0.8306,0.1974,46.1999,59.1386,0.9793,0.325,0.0002,-0.0014,-0.0007,0.0016,0.0,78.027,34.875,54.875,1.0,11.7857,0
47.428,45.7775,59.0721,1.0116,-2.4496,-0.5329,-0.0079,45.8007,59.0918,1.0547,0.0527,46.0533,59.1156,0.9923,0.2799,0.0005,0.0001,0.0006,0.0008,0.0,77.914,34.875,54.875,1.0,11.6825,0
47.47,45.6756,59.0496,1.0112,-2.4453,-0.5472,-0.0106,45.8007,59.0918,1.0547,0.139,45.9921,59.1024,0.9925,0.3215,-0.001,-0.0003,-0.0015,0.0018,0.0,77.865,34.875,54.875,1.0,11.5793,0
47.511,45.5738,59.0265,1.0107,-2.4392,-0.5627,-0.0118,45.8007,59.0918,1.0547,0.2401,45.9006,59.0819,0.9927,0.3319,0.0001,-0.0007,-0.0018,0.0019,0.0,77.791,34.875,54.875,1.0,11.476,0
47.553,45.4722,59.0027,1.0102,-2.4369,-0.5779,-0.0106,45.6207,58.8675,0.9745,0.2039,45.7961,59.0291,0.989,0.3256,0.0002,0.0009,0.0003,0.001,0.0,77.684,34.875,54.875,1.0,11.3727,0
47.595,45.3708,58.9782,1.0099,-2.4323,-0.5925,-0.0067,45.6207,58.8675,0.9745,0.2756,45.7043,59.0054,0.989,0.3352,0.0003,-0.0008,0.0008,0.0012,0.0,77.608,34.875,54.875,1.0,11.2694,0
47.636,45.2696,58.9533,1.0096,-2.4265,-0.603,-0.0054,45.6207,58.8675,0.9745,0.3631,45.6432,58.9892,0.9891,0.3759,-0.0008,0.0015,-0.0002,0.0017,0.0,77.556,34.875,54.875,1.0,11.166,0
47.678,45.1686,58.928,1.0095,-2.4217,-0.6073,-0.0017,45.1247,58.9616,1.0532,0.0705,45.4621,58.9644,0.999,0.2959,0.0005,-0.0001,-0.0001,0.0005,0.0,77.42,34.875,54.875,1.0,11.0628,0
47.719,45.0678,58.9027,1.0094,-2.4164,-0.6093,-0.0008,45.1247,58.9616,1.0532,0.0928,45.4004,58.9488,0.9991,0.3359,-0.0006,0.0005,0.0016,0.0017,0.0,77.369,34.875,54.875,1.0,10.9597,0
47.761,44.9673,58.8773,1.0095,-2.408,-0.6109,0.012,44.8969,58.7323,1.119,0.1949,45.2335,58.8903,1.0147,0.2666,0.0003,0.0001,0.0001,0.0003,0.0,77.216,34.875,54.875,1.0,10.8569,0
47.803,44.8671,58.8518,1.0104,-2.403,-0.6125,0.0267,44.8969,58.7323,1.119,0.1642,45.1731,58.8744,1.0142,0.3068,-0.0003,0.0002,0.002,0.002,0.0,77.166,34.875,54.875,1.0,10.7544,0
47.844,44.7671,58.8262,1.0115,-2.3997,-0.6139,0.0187,44.7391,58.7031,0.9948,0.1273,45.0188,58.8251,1.0148,0.2517,-0.0007,0.0002,-0.0001,0.0007,0.0,77.03,34.875,54.875,1.0,10.652,0
47.886,44.6671,58.8006,1.012,-2.3995,-0.617,0.007,44.7391,58.7031,0.9948,0.1224,44.9587,58.8093,1.0151,0.2918,-0.0009,0.0007,-0.0013,0.0017,0.0,76.98,34.875,54.875,1.0,10.5497,0
47.927,44.5671,58.7748,1.0122,-2.4018,-0.6214,0.0034,44.7391,58.7031,0.9948,0.1871,44.8688,58.7855,1.0152,0.302,-0.001,-0.0002,0.0006,0.0012,0.0,76.905,34.875,54.875,1.0,10.4472,0
47.969,44.467,58.7488,1.0123,-2.4032,-0.6276,-0.0008,44.5257,58.6914,0.9739,0.0906,44.7542,58.751,1.0101,0.2873,0.0003,-0.0003,-0.0013,0.0014,0.0,76.807,34.875,54.875,1.0,10.3447,0
48.011,44.3667,58.7225,1.012,-2.4082,-0.6325,-0.0087,44.5257,58.6914,0.9739,0.1664,44.6632,58.7248,1.0104,0.2965,-0.0003,0.0001,-0.0,0.0003,0.0,76.729,34.875,54.875,1.0,10.2419,0
48.052,44.2663,58.6961,1.0116,-2.4123,-0.6335,-0.0108,44.5257,58.6914,0.9739,0.2622,44.6024,58.7073,1.0105,0.3363,-0.0002,0.0003,0.0005,0.0006,0.0,76.677,34.875,54.875,1.0,10.1389,0
48.094,44.1657,58.6697,1.0113,-2.4125,-0.6313,0.0001,44.1584,58.9782,0.9786,0.3102,44.4412,58.7341,1.0012,0.2831,0.0004,0.0012,0.0016,0.002,0.0,76.597,34.875,54.875,1.0,10.0358,0
48.135,44.0653,58.6435,1.0116,-2.4097,-0.6314,0.0129,44.1584,58.9782,0.9786,0.349,44.3803,58.718,1.0008,0.3239,0.0001,0.0008,-0.0005,0.0009,0.0,76.546,34.875,54.875,1.0,9.9329,0
48.177,43.965,58.6171,1.0122,-2.4058,-0.6329,0.0172,43.9336,58.782,0.9315,0.1863,44.2213,58.7057,0.9909,0.272,0.0009,0.0003,0.0,0.0009,0.0,76.438,34.875,54.875,1.0,9.8301,0
48.219,43.8649,58.5906,1.0128,-2.3991,-0.6372,0.0094,43.9336,58.782,0.9315,0.219,44.1597,58.6889,0.9913,0.3115,0.0001,0.0008,0.0009,0.0012,0.0,76.387,34.875,54.875,1.0,9.7275,0
48.26,43.7651,58.564,1.0131,-2.391,-0.6423,0.0067,43.9336,58.782,0.9315,0.2874,44.0677,58.6636,0.9916,0.3193,0.0001,-0.0008,-0.0003,0.0008,0.0,76.687,34.875,54.875,1.0,9.6251,0
48.302,43.6657,58.537,1.0133,-2.381,-0.6503,0.0032,43.6493,58.735,1.1128,0.2221,43.9442,58.6644,1.0128,0.3062,-0.0,0.0001,-0.001,0.001,0.0,76.607,34.875,54.875,1.0,9.523,0
48.343,43.5667,58.5097,1.0133,-2.3728,-0.6625,-0.0036,43.6493,58.735,1.1128,0.2598,43.8544,58.6402,1.013,0.316,0.0,0.0004,0.0004,0.0006,0.0,76.531,34.875,54.875,1.0,9.4211,0
48.385,43.468,58.4818,1.0131,-2.3666,-0.6771,-0.0044,43.6493,58.735,1.1128,0.327,43.7948,58.6236,1.013,0.3563,-0.0002,-0.0003,-0.0013,0.0013,0.0,76.481,34.875,54.875,1.0,9.3192,0
48.427,43.3694,58.4532,1.0128,-2.3629,-0.6926,-0.0097,43.5455,58.4007,1.196,0.2594,43.6684,58.5547,1.0451,0.3174,-0.0004,0.0005,-0.0004,0.0007,0.0,76.344,34.875,54.875,1.0,9.2173,0
48.468,43.271,58.4241,1.0123,-2.3616,-0.7028,-0.0163,43.5455,58.4007,1.196,0.3311,43.6092,58.5356,1.045,0.3576,-0.0001,-0.0011,0.0012,0.0016,0.0,76.292,34.875,54.875,1.0,9.1153,0
48.51,43.1727,58.3946,1.0115,-2.3612,-0.7096,-0.0175,43.5455,58.4007,1.196,0.416,43.5205,58.5064,1.0447,0.3669,0.0002,0.0001,-0.0004,0.0005,0.0,76.214,34.875,54.875,1.0,9.0133,0
48.551,43.0742,58.365,1.0109,-2.3639,-0.7126,-0.0085,43.2476,58.3477,0.9562,0.1826,43.4125,58.4605,1.0276,0.352,-0.0005,-0.0003,0.0013,0.0014,0.0,76.113,34.875,54.875,1.0,8.9111,0
48.593,42.9756,58.3352,1.0108,-2.3678,-0.7148,-0.0011,43.2476,58.3477,0.9562,0.2777,43.3231,58.4311,1.0271,0.3608,-0.0002,-0.0009,0.0014,0.0017,0.0,76.034,34.875,54.875,1.0,8.8087,0
48.635,42.8769,58.3055,1.0108,-2.3704,-0.7127,0.0016,42.9887,58.3513,0.9798,0.1247,43.2131,58.4084,1.019,0.3517,0.0006,-0.0006,-0.0003,0.0009,0.0,75.949,34.875,54.875,1.0,8.7063,0
48.676,42.7781,58.2758,1.0109,-2.3732,-0.714,0.0025,42.9887,58.3513,0.9798,0.2259,43.1237,58.3829,1.0188,0.3619,0.0007,-0.0005,-0.0003,0.0009,0.0,75.873,34.875,54.875,1.0,8.6037,0
48.718,42.6791,58.2459,1.011,-2.3756,-0.7209,0.0031,42.9887,58.3513,0.9798,0.3285,43.064,58.3657,1.0187,0.4031,0.0003,0.0011,-0.0017,0.0021,0.0,75.822,34.875,54.875,1.0,8.501,0
48.759,42.5801,58.2156,1.0111,-2.3769,-0.7324,0.0031,42.5426,58.257,1.1528,0.1523,42.8935,58.3206,1.0443,0.3321,-0.0002,0.0009,0.0004,0.001,0.0,75.677,34.875,54.875,1.0,8.3981,0
48.801,42.481,58.1848,1.0107,-2.3806,-0.7459,-0.0173,42.5426,58.257,1.1528,0.1709,42.8334,58.3019,1.0446,0.373,0.0,0.0007,0.0001,0.0007,0.0,75.625,34.875,54.875,1.0,8.2949,0
48.843,42.3817,58.1534,1.0099,-2.383,-0.7591,-0.0231,42.5426,58.257,1.1528,0.2389,42.7432,58.2734,1.0444,0.3825,-0.0003,0.0003,0.0005,0.0006,0.0,75.547,34.875,54.875,1.0,8.1914,0
48.884,42.2824,58.1215,1.0089,-2.3835,-0.7711,-0.0228,42.1202,58.3337,1.0136,0.2672,42.5806,58.2707,1.0385,0.3348,-0.0003,0.0004,-0.0005,0.0007,0.0,75.444,34.875,54.875,1.0,8.0876,0
48.926,42.1831,58.0891,1.008,-2.384,-0.7853,-0.0216,42.1202,58.3337,1.0136,0.2527,42.4905,58.2429,1.0381,0.3451,0.0,-0.0,0.0022,0.0022,0.0,75.366,34.875,54.875,1.0,7.9836,0
48.967,42.0838,58.056,1.0071,-2.383,-0.7989,-0.0218,42.1202,58.3337,1.0136,0.2801,42.4305,58.2239,1.0379,0.3864,0.0,0.0,-0.0001,0.0001,0.0,75.314,34.875,54.875,1.0,7.8795,0
49.009,41.9845,58.0223,1.0067,-2.3819,-0.8178,0.0019,42.1396,58.064,1.1588,0.2212,42.2901,58.166,1.0523,0.3408,-0.0003,0.0007,-0.0005,0.0009,0.0,75.18,34.875,54.875,1.0,7.775,0
49.051,41.8853,57.9878,1.007,-2.3796,-0.8343,0.0118,42.1396,58.064,1.1588,0.3057,42.2299,58.1458,1.0517,0.3817,-0.0006,-0.0004,-0.0003,0.0008,0.0,75.127,34.875,54.875,1.0,7.6704,0
49.092,41.7863,57.9528,1.0075,-2.3763,-0.8477,0.0098,41.9184,57.8843,1.1002,0.1754,42.0879,58.072,1.0603,0.3286,0.0002,-0.0007,0.0009,0.0011,0.0,74.981,34.875,54.875,1.0,7.5656,0
49.134,41.6873,57.9172,1.0078,-2.3736,-0.8585,0.0052,41.9184,57.8843,1.1002,0.2511,42.0267,58.0506,1.06,0.3684,-0.0004,-0.0,-0.0005,0.0006,0.0,74.926,34.875,54.875,1.0,7.4607,0
49.175,41.5885,57.8812,1.008,-2.3685,-0.865,0.0049,41.6775,57.8996,1.0894,0.122,41.886,57.9985,1.0656,0.3249,-0.0,-0.0005,-0.0001,0.0005,0.0,74.798,34.875,54.875,1.0,7.3559,0
49.217,41.49,57.8451,1.0079,-2.3593,-0.8678,-0.0047,41.6775,57.8996,1.0894,0.2116,41.8247,57.9772,1.0655,0.3644,0.0003,0.0002,0.0,0.0003,0.0,74.743,34.875,54.875,1.0,7.2512,0
49.259,41.3919,57.809,1.0076,-2.3499,-0.8682,-0.0078,41.6775,57.8996,1.0894,0.3106,41.7333,57.9453,1.065,0.372,-0.0,-0.001,-0.0004,0.0011,0.0,74.459,34.875,54.875,1.0,7.1469,0
49.3,41.2943,57.7728,1.0074,-2.3381,-0.8665,-0.0016,41.3427,57.725,1.0252,0.0703,41.6147,57.8847,1.0565,0.343,0.0004,-0.001,-0.0014,0.0017,0.0,74.34,34.875,54.875,1.0,7.0431,0
49.342,41.1971,57.7368,1.0074,-2.3299,-0.861,0.0017,41.3427,57.725,1.0252,0.1472,41.5267,57.8519,1.0557,0.3524,0.0003,0.0011,0.0001,0.0011,0.0,74.26,34.875,54.875,1.0,6.9396,0
49.383,41.1001,57.7011,1.0076,-2.3253,-0.8541,0.0037,41.3427,57.725,1.0252,0.2444,41.4683,57.8301,1.0552,0.393,0.0005,0.0002,-0.0016,0.0017,0.0,74.207,34.875,54.875,1.0,6.8366,0
49.425,41.0032,57.6657,1.0073,-2.3259,-0.849,-0.0145,41.1316,57.7916,1.1711,0.2432,41.3259,57.797,1.0767,0.3552,-0.0002,0.001,0.0014,0.0017,0.0,74.091,34.875,54.875,1.0,6.7337,0
49.467,40.9063,57.6303,1.0065,-2.3277,-0.8469,-0.0212,41.1316,57.7916,1.1711,0.3223,41.2679,57.7768,1.0762,0.3963,-0.0008,-0.0004,0.0007,0.0012,0.0,74.039,34.875,54.875,1.0,6.6308,0
49.508,40.8092,57.595,1.0057,-2.3325,-0.8497,-0.0153,40.8483,57.4579,0.9647,0.1483,41.1128,57.697,1.0551,0.3241,-0.0,0.0005,-0.0005,0.0008,0.0,73.885,34.875,54.875,1.0,6.5278,0
49.55,40.7118,57.5595,1.0053,-2.3389,-0.8538,-0.0069,40.8483,57.4579,0.9647,0.1749,41.0537,57.6772,1.0544,0.3649,0.0001,0.0001,0.0012,0.0012,0.0,73.833,34.875,54.875,1.0,6.4246,0
49.591,40.6143,57.5238,1.0051,-2.3434,-0.8595,-0.0039,40.73,57.4023,1.096,0.1909,40.9252,57.6016,1.0583,0.3249,0.0006,0.0005,0.0003,0.0008,0.0,73.695,34.875,54.875,1.0,6.321,0
49.633,40.5166,57.4877,1.0053,-2.3462,-0.8717,0.0093,40.73,57.4023,1.096,0.2472,40.8669,57.5801,1.0574,0.3661,-0.0003,0.0006,-0.0012,0.0014,0.0,73.643,34.875,54.875,1.0,6.2172,0
49.675,40.4187,57.4512,1.0058,-2.3501,-0.8799,0.0133,40.73,57.4023,1.096,0.3278,40.7794,57.5474,1.0564,0.3767,-0.0,-0.0004,-0.0003,0.0005,0.0,73.564,34.875,54.875,1.0,6.1131,0
49.716,40.3206,57.4144,1.0063,-2.3577,-0.8871,0.0086,40.465,57.491,0.9438,0.175,40.6692,57.5196,1.0408,0.3657,0.0,-0.0008,-0.0006,0.001,0.0,73.477,34.875,54.875,1.0,6.0086,0
49.758,40.2222,57.3773,1.0062,-2.3642,-0.8905,-0.0078,40.465,57.491,0.9438,0.2752,40.5793,57.487,1.0411,0.3751,0.0002,-0.0008,-0.0005,0.001,0.0,73.396,34.875,54.875,1.0,5.9038,0
49.799,40.1237,57.3401,1.0057,-2.3677,-0.8941,-0.0139,40.465,57.491,0.9438,0.3783,40.5193,57.4652,1.0409,0.4164,0.001,0.0005,-0.0003,0.0012,0.0,73.343,34.875,54.875,1.0,5.7987,0
49.841,40.025,57.3028,1.0051,-2.3685,-0.8984,-0.014,40.2034,57.4878,0.8587,0.2959,40.3796,57.4345,1.0106,0.3783,-0.0004,0.0002,-0.0009,0.001,0.0,73.238,34.875,54.875,1.0,5.6935,0
49.883,39.9263,57.2652,1.0046,-2.3671,-0.9022,-0.0118,40.2034,57.4878,0.8587,0.3842,40.3191,57.4117,1.0105,0.4193,0.0001,-0.0001,-0.0003,0.0003,0.0,73.183,34.875,54.875,1.0,5.5883,0
49.924,39.8278,57.2276,1.0042,-2.3602,-0.9031,-0.01,39.8057,57.3543,0.9027,0.1638,40.1572,57.3701,0.9898,0.3592,0.0001,-0.0005,0.0009,0.0011,0.0,73.055,34.875,54.875,1.0,5.4832,0
49.966,39.7297,57.19,1.0043,-2.3518,-0.9043,0.012,39.8057,57.3543,0.9027,0.2077,40.0982,57.3467,0.9893,0.4008,0.0,-0.0007,0.0001,0.0007,0.0,73.001,34.875,54.875,1.0,5.3784,0
50.007,39.6318,57.1522,1.005,-2.3461,-0.9075,0.0199,39.8057,57.3543,0.9027,0.2856,40.0101,57.3117,0.9892,0.4108,0.0001,-0.0002,-0.0005,0.0005,0.0,72.92,34.875,54.875,1.0,5.2738,0
50.049,39.5342,57.1144,1.006,-2.3399,-0.9091,0.0253,39.6308,56.9881,0.8954,0.1936,39.8881,57.2352,0.9736,0.3753,-0.0001,0.0002,-0.0008,0.0008,0.0,72.788,34.875,54.875,1.0,5.1694,0
50.091,39.4369,57.0764,1.0071,-2.3333,-0.9124,0.0277,39.6308,56.9881,0.8954,0.2406,39.8002,57.2,0.974,0.3852,0.0003,-0.0002,0.001,0.0011,0.0,72.707,34.875,54.875,1.0,5.0653,0
50.132,39.3397,57.0383,1.0082,-2.3296,-0.9162,0.0266,39.6308,56.9881,0.8954,0.3162,39.7417,57.1764,0.9743,0.4264,0.0002,-0.0005,0.0003,0.0007,0.0,72.653,34.875,54.875,1.0,4.9612,0
50.174,39.2427,57.0001,1.0098,-2.3272,-0.9176,0.0501,39.2149,57.0115,1.0202,0.0318,39.565,57.1152,0.9774,0.3437,-0.0006,-0.0007,0.0006,0.0011,0.0,72.498,34.875,54.875,1.0,4.8573,0
50.215,39.1457,56.9618,1.0122,-2.3281,-0.9204,0.0605,39.2149,57.0115,1.0202,0.0855,39.5065,57.0919,0.9774,0.3851,-0.0002,0.0001,0.001,0.001,0.0,72.444,34.875,54.875,1.0,4.7533,0
50.257,39.0487,56.9234,1.0148,-2.3309,-0.9246,0.0635,39.1676,57.0398,1.0574,0.1718,39.3684,57.0547,0.9945,0.3463,0.0004,-0.0004,-0.0001,0.0006,0.0,72.451,34.875,54.875,1.0,4.6493,0
50.299,38.9515,56.8848,1.0168,-2.3336,-0.9286,0.0391,39.1676,57.0398,1.0574,0.2691,39.3091,57.032,0.9953,0.3873,0.0001,0.0006,0.0008,0.001,0.0,72.397,34.875,54.875,1.0,4.545,0
50.34,38.8542,56.8459,1.0182,-2.3362,-0.9366,0.0311,39.1676,57.0398,1.0574,0.3706,39.2198,56.9976,0.9958,0.3965,0.0002,-0.0005,-0.0002,0.0006,0.0,72.316,34.875,54.875,1.0,4.4406,0
50.382,38.7568,56.8066,1.0192,-2.3372,-0.9468,0.0152,38.8305,56.8913,1.1564,0.1772,39.097,56.9552,1.0247,0.3712,0.0003,-0.0001,0.0004,0.0005,0.0,72.205,34.875,54.875,1.0,4.3359,0
50.423,38.6594,56.7669,1.0196,-2.3369,-0.9584,0.0045,38.8305,56.8913,1.1564,0.2519,39.0083,56.9194,1.0248,0.3807,0.0002,-0.0001,0.0013,0.0014,0.0,72.123,34.875,54.875,1.0,4.2311,0
50.465,38.5621,56.7267,1.0196,-2.3365,-0.971,-0.0042,38.4669,56.5417,0.9821,0.2114,38.861,56.8355,1.0194,0.3181,0.0003,0.0003,0.0023,0.0023,0.0,71.97,34.875,54.875,1.0,4.126,0
50.507,38.4648,56.686,1.0193,-2.3331,-0.9822,-0.0081,38.4669,56.5417,0.9821,0.149,38.7722,56.7992,1.0192,0.3275,-0.0004,-0.0004,-0.0008,0.001,0.0,71.888,34.875,54.875,1.0,4.0208,0
50.548,38.3676,56.6449,1.0189,-2.3306,-0.9914,-0.0081,38.4669,56.5417,0.9821,0.1478,38.7131,56.7747,1.019,0.369,0.0006,0.0006,0.0005,0.001,0.0,71.833,34.875,54.875,1.0,3.9155,0
50.59,38.2706,56.6033,1.0186,-2.329,-1.0019,-0.0081,38.3589,56.664,1.151,0.1704,38.5784,56.7198,1.0438,0.3301,-0.0004,0.0005,0.0005,0.0008,0.0,71.706,34.875,54.875,1.0,3.8102,0
50.631,38.1736,56.5614,1.0176,-2.329,-1.0104,-0.0314,38.3589,56.664,1.151,0.2504,38.5207,56.6939,1.0439,0.3726,0.0,0.0011,-0.001,0.0015,0.0,71.651,34.875,54.875,1.0,3.7047,0
50.673,38.0764,56.5191,1.0161,-2.3339,-1.0168,-0.0389,38.3589,56.664,1.151,0.3449,38.4342,56.6548,1.0433,0.3836,-0.0,-0.0005,-0.0004,0.0006,0.012,71.568,34.875,54.875,1.0,3.5989,0
50.715,37.979,56.4766,1.0148,-2.3392,-1.021,-0.0184,38.1256,56.6045,1.0761,0.2039,38.3203,56.6213,1.0426,0.3717,-0.0006,0.0005,-0.001,0.0013,0.045,71.474,34.875,54.875,1.0,3.4929,0
50.756,37.8815,56.4341,1.0145,-2.3433,-1.0202,-0.0012,38.1256,56.6045,1.0761,0.304,38.2321,56.5824,1.0409,0.3816,-0.0006,-0.0001,0.0012,0.0014,0.084,71.391,34.875,54.875,1.0,3.3867,0
50.798,37.7838,56.3916,1.0146,-2.3438,-1.0171,0.005,38.1256,56.6045,1.0761,0.4073,38.1731,56.5564,1.0402,0.4235,-0.0015,0.0006,0.0004,0.0017,0.11,71.335,34.875,54.875,1.0,3.2805,0
50.839,37.6862,56.3495,1.0154,-2.3424,-1.0065,0.0351,37.707,56.1608,0.8078,0.2814,38.0035,56.4491,0.9976,0.3331,-0.0005,0.0002,-0.0003,0.0006,0.218,71.156,34.875,54.875,1.0,3.1744,0
50.881,37.5886,56.308,1.0173,-2.3404,-0.9834,0.0499,37.707,56.1608,0.8078,0.2821,37.9442,56.4236,0.9975,0.3745,-0.0002,-0.0001,0.0001,0.0003,0.243,71.1,34.875,54.875,1.0,3.0688,0
50.923,37.4912,56.2678,1.0195,-2.3368,-0.9491,0.0551,37.404,56.3754,1.0653,0.1459,37.7735,56.381,1.0132,0.3042,-0.0004,0.0006,-0.0011,0.0013,0.286,70.963,34.875,54.875,1.0,2.9639,0
50.964,37.3939,56.2292,1.021,-2.3329,-0.9047,0.026,37.404,56.3754,1.0653,0.1531,37.7146,56.357,1.0141,0.3453,-0.0002,-0.0002,0.0002,0.0004,0.31,70.909,34.875,54.875,1.0,2.8599,0
51.006,37.2968,56.1928,1.0218,-2.3276,-0.8491,0.0148,37.404,56.3754,1.0653,0.2162,37.6265,56.3235,1.0146,0.3548,0.0003,-0.001,0.0002,0.0011,0.343,70.83,34.875,54.875,1.0,2.7572,0
51.047,37.2,56.1587,1.0223,-2.3218,-0.7893,0.0029,37.0155,56.1504,0.9218,0.2102,37.4658,56.2728,1.0034,0.2899,-0.0002,0.0015,-0.0002,0.0015,0.394,70.696,34.875,54.875,1.0,2.6559,0
51.089,37.1034,56.1272,1.0218,-2.3145,-0.7278,-0.0195,37.0155,56.1504,0.9218,0.1351,37.3776,56.2438,1.0046,0.2984,0.0003,0.0001,0.0015,0.0015,0.423,70.621,34.875,54.875,1.0,2.5562,0
51.131,37.0071,56.0984,1.0207,-2.308,-0.6609,-0.0304,37.0155,56.1504,0.9218,0.1121,37.319,56.2265,1.0048,0.3375,-0.0001,-0.0013,0.0011,0.0017,0.44,70.573,34.875,54.875,1.0,2.4583,0
51.172,36.9111,56.0724,1.0195,-2.3014,-0.5962,-0.0267,37.0291,56.0088,0.9624,0.1457,37.1855,56.1709,0.9965,0.2924,-0.0001,-0.0001,0.0,0.0001,0.496,70.451,34.875,54.875,1.0,2.3621,0
51.214,36.8153,56.0489,1.0184,-2.2967,-0.5393,-0.0265,37.0291,56.0088,0.9624,0.2246,37.1279,56.1584,0.9964,0.332,-0.0001,0.0008,0.0003,0.0009,0.508,70.407,34.875,54.875,1.0,2.2678,0
51.255,36.7197,56.0275,1.0173,-2.2942,-0.4939,-0.0264,36.7013,56.0462,1.1099,0.0963,36.9776,56.1224,1.014,0.2748,0.0001,0.0001,0.0006,0.0006,0.544,70.25,34.875,54.875,1.0,2.1752,0
51.297,36.6241,56.0078,1.0162,-2.2914,-0.4573,-0.0242,36.7013,56.0462,1.1099,0.1273,36.9199,56.112,1.0135,0.3136,0.0006,-0.0004,0.0003,0.0008,0.555,70.208,34.875,54.875,1.0,2.084,0
51.339,36.5287,55.9893,1.0153,-2.2879,-0.4321,-0.0227,36.7013,56.0462,1.1099,0.2049,36.8334,56.0979,1.0129,0.3234,0.0,-0.0007,0.0011,0.0013,0.569,70.146,34.875,54.875,1.0,1.9942,0
51.38,36.4336,55.9718,1.0144,-2.281,-0.4158,-0.0212,36.7013,56.0462,1.1099,0.2939,36.7759,56.0892,1.0124,0.3619,-0.0005,-0.0009,-0.0008,0.0013,0.577,70.105,34.875,54.875,1.0,1.9058,0
51.422,36.3387,55.9546,1.0137,-2.2707,-0.4073,-0.0117,36.3734,56.0261,1.1455,0.1539,36.6208,56.056,1.0308,0.3002,0.0007,-0.0007,0.0003,0.0011,0.611,69.985,34.875,54.875,1.0,1.8189,0
51.463,36.2443,55.9377,1.0133,-2.2609,-0.4051,-0.0086,36.3734,56.0261,1.1455,0.2048,36.5641,56.0458,1.0299,0.338,-0.0,0.0004,-0.0016,0.0016,0.621,69.944,34.875,54.875,1.0,1.7334,0
51.505,36.1504,55.9208,1.0125,-2.2514,-0.4068,-0.0517,36.0661,56.0627,1.0517,0.1696,36.3993,56.0284,1.0366,0.2722,0.0001,-0.0003,0.0003,0.0004,0.638,69.832,34.875,54.875,1.0,1.6494,0
51.547,36.0566,55.9036,1.0094,-2.2513,-0.4232,-0.0823,36.0661,56.0627,1.0517,0.1649,36.3433,56.0164,1.0348,0.3091,-0.001,-0.001,0.0004,0.0015,0.65,69.79,34.875,54.875,1.0,1.5666,0
51.588,35.9623,55.8851,1.0063,-2.2806,-0.4671,-0.0601,36.0661,56.0627,1.0517,0.2107,36.2587,55.9971,1.0319,0.3178,-0.0003,0.0002,-0.0009,0.0009,0.67,69.726,34.875,54.875,1.0,1.4841,0
51.63,35.8658,55.8638,1.0042,-2.3515,-0.5498,-0.0515,35.9852,55.8075,1.0128,0.1323,36.1501,55.9545,1.0311,0.2996,-0.0001,-0.0009,0.0001,0.0009,0.712,69.628,34.875,54.875,1.0,1.3998,0
51.671,35.7656,55.8384,1.0017,-2.4478,-0.6637,-0.0694,35.9852,55.8075,1.0128,0.222,36.0579,55.9294,1.0306,0.3075,0.0006,0.0004,-0.0005,0.0009,0.737,69.555,34.875,54.875,1.0,1.312,0
51.713,35.6613,55.8078,0.9981,-2.5504,-0.795,-0.1031,35.9852,55.8075,1.0128,0.3242,35.9933,55.9089,1.0295,0.3485,-0.0003,-0.0007,-0.0001,0.0008,0.758,69.501,34.875,54.875,1.0,1.22,0
51.755,35.5525,55.771,0.9944,-2.6586,-0.9561,-0.0704,35.4154,55.8638,0.8535,0.2173,35.7935,55.8694,0.9884,0.2603,-0.0005,0.0003,-0.0014,0.0015,0.797,69.359,34.875,54.875,1.0,1.1233,0
51.796,35.44,55.7277,0.9918,-2.7286,-1.1036,-0.0545,35.4154,55.8638,0.8535,0.1956,35.7228,55.8407,0.986,0.3046,0.0013,-0.0002,0.0013,0.0018,0.826,69.295,34.875,54.875,1.0,1.0229,0
51.838,35.3256,55.6789,0.9902,-2.749,-1.2253,-0.0254,35.3441,55.6498,0.9382,0.0623,35.5688,55.7669,0.9806,0.2588,0.0,0.0,-0.0015,0.0015,0.9,69.148,34.875,54.875,1.0,0.9216,0
51.879,35.2116,55.6258,0.9893,-2.7167,-1.3086,-0.0098,35.3441,55.6498,0.9382,0.1439,35.4985,55.7315,0.9807,0.3059,-0.0003,0.0003,0.0011,0.0012,0.935,69.079,34.875,54.875,1.0,0.8229,0
51.921,35.1002,55.5702,0.9899,-2.6316,-1.3471,0.0348,35.3441,55.6498,0.9382,0.2616,35.396,55.6754,0.9825,0.314,0.0001,-0.0002,0.0,0.0002,0.991,68.974,34.875,54.875,1.0,0.7308,0
51.963,34.9934,55.5142,0.9924,-2.5006,-1.3323,0.0793,35.0739,55.7417,1.0234,0.2433,35.2863,55.6627,0.9923,0.3283,-0.0008,0.0,-0.0007,0.0011,1.003,68.899,34.875,54.875,1.0,0.6501,0
52.004,34.8929,55.4601,0.9961,-2.3381,-1.2668,0.0899,35.0739,55.7417,1.0234,0.3359,35.1975,55.6118,0.9978,0.3403,0.0001,0.0004,0.0,0.0005,1.045,68.806,34.875,54.875,1.0,0.5853,0
52.046,34.7997,55.4096,0.9996,-2.1503,-1.1563,0.0766,35.0739,55.7417,1.0234,0.4313,35.1438,55.5804,1.0015,0.3841,0.0007,0.0009,0.0004,0.0012,1.067,68.749,34.875,54.875,1.0,0.5399,0
52.087,34.7138,55.3643,1.0008,-1.9938,-1.0305,-0.0204,34.8771,55.3393,1.0624,0.1763,35.0224,55.4973,1.0146,0.3362,0.0,-0.0004,0.0003,0.0005,1.113,68.611,24.875,34.875,1.0,22.7292,0
52.129,34.6341,55.3249,0.9977,-1.8524,-0.874,-0.1144,34.8771,55.3393,1.0624,0.2519,34.9779,55.4737,1.0136,0.375,0.0006,-0.0005,-0.0001,0.0007,1.118,68.566,24.875,34.875,1.0,22.6591,0
52.171,34.5597,55.2925,0.9913,-1.7308,-0.6941,-0.1809,34.6669,55.3042,0.9502,0.1154,34.8605,55.4195,0.9946,0.3266,0.0001,0.0002,0.0003,0.0004,1.111,68.458,24.875,34.875,1.0,22.598,0
52.212,34.4899,55.2678,0.983,-1.6327,-0.5136,-0.2085,34.6669,55.3042,0.9502,0.1837,34.8217,55.4068,0.9884,0.3597,-0.0002,0.0004,0.0008,0.0009,1.1,68.426,24.875,34.875,1.0,22.5458,0
52.254,34.4235,55.25,0.9746,-1.5696,-0.3596,-0.1871,34.6669,55.3042,0.9502,0.2506,34.7673,55.3958,0.9789,0.3734,0.0003,-0.0005,0.0003,0.0007,1.077,68.425,24.875,34.875,1.0,22.5015,0
52.295,34.3586,55.2377,0.9679,-1.5558,-0.2541,-0.1423,34.6428,55.1428,0.9238,0.3029,34.7033,55.3397,0.9684,0.3595,0.0001,-0.0001,-0.001,0.001,1.078,68.344,24.875,34.875,1.0,22.4628,0
52.337,34.2932,55.2285,0.9632,-1.5879,-0.2023,-0.0869,34.6428,55.1428,0.9238,0.3621,34.6478,55.3353,0.9643,0.3703,0.0005,0.0003,0.0005,0.0008,1.042,68.31,24.875,34.875,1.0,22.4269,0
52.379,34.2255,55.2201,0.9608,-1.6588,-0.2064,-0.0358,34.1872,55.2061,0.8403,0.1272,34.532,55.3074,0.9439,0.3191,-0.0002,0.0002,0.0002,0.0004,0.974,68.224,24.875,34.875,1.0,22.391,0
52.42,34.1542,55.2103,0.9601,-1.7578,-0.2663,-0.001,34.1872,55.2061,0.8403,0.1244,34.4687,55.301,0.9451,0.3277,0.0001,-0.0002,0.0001,0.0002,0.928,68.182,24.875,34.875,1.0,22.3524,0
52.462,34.0784,55.1969,0.9606,-1.8734,-0.3779,0.0184,34.1872,55.2061,0.8403,0.1625,34.4232,55.2943,0.9468,0.3586,0.0002,0.0001,0.0009,0.0009,0.894,68.151,24.875,34.875,1.0,22.3088,0
52.503,33.9975,55.1777,0.9614,-1.997,-0.5324,0.0203,33.8353,55.2689,0.9995,0.1899,34.2501,55.2701,0.9561,0.269,-0.0008,0.0002,-0.0002,0.0008,0.76,68.031,24.875,34.875,1.0,22.2581,0
52.545,33.9116,55.1514,0.962,-2.1117,-0.7141,0.0068,33.8353,55.2689,0.9995,0.145,34.196,55.253,0.9575,0.302,0.0003,0.0005,-0.0001,0.0006,0.72,67.986,24.875,34.875,1.0,22.199,0
52.587,33.8213,55.1172,0.9617,-2.2093,-0.9094,-0.0193,33.9249,54.8796,0.8826,0.2711,34.0791,55.1638,0.9398,0.2628,-0.0002,0.0005,0.0006,0.0008,0.651,67.85,24.875,34.875,1.0,22.1311,0
52.628,33.7272,55.0741,0.9615,-2.2924,-1.1336,-0.0009,33.9249,54.8796,0.8826,0.2883,34.0201,55.1353,0.9386,0.3001,0.0002,0.0004,-0.0004,0.0006,0.606,67.794,24.875,34.875,1.0,22.0538,0
52.67,33.6305,55.022,0.9614,-2.3399,-1.3455,-0.0032,33.9249,54.8796,0.8826,0.3364,33.9285,55.0824,0.9371,0.305,0.0005,0.0003,-0.0001,0.0006,0.535,67.699,24.875,34.875,1.0,21.9673,0
52.711,33.5325,54.9614,0.9612,-2.3546,-1.5424,-0.0078,33.9249,54.8796,0.8826,0.4084,33.8663,55.0406,0.936,0.3439,0.0003,0.0003,-0.0008,0.0009,0.486,67.63,24.875,34.875,1.0,21.8728,0
52.753,33.4348,54.8928,0.961,-2.3323,-1.7294,-0.0003,33.5796,54.8396,1.0721,0.1901,33.7388,54.9478,0.9577,0.3089,0.0003,-0.0003,0.0004,0.0006,0.381,67.48,24.875,34.875,1.0,21.7712,0
52.795,33.3386,54.8169,0.961,-2.2861,-1.8948,0.0027,33.5796,54.8396,1.0721,0.2663,33.6808,54.8973,0.9567,0.3515,0.0002,-0.0003,-0.0006,0.0007,0.331,67.406,24.875,34.875,1.0,21.6636,0
52.836,33.2449,54.7346,0.9609,-2.2178,-2.0328,-0.0221,33.481,54.6406,0.86,0.2734,33.5686,54.787,0.9498,0.3281,0.0,0.0004,0.0011,0.0012,0.231,67.254,24.875,34.875,1.0,21.5514,0
52.878,33.1545,54.6472,0.9592,-2.1254,-2.1477,-0.0498,33.481,54.6406,0.86,0.3413,33.5151,54.7306,0.9504,0.3702,-0.0006,0.0012,-0.0018,0.0022,0.181,67.178,24.875,34.875,1.0,21.4358,0
52.919,33.0686,54.5554,0.9569,-2.0065,-2.2456,-0.0588,33.481,54.6406,0.86,0.4321,33.4395,54.6409,0.9503,0.3807,0.0005,0.0002,0.0008,0.001,0.106,67.063,24.875,34.875,1.0,21.318,0
52.961,32.988,54.4602,0.9545,-1.8723,-2.3153,-0.0542,33.1591,54.4034,0.9926,0.1842,33.3441,54.5417,0.9567,0.3652,-0.0001,0.0008,-0.0003,0.0009,0.011,66.927,24.875,34.875,1.0,21.1991,0
53.003,32.9132,54.3625,0.9523,-1.7347,-2.3629,-0.0534,33.1591,54.4034,0.9926,0.2525,33.2803,54.4466,0.9564,0.3767,0.0009,0.0006,0.0008,0.0014,0.0,66.814,24.875,34.875,1.0,21.0803,0
53.044,32.844,54.2635,0.95,-1.602,-2.3837,-0.0574,33.1591,54.4034,0.9926,0.3474,33.2422,54.3821,0.9562,0.4155,0.0006,0.0001,-0.0014,0.0016,0.0,66.74,24.875,34.875,1.0,20.9624,0
53.086,32.7799,54.1641,0.9473,-1.4863,-2.3849,-0.0737,32.6498,54.2062,1.0993,0.2045,33.0793,54.2665,0.9833,0.3184,-0.0,-0.0002,-0.0001,0.0003,0.0,66.55,24.875,34.875,1.0,20.8461,0
53.127,32.7205,54.0649,0.944,-1.3821,-2.3743,-0.0819,32.6498,54.2062,1.0993,0.2215,33.0464,54.2043,0.9831,0.3566,-0.0002,0.0001,0.0012,0.0013,0.0,66.481,24.875,34.875,1.0,20.7318,0
53.169,32.665,53.9664,0.9407,-1.2906,-2.3575,-0.0649,32.8106,54.0366,0.9727,0.1648,32.9547,54.0947,0.9754,0.3187,0.0008,-0.0011,-0.0007,0.0016,0.0,66.342,24.875,34.875,1.0,20.6196,0
53.211,32.613,53.8685,0.9386,-1.2155,-2.342,-0.0423,32.8106,54.0366,0.9727,0.2616,32.925,54.035,0.9744,0.3555,0.0004,0.0008,-0.0001,0.0009,0.0,66.277,24.875,34.875,1.0,20.5094,0
53.252,32.5637,53.7712,0.9371,-1.1613,-2.3285,-0.0333,32.8106,54.0366,0.9727,0.3642,32.8836,53.9462,0.9737,0.3665,-0.0009,0.0008,0.0005,0.0013,0.0,66.436,24.875,34.875,1.0,20.4007,0
53.294,32.5161,53.6745,0.936,-1.1276,-2.3177,-0.0188,32.5517,53.9383,1.0776,0.3015,32.7939,53.8873,0.9887,0.3538,0.0001,-0.0002,-0.0003,0.0004,0.0,66.335,24.875,34.875,1.0,20.2931,0
53.335,32.4696,53.5781,0.9355,-1.111,-2.3087,-0.0087,32.5517,53.9383,1.0776,0.3958,32.7532,53.7999,0.9883,0.3639,0.0001,-0.0005,0.0007,0.0008,0.0,66.242,24.875,34.875,1.0,20.1863,0
53.377,32.4234,53.482,0.9352,-1.1076,-2.3059,-0.0027,32.5517,53.9383,1.0776,0.4949,32.7265,53.7417,0.9882,0.4027,0.0004,0.0008,0.0003,0.001,0.0,66.18,24.875,34.875,1.0,20.0799,0
53.419,32.3771,53.3859,0.9354,-1.1156,-2.3094,0.0105,32.242,53.4235,0.7913,0.2011,32.5961,53.6027,0.9528,0.3087,0.0002,0.0007,0.0008,0.0011,0.0,65.999,24.875,34.875,1.0,19.9734,0
53.46,32.3304,53.2895,0.936,-1.1267,-2.3182,0.0166,32.242,53.4235,0.7913,0.2162,32.5674,53.545,0.9528,0.349,0.0005,0.001,-0.0008,0.0014,0.0,65.936,24.875,34.875,1.0,19.8665,0
53.502,32.2831,53.1926,0.9367,-1.1407,-2.3324,0.0102,32.4268,53.0482,1.047,0.2316,32.5057,53.3775,0.9711,0.2915,0.0002,-0.0003,0.0007,0.0008,0.0,65.763,24.875,34.875,1.0,19.759,0
53.543,32.2352,53.095,0.9369,-1.1583,-2.3475,0.0022,32.4268,53.0482,1.047,0.2259,32.4769,53.3185,0.9715,0.331,-0.0004,-0.0004,-0.0,0.0006,0.0,65.699,24.875,34.875,1.0,19.6506,0
53.585,32.1865,52.9969,0.9369,-1.1762,-2.363,0.0002,32.4268,53.0482,1.047,0.2692,32.4329,53.2294,0.9718,0.3406,0.0003,-0.0004,0.0006,0.0008,0.0,65.602,24.875,34.875,1.0,19.5413,0
53.627,32.137,52.898,0.9372,-1.1956,-2.3795,0.0199,32.1553,52.9569,0.7501,0.197,32.3552,53.1247,0.9298,0.3147,-0.0004,-0.0007,-0.0003,0.0009,0.0,65.481,24.875,34.875,1.0,19.4312,0
53.668,32.0869,52.7986,0.9384,-1.2113,-2.3925,0.0328,32.1553,52.9569,0.7501,0.2553,32.309,53.0346,0.9296,0.3242,-0.0006,0.0004,-0.0002,0.0007,0.0,65.382,24.875,34.875,1.0,19.3202,0
53.71,32.0362,52.6986,0.9398,-1.2195,-2.405,0.0309,32.0429,52.6815,0.9869,0.0505,32.2362,52.9233,0.9419,0.3008,-0.0007,-0.0013,0.0011,0.0018,0.0,65.249,24.875,34.875,1.0,19.2085,0
53.751,31.9853,52.5982,0.9408,-1.2228,-2.4145,0.018,32.0429,52.6815,0.9869,0.1113,32.1894,52.8334,0.9428,0.3114,-0.0,0.0,0.0007,0.0007,0.0,65.149,24.875,34.875,1.0,19.0963,0
53.793,31.9344,52.4974,0.9414,-1.2204,-2.4219,0.0152,32.0429,52.6815,0.9869,0.2185,32.1582,52.7732,0.943,0.3552,0.0001,0.0006,-0.0007,0.0009,0.0,65.083,24.875,34.875,1.0,18.9839,0
53.835,31.8836,52.3963,0.9423,-1.2162,-2.4299,0.0265,31.9496,52.5346,0.8856,0.1634,32.081,52.6418,0.9317,0.3152,-0.0,0.0,-0.0001,0.0001,0.0,64.935,24.875,34.875,1.0,18.8711,0
53.876,31.833,52.295,0.9435,-1.2137,-2.4332,0.0305,31.9496,52.5346,0.8856,0.2727,32.051,52.5808,0.9318,0.3597,0.0005,-0.0008,0.0003,0.001,0.0,64.869,24.875,34.875,1.0,18.7582,0
53.918,31.7825,52.1936,0.9448,-1.2087,-2.4326,0.0311,31.7144,52.273,0.8813,0.1224,31.9566,52.4494,0.9213,0.3103,0.0002,0.0001,-0.0008,0.0009,0.0,64.711,24.875,34.875,1.0,18.6454,0
53.959,31.7322,52.0923,0.9465,-1.2052,-2.4302,0.0463,31.7144,52.273,0.8813,0.193,31.9274,52.3888,0.9212,0.3559,0.0005,-0.0003,-0.0013,0.0015,0.0,64.646,24.875,34.875,1.0,18.5327,0
54.001,31.6821,51.9911,0.9486,-1.2043,-2.427,0.0514,31.7144,52.273,0.8813,0.2916,31.8838,52.298,0.9214,0.3683,-0.0002,-0.0004,-0.0017,0.0017,0.0,64.548,24.875,34.875,1.0,18.4201,0
54.043,31.6319,51.89,0.9507,-1.2045,-2.4234,0.0471,31.7504,51.7526,0.931,0.1825,31.8319,52.1434,0.9248,0.3239,0.0005,0.0013,-0.0001,0.0013,0.0,64.393,24.875,34.875,1.0,18.3076,0
54.084,31.5816,51.7892,0.9525,-1.2091,-2.4187,0.0427,31.7504,51.7526,0.931,0.174,31.7879,52.0515,0.9255,0.3349,0.0003,0.0007,-0.0005,0.0009,0.0,64.294,24.875,34.875,1.0,18.1953,0
54.126,31.5311,51.6886,0.9543,-1.2139,-2.4107,0.0412,31.7504,51.7526,0.931,0.2296,31.7584,51.9905,0.9258,0.379,-0.001,-0.0003,0.0011,0.0015,0.0,64.228,24.875,34.875,1.0,18.0832,0
54.167,31.4805,51.5883,0.9561,-1.2169,-2.4021,0.0452,31.5523,51.6457,1.0877,0.1606,31.6762,51.8397,0.9522,0.3186,0.0,-0.0003,-0.0004,0.0005,0.0,64.056,24.875,34.875,1.0,17.9713,0
54.209,31.4297,51.4885,0.958,-1.2188,-2.3896,0.046,31.5523,51.6457,1.0877,0.2379,31.6458,51.7789,0.9524,0.362,0.0002,-0.001,0.0012,0.0016,0.0,63.989,24.875,34.875,1.0,17.8599,0
54.251,31.3789,51.3892,0.9599,-1.2183,-2.3777,0.044,31.3825,51.4104,0.925,0.041,31.5599,51.6332,0.9489,0.304,0.0,0.0002,-0.0004,0.0004,0.0,63.627,24.875,34.875,1.0,17.7488,0
54.292,31.3282,51.2903,0.9616,-1.2168,-2.369,0.0414,31.3825,51.4104,0.925,0.1367,31.5297,51.5735,0.9492,0.3477,-0.0,-0.0001,-0.0002,0.0002,0.0,63.561,24.875,34.875,1.0,17.6383,0
54.334,31.2776,51.1918,0.9633,-1.2132,-2.3617,0.0393,31.3825,51.4104,0.925,0.2454,31.4844,51.4844,0.9495,0.3586,0.0,0.0008,-0.0002,0.0009,0.0,63.464,24.875,34.875,1.0,17.5281,0
54.375,31.2272,51.0935,0.9648,-1.2066,-2.3585,0.0289,31.0907,51.1453,0.9641,0.1459,31.3903,51.363,0.9545,0.3152,-0.0002,0.0012,0.0005,0.0013,0.0,63.311,24.875,34.875,1.0,17.4181,0
54.417,31.177,50.9953,0.9658,-1.2016,-2.3555,0.0216,31.0907,51.1453,0.9641,0.173,31.3464,51.2723,0.9551,0.3249,-0.0,0.0005,0.0011,0.0012,0.0,63.213,24.875,34.875,1.0,17.3084,0
54.459,31.127,50.8973,0.9667,-1.198,-2.3495,0.0205,31.0907,51.1453,0.9641,0.2507,31.3174,51.2119,0.9554,0.3679,0.0005,-0.0003,0.0003,0.0007,0.0,63.148,24.875,34.875,1.0,17.1989,0
54.5,31.0772,50.7995,0.9674,-1.1956,-2.3459,0.014,31.0617,50.8673,0.9916,0.0737,31.2239,51.07,0.9626,0.3078,-0.0,0.0001,0.0009,0.0009,0.0,62.979,24.875,34.875,1.0,17.0897,0
54.542,31.0275,50.7017,0.9679,-1.1888,-2.3479,0.0114,31.0617,50.8673,0.9916,0.1708,31.1937,51.0113,0.9628,0.3514,0.0006,0.0003,-0.0011,0.0013,0.0,62.915,24.875,34.875,1.0,16.9805,0
54.583,30.9781,50.6037,0.9684,-1.1811,-2.3535,0.0107,31.0706,50.5008,0.9508,0.1394,31.1404,50.8463,0.9622,0.2919,-0.0,-0.0003,-0.0009,0.001,0.0,62.751,24.875,34.875,1.0,16.8714,0
54.625,30.929,50.5055,0.9686,-1.1779,-2.3606,0.0029,31.0706,50.5008,0.9508,0.1427,31.1127,50.7875,0.9626,0.3366,-0.0002,0.0001,-0.0001,0.0003,0.0,62.688,24.875,34.875,1.0,16.762,0
54.667,30.8799,50.407,0.9687,-1.1786,-2.3702,0.0008,31.0706,50.5008,0.9508,0.2132,31.0712,50.6989,0.963,0.3491,-0.0007,-0.0008,-0.0005,0.0012,0.0,62.593,24.875,34.875,1.0,16.6524,0
54.708,30.8307,50.3079,0.969,-1.1877,-2.3826,0.0186,30.9337,50.2117,1.0189,0.1496,31.0172,50.559,0.9678,0.3128,-0.0001,-0.0004,-0.0008,0.0009,0.0,62.449,24.875,34.875,1.0,16.5422,0
54.75,30.781,50.2084,0.9701,-1.1966,-2.3955,0.0318,30.9337,50.2117,1.0189,0.1604,30.9739,50.4697,0.9674,0.3249,0.001,-0.0004,-0.0006,0.0012,0.0,62.352,24.875,34.875,1.0,16.4315,0
54.791,30.7309,50.1082,0.9715,-1.2043,-2.4091,0.0285,30.8464,50.2463,0.9702,0.18,30.9227,50.3796,0.9718,0.3323,0.0011,0.0003,-0.0,0.0011,0.0,62.25,24.875,34.875,1.0,16.32,0
54.833,30.6806,50.0075,0.9721,-1.2092,-2.4239,0.0075,30.8464,50.2463,0.9702,0.2907,30.8772,50.29,0.9729,0.3442,-0.0002,0.0008,0.0008,0.0012,0.0,62.152,24.875,34.875,1.0,16.208,0
54.875,30.6302,49.9062,0.9723,-1.2104,-2.4382,0.0022,30.8464,50.2463,0.9702,0.403,30.8469,50.2298,0.9731,0.3894,-0.0009,0.0005,0.0009,0.0014,0.0,62.086,24.875,34.875,1.0,16.0953,0
54.916,30.5798,49.8043,0.9724,-1.2082,-2.4507,0.0125,30.5105,49.7139,1.0051,0.1185,30.7473,50.0605,0.9747,0.3061,-0.0002,-0.0016,-0.0003,0.0016,0.0,61.893,24.875,34.875,1.0,15.9822,0
54.958,30.5295,49.7019,0.9733,-1.2058,-2.4634,0.0242,30.5105,49.7139,1.0051,0.039,30.717,50.0004,0.9745,0.3525,0.0008,-0.0008,-0.0,0.0012,0.0,61.827,24.875,34.875,1.0,15.8686,0
54.999,30.4794,49.599,0.9744,-1.199,-2.4739,0.0275,30.5105,49.7139,1.0051,0.1229,30.6718,49.9096,0.9746,0.3653,-0.0,-0.0008,-0.0018,0.0019,0.0,61.728,24.875,34.875,1.0,15.7546,0
55.041,30.4296,49.4957,0.9755,-1.1911,-2.4836,0.0284,30.4312,49.4835,0.9876,0.0172,30.5996,49.7777,0.9768,0.3292,-0.0003,0.001,-0.0011,0.0015,0.0,61.58,24.875,34.875,1.0,15.6403,0
55.083,30.3802,49.392,0.9767,-1.1826,-2.4919,0.0292,30.4312,49.4835,0.9876,0.1053,30.5545,49.6866,0.9769,0.3423,0.0003,0.0007,0.0011,0.0013,0.0,61.481,24.875,34.875,1.0,15.5258,0
55.124,30.3312,49.2881,0.978,-1.171,-2.4977,0.0302,30.4479,49.303,1.0201,0.125,30.5127,49.5659,0.9841,0.3319,-0.0005,0.0013,0.001,0.0017,0.0,61.359,24.875,34.875,1.0,15.4113,0
55.166,30.2826,49.1839,0.9793,-1.1622,-2.5019,0.0305,30.4479,49.303,1.0201,0.2078,30.47,49.4739,0.9842,0.3454,0.0002,-0.0006,-0.0007,0.0009,0.0,61.261,24.875,34.875,1.0,15.2966,0
55.207,30.2343,49.0796,0.9806,-1.1568,-2.5021,0.0321,30.4479,49.303,1.0201,0.3116,30.4419,49.4124,0.9843,0.3922,0.0004,-0.0002,0.0001,0.0005,0.0,61.196,24.875,34.875,1.0,15.182,0
55.249,30.1862,48.9754,0.9818,-1.155,-2.4986,0.0262,30.1674,49.2487,0.9819,0.2739,30.355,49.2976,0.9854,0.3638,-0.0003,-0.0002,-0.0004,0.0006,0.0,61.054,24.875,34.875,1.0,15.0675,0
55.291,30.138,48.8714,0.9828,-1.1571,-2.4945,0.0243,30.1674,49.2487,0.9819,0.3784,30.3272,49.2373,0.9856,0.4119,0.0001,-0.0009,-0.0002,0.001,0.0,60.766,24.875,34.875,1.0,14.9532,0
55.332,30.0898,48.7675,0.9838,-1.1589,-2.4929,0.0251,30.0864,48.8447,0.9974,0.0784,30.2482,49.0861,0.9908,0.3558,0.0001,-0.0002,0.0014,0.0014,0.0,60.599,24.875,34.875,1.0,14.839,0
55.374,30.0414,48.6636,0.9844,-1.1627,-2.4949,0.0074,30.0864,48.8447,0.9974,0.1871,30.2198,49.0243,0.9914,0.4025,-0.0004,-0.0002,0.001,0.0011,0.0,60.533,24.875,34.875,1.0,14.7247,0
55.415,29.9929,48.5598,0.9846,-1.1668,-2.4904,0.0018,30.0864,48.8447,0.9974,0.3002,30.177,48.9317,0.9918,0.4151,-0.0003,0.0008,0.0001,0.0009,0.0,60.434,24.875,34.875,1.0,14.6104,0
55.457,29.9441,48.4561,0.9845,-1.1709,-2.4833,-0.0037,29.8861,48.7869,0.9634,0.3365,30.0995,48.8451,0.9882,0.4189,0.0,-0.0008,-0.0004,0.0009,0.0,60.321,24.875,34.875,1.0,14.4963,0
55.499,29.8953,48.3528,0.9843,-1.1748,-2.4759,-0.0054,29.8861,48.7869,0.9634,0.4347,30.0561,48.7528,0.9884,0.4311,0.0001,-0.0017,0.001,0.0019,0.0,60.221,24.875,34.875,1.0,14.3825,0
55.54,29.8462,48.2499,0.9841,-1.1771,-2.4661,-0.0058,29.8861,48.7869,0.9634,0.5389,30.027,48.6916,0.9885,0.4773,0.0001,-0.0001,-0.0009,0.0009,0.0,60.156,24.875,34.875,1.0,14.2689,0
55.582,29.7972,48.1473,0.9837,-1.1756,-2.4592,-0.0131,29.656,48.2447,1.0028,0.1726,29.9205,48.5216,0.9926,0.3942,-0.0004,-0.0002,0.0001,0.0005,0.0,59.958,24.875,34.875,1.0,14.1557,0
55.623,29.7483,48.045,0.9831,-1.1721,-2.4524,-0.0157,29.656,48.2447,1.0028,0.2209,29.8913,48.4602,0.9927,0.4393,-0.0007,-0.0009,-0.0016,0.0019,0.0,59.892,24.875,34.875,1.0,14.0427,0
55.665,29.6996,47.943,0.9826,-1.1678,-2.4456,-0.003,29.5925,48.0431,0.9032,0.1667,29.8021,48.3011,0.9743,0.3726,0.0014,0.001,0.0008,0.0019,0.0,59.716,24.875,34.875,1.0,13.9301,0
55.707,29.651,47.8412,0.9829,-1.1633,-2.4393,0.013,29.5925,48.0431,0.9032,0.2248,29.7736,48.2393,0.974,0.4167,0.0003,-0.0005,-0.0013,0.0014,0.0,59.65,24.875,34.875,1.0,13.8179,0
55.748,29.6026,47.7398,0.9836,-1.1592,-2.4295,0.0189,29.4555,47.7823,0.9279,0.1629,29.6829,48.0876,0.9656,0.3574,-0.0005,0.0003,0.0,0.0006,0.0,59.478,24.875,34.875,1.0,13.706,0
55.79,29.5544,47.6387,0.9846,-1.1573,-2.4227,0.0271,29.4555,47.7823,0.9279,0.1833,29.6544,48.028,0.9655,0.4024,0.0009,-0.0001,-0.0014,0.0016,0.0,59.414,24.875,34.875,1.0,13.5945,0
55.831,29.5063,47.5378,0.9858,-1.1534,-2.4212,0.0294,29.4555,47.7823,0.9279,0.2563,29.6118,47.9389,0.9657,0.4152,-0.0002,-0.0004,-0.0004,0.0006,0.0,59.318,24.875,34.875,1.0,13.4832,0
55.873,29.4583,47.4369,0.9871,-1.1497,-2.4242,0.0351,29.3584,47.385,1.0135,0.1156,29.5432,47.788,0.9711,0.3616,0.0001,-0.0003,-0.0004,0.0005,0.0,59.156,24.875,34.875,1.0,13.3719,0
55.915,29.4105,47.3358,0.9889,-1.1459,-2.4282,0.0488,29.3584,47.385,1.0135,0.0758,29.5009,47.6971,0.9707,0.3729,0.0009,-0.0002,0.0002,0.0009,0.0,59.059,24.875,34.875,1.0,13.2605,0
55.956,29.3628,47.2345,0.9911,-1.1402,-2.4328,0.054,29.3584,47.385,1.0135,0.1522,29.4728,47.6365,0.9708,0.4172,0.0001,0.0007,-0.0001,0.0008,0.0,58.995,24.875,34.875,1.0,13.1491,0
55.998,29.3154,47.133,0.9933,-1.137,-2.438,0.0525,29.282,47.1952,1.0284,0.0788,29.3987,47.4744,0.9816,0.3516,0.0007,-0.0011,0.0006,0.0014,0.0,58.82,24.875,34.875,1.0,13.0375,0
56.039,29.2681,47.0314,0.9954,-1.1323,-2.441,0.0497,29.282,47.1952,1.0284,0.1677,29.3703,47.4131,0.9818,0.3954,-0.0009,-0.0013,0.0001,0.0016,0.0,58.755,24.875,34.875,1.0,12.9258,0
56.081,29.2211,46.9296,0.9975,-1.1259,-2.4446,0.0492,29.282,47.1952,1.0284,0.2742,29.3279,47.3209,0.982,0.406,0.0008,-0.0009,-0.0019,0.0023,0.0,58.657,24.875,34.875,1.0,12.8141,0
56.123,29.1743,46.8277,0.9998,-1.1194,-2.447,0.0642,29.3225,46.9531,0.7994,0.279,29.2996,47.1988,0.9479,0.3951,0.0003,-0.0001,-0.0022,0.0023,0.0,58.549,24.875,34.875,1.0,12.7024,0
56.164,29.1278,46.7256,1.0027,-1.1159,-2.4513,0.0735,29.3225,46.9531,0.7994,0.362,29.258,47.107,0.9479,0.4067,-0.0001,-0.0007,0.0006,0.0009,0.0,58.451,24.875,34.875,1.0,12.5906,0
56.206,29.0814,46.6234,1.0057,-1.1119,-2.4552,0.0681,29.131,46.8012,0.9951,0.1849,29.2094,46.9974,0.9575,0.3983,-0.0003,-0.001,-0.0002,0.0011,0.0,58.334,24.875,34.875,1.0,12.4787,0
56.247,29.0351,46.5211,1.0085,-1.1105,-2.4566,0.0649,29.131,46.8012,0.9951,0.2964,29.168,46.9062,0.958,0.4105,0.0001,0.0005,-0.0002,0.0006,0.0,58.237,24.875,34.875,1.0,12.3668,0
56.289,28.9888,46.4186,1.0111,-1.1098,-2.4602,0.0643,29.131,46.8012,0.9951,0.4084,29.1405,46.8452,0.9582,0.4558,0.0002,-0.0002,-0.0016,0.0016,0.0,58.427,24.875,34.875,1.0,12.2547,0
56.331,28.9426,46.316,1.0137,-1.1079,-2.4635,0.0505,29.1899,46.2509,1.0412,0.2571,29.1104,46.6547,0.977,0.3797,0.0002,-0.0004,-0.0002,0.0005,0.0,58.255,24.875,34.875,1.0,12.1426,0
56.372,28.8965,46.2133,1.0154,-1.108,-2.4676,0.0348,29.1899,46.2509,1.0412,0.2969,29.0831,46.5928,0.9777,0.4246,0.0003,-0.0009,0.0001,0.0009,0.0,58.189,24.875,34.875,1.0,12.0304,0
56.414,28.8503,46.1104,1.0167,-1.1093,-2.469,0.0289,28.9519,46.2102,1.0807,0.1561,29.0259,46.4458,0.995,0.3792,-0.0013,0.0008,-0.001,0.0018,0.0,58.036,24.875,34.875,1.0,11.918,0
56.455,28.804,46.0076,1.0179,-1.1127,-2.4657,0.0281,28.9519,46.2102,1.0807,0.2586,28.9989,46.3836,0.9951,0.4241,-0.0009,-0.0007,0.0001,0.0011,0.0,57.971,24.875,34.875,1.0,11.8056,0
56.497,28.7575,45.905,1.019,-1.1179,-2.4607,0.028,28.7005,45.9111,0.9856,0.0664,28.9121,46.2229,0.9973,0.3542,-0.0006,0.0003,-0.0009,0.0011,0.0,57.792,24.875,34.875,1.0,11.6934,0
56.539,28.7109,45.8026,1.0195,-1.1203,-2.4544,0.0022,28.7005,45.9111,0.9856,0.1141,28.8843,46.1607,0.9982,0.3985,0.0006,-0.0003,-0.002,0.0021,0.0,57.727,24.875,34.875,1.0,11.5813,0
56.58,28.6641,45.7005,1.0194,-1.1225,-2.4449,-0.0057,28.7005,45.9111,0.9856,0.2163,28.8424,46.0677,0.9987,0.4087,0.0003,-0.0007,0.0012,0.0014,0.0,57.628,24.875,34.875,1.0,11.4695,0
56.622,28.6174,45.5989,1.019,-1.1214,-2.4356,-0.0091,28.7005,45.9111,0.9856,0.3248,28.8144,46.0059,0.9989,0.4527,-0.0007,-0.0003,-0.0002,0.0008,0.0,57.563,24.875,34.875,1.0,11.3581,0
56.663,28.5707,45.4977,1.0191,-1.1195,-2.4242,0.0093,28.6099,45.503,0.9149,0.1114,28.7393,45.8288,0.9811,0.3735,0.001,0.0004,0.0003,0.0012,0.0,57.382,24.875,34.875,1.0,11.2472,0
56.705,28.5241,45.3969,1.0196,-1.1176,-2.4142,0.0169,28.6099,45.503,0.9149,0.172,28.7118,45.7677,0.9811,0.4175,-0.0003,-0.0015,0.0005,0.0016,0.0,57.317,24.875,34.875,1.0,11.1367,0
56.747,28.4776,45.2965,1.0204,-1.117,-2.4046,0.0143,28.6621,45.5014,0.9969,0.2768,28.6689,45.6373,0.9856,0.3924,0.0005,-0.0005,0.0012,0.0014,0.0,57.188,24.875,34.875,1.0,11.0266,0
56.788,28.431,45.1965,1.0208,-1.1202,-2.3979,0.0096,28.6621,45.5014,0.9969,0.3834,28.6426,45.5768,0.9859,0.4367,-0.0001,0.0005,0.0011,0.0012,0.0,57.125,24.875,34.875,1.0,10.9169,0
56.83,28.3842,45.0967,1.0212,-1.1255,-2.3944,0.009,28.6621,45.5014,0.9969,0.4916,28.6029,45.4865,0.9862,0.4484,-0.0001,0.0007,-0.0002,0.0007,0.0,57.03,24.875,34.875,1.0,10.8073,0
56.871,28.3371,44.9969,1.0215,-1.1329,-2.3934,0.0013,28.3356,45.0006,0.929,0.0926,28.5243,45.3419,0.9785,0.3949,-0.0001,-0.0005,0.0004,0.0006,0.0,56.871,24.875,34.875,1.0,10.6977,0
56.913,28.2898,44.8972,1.0214,-1.1361,-2.3935,-0.0048,28.3356,45.0006,0.929,0.146,28.4815,45.2508,0.979,0.4045,-0.0004,0.0012,0.0006,0.0014,0.0,56.774,24.875,34.875,1.0,10.588,0
56.955,28.2424,44.7975,1.0211,-1.1364,-2.3942,-0.0071,28.3356,45.0006,0.929,0.2417,28.4529,45.1901,0.9792,0.4474,0.0005,-0.0009,0.0005,0.0011,0.0,56.709,24.875,34.875,1.0,10.4783,0
56.996,28.1952,44.6977,1.0209,-1.1331,-2.3951,0.0041,28.1626,44.6352,0.9964,0.0746,28.3645,45.0073,0.9781,0.3554,-0.0004,-0.0,0.0006,0.0007,0.0,56.513,24.875,34.875,1.0,10.3686,0
57.038,28.148,44.5979,1.0215,-1.1304,-2.3968,0.0188,28.1626,44.6352,0.9964,0.0472,28.3366,44.9463,0.9778,0.3986,-0.0007,-0.0003,-0.0007,0.0011,0.0,56.448,24.875,34.875,1.0,10.259,0
57.079,28.101,44.498,1.0223,-1.1263,-2.398,0.0224,28.1626,44.6352,0.9964,0.1526,28.2949,44.8547,0.9779,0.4085,-0.0,-0.0013,-0.0007,0.0015,0.0,56.351,24.875,34.875,1.0,10.1493,0
57.121,28.0541,44.398,1.0235,-1.1254,-2.4006,0.038,28.1726,44.4785,1.0151,0.1435,28.2396,44.7272,0.9804,0.3803,-0.0001,0.0005,-0.0002,0.0006,0.0,56.218,24.875,34.875,1.0,10.0396,0
57.163,28.0073,44.2979,1.0254,-1.1204,-2.4029,0.0496,28.1726,44.4785,1.0151,0.2451,28.1958,44.635,0.9801,0.3888,-0.0005,0.0003,0.0008,0.001,0.0,56.119,24.875,34.875,1.0,9.9299,0
57.204,27.9608,44.1978,1.0276,-1.111,-2.404,0.053,28.1726,44.4785,1.0151,0.3519,28.1668,44.5734,0.9802,0.431,-0.0004,0.0002,-0.0002,0.0005,0.0,56.054,24.875,34.875,1.0,9.8202,0
57.246,27.9148,44.0976,1.0291,-1.1013,-2.4052,0.0207,27.997,43.9831,0.9171,0.18,28.098,44.3838,0.9766,0.3439,0.0001,0.0002,0.0004,0.0004,0.0,55.864,24.875,34.875,1.0,9.7106,0
57.287,27.8691,43.9973,1.0296,-1.0905,-2.4079,0.0068,27.997,43.9831,0.9171,0.1709,28.0704,44.3233,0.9771,0.3867,-0.0001,0.0011,-0.0008,0.0014,0.0,56.126,24.875,34.875,1.0,9.6011,0
57.329,27.8239,43.8969,1.0297,-1.0815,-2.4113,-0.0048,27.7328,43.9261,1.0455,0.097,27.9753,44.1694,0.9913,0.3141,0.0002,-0.0001,-0.0,0.0002,0.0,55.946,24.875,34.875,1.0,9.4916,0
57.371,27.7791,43.7963,1.0292,-1.0719,-2.4159,-0.0154,27.7328,43.9261,1.0455,0.1388,27.9486,44.1086,0.9918,0.3573,0.0003,-0.0008,-0.0005,0.001,0.0,55.883,24.875,34.875,1.0,9.3821,0
57.412,27.7346,43.6955,1.0285,-1.0652,-2.42,-0.0184,27.7352,43.8423,0.9047,0.192,27.8743,43.9784,0.9785,0.3194,-0.0002,0.0005,-0.0001,0.0005,0.0,55.739,24.875,34.875,1.0,9.2725,0
57.454,27.6903,43.5946,1.0277,-1.0614,-2.4236,-0.0203,27.7352,43.8423,0.9047,0.2801,27.8475,43.9173,0.9788,0.3622,-0.0003,-0.0005,-0.0014,0.0015,0.0,55.675,24.875,34.875,1.0,9.1629,0
57.495,27.6461,43.4936,1.0268,-1.0597,-2.4241,-0.021,27.7352,43.8423,0.9047,0.38,27.8074,43.8255,0.9791,0.3721,0.0002,-0.0011,0.0007,0.0013,0.0,55.579,24.875,34.875,1.0,9.0532,0
57.537,27.602,43.3926,1.026,-1.0583,-2.4248,-0.016,27.6218,43.3387,1.1471,0.1341,27.7602,43.6874,1.0043,0.3353,0.0004,0.0004,-0.0008,0.001,0.0,55.439,24.875,34.875,1.0,8.9435,0
57.579,27.5578,43.2916,1.0258,-1.062,-2.4243,0.0013,27.6218,43.3387,1.1471,0.1451,27.7239,43.5959,1.0036,0.3474,-0.0001,-0.0003,0.0015,0.0015,0.0,55.346,24.875,34.875,1.0,8.8339,0
57.62,27.5134,43.1906,1.0259,-1.0696,-2.4229,0.0062,27.6218,43.3387,1.1471,0.2199,27.6995,43.535,1.0036,0.3921,-0.0007,-0.0006,0.0006,0.0011,0.0,55.284,24.875,34.875,1.0,8.7242,0
57.662,27.4686,43.0896,1.0258,-1.0797,-2.4253,-0.0125,27.5797,43.195,1.1395,0.1907,27.6396,43.3839,1.0297,0.3404,-0.0001,-0.0007,-0.0001,0.0007,0.0,55.125,24.875,34.875,1.0,8.6143,0
57.703,27.4234,42.9885,1.0251,-1.0911,-2.4274,-0.0212,27.5797,43.195,1.1395,0.2831,27.614,43.3224,1.0298,0.3845,-0.0003,-0.0006,-0.0,0.0007,0.0,55.062,24.875,34.875,1.0,8.5043,0
57.745,27.3776,42.8873,1.0241,-1.1032,-2.4281,-0.0234,27.4614,42.8333,1.1438,0.1558,27.5498,43.158,1.0465,0.3216,-0.0011,0.0003,-0.0008,0.0013,0.0,54.892,24.875,34.875,1.0,8.3941,0
57.787,27.3314,42.7862,1.0235,-1.1124,-2.4275,-0.0126,27.4614,42.8333,1.1438,0.1833,27.5223,43.0965,1.0459,0.3651,0.0004,0.001,0.0005,0.0012,0.0,54.828,24.875,34.875,1.0,8.2838,0
57.828,27.285,42.685,1.023,-1.1153,-2.4275,-0.0093,27.4614,42.8333,1.1438,0.2602,27.4808,43.0043,1.0453,0.3752,-0.0003,-0.0006,0.0005,0.0008,0.0,54.731,24.875,34.875,1.0,8.1734,0
57.87,27.2385,42.5839,1.0224,-1.1145,-2.4266,-0.0217,27.2564,42.3699,1.0199,0.2148,27.4144,42.8436,1.0436,0.3144,-0.0005,-0.0007,-0.0009,0.0012,0.0,54.566,24.875,34.875,1.0,8.0631,0
57.911,27.1922,42.4828,1.0213,-1.1113,-2.4285,-0.0317,27.2564,42.3699,1.0199,0.1299,27.3725,42.7538,1.0436,0.3263,-0.0009,0.0002,0.0003,0.0009,0.0,54.471,24.875,34.875,1.0,7.9528,0
57.953,27.146,42.3815,1.0203,-1.1029,-2.4333,-0.009,27.1768,42.3238,0.8749,0.1594,27.313,42.6214,1.0115,0.2924,-0.0004,-0.0003,-0.0004,0.0007,0.0,54.339,24.875,34.875,1.0,7.8425,0
57.995,27.1003,42.2799,1.0204,-1.0931,-2.441,0.0082,27.1768,42.3238,0.8749,0.1701,27.2717,42.5301,1.0106,0.3034,0.0005,0.0005,-0.0003,0.0008,0.0,54.243,24.875,34.875,1.0,7.7321,0
58.036,27.055,42.178,1.0208,-1.0804,-2.449,0.0128,27.1768,42.3238,0.8749,0.2395,27.2445,42.4689,1.0104,0.3473,0.0001,-0.0006,0.0008,0.001,0.0,54.179,24.875,34.875,1.0,7.6215,0
58.078,27.0103,42.0758,1.0214,-1.0664,-2.4569,0.0135,26.9242,42.0841,1.042,0.089,27.1519,42.3171,1.0155,0.2798,-0.0003,0.0001,0.0007,0.0007,0.0,54.005,24.875,34.875,1.0,7.5108,0
58.119,26.9662,41.9733,1.022,-1.0547,-2.4605,0.0152,26.9242,42.0841,1.042,0.1202,27.1251,42.2544,1.0154,0.3229,0.0003,-0.0007,0.001,0.0013,0.0,53.94,24.875,34.875,1.0,7.4,0
58.161,26.9225,41.8708,1.0227,-1.0426,-2.4616,0.0159,26.9242,42.0841,1.042,0.2142,27.0854,42.1602,1.0153,0.3322,0.0006,-0.0003,-0.001,0.0012,0.0,53.843,24.875,34.875,1.0,7.2893,0
58.203,26.8793,41.7683,1.0232,-1.0314,-2.4582,0.0084,26.9475,41.9886,1.2005,0.2909,27.0346,42.0657,1.0474,0.3364,0.0001,-0.0004,-0.0,0.0004,0.0,53.733,24.875,34.875,1.0,7.1788,0
58.244,26.8366,41.666,1.0234,-1.0202,-2.4507,0.0036,26.9475,41.9886,1.2005,0.3844,26.9956,41.9708,1.0471,0.3446,0.0001,-0.0001,0.0009,0.001,0.0,53.149,24.875,34.875,1.0,7.0687,0
58.286,26.7944,41.5641,1.0236,-1.0075,-2.4411,0.0024,26.9475,41.9886,1.2005,0.4848,26.97,41.9078,1.0468,0.3867,0.0003,-0.0006,-0.0001,0.0007,0.0,53.084,24.875,34.875,1.0,6.9591,0
58.327,26.7526,41.4626,1.0237,-0.9975,-2.4305,0.0031,26.7242,41.5002,1.104,0.0931,26.8954,41.7483,1.0557,0.321,-0.0001,0.0001,-0.0001,0.0002,0.0,52.914,24.875,34.875,1.0,6.85,0
58.369,26.7113,41.3616,1.0238,-0.9895,-2.4212,0.0027,26.7242,41.5002,1.104,0.1607,26.8713,41.686,1.0553,0.3631,-0.0002,0.0005,-0.0007,0.0009,0.0,52.851,24.875,34.875,1.0,6.7415,0
58.411,26.6702,41.2609,1.0239,-0.9839,-2.4134,0.0019,26.7242,41.5002,1.104,0.2581,26.8354,41.5929,1.0547,0.3721,-0.0005,-0.0006,0.0004,0.0008,0.0,52.757,24.875,34.875,1.0,6.6335,0
58.452,26.6292,41.1605,1.0237,-0.9821,-2.4071,-0.0144,26.7104,41.2558,1.1888,0.2072,26.7913,41.4787,1.0805,0.3616,-0.0006,-0.0001,0.0021,0.0022,0.0,52.637,24.875,34.875,1.0,6.5257,0
58.494,26.5883,41.0602,1.0228,-0.9827,-2.4074,-0.026,26.7104,41.2558,1.1888,0.2841,26.7561,41.3885,1.08,0.3731,-0.0001,-0.0006,-0.0005,0.0008,0.0,52.546,24.875,34.875,1.0,6.4182,0
58.535,26.5473,40.9598,1.0216,-0.9869,-2.4111,-0.0276,26.6025,41.0971,0.9901,0.1512,26.7063,41.286,1.0632,0.3652,0.0007,0.0003,0.0015,0.0017,0.0,52.439,24.875,34.875,1.0,6.3105,0
58.577,26.506,40.8592,1.0206,-0.9934,-2.4205,-0.0223,26.6025,41.0971,0.9901,0.2585,26.6698,41.1963,1.0621,0.3771,0.0002,0.0005,-0.0009,0.001,0.0,52.348,24.875,34.875,1.0,6.2025,0
58.619,26.4645,40.758,1.0197,-0.9967,-2.434,-0.0211,26.6025,41.0971,0.9901,0.3672,26.6453,41.1362,1.0615,0.4212,0.0005,-0.0001,0.001,0.0011,0.021,52.287,24.875,34.875,1.0,6.094,0
58.66,26.4229,40.6562,1.0189,-1.0002,-2.45,-0.0114,26.6012,40.7811,0.8572,0.2711,26.6034,40.9895,1.0237,0.379,0.0007,0.0004,-0.0003,0.0008,0.063,52.155,24.875,34.875,1.0,5.9849,0
58.702,26.3813,40.5538,1.0188,-0.9989,-2.4665,-0.0003,26.6012,40.7811,0.8572,0.3551,26.5789,40.9284,1.0231,0.4236,0.0002,0.0003,0.0002,0.0004,0.088,52.093,24.875,34.875,1.0,5.8752,0
58.743,26.3398,40.4507,1.0188,-0.99,-2.4791,0.0033,26.6012,40.7811,0.8572,0.4512,26.5422,40.836,1.0226,0.4353,-0.0003,-0.0005,0.0009,0.0011,0.124,51.999,24.875,34.875,1.0,5.7649,0
58.785,26.2989,40.3471,1.0189,-0.9734,-2.4906,-0.0028,26.3147,40.4162,1.0075,0.0718,26.4844,40.7071,1.0213,0.405,0.0001,0.0005,-0.0003,0.0006,0.182,51.865,24.875,34.875,1.0,5.6544,0
58.827,26.2589,40.2431,1.0187,-0.9485,-2.5007,-0.0071,26.3147,40.4162,1.0075,0.1822,26.4511,40.6156,1.0212,0.4192,-0.0,0.0003,0.0008,0.0008,0.216,51.774,24.875,34.875,1.0,5.5437,0
58.868,26.2202,40.1387,1.0183,-0.9128,-2.509,-0.0085,26.3147,40.4162,1.0075,0.2934,26.4298,40.5543,1.021,0.4655,0.0005,0.0001,0.0006,0.0008,0.237,51.713,24.875,34.875,1.0,5.4329,0
58.91,26.1831,40.034,1.0181,-0.8697,-2.5182,-0.0017,26.2821,40.113,1.0688,0.1364,26.3644,40.3817,1.0275,0.3922,0.0003,-0.0002,-0.0009,0.001,0.302,51.539,24.875,34.875,1.0,5.3223,0
58.951,26.148,39.9289,1.0181,-0.8166,-2.5233,0.0009,26.2821,40.113,1.0688,0.2333,26.3435,40.3189,1.0272,0.4363,0.0003,0.0001,0.0001,0.0003,0.323,51.478,24.875,34.875,1.0,5.2118,0
58.993,26.1154,39.8237,1.0182,-0.7532,-2.5261,0.0018,26.1169,39.8276,1.0482,0.0303,26.2817,40.1482,1.0374,0.3651,0.0004,0.0005,-0.0009,0.0011,0.385,51.307,24.875,34.875,1.0,5.1018,0
59.035,26.0855,39.7185,1.017,-0.6896,-2.524,-0.0454,26.1169,39.8276,1.0482,0.1178,26.2653,40.0848,1.0384,0.4086,-0.0004,0.0004,0.0002,0.0006,0.401,51.248,24.875,34.875,1.0,4.9925,0
59.076,26.0583,39.6135,1.0147,-0.6192,-2.515,-0.06,26.1169,39.8276,1.0482,0.2245,26.2437,39.9898,1.0382,0.4201,0.0007,0.0007,0.0011,0.0016,0.423,51.161,24.875,34.875,1.0,4.884,0
59.118,26.0342,39.509,1.0124,-0.5474,-2.5025,-0.0444,26.1427,39.515,0.883,0.1691,26.2134,39.8478,1.0075,0.3833,-0.0005,0.0005,-0.0003,0.0008,0.453,51.039,24.875,34.875,1.0,4.7768,0
59.159,26.0129,39.405,1.0109,-0.4818,-2.492,-0.0321,26.1427,39.515,0.883,0.2129,26.198,39.7544,1.0066,0.3955,-0.0003,-0.0012,0.0002,0.0012,0.469,50.958,24.875,34.875,1.0,4.6707,0
59.201,25.9942,39.3014,1.0097,-0.4253,-2.4808,-0.0257,26.1145,39.3985,0.9108,0.1836,26.1776,39.6397,0.9893,0.3854,0.0003,0.0006,-0.0012,0.0013,0.489,50.861,24.875,34.875,1.0,4.5657,0
59.243,25.9775,39.1983,1.0089,-0.3787,-2.4705,-0.015,26.1145,39.3985,0.9108,0.2617,26.1684,39.5479,0.9888,0.3988,-0.0,0.001,0.001,0.0014,0.498,50.785,24.875,34.875,1.0,4.4617,0
59.284,25.9626,39.0955,1.0084,-0.3448,-2.4656,-0.0111,26.1145,39.3985,0.9108,0.3528,26.1635,39.487,0.9887,0.4405,-0.0,0.0007,-0.0022,0.0023,0.503,51.1,24.875,34.875,1.0,4.3583,0
59.326,25.9487,38.9928,1.0081,-0.323,-2.4607,-0.0041,25.8929,39.2102,0.9862,0.2255,26.1033,39.3493,0.9872,0.3891,0.0001,-0.0003,0.0009,0.001,0.563,50.958,24.875,34.875,1.0,4.2555,0
59.367,25.9357,38.8904,1.008,-0.3039,-2.4576,-0.0004,25.8929,39.2102,0.9862,0.3234,26.0977,39.2885,0.9873,0.4303,0.0005,0.0002,0.0009,0.001,0.569,50.908,24.875,34.875,1.0,4.1531,0
59.409,25.9235,38.788,1.008,-0.2863,-2.457,-0.0002,25.9107,38.9366,0.9106,0.1781,26.0557,39.1505,0.9737,0.3874,0.0006,-0.0007,-0.001,0.0014,0.611,50.779,24.875,34.875,1.0,4.051,0
59.451,25.9119,38.6856,1.0083,-0.2708,-2.4596,0.0103,25.9107,38.9366,0.9106,0.2694,26.0502,39.0903,0.9737,0.4291,0.0001,-0.0005,0.0014,0.0015,0.617,50.73,24.875,34.875,1.0,3.9491,0
59.492,25.901,38.583,1.0088,-0.2529,-2.4635,0.0134,25.9107,38.9366,0.9106,0.3671,26.0427,38.9999,0.9742,0.4416,0.0002,0.0003,0.0008,0.0009,0.624,50.656,24.875,34.875,1.0,3.8474,0
59.534,25.8909,38.4802,1.0094,-0.2338,-2.4708,0.0155,26.0243,38.4987,0.944,0.1497,26.0254,38.8533,0.9695,0.3986,-0.0001,0.001,0.0005,0.0011,0.641,50.534,24.875,34.875,1.0,3.7456,0
59.575,25.8817,38.3772,1.0101,-0.208,-2.4737,0.0174,26.0243,38.4987,0.944,0.1986,26.016,38.761,0.9701,0.4086,0.0001,0.0001,-0.0002,0.0002,0.651,50.458,24.875,34.875,1.0,3.644,0
59.617,25.8738,38.2741,1.0108,-0.1774,-2.4746,0.018,26.0243,38.4987,0.944,0.2785,26.0106,38.6995,0.9706,0.4487,-0.0006,0.0006,0.0012,0.0015,0.656,50.407,24.875,34.875,1.0,3.5428,0
59.659,25.8671,38.171,1.0116,-0.1463,-2.4736,0.0208,25.7631,38.2581,0.9618,0.1445,25.9642,38.5371,0.9693,0.3811,0.0006,0.0,0.0001,0.0006,0.702,50.255,24.875,34.875,1.0,3.4421,0
59.7,25.8617,38.068,1.0125,-0.1129,-2.4728,0.0218,25.7631,38.2581,0.9618,0.2201,25.9612,38.4764,0.9698,0.4225,0.0,-0.0004,-0.0008,0.0009,0.705,50.207,24.875,34.875,1.0,3.342,0
59.742,25.8578,37.9649,1.0135,-0.0806,-2.4739,0.0226,25.8794,38.0833,1.0932,0.1444,25.9424,38.3252,0.992,0.3707,0.0004,-0.0001,-0.0002,0.0005,0.724,50.075,24.875,34.875,1.0,3.2424,0
59.783,25.855,37.8618,1.014,-0.0547,-2.4727,0.0093,25.8794,38.0833,1.0932,0.2364,25.9407,38.2635,0.9925,0.4113,0.0008,0.0002,0.0007,0.0011,0.726,50.027,24.875,34.875,1.0,3.1436,0
59.825,25.8533,37.7589,1.0143,-0.0314,-2.4695,0.0047,25.8794,38.0833,1.0932,0.3349,25.9392,38.171,0.993,0.4216,0.0007,-0.0005,-0.0006,0.001,0.727,49.956,24.875,34.875,1.0,3.0453,0
59.867,25.8524,37.656,1.0144,-0.0142,-2.467,-0.0058,25.8386,37.6241,1.1232,0.1143,25.922,38.0191,1.0187,0.3697,-0.0013,0.0004,0.0004,0.0014,0.745,49.824,24.875,34.875,1.0,2.9478,0
59.908,25.8521,37.5534,1.0135,-0.0017,-2.4623,-0.0308,25.8386,37.6241,1.1232,0.1313,25.9223,37.926,1.0193,0.3792,0.0002,-0.0003,0.001,0.0011,0.744,49.754,24.875,34.875,1.0,2.8511,0
59.95,25.8523,37.4509,1.012,0.0062,-2.4544,-0.0365,25.8386,37.6241,1.1232,0.2063,25.9228,37.8641,1.0192,0.4192,0.0008,0.0003,0.0005,0.001,0.744,49.707,24.875,34.875,1.0,2.7551,0
59.991,25.8525,37.3489,1.0104,0.0057,-2.4437,-0.0432,25.9038,37.507,1.1024,0.19,25.9212,37.7153,1.0339,0.3736,-0.0002,0.0,-0.0008,0.0008,0.745,49.59,24.875,34.875,1.0,2.66,0
